uniprot,symbol,entrez
P45985,MAP2K4,6416
Q86TC9,MYPN,84665
Q04771,ACVR1,90
P23769,GATA2,2624
P15927,RPA2,6118
P84077,ARF1,375
P61204,ARF3,377
Q8IZH2,XRN1,54464
P05067,APP,351
P51693,APLP1,333
Q99967,CITED2,10370
Q09472,EP300,2033
P04114,APOB,338
P32121,ARRB2,409
P07333,CSF1R,1436
P48634,PRRC2A,7916
O15116,LSM1,27257
P02730,SLC4A1,6521
P20749,BCL3,602
P08588,ADRB1,153
P38398,BRCA1,672
O00192,ARVCF,421
P61457,PCBD1,5092
P49810,PSEN2,5664
P20807,CAPN3,825
Q14643,ITPR1,3708
Q96QZ7,MAGI1,9223
P06400,RB1,5925
Q99816,TSG101,7251
Q13415,ORC1,4998
O43929,ORC4,5000
P33992,MCM5,4174
O00311,CDC7,8317
Q13416,ORC2,4999
Q9UBU7,DBF4,10926
O43823,AKAP8,10270
P49736,MCM2,4171
P27694,RPA1,6117
P35244,RPA3,6119
O43913,ORC5,5001
P25205,MCM3,4172
P63104,YWHAZ,7534
Q8NF50,DOCK8,81704
Q15642,TRIP10,9322
Q16667,CDKN3,1033
Q99708,RBBP8,5932
P61296,HAND2,9464
Q00610,CLTC,1213
P17936,IGFBP3,3486
P10599,TXN,7295
P15336,ATF2,1386
P30281,CCND3,896
Q15311,RALBP1,10928
P23284,PPIB,5479
P21291,CSRP1,1465
P41240,CSK,1445
P07585,DCN,1634
Q14190,SIM2,6493
P81133,SIM1,6492
Q8IUM7,NPAS4,266743
Q99075,HBEGF,1839
P12004,PCNA,5111
Q92547,TOPBP1,11073
P21333,FLNA,2316
P62310,LSM3,27258
Q9Y4Z0,LSM4,25804
Q9Y4Y9,LSM5,23658
Q92793,CREBBP,1387
Q14980,NUMA1,4926
Q9NPD3,EXOSC4,54512
P19174,PLCG1,5335
Q86UP2,KTN1,3895
P35968,KDR,3791
Q86YN6,PPARGC1B,133522
P51532,SMARCA4,6597
Q8TDD1,DDX54,79039
P03372,ESR1,2099
P11362,FGFR1,2260
P01137,TGFB1,7040
P63165,SUMO1,7341
Q9NZW5,MPP6,51678
P18507,GABRG2,2566
P31947,SFN,2810
O43294,TGFB1I1,7041
P04150,NR3C1,2908
P35557,GCK,2645
P11021,HSPA5,3309
P11168,SLC2A2,6514
P14672,SLC2A4,6517
Q13002,GRIK2,2898
P39086,GRIK1,2897
O60563,CCNT1,904
P49795,RGS19,10287
Q03933,HSF2,3298
P53667,LIMK1,3984
P21781,FGF7,2252
Q07021,C1QBP,708
P60228,EIF3E,3646
P09651,HNRNPA1,3178
P52272,HNRNPM,4670
Q14157,UBAP2L,9898
Q16891,IMMT,10989
Q13099,IFT88,8100
P42858,HTT,3064
P54257,HAP1,9001
Q9NX55,HYPK,25764
Q14814,MEF2D,4209
P15923,TCF3,6929
P08069,IGF1R,3480
P62258,YWHAE,7531
O15524,SOCS1,8651
Q05397,PTK2,5747
P45983,MAPK8,5599
P06213,INSR,3643
P01583,IL1A,3552
O60674,JAK2,3717
Q13895,BYSL,705
P05783,KRT18,3875
P02545,LMNA,4000
P55196,MLLT4,4301
Q7Z465,BNIPL,149428
Q12982,BNIP2,663
Q16637,SMN1,6606
Q13625,TP53BP2,7159
Q9NQC3,RTN4,57142
P10415,BCL2,596
P19838,NFKB1,4790
Q86WV1,SKAP1,8631
P09917,ALOX5,240
P15498,VAV1,7409
Q15080,NCF4,4689
P13010,XRCC5,7520
P49959,MRE11A,4361
Q8N2W9,PIAS4,51588
O75030,MITF,4286
Q86SQ9,DHDDS,79947
P67809,YBX1,4904
Q5VV63,ATRNL1,26033
Q6VMQ6,ATF7IP,55729
Q13111,CHAF1A,10036
P39687,ANP32A,8125
P46821,MAP1B,4131
P33993,MCM7,4176
P48745,NOV,4856
Q03164,KMT2A,4297
P20929,NEB,4703
P08138,NGFR,4804
Q9UK45,LSM7,51690
Q9Y6H5,SNCAIP,9627
Q9H4G0,EPB41L1,2036
P41279,MAP3K8,1326
Q04206,RELA,5970
P46087,NOP2,4839
P14921,ETS1,2113
P31751,AKT2,208
P15036,ETS2,2114
Q9UPX8,SHANK2,22941
Q14247,CTTN,2017
Q13573,SNW1,22938
P01111,NRAS,4893
Q92990,GLMN,11146
Q9UGL1,KDM5B,10765
Q04864,REL,5966
P17948,FLT1,2321
P41143,OPRD1,4985
O00159,MYO1C,4641
O43924,PDE6D,5147
P52306,RAP1GDS1,5910
Q02548,PAX5,5079
O60229,KALRN,8997
Q96F24,NRBF2,29982
Q92569,PIK3R3,8503
P02647,APOA1,335
O95777,LSM8,51691
Q15036,SNX17,9784
P98161,PKD1,5310
Q13563,PKD2,5311
P22459,KCNA4,3739
P35080,PFN2,5217
O60921,HUS1,3364
P23467,PTPRB,5787
P10644,PRKAR1A,5573
P31321,PRKAR1B,5575
P16591,FER,2241
P28482,MAPK1,5594
Q5JVS0,HABP4,22927
Q92636,NSMAF,8439
P10275,AR,367
P05107,ITGB2,3689
P63244,GNB2L1,10399
O15530,PDPK1,5170
Q8IX03,WWC1,23286
Q99819,ARHGDIG,398
Q9Y5K6,CD2AP,23607
Q15276,RABEP1,9135
Q8TB24,RIN3,79890
O00522,KRIT1,889
O15211,RGL2,5863
Q8IYI6,EXOC8,149371
P51587,BRCA2,675
Q06609,RAD51,5888
Q14565,DMC1,11144
O60381,HBP1,26959
Q9NY61,AATF,26574
P19793,RXRA,6256
P16157,ANK1,286
P25791,LMO2,4005
P17542,TAL1,6886
Q9HAU5,UPF2,26019
P05386,RPLP1,6176
P05387,RPLP2,6181
Q15438,CYTH1,9267
O95985,TOP3B,8940
P09012,SNRPA,6626
Q5T2W1,PDZK1,5174
P48436,SOX9,6662
Q13285,NR5A1,2516
P10909,CLU,1191
O14795,UNC13B,10497
P26842,CD27,939
P62942,FKBP1A,2280
P25490,YY1,7528
P26885,FKBP2,2286
Q13402,MYO7A,4647
O15273,TCAP,8557
O00213,APBB1,322
Q03701,CEBPZ,10153
P37275,ZEB1,6935
Q99608,NDN,4692
Q13315,ATM,472
P04629,NTRK1,4914
Q96JZ2,HSH2D,84941
P12931,SRC,6714
P36897,TGFBR1,7046
P63316,TNNC1,7134
P21580,TNFAIP3,7128
P04637,TP53,7157
P19438,TNFRSF1A,7132
Q16832,DDR2,4921
P12830,CDH1,999
P56199,ITGA1,3672
P13612,ITGA4,3676
Q01543,FLI1,2313
P40337,VHL,7428
P18887,XRCC1,7515
P17028,ZNF24,7572
P21506,ZNF10,7556
Q9UP83,COG5,10466
P23025,XPA,7507
Q01831,XPC,7508
P51610,HCFC1,3054
P50052,AGTR2,186
Q96S59,RANBP9,10048
P23246,SFPQ,6421
P51813,BMX,660
Q99966,CITED1,4435
Q16650,TBR1,10716
P41134,ID1,3397
P98164,LRP2,4036
Q15303,ERBB4,2066
P62166,NCS1,23413
O15085,ARHGEF11,9826
Q6ZN44,UNC5A,90249
P42704,LRPPRC,10128
P45973,CBX5,23468
Q05086,UBE3A,7337
P51151,RAB9A,9367
P56545,CTBP2,1488
Q9BZI7,UPF3B,65109
Q9H4D5,NXF3,56000
Q99741,CDC6,990
O60220,TIMM8A,1678
Q99963,SH3GL3,6457
Q9Y4J8,DTNA,1837
Q9NQX3,GPHN,10243
O60828,PQBP1,10084
P15976,GATA1,2623
P00451,F8,2157
O60880,SH2D1A,4068
Q06787,FMR1,2332
P51114,FXR1,8087
P26038,MSN,4478
P10398,ARAF,369
P36507,MAP2K2,5605
P09884,POLA1,5422
Q92834,RPGR,6103
P28335,HTR2C,3358
P08247,SYP,6855
P21675,TAF1,6872
O14599,BPY2,9083
Q9BX66,SORBS1,10580
Q8IY57,YAF2,10138
Q13185,CBX3,11335
Q9UPT6,MAPK8IP3,23162
Q07817,BCL2L1,598
Q07812,BAX,581
O95477,ABCA1,19
Q9H9E1,ANKRA2,57763
Q15543,TAF13,6884
Q05209,PTPN12,5782
Q9NNX1,TUFT1,7286
Q5VU43,PDE4DIP,9659
Q10567,AP1B1,162
Q96SB3,PPP1R9B,84687
P52333,JAK3,3718
P63241,EIF5A,1984
Q9Y3E5,PTRH2,51651
Q04724,TLE1,7088
P40189,IL6ST,3572
Q12929,EPS8,2059
P49327,FASN,2194
P49454,CENPF,1063
Q92900,UPF1,5976
Q9UMS0,NFU1,27247
Q16513,PKN2,5586
Q99569,PKP4,8502
P54253,ATXN1,6310
Q9Y5Y5,PEX16,9409
Q15649,ZNHIT3,9326
P41252,IARS,3376
O43464,HTRA2,27429
Q9Y6W6,DUSP10,11221
Q96RK4,BBS4,585
P56945,BCAR1,9564
Q9BWF2,TRAIP,10293
P33240,CSTF2,1478
Q05048,CSTF1,1477
O43543,XRCC2,7516
O60682,MSC,9242
Q02363,ID2,3398
P15884,TCF4,6925
O00623,PEX12,5193
Q92968,PEX13,5194
P53365,ARFIP2,23647
P52298,NCBP2,22916
Q6P1K2,PMF1,11243
Q9NZJ5,EIF2AK3,9451
P78352,DLG4,1742
P16333,NCK1,4690
Q8N4C8,MINK1,50488
P46063,RECQL,5965
O75925,PIAS1,8554
P49137,MAPKAPK2,9261
P25815,S100P,6286
Q9HBG7,LY9,4063
P26599,PTBP1,5725
P80217,IFI35,3430
Q92777,SYN2,6854
Q15361,TTF1,7270
P46527,CDKN1B,1027
O15357,INPPL1,3636
Q9Y618,NCOR2,9612
P49918,CDKN1C,1028
Q16739,UGCG,7357
P50454,SERPINH1,871
Q13562,NEUROD1,4760
P53618,COPB1,1315
Q9UM54,MYO6,4646
Q9NPI6,DCP1A,55802
Q12830,BPTF,2186
Q9Y624,F11R,50848
P78536,ADAM17,6868
Q9UMX3,BOK,666
Q16548,BCL2A1,597
P62312,LSM6,11157
Q9BY67,CADM1,23705
Q6UVK1,CSPG4,1464
P62826,RAN,5901
O75419,CDC45,8318
Q9UMX0,UBQLN1,29979
P26006,ITGA3,3675
O00499,BIN1,274
P36894,BMPR1A,657
Q14103,HNRNPD,3184
Q76N89,HECW1,23072
Q8NEZ2,VPS37A,137492
Q92993,KAT5,10524
P10244,MYBL2,4605
Q9HB71,CACYBP,27101
Q13257,MAD2L1,4085
P37231,PPARG,5468
Q99933,BAG1,573
O75807,PPP1R15A,23645
Q13322,GRB10,2887
Q92786,PROX1,5629
Q15910,EZH2,2146
Q07666,KHDRBS1,10657
Q92963,RIT1,6016
O14807,MRAS,22808
P06401,PGR,5241
P54725,RAD23A,5886
P54727,RAD23B,5887
P10828,THRB,7068
Q5T1R4,HIVEP3,59269
Q9UBF6,RNF7,9616
Q13263,TRIM28,10155
O00628,PEX7,5191
Q02447,SP3,6670
Q14566,MCM6,4175
O00287,RFXAP,5994
Q92843,BCL2L2,599
Q9UGK3,STAP2,55620
Q5RKV6,EXOSC6,118460
Q8IU60,DCP2,167227
Q14005,IL16,3603
Q06587,RING1,6015
P63000,RAC1,5879
P15153,RAC2,5880
Q8NER1,TRPV1,7442
O75410,TACC1,6867
O14744,PRMT5,10419
Q8IUQ4,SIAH1,6477
Q86TG7,PEG10,23089
O15265,ATXN7,6314
P46934,NEDD4,4734
Q9UNY4,TTF2,8458
Q13418,ILK,3611
P50570,DNM2,1785
Q13867,BLMH,642
Q14738,PPP2R5D,5528
P13569,CFTR,1080
Q14493,SLBP,7884
O15126,SCAMP1,9522
Q8WWN9,IPCEF1,26034
P48552,NRIP1,8204
O94992,HEXIM1,10614
P49798,RGS4,5999
Q99759,MAP3K3,4215
O00161,SNAP23,8773
Q9H6Z4,RANBP3,8498
Q08379,GOLGA2,2801
P61326,MAGOH,4116
Q9UHC3,ASIC3,9311
Q9NPH3,IL1RAP,3556
Q14192,FHL2,2274
Q12972,PPP1R8,5511
Q13017,ARHGAP5,394
Q99729,HNRNPAB,3182
Q96RI1,NR1H4,9971
Q99767,APBA2,321
O15117,FYB,2533
Q9Y478,PRKAB1,5564
O43741,PRKAB2,5565
P54619,PRKAG1,5571
Q99666,RGPD5,84220
Q9Y6K1,DNMT3A,1788
P78317,RNF4,6047
O60437,PPL,5493
Q15424,SAFB,6294
P53779,MAPK10,5602
Q15759,MAPK11,5600
Q15654,TRIP6,7205
P50458,LHX2,9355
O75461,E2F6,1876
P56282,POLE2,5427
P62324,BTG1,694
Q9NWF9,RNF216,54476
Q8N8S7,ENAH,55740
O15431,SLC31A1,1317
Q16629,SRSF7,6432
O75319,DUSP11,8446
Q14511,NEDD9,4739
Q9UQ35,SRRM2,23524
Q07820,MCL1,4170
Q9UER7,DAXX,1616
P53602,MVD,4597
O15360,FANCA,2175
Q14155,ARHGEF7,8874
Q96RU3,FNBP1,23048
O15392,BIRC5,332
Q93038,TNFRSF25,8718
Q9Y572,RIPK3,11035
Q9UDY8,MALT1,10892
Q96LW7,C9orf89,84270
P61966,AP1S1,1174
P56377,AP1S2,8905
O75379,VAMP4,8674
Q9UBB5,MBD2,8932
Q8WWY6,MBD3L1,85509
O94941,UBOX5,22888
Q14526,HIC1,3090
Q13113,PDZK1IP1,10158
O00429,DNM1L,10059
P51159,RAB27A,5873
P49758,RGS6,9628
Q15697,ZNF174,7727
Q9Y6A5,TACC3,10460
Q9Y2L1,DIS3,22894
Q00722,PLCB2,5330
Q92730,RND1,27289
Q9Y678,COPG1,22820
A5D8V6,VPS37C,55048
Q14344,GNA13,10672
O75791,GRAP2,9402
Q9UJX4,ANAPC5,51433
P38570,ITGAE,3682
O60784,TOM1,10043
O75716,STK16,8576
Q9Y2A7,NCKAP1,10787
O95257,GADD45G,10912
Q9UNF0,PACSIN2,11252
P48048,KCNJ1,3758
Q9H1J1,UPF3A,65110
P41271,NBL1,4681
Q15633,TARBP2,6895
Q15075,EEA1,8411
O94763,URI1,8725
Q969H4,CNKSR1,10256
Q9UKK3,PARP4,143
Q5TD97,FHL5,9457
O75530,EED,8726
Q9NRI5,DISC1,27185
Q9Y5X1,SNX9,51429
Q86YS3,RAB11FIP4,84440
Q9UDY6,TRIM10,10107
P17081,RHOQ,23433
P30039,PBLD,64081
Q9H0D6,XRN2,22803
Q9P2A4,ABI3,51225
Q96BK5,PINX1,54984
Q13162,PRDX4,10549
Q9BY11,PACSIN1,29993
Q9H3M7,TXNIP,10628
O95196,CSPG5,10675
Q9ULU4,ZMYND8,23613
O94829,IPO13,9670
Q9NQ66,PLCB1,23236
Q86WC4,OSTM1,28962
Q9Y5N6,ORC6,23594
Q9UPM8,AP4E1,23431
Q9BS16,CENPK,64105
Q9Y333,LSM2,57819
O43918,AIRE,326
Q9H8V3,ECT2,1894
Q9UJY1,HSPB8,26353
Q9P2T0,THEG,51298
Q13136,PPFIA1,8500
O60506,SYNCRIP,10492
P10276,RARA,5914
Q9BV79,MECR,51102
Q92890,UFD1L,7353
Q96RU7,TRIB3,57761
O95453,PARN,5073
Q9NQT4,EXOSC5,56915
Q99684,GFI1,2672
Q96RS0,TGS1,96764
Q99417,MYCBP,26292
Q08397,LOXL1,4016
P02795,MT2A,4502
Q13976,PRKG1,5592
Q9Y3C5,RNF11,26994
Q9UJ96,KCNG2,26251
Q92813,DIO2,1734
P63279,UBE2I,7329
Q9NS56,TOPORS,10210
O15534,PER1,5187
O15055,PER2,8864
O00327,ARNTL,406
Q9NVV9,THAP1,55145
Q8NC51,SERBP1,26135
Q00613,HSF1,3297
O60941,DTNB,1838
P33991,MCM4,4173
P24864,CCNE1,898
P42261,GRIA1,2890
O15018,PDZD2,23037
P63218,GNG5,2787
P50150,GNG4,2786
P63215,GNG3,2785
O14775,GNB5,10681
Q9H0F7,ARL6,84100
Q9Y2I7,PIKFYVE,200576
Q99523,SORT1,6272
Q96IT1,ZNF496,84838
Q8TB72,PUM2,23369
O15160,POLR1C,9533
Q96EY1,DNAJA3,9093
Q8NF91,SYNE1,23345
Q9UNL4,ING4,51147
Q96NW7,LRRC7,57554
Q9NV44|Q8TDR4,TCP10L,140290
O77932,DXO,1797
Q9UKY1,ZHX1,11244
O15511,ARPC5,10092
Q9GZT8,NIF3L1,60491
Q9NZ52,GGA3,23163
Q96KR7,PHACTR3,116154
Q8NFD5,ARID1B,57492
O94906,PRPF6,24148
O15083,ERC2,26059
Q9UI08,EVL,51466
Q9P0L9,PKD2L1,9033
Q59H18,TNNI3K,51086
O94921,CDK14,5218
Q9UKI8,TLK1,9874
Q86SG2,ANKRD23,200539
Q7Z5G4,GOLGA7,51125
Q9BYE9,CDHR2,54825
Q99942,RNF5,6048
P49842,STK19,8859
P18615,NELFE,7936
O00299,CLIC1,1192
O95870,ABHD16A,7920
P67870,CSNK2B,1460
O95873,C6orf47,57827
O95670,ATP6V1G2,534
Q9H8Y8,GORASP2,26003
Q6ZU52,KIAA0408,9729
Q9HCM9,TRIM39,56658
Q12933,TRAF2,7186
O94868,FCHSD2,9873
Q9BQY4,RHOXF2,84528
P43364,MAGEA11,4110
P19012,KRT15,3866
Q13137,CALCOCO2,10241
O60238,BNIP3L,665
Q15834,CCDC85B,11007
Q7L590,MCM10,55388
Q14533,KRT81,3887
P60709,ACTB,60
Q01844,EWSR1,2130
Q14134,TRIM29,23650
Q96AJ1,CLUAP1,23059
Q92997,DVL3,1857
Q9H213,MAGEH1,28986
Q15274,QPRT,23475
P32321,DCTD,1635
P08670,VIM,7431
Q8WV24,PHLDA1,22822
Q9P2K6,KLHL42,57542
Q9HAF1,MEAF6,64769
Q9NX65,ZSCAN32,54925
P98175,RBM10,8241
P57060,RWDD2B,10069
P49888,SULT1E1,6783
Q96HA1,POM121,9883
O15162,PLSCR1,5359
O96006,ZBED1,9189
O00214,LGALS8,3964
Q15038,DAZAP2,9802
P36406,TRIM23,373
P35520,CBS,875
Q9Y6E0,STK24,8428
Q15645,TRIP13,9319
P53567,CEBPG,1054
O14964,HGS,9146
Q9NWS9,ZNF446,55663
Q9BQD3,KXD1,79036
P18848,ATF4,468
P21673,SAT1,6303
P60660,MYL6,4637
Q9H4K1,RIBC2,26150
Q99750,MDFI,4188
P41743,PRKCI,5584
Q93062,RBPMS,11030
Q9HC98,NEK6,10783
P61981,YWHAG,7532
P32242,OTX1,5013
P51116,FXR2,9513
P46976,GYG1,2992
P21266,GSTM3,2947
Q93100,PHKB,5257
Q03426,MVK,4598
Q9NP66,HMG20A,10363
Q9UPT5,EXOC7,23265
P56597,NME5,8382
Q5TAQ9,DCAF8,50717
O94989,ARHGEF15,22899
P50995,ANXA11,311
Q9BXS5,AP1M1,8907
O43298,ZBTB43,23099
O95751,LDOC1,23641
O95471,CLDN7,1366
Q92934,BAD,572
P61978,HNRNPK,3190
P49639,HOXA1,3198
O95073|Q9Y620,RAD54B,25788
Q8N6Y0,USHBP1,83878
O14641,DVL2,1856
Q9NRF8,CTPS2,56474
Q13490,BIRC2,329
O75909,CCNK,8812
P24522,GADD45A,1647
P04259,KRT6B,3854
Q16630,CPSF6,11052
Q9NZ81,PRR13,54458
Q8WUB8,PHF10,55274
P62760,VSNL1,7447
Q9NRX4,PHPT1,29085
P43355,MAGEA1,4100
O60936,NOL3,8996
Q9NTM9,CUTC,51076
Q96E35,ZMYND19,116225
P37198,NUP62,23636
Q969U6,FBXW5,54461
Q8IXK0,PHC2,1912
Q9UH92,MLX,6945
O43663,PRC1,9055
Q9NRG1,PRTFDC1,56952
P15531,NME1,4830
P40426,PBX3,5090
O75928,PIAS2,9063
Q0VDD7,C19orf57,79173
Q53G59,KLHL12,59349
Q15019,SEPT2,4735
Q9UKG1,APPL1,26060
Q16526,CRY1,1407
P17509,HOXB6,3216
Q96HA8,WDYHV1,55093
P57052,RBM11,54033
O43638,FOXS1,2307
Q9BT49,THAP7,80764
P12236,SLC25A6,293
O00167,EYA2,2139
P08651,NFIC,4782
P15622,ZNF250,58500
P51946,CCNH,902
Q9UL45,BLOC1S6,26258
Q8NDC0,MAPK1IP1L,93487
Q9NVM9,ASUN,55726
Q9UNK0,STX8,9482
Q86YR5,GPSM1,26086
P52789,HK2,3099
O60568,PLOD3,8985
O75340,PDCD6,10016
O94972,TRIM37,4591
Q9UL46,PSME2,5721
Q13526,PIN1,5300
Q9BWD3,FAM127B,26071
O43739,CYTH3,9265
P49910,ZNF165,7718
Q9Y2I6,NINL,22981
Q8NHQ8,RASSF8,11228
P49789,FHIT,2272
Q9NR12,PDLIM7,9260
O95251,KAT7,11143
Q96G97,BSCL2,26580
Q15006,EMC2,9694
O14639,ABLIM1,3983
P25208,NFYB,4801
Q9UGJ1,TUBGCP4,27229
O43765,SGTA,6449
Q9NP50,FAM60A,58516
Q96EZ8,MCRS1,10445
P49366,DHPS,1725
Q9BRG1,VPS25,84313
Q9NS73,MBIP,51562
Q6UY14,ADAMTSL4,54507
Q3YEC7,RABL6,55684
O75525,KHDRBS3,10656
Q96MT8,CEP63,80254
P62308,SNRPG,6637
Q03154,ACY1,95
P49902,NT5C2,22978
P35900,KRT20,54474
Q16799,RTN1,6252
O95810,SDPR,8436
P07910,HNRNPC,3183
Q9H0M0,WWP1,11059
O00273,DFFA,1676
Q8TAP4,LMO3,55885
O75478,TADA2A,6871
Q96GM5,SMARCD1,6602
P31269,HOXA9,3205
P25786,PSMA1,5682
P78362,SRPK2,6733
Q14241,TCEB3,6924
O96015,DNAL4,10126
Q92609,TBC1D5,9779
Q13227,GPS2,2874
O95199,RCBTB2,1102
P63010,AP2B1,163
Q9H190,SDCBP2,27111
O43597,SPRY2,10253
P48380,RFX3,5991
Q13501,SQSTM1,8878
Q9Y6D9,MAD1L1,8379
Q99598,TSNAX,7257
P35638,DDIT3,1649
P55198,MLLT6,4302
P53992,SEC24C,9632
Q9UJY4,GGA2,23062
Q14596,NBR1,4077
P68402,PAFAH1B2,5049
P08727,KRT19,3880
P63261,ACTG1,71
O76083,PDE9A,5152
O00505,KPNA3,3839
Q14847,LASP1,3927
O76071,CIAO1,9391
P22234,PAICS,10606
Q13426,XRCC4,7518
P43378,PTPN9,5780
Q9H6L4,ARMC7,79637
Q02040,AKAP17A,8227
Q9NZD8,SPG21,51324
Q8WU10,PYROXD1,79912
Q5JR59,MTUS2,23281
Q9BPX1,HSD17B14,51171
O94993,SOX30,11063
Q13409,DYNC1I2,1781
Q9NZN8,CNOT2,4848
P50402,EMD,2010
Q8IYF3,TEX11,56159
O75528,TADA3,10474
P43358,MAGEA4,4103
Q9UBT2,UBA2,10054
P04899,GNAI2,2771
Q99259,GAD1,2571
O95671,ASMTL,8623
O60232,SSSCA1,10534
O75604,USP2,9099
P21964,COMT,1312
P49407,ARRB1,408
Q06455,RUNX1T1,862
Q9NX63,CHCHD3,54927
Q9H0E2,TOLLIP,54472
Q96QU6,ACCS,84680
O95990,FAM107A,11170
Q07955,SRSF1,6426
Q9P2K3,RCOR3,55758
Q9BUH8,BEGAIN,57596
Q8TC92,ENOX1,55068
P98170,XIAP,331
P48775,TDO2,6999
Q9Y2W2,WBP11,51729
P38159,RBMX,27316
P51668,UBE2D1,7321
Q05516,ZBTB16,7704
O43617,TRAPPC3,27095
Q9Y3Q8,TSC22D4,81628
Q14061,COX17,10063
P18206,VCL,7414
P13798,APEH,327
Q6ZVK8,NUDT18,79873
Q96T60,PNKP,11284
P23297,S100A1,6271
P67775,PPP2CA,5515
P28749,RBL1,5933
Q16851,UGP2,7360
Q13049,TRIM32,22954
Q01826,SATB1,6304
P26992,CNTFR,1271
O60269,GPRIN2,9721
Q8TBN0,RAB3IL1,5866
P04155,TFF1,7031
Q9Y577,TRIM17,51127
Q92530,PSMF1,9491
O95967,EFEMP2,30008
Q6P1W5,C1orf94,84970
Q969F0,FATE1,89885
O95544,NADK,65220
Q8N5Z5,KCTD17,79734
Q12906,ILF3,3609
P13805,TNNT1,7138
O75558,STX11,8676
P43686,PSMC4,5704
Q8N8B7,TCEANC,170082
Q01105,SET,6418
Q96BY2,MOAP1,64112
Q13191,CBLB,868
Q9P286,PAK7,57144
Q02080,MEF2BNB-MEF2B,4207
Q9NZQ3,NCKIPSD,51517
O76064,RNF8,9025
Q7Z5J4,RAI1,10743
Q96CW1,AP2M1,1173
Q92624,APPBP2,10513
P12814,ACTN1,87
Q96EK5,KIAA1279,26128
Q9UI36,DACH1,1602
O75427,LRCH4,4034
O60496,DOK2,9046
P14373,TRIM27,5987
O60711,LPXN,9404
Q9BQ66,KRTAP4-12,83755
P36575,ARR3,407
A8K8P3,SFI1,9814
P14136,GFAP,2670
P50542,PEX5,5830
O43395,PRPF3,9129
P54652,HSPA2,3306
O14764,GABRD,2563
P84243,H3F3B,3021
P50479,PDLIM4,8572
O75150,RNF40,9810
Q96ME1,FBXL18,80028
Q9NTK1,C10orf10,11067
Q99877,HIST1H2BN,8341
Q96GA7,SDSL,113675
Q9UMX1,SUFU,51684
Q9UI14,RABAC1,10567
Q15154,PCM1,5108
Q8TBE0,BAHD1,22893
O14978,ZNF263,10127
Q96ED9,HOOK2,29911
P33316,DUT,1854
Q7Z6G3,NECAB2,54550
O76003,GLRX3,10539
P15407,FOSL1,8061
Q9P1W9,PIM2,11040
P61289,PSME3,10197
P40692,MLH1,4292
Q9Y6C2,EMILIN1,11117
Q9NNW5,WDR6,11180
Q15427,SF3B4,10262
Q14088,RAB33A,9363
Q8NEM2,SHCBP1,79801
Q86U70,LDB1,8861
O75344,FKBP6,8468
Q9UM19,HPCAL4,51440
O14777,NDC80,10403
P49247,RPIA,22934
P62333,PSMC6,5706
P14174,MIF,4282
O95379,TNFAIP8,25816
Q96KQ7,EHMT2,10919
Q14919,DRAP1,10589
P10124,SRGN,5552
Q96QU8,XPO6,23214
Q9UBQ5,EIF3K,27335
Q12846,STX4,6810
Q9UBL3,ASH2L,9070
O15287,FANCG,2189
P26368,U2AF2,11338
Q8IYF1,TCEB3B,51224
Q99418,CYTH2,9266
P38936,CDKN1A,1026
Q9UQB8,BAIAP2,10458
P09914,IFIT1,3434
P02538,KRT6A,3853
P29972,AQP1,358
Q07352,ZFP36L1,677
Q9BVJ6,UTP14A,10813
Q9NP79,VTA1,51534
Q15046,KARS,3735
Q13247,SRSF6,6431
P45984,MAPK9,5601
Q9NPC3,CCNB1IP1,57820
P17482,HOXB9,3219
Q9C0A6,SETD5,55209
Q9H4E7,DEF6,50619
Q9P2Z0,THAP10,56906
Q9Y3C0,CCDC53,51019
Q14749,GNMT,27232
-,IGHM,3507
Q14653,IRF3,3661
P0CG48,UBC,7316
Q96BS2,TESC,54997
Q16665,HIF1A,3091
Q9P0T4,ZNF581,51545
Q9NR22,PRMT8,56341
O43189,PHF1,5252
O60504,SORBS3,10174
P49761,CLK3,1198
O15015,ZNF646,9726
Q06547,GABPB1,2553
Q9NWT6,HIF1AN,55662
P10451,SPP1,6696
Q6RW13,AGTRAP,57085
Q07869,PPARA,5465
Q13069,GAGE5,2577
P48059,LIMS1,3987
O43809,NUDT21,11051
Q9NXR7,BRE,9577
Q13432,UNC119,9094
Q99961,SH3GL1,6455
P47804,RGR,5995
P17040,ZSCAN20,7579
P11802,CDK4,1019
Q9BVK8,TMEM147,10430
P46379,BAG6,7917
P60953,CDC42,998
O43791,SPOP,8405
Q8WYJ6,SEPT1,1731
Q8N5F7,NKAP,79576
P84101,SERF2,10169
Q8N5H7,SH2D3C,10044
P10074,ZBTB48,3104
Q15637,SF1,7536
Q8N7W2,BEND7,222389
P26641,EEF1G,1937
Q92841,DDX17,10521
Q8N5I3,KCNRG,283518
O43251,RBFOX2,23543
P55064,AQP5,362
P49321,NASP,4678
O43889,CREB3,10488
Q9Y467,SALL2,6297
Q15078,CDK5R1,8851
P09913,IFIT2,3433
Q49AR2,C5orf22,55322
P14923,JUP,3728
Q07002,CDK18,5129
Q96CN9,GCC1,79571
Q9UK33,ZNF580,51157
Q96D15,RCN3,57333
Q8NE01,CNNM3,26505
P14868,DARS,1615
Q969X0,RILPL2,196383
Q15102,PAFAH1B3,5050
P53816,PLA2G16,11145
P50552,VASP,7408
Q8NEF3,CCDC112,153733
O00746,NME4,4833
O60547,GMDS,2762
Q9UQ90,SPG7,6687
Q9BT78,COPS4,51138
O60573,EIF4E2,9470
Q16718,NDUFA5,4698
Q9UNT1,RABL2B,11158
P60896,SHFM1,7979
P05161,ISG15,9636
Q9UKJ5,CHIC2,26511
P60880,SNAP25,6616
Q9NWX6,THG1L,54974
P47897,QARS,5859
Q96JH8,RADIL,55698
P09493,TPM1,7168
P83876,TXNL4A,10907
Q96AQ6,PBXIP1,57326
Q9UJ83,HACL1,26061
Q14687,GSE1,23199
P15104,GLUL,2752
Q15345,LRRC41,10489
P29353,SHC1,6464
Q96GX9,APIP,51074
P19237,TNNI1,7135
Q9UJC3,HOOK1,51361
P48378,RFX2,5990
Q00013,MPP1,4354
Q9BTL3,FAM103A1,83640
P12277,CKB,1152
Q96GG9,DCUN1D1,54165
P09467,FBP1,2203
Q92871,PMM1,5372
Q86YM7,HOMER1,9456
Q15906,VPS72,6944
Q9BY27,DGCR6L,85359
Q16828,DUSP6,1848
Q13287,NMI,9111
Q8TES7,FBF1,85302
Q9Y580,RBM7,10179
O75084,FZD7,8324
P0CG47,UBB,7314
O75541,ZNF821,55565
Q9UJX2,CDC23,8697
Q96QG7,MTMR9,66036
O60516,EIF4EBP3,8637
P09327,VIL1,7429
Q9Y4P9,SPEF1,25876
P62854,RPS26,6231
Q15233,NONO,4841
O95198,KLHL2,11275
Q9H0L4,CSTF2T,23283
Q14872,MTF1,4520
O75800,ZMYND10,51364
Q9NSA3,CTNNBIP1,56998
Q9BW83,IFT27,11020
P61964,WDR5,11091
O75177,SS18L1,26039
Q9Y5P4,COL4A3BP,10087
Q8N5R6,CCDC33,80125
Q86SE5,RALYL,138046
Q9BUY5,ZNF426,79088
P27658,COL8A1,1295
Q86UW9,DTX2,113878
Q14558,PRPSAP1,5635
Q8NEU8,APPL2,55198
Q15884,FAM189A2,9413
Q02218,OGDH,4967
Q9HC44,GPBP1L1,60313
Q03518,TAP1,6890
Q9Y2J4,AMOTL2,51421
P26367,PAX6,5080
O95721,SNAP29,9342
Q9H094,NBPF3,84224
P17858,PFKL,5211
O96019,ACTL6A,86
O95201,ZNF205,7755
Q9NSU2,TREX1,11277
Q9BV20,MRI1,84245
Q96K80,ZC3H10,84872
P78364,PHC1,1911
Q03014,HHEX,3087
P60520,GABARAPL2,11345
O00444,PLK4,10733
O60763,USO1,8615
Q9Y248,GINS2,51659
Q9UBH0,IL36RN,26525
P27482,CALML3,810
Q15475,SIX1,6495
Q9GZN8,C20orf27,54976
Q8NFF5,FLAD1,80308
Q13155,AIMP2,7965
P08134,RHOC,389
Q9UKW6,ELF5,2001
Q14966,ZNF638,27332
Q969Y2,GTPBP3,84705
P30304,CDC25A,993
Q9UHX1,PUF60,22827
Q96H20,SNF8,11267
P62263,RPS14,6208
Q15561,TEAD4,7004
Q9UKI2,CDC42EP3,10602
O95197,RTN3,10313
P28799,GRN,2896
Q8TBB1,LNX1,84708
Q92844,TANK,10010
Q9UBZ4,APEX2,27301
O94817,ATG12,9140
P02794,FTH1,2495
O43639,NCK2,8440
Q9NYB9,ABI2,10152
Q9Y2X8,UBE2D4,51619
Q9P209,CEP72,55722
P38919,EIF4A3,9775
Q04695,KRT17,3872
P06753,TPM3,7170
Q15025,TNIP1,10318
Q14296,FASTK,10922
Q6ZN18,AEBP2,121536
P26651,ZFP36,7538
P78310,CXADR,1525
O14576,DYNC1I1,1780
Q9BY43,CHMP4A,29082
Q7Z7J5,DPPA2,151871
Q9NQZ6,ZC4H2,55906
O15372,EIF3H,8667
Q13228,SELENBP1,8991
O43708,GSTZ1,2954
P17275,JUNB,3726
Q0D2I5,IFFO1,25900
O60260,PARK2,5071
Q9NWS0,PIH1D1,55011
O43186,CRX,1406
Q16512,PKN1,5585
Q9Y5B8,NME7,29922
P00492,HPRT1,3251
Q15911,ZFHX3,463
Q9H8S9,MOB1A,55233
Q99612,KLF6,1316
Q13643,FHL3,2275
P24278,ZBTB25,7597
P78337,PITX1,5307
P11597,CETP,1071
Q93045,STMN2,11075
Q13232,NME3,4832
Q9BXC9,BBS2,583
P46108,CRK,1398
O43707,ACTN4,81
P78368,CSNK1G2,1455
P19474,TRIM21,6737
P50222,MEOX2,4223
Q9NSC5,HOMER3,9454
Q15056,EIF4H,7458
Q96BY6,DOCK10,55619
P49368,CCT3,7203
P14209,CD99,4267
Q9UJ70,NAGK,55577
P62158,CALM2,805
Q9UHV2,SERTAD1,29950
Q9UJW9,SERTAD3,29946
O43439,CBFA2T2,9139
O75506,HSBP1,3281
O43598,DNPH1,10591
-,IGLC1,3537
P62195,PSMC5,5705
Q9Y312,AAR2,25980
Q13485,SMAD4,4089
P29692,EEF1D,1936
P30279,CCND2,894
O94855,SEC24D,9871
O00148,DDX39A,10212
P57077,MAP3K7CL,56911
P57086,SCAND1,51282
P23434,GCSH,2653
O43488,AKR7A2,8574
Q08170,SRSF4,6429
Q96GY3,LIN37,55957
P62875,POLR2L,5441
Q9UBU8,MORF4L1,10933
Q9NR21,PARP11,57097
O95154,AKR7A3,22977
O43683,BUB1,699
Q9Y295,DRG1,4733
O95273,CCNDBP1,23582
Q96CV9,OPTN,10133
Q13444,ADAM15,8751
Q9UNY5,ZNF232,7775
Q8WVD3,RNF138,51444
P56279,TCL1A,8115
Q9H267,VPS33B,26276
Q15555,MAPRE2,10982
P51808,DYNLT3,6990
Q03393,PTS,5805
Q9H204,MED28,80306
Q15041,ARL6IP1,23204
O43281,EFS,10278
Q9H9D4,ZNF408,79797
P60891,PRPS1,5631
O15155,BET1,10282
Q9NYH9,UTP6,55813
P06731,CEACAM5,1048
Q9UKF7,PITPNC1,26207
Q9NVE4,CCDC87,55231
Q8N715,CCDC185,164127
Q5T5P2,KIAA1217,56243
P37235,HPCAL1,3241
Q9UJW3,DNMT3L,29947
P49674,CSNK1E,1454
P24534,EEF1B2,1933
Q9Y2J2,EPB41L3,23136
Q9NYL2,ZAK,51776
Q96SL4,GPX7,2882
Q96AT9,RPE,6120
Q00587,CDC42EP1,11135
Q92630,DYRK2,8445
Q6IA69,NADSYN1,55191
Q12983,BNIP3,664
O75971,SNAPC5,10302
P16444,DPEP1,1800
P43365,MAGEA12,4111
Q9H446,RWDD1,51389
Q12874,SF3A3,10946
P61601,NCALD,83988
Q9NRQ2,PLSCR4,57088
O75886,STAM2,10254
P54920,NAPA,8775
Q9Y5P3,RAI2,10742
Q8NFT6,DBF4B,80174
Q14576,ELAVL3,1995
Q9UHY1,NRBP1,29959
P61952,GNG11,2791
Q4U2R8,SLC22A6,9356
P26378,ELAVL4,1996
P32929,CTH,1491
Q9P0W2,HMG20B,10362
P62829,RPL23,9349
O00506,STK25,10494
Q9C040,TRIM2,23321
Q96MF2,STAC3,246329
Q9BRK4,LZTS2,84445
Q9BX82,ZNF471,57573
P55735,SEC13,6396
Q8TBK6,ZCCHC10,54819
P33552,CKS2,1164
Q96PP8,GBP5,115362
P42568,MLLT3,4300
O15062,ZBTB5,9925
Q9Y230,RUVBL2,10856
Q13200,PSMD2,5708
Q9NQX5,NPDC1,56654
P49760,CLK2,1196
P55273,CDKN2D,1032
Q9UKK6,NXT1,29107
Q14376,GALE,2582
Q00796,SORD,6652
Q9UM82,SPATA2,9825
Q13021,MALL,7851
Q2VPB7,AP5B1,91056
Q9Y3C4,TPRKB,51002
P81877,SSBP2,23635
P04424,ASL,435
O75830,SERPINI2,5276
O14879,IFIT3,3437
Q96GT9,XAGE2,9502
Q99576,TSC22D3,1831
P35542,SAA4,6291
Q16594,TAF9,6880
P41220,RGS2,5997
Q9UJ41,RABGEF1,27342
Q01658,DR1,1810
Q13190,STX5,6811
Q99447,PCYT2,5833
Q66K89,E4F1,1877
Q9NZD4,AHSP,51327
Q9BU20,RSG1,79363
Q8N612,FAM160A2,84067
P28702,RXRB,6257
P14317,HCLS1,3059
O15389,SIGLEC5,8778
Q9UBX3,SLC25A10,1468
Q9UBP6,METTL1,4234
P36382,GJA5,2702
P53672,CRYBA2,1412
O00204,SULT2B1,6820
P30626,SRI,6717
P45381,ASPA,443
Q9Y4C2,FAM115A,9747
P49901,SMCP,4184
Q9Y2Y4,ZBTB32,27033
O95639,CPSF4,10898
O00303,EIF3F,8665
Q9NR46,SH3GLB2,56904
Q9BVI4,NOC4L,79050
O95391,SLU7,10569
P55039,DRG2,1819
Q96EF0,MTMR8,55613
Q08209,PPP3CA,5530
Q9NUU7,DDX19A,55308
Q9UI26,IPO11,51194
P55345,PRMT2,3275
Q96ES7,CCDC101,112869
Q14011,CIRBP,1153
Q9NTW7|Q9NPA5,ZFP64,55734
Q9UNP9,PPIE,10450
Q15699,ALX1,8092
Q96BD8,SKA1,220134
Q7L190,DPPA4,55211
P42224,STAT1,6772
P35613,BSG,682
Q53H80,AKIRIN2,55122
Q9BSL1,UBAC1,10422
Q96E93,KLRG1,10219
Q9C005,DPY30,84661
P07902,GALT,2592
Q8N720,ZNF655,79027
P61077,UBE2D3,7323
P00966,ASS1,445
P61225,RAP2B,5912
P55036,PSMD4,5710
P48723,HSPA13,6782
P41227,NAA10,8260
O95817,BAG3,9531
Q9H832,UBE2Z,65264
Q9BSW7,SYT17,51760
Q9Y5P6,GMPPB,29925
Q99594,TEAD3,7005
Q09161,NCBP1,4686
P25963,NFKBIA,4792
P07992,ERCC1,2067
P42772,CDKN2B,1030
P62495,ETF1,2107
Q8NHQ1,CEP70,80321
Q8WYH8,ING5,84289
P49903,SEPHS1,22929
Q13572,ITPK1,3705
Q9ULA0,DNPEP,23549
Q8N2M8,CLASRP,11129
Q9BUX1,CHAC1,79094
P23497,SP100,6672
Q13541,EIF4EBP1,1978
Q12805,EFEMP1,2202
Q9BWQ6,YIPF2,78992
P62937,PPIA,5478
Q9GZM5,YIPF3,25844
Q96HC4,PDLIM5,10611
P55040,GEM,2669
Q92824,PCSK5,5125
Q5T124,UBXN11,91544
P62191,PSMC1,5700
O00423,EML1,2009
P09619,PDGFRB,5159
Q15306,IRF4,3662
P27987,ITPKB,3707
Q8WTR7,ZNF473,25888
P16083,NQO2,4835
P57739,CLDN2,9075
O14976,GAK,2580
Q9Y283,INVS,27130
Q9Y2W7,KCNIP3,30818
O15535,ZSCAN9,7746
O95872,GPANK1,7918
Q6UY11,DLK2,65989
Q9Y3T9,NOC2L,26155
Q59EK9,RUNDC3A,10900
Q8IUF8,MINA,84864
Q9GZU7,CTDSP1,58190
Q15560,TCEA2,6919
Q9H773,DCTPP1,79077
Q9P0L1,ZKSCAN7,55888
P48730,CSNK1D,1453
Q4V326,GAGE2E,26749
Q13352,ITGB3BP,23421
Q99836,MYD88,4615
Q9BYD3,MRPL4,51073
P20809,IL11,3589
P24666,ACP1,52
P42229,STAT5A,6776
P61244,MAX,4149
P49914,MTHFS,10588
Q96IZ5,RBM41,55285
P01019,AGT,183
Q15027,ACAP1,9744
Q9Y297,BTRC,8945
Q9UJU6,DBNL,28988
P62857,RPS28,6234
Q9HCY8,S100A14,57402
O15481,MAGEB4,4115
Q9H4B4,PLK3,1263
Q96EV8,DTNBP1,84062
Q8WVF5,KCTD4,386618
Q92551,IP6K1,9807
P41226,UBA7,7318
O15294,OGT,8473
Q16206,ENOX2,10495
P45974,USP5,8078
P02792,FTL,2512
Q5VWN6,FAM208B,54906
Q8IUZ5,PHYKPL,85007
O15482,TEX28,1527
O95125,ZNF202,7753
Q9UJV3,MID2,11043
Q9UNH6,SNX7,51375
Q96AA8,JAKMIP2,9832
P51606,RENBP,5973
P61019,RAB2A,5862
Q9C0F1,CEP44,80817
O94818,NOL4,8715
Q8NA61,SPERT,220082
P23511,NFYA,4800
Q13748,TUBA3C,7278
Q05513,PRKCZ,5590
Q9NPJ8,NXT2,55916
P35998,PSMC2,5701
P35249,RFC4,5984
O43463,SUV39H1,6839
Q9H5V7,IKZF5,64376
P11234,RALB,5899
P40855,PEX19,5824
P00352,ALDH1A1,216
Q06323,PSME1,5720
P13807,GYS1,2997
P62820,RAB1A,5861
P29034,S100A2,6273
P06730,EIF4E,1977
Q9H840,GEMIN7,79760
P11142,HSPA8,3312
Q92783,STAM,8027
Q93088,BHMT,635
P36404,ARL2,402
Q01081,U2AF1,7307
P61586,RHOA,387
Q16611,BAK1,578
Q15369,TCEB1,6921
Q7L523,RRAGA,10670
Q9UBU9,NXF1,10482
P29218,IMPA1,3612
Q9NUX5,POT1,25913
Q13094,LCP2,3937
O15217,GSTA4,2941
Q9Y5S9,RBM8A,9939
Q99613,EIF3C,8663
Q9NNW7,TXNRD2,10587
Q92805,GOLGA1,2800
Q13439,GOLGA4,2803
P54105,CLNS1A,1207
Q6ZW49,PAXIP1,22976
Q8WV44,TRIM41,90933
Q96HB5,CCDC120,90060
-,MYO15B,80022
Q9UFG5,C19orf25,148223
Q9BU64,CENPO,79172
O00308,WWP2,11060
Q8TAB5,C1orf216,127703
-,CEP170P1,645455
Q8N554,ZNF276,92822
Q96BR9,ZBTB8A,653121
O60296,TRAK2,66008
Q04656,ATP7A,538
P35670,ATP7B,540
P35754,GLRX,2745
P14598,NCF1,653361
Q9H9Q4,NHEJ1,79840
P00749,PLAU,5328
Q9GZZ8,LACRT,90070
P09038,FGF2,2247
Q8N0X7,SPG20,23111
Q13794,PMAIP1,5366
O43521,BCL2L11,10018
Q9BXH1|Q96PG8,BBC3,27113
Q13323,BIK,638
Q8NHW3,MAFA,389692
Q9NQ31,AKIP1,56672
P24941,CDK2,1017
P01106,MYC,4609
P29590,PML,5371
Q15831,STK11,6794
Q7Z2E3,APTX,54840
P56539,CAV3,859
P35240,NF2,4771
Q96HU1,SGSM3,27352
Q5TKA1,LIN9,286826
Q8WX92,NELFB,25920
P61970,NUTF2,10204
P06746,POLB,5423
Q9H5J8,TAF1D,79101
P06307,CCK,885
Q9H081,MIS12,79003
P00533,EGFR,1956
P04626,ERBB2,2064
P21860,ERBB3,2065
P51884,LUM,4060
Q9H410,DSN1,79980
Q96IY1,NSL1,25936
O95229,ZWINT,11130
Q08752,PPID,5481
P07949,RET,5979
P54756,EPHA5,2044
Q8TA86,RP9,6100
Q6WCQ1,MPRIP,23164
Q70E73,RAPH1,65059
P56524,HDAC4,9759
Q9UQL6,HDAC5,10014
Q9UBN7,HDAC6,10013
Q96EP1,CHFR,55743
P42345,MTOR,2475
Q8N122,RPTOR,57521
Q6R327,RICTOR,253260
P21579,SYT1,6857
Q6UXA7,C6orf15,29113
P50281,MMP14,4323
P54108,CRISP3,10321
O14776,TCERG1,10915
O75400,PRPF40A,55660
O95983,MBD3,53615
P27348,YWHAQ,10971
Q53ET0,CRTC2,200186
Q9H0K1,SIK2,23235
P57796,CABP4,57010
Q15020,SART3,9733
O95400,CD2BP2,10421
O14908,GIPC1,10755
Q14240,EIF4A2,1974
P62330,ARF6,382
Q9UFF9,CNOT8,9337
Q9NVP2,ASF1B,55723
Q96DI7,SNRNP40,9410
O75940,SMNDC1,10285
Q9BRP4,PAAF1,80227
P78543,BTG2,7832
Q9UNM6,PSMD13,5719
Q14164,IKBKE,9641
P31946,YWHAB,7529
Q15170,TCEAL1,9338
Q15287,RNPS1,10921
Q9UKT5,FBXO4,26272
O76081,RGS20,8601
Q15008,PSMD6,9861
Q9Y2Q3,GSTK1,373156
O60739,EIF1B,10289
O75832,PSMD10,5716
Q08117,AES,166
Q15773,MLF2,8079
O75896,TUSC2,11334
O43586,PSTPIP1,9051
O15479,MAGEB2,4113
P23508,MCC,4163
P49841,GSK3B,2932
Q9NPH0,ACP6,51205
Q92956,TNFRSF14,8764
O00182,LGALS9,3965
Q9Y575,ASB3,51130
P42773,CDKN2C,1031
Q9Y3A3,MOB4,25843
O75365,PTP4A3,11156
O14730,RIOK3,8780
Q9NRB3,CHST12,55501
P14678,SNRPB,6628
Q8IXH7,NELFCD,51497
Q05639,EEF1A2,1917
Q9NRG4,SMYD2,56950
Q15165,PON2,5445
Q9Y265,RUVBL1,8607
Q9UBE0,SAE1,10055
P01889|P30466,HLA-B,3106
Q9HC24,TMBIM4,51643
P31930,UQCRC1,7384
O00115,DNASE2,1777
O43660,PLRG1,5356
P53680,AP2S1,1175
O75352,MPDU1,9526
Q14152,EIF3A,8661
Q9P2S5,WRAP73,49856
P60510,PPP4C,5531
P56537,EIF6,3692
Q9UBC1,NFKBIL1,4795
Q9P1U1,ACTR3B,57180
Q9NY93,DDX56,54606
P62140,PPP1CB,5500
Q12834,CDC20,991
Q9BUV8,C20orf24,55969
P60842,EIF4A1,1973
P26441,CNTF,1270
Q12974,PTP4A2,8073
P11171,EPB41,2035
O75688,PPM1B,5495
O14827,RASGRF2,5924
P25942,CD40,958
O94907,DKK1,22943
P19532,TFE3,7030
O14874,BCKDK,10295
Q15853,USF2,7392
Q9UHQ7,WBP5,51186
Q99623,PHB2,11331
Q13617,CUL2,8453
P37268,FDFT1,2222
Q38SD2,LRRK1,79705
Q9P2E9,RRBP1,6238
Q9Y5J5,PHLDA3,23612
Q8WTW4,NPRL2,10641
P62633,CNBP,7555
O95388,WISP1,8840
P63167,DYNLL1,8655
Q9UKS6,PACSIN3,29763
Q15714,TSC22D1,8848
P52565,ARHGDIA,396
Q9NX58,LYAR,55646
P05452,CLEC3B,7123
Q9UQM7,CAMK2A,815
Q9H8T0,AKTIP,64400
Q6P0Q8,MAST2,23139
Q05084,ICA1,3382
Q13177,PAK2,5062
P61081,UBE2M,9040
Q8IV63,VRK3,51231
P30305,CDC25B,994
Q9NS64,RPRM,56475
Q9UNS2,COPS3,8533
Q9Y4K3,TRAF6,7189
P78396,CCNA1,8900
Q9H3R5,CENPH,64946
O43513,MED7,9443
Q02790,FKBP4,2288
Q00169,PITPNA,5306
P62491,RAB11A,8766
Q14232,EIF2B1,1967
Q6IBS0,TWF2,11344
Q8IXJ6,SIRT2,22933
Q9BW60,ELOVL1,64834
O43427,FIBP,9158
O14519,CDK2AP1,8099
Q9BV57,ADI1,55256
O95190,OAZ2,4947
Q9Y5L4,TIMM13,26517
P41235,HNF4A,3172
O00264,PGRMC1,10857
Q96RG2,PASK,23178
Q13530,SERINC3,10955
P05787,KRT8,3856
P61026,RAB10,10890
Q6XUX3,DSTYK,25778
O00422,SAP18,10284
Q9UGT4,SUSD2,56241
P15090,FABP4,2167
O75116,ROCK2,9475
Q9UBN6,TNFRSF10D,8793
P78545,ELF3,1999
O00141,SGK1,6446
P01241,GH1,2688
Q7L1Q6,BZW1,9689
P29372,MPG,4350
Q96JB5,CDK5RAP3,80279
Q5TCY1,TTBK1,84630
P49662,CASP4,837
Q96FV3,TSPAN17,26262
O75385,ULK1,8408
Q9BRX2,PELO,53918
P62380,TBPL1,9519
Q16394,EXT1,2131
Q9NW61,PLEKHJ1,55111
Q9NRM2,ZNF277,11179
Q9Y2B9,PKIG,11142
Q96CS7,PLEKHB2,55041
P20823,HNF1A,6927
O43665,RGS10,6001
Q01995,TAGLN,6876
P78549,NTHL1,4913
O75363,BCAS1,8537
Q9NVD7,PARVA,55742
Q9Y2H1,STK38L,23012
O00255,MEN1,4221
Q9HD42,CHMP1A,5119
Q92882,OSTF1,26578
P23528,CFL1,1072
O95995,GAS8,2622
O15121,DEGS1,8560
O96013,PAK4,10298
O75618,DEDD,9191
P50053,KHK,3795
Q9Y6F1,PARP3,10039
O60427,FADS1,3992
Q9H0T7,RAB17,64284
O75771,RAD51D,5892
O15519,CFLAR,8837
Q9NPF4,OSGEP,55644
P00568,AK1,203
P51148,RAB5C,5878
P31939,ATIC,471
O95999,BCL10,8915
O14593,RFXANK,8625
Q9Y376,CAB39,51719
Q00597,FANCC,2176
O75569,PRKRA,8575
P16035,TIMP2,7077
Q9Y5V3,MAGED1,9500
O95863,SNAI1,6615
Q9BUP0,EFHD1,80303
O43353,RIPK2,8767
P60604,UBE2G2,7327
O60285,NUAK1,9891
P52429,DGKE,8526
P84996|Q5JWF2|O95467|P63092,GNAS,2778
Q6PIL6,KCNIP4,80333
O14965,AURKA,6790
P28566,HTR1E,3354
Q9Y664,KPTN,11133
O76070,SNCG,6623
Q9H6Y7,RNF167,26001
Q9Y5S2,CDC42BPB,9578
Q2NKX8,ERCC6L,54821
Q15126,PMVK,10654
O75815,BCAR3,8412
Q9Y6J8,STYXL1,51657
Q9NRH2,SNRK,54861
Q9BWU1,CDK19,23097
Q8N1I0,DOCK4,9732
P04406,GAPDH,2597
Q5EB52,MEST,4232
Q9Y2U9,KLHDC2,23588
P57735,RAB25,57111
Q9Y6T7,DGKB,1607
Q53HC9,TSSC1,7260
O43768,ENSA,2029
Q8WXI2,CNKSR2,22866
Q96FZ7,CHMP6,79643
P01892|P30443|P30450|P04439,HLA-A,3105
P52948,NUP98,4928
O14656,TOR1A,1861
Q9NRP7,STK36,27148
Q969Z0,TBRG4,9238
P21796,VDAC1,7416
P55199,ELL,8178
O15527,OGG1,4968
Q9NQY0,BIN3,55909
Q9GZS1,POLR1E,64425
Q9BS40,LXN,56925
O00442,RTCA,8634
P36639,NUDT1,4521
P78330,PSPH,5723
Q9H1Y0,ATG5,9474
O95801,TTC4,7268
Q9H7B4,SMYD3,64754
P27037,ACVR2A,92
Q60I27,ALS2CL,259173
O14746,TERT,7015
P19338,NCL,4691
Q13233,MAP3K1,4214
Q00653,NFKB2,4791
Q01201,RELB,5971
Q9NYJ8,TAB2,23118
Q9UHD2,TBK1,29110
P20333,TNFRSF1B,7133
Q9HAW0,BRF2,55290
Q92796,DLG3,1741
Q93063,EXT2,2132
O15379,HDAC3,8841
P43360,MAGEA6,4105
P22392,NME2,4831
Q9BZ23,PANK2,80025
Q15583,TGIF1,7050
P35222,CTNNB1,1499
P54132,BLM,641
Q9Y5Z7,HCFC2,29915
Q15291,RBBP5,5929
Q14686,NCOA6,23054
Q8N726|P42771,CDKN2A,1029
P25054,APC,324
Q9BX63,BRIP1,83990
Q13873,BMPR2,659
P23458,JAK1,3716
P31749,AKT1,207
Q7Z589,C11orf30,56946
O15169,AXIN1,8312
Q13772,NCOA4,8031
O95996,APC2,10297
P62158,CALM1,801
Q99638,RAD9A,5883
Q13363,CTBP1,1487
O43504,LAMTOR5,10542
Q15788,NCOA1,8648
Q12888,TP53BP1,7158
P11274,BCR,613
Q14683,SMC1A,8243
Q13535,ATR,545
Q99728,BARD1,580
P29350,PTPN6,5777
P20936,RASA1,5921
P07332,FES,2242
P49768,PSEN1,5663
P00519,ABL1,25
Q9BXW9,FANCD2,2177
P16104,H2AFX,3014
P24928,POLR2A,5430
P17535,JUND,3727
P43246,MSH2,4436
P52701,MSH6,2956
O60934,NBN,4683
Q92878,RAD50,10111
O60566,BUB1B,701
O43684,BUB3,9184
Q9NPI8,FANCF,2188
P42574,CASP3,836
Q13472,TOP3A,7156
P22681,CBL,867
P06493,CDK1,983
O14757,CHEK1,1111
P05549,TFAP2A,7020
P68400,CSNK2A1,1457
Q13547,HDAC1,3065
Q9UKL0,RCOR1,23186
Q96BD5,PHF21A,51317
Q92769,HDAC2,3066
O60341,KDM1A,23028
O43541,SMAD6,4091
O60716,CTNND1,1500
P15941,MUC1,4582
Q14289,PTK2B,2185
-,DVL1P1,8215
Q9HAW4,CLSPN,63967
P46736,BRCC3,79184
P08047,SP1,6667
Q14498,RBM39,9584
P29320,EPHA3,2042
P15311,EZR,7430
P25445,FAS,355
P55957,BID,637
Q13158,FADD,8772
P48023,FASLG,356
Q92851,CASP10,843
Q14790,CASP8,841
P62993,GRB2,2885
P41212,ETV6,2120
Q14676,MDC1,9656
O96017,CHEK2,11200
P06396,GSN,2934
O15105,SMAD7,4092
P07948,LYN,4067
Q9UI95,MAD2L2,10459
P08107,HSPA1A,3303
P07900,HSP90AA1,3320
Q9UBK9,UXT,8409
Q03135,CAV1,857
P05412,JUN,3725
P78527,PRKDC,5591
Q00987,MDM2,4193
Q01094,E2F1,1869
P24385,CCND1,595
Q9Y6N9,USH1C,10083
P55317,FOXA1,3169
Q9UBS8,RNF14,9604
P35221,CTNNA1,1495
P61968,LMO4,8543
O75376,NCOR1,9611
Q9UHK0,NUFIP1,26747
Q16539,MAPK14,1432
P06241,FYN,2534
P06239,LCK,3932
P27986,PIK3R1,5295
P27701,CD82,3732
P27448,MARK3,4140
P53350,PLK1,5347
P43351,RAD52,5893
Q16576,RBBP7,5931
P43146,DCC,1630
P46109,CRKL,1399
P60484,PTEN,5728
Q86UW6,N4BP2,55728
P22223,CDH3,1001
Q9UKV0,HDAC9,9734
Q9ULJ6,ZMIZ1,57178
P84022,SMAD3,4088
Q15554,TERF2,7014
P04271,S100B,6285
Q03113,GNA12,2768
P19022,CDH2,1000
P12643,BMP2,650
P18075,BMP7,655
O00238,BMPR1B,658
Q13972,RASGRF1,5923
Q92889,ERCC4,2072
O14980,XPO1,7514
Q92845,KIFAP3,22920
P30260,CDC27,996
P49840,GSK3A,2931
P13056,NR2C1,7181
Q99929,ASCL2,430
Q8NEZ4,KMT2C,58508
O75293,GADD45B,4616
P08581,MET,4233
P01112,HRAS,3265
P20248,CCNA2,890
P42684,ABL2,27
Q9P287,BCCIP,56647
P22736,NR4A1,3164
O43255,SIAH2,6478
P33151,CDH5,1003
P10586,PTPRF,5792
Q01082,SPTBN1,6711
Q92835,INPP5D,3635
Q99704,DOK1,1796
Q9Y6Q9,NCOA3,8202
Q13813,SPTAN1,6709
P02549,SPTA1,6708
Q9HB96,FANCE,2178
Q14191,WRN,7486
Q8TAE8,GADD45GIP1,90480
P29083,GTF2E1,2960
P35269,GTF2F1,2962
Q96ST3,SIN3A,25942
Q9NS23,RASSF1,11186
Q9H3P2,NELFA,7469
O43502,RAD51C,5889
P04049,RAF1,5894
Q66K74,MAP1S,55201
Q08211,DHX9,1660
Q13422,IKZF1,10320
Q00403,GTF2B,2959
O14981,BTAF1,9044
Q92759,GTF2H4,2968
Q13503,MED21,9412
-,LINC01194,404663
P68133,ACTA1,58
Q13077,TRAF1,7185
Q15628,TRADD,8717
Q15750,TAB1,10454
Q9Y6K9,IKBKG,8517
Q9H307,PNN,5411
Q13427,PPIG,9360
Q15796,SMAD2,4087
O95405,ZFYVE9,9372
Q674X7,KAZN,23254
O94929,ABLIM3,22885
Q9UKV5,AMFR,267
Q9H4P4,RNF41,10193
Q969X5,ERGIC1,57222
Q96S96,PEBP4,157310
P17844,DDX5,1655
Q13950,RUNX2,860
Q6PKX4,DOK6,220164
Q9P104,DOK5,55816
P68431,HIST1H3C,8352
Q76KD6,SPATC1,375686
P55211,CASP9,842
Q13075,NAIP,4671
O14727,APAF1,317
Q53HL2,CDCA8,55143
Q96FI4,NEIL1,79661
P49916,LIG3,3980
Q15878,CACNA1E,777
O75969,AKAP3,10566
Q92542,NCSTN,23385
Q969V3,NCLN,56926
Q6UWE0,LRSAM1,90678
P05556,ITGB1,3688
Q9NPB6,PARD6A,50855
Q8TEW0,PARD3,56288
Q05193,DNM1,1759
Q96GD4,AURKB,9212
P14151,SELL,6402
Q6EEV6,SUMO4,387082
Q6EMK4,VASN,114990
Q9H9H4,VPS37B,79720
Q9UK41,VPS28,51160
-,HELZ,9931
P00441,SOD1,6647
Q9BSI4,TINF2,26277
Q96AP0,ACD,65057
O15446,CD3EAP,10849
Q6ZYL4,GTF2H5,404672
Q13888,GTF2H2,2966
P19447,ERCC3,2071
Q9BQE4,VIMP,55829
Q9BUN8,DERL1,79139
P42336,PIK3CA,5290
P05771,PRKCB,5579
Q05655,PRKCD,5580
Q02156,PRKCE,5581
P17612,PRKACA,5566
Q8IV61,RASGRP3,25780
Q06187,BTK,695
Q99856,ARID3A,1820
P62913,RPL11,6135
Q6DT37,CDC42BPG,55561
Q6UB99,ANKRD11,29123
Q8N3L3,TXLNB,167838
Q9NZN4,EHD2,30846
Q9Y6Q5,AP1M2,10053
P22307,SCP2,6342
Q96MU7,YTHDC1,91746
Q9BTT4,MED10,84246
Q9NWA0,MED9,55090
Q9NX70,MED29,55588
A0JLT2,MED19,219541
O95402,MED26,9441
Q92945,KHSRP,8570
P54284,CACNB3,784
Q96L73,NSD1,64324
Q9NX01,TXNL4B,54957
Q0VD86,INCA1,388324
Q92738,USP6NL,9712
Q9UBC3,DNMT3B,1789
Q9BPX3,NCAPG,64151
Q6ZUM4,ARHGAP27,201176
Q96B97,SH3KBP1,30011
-,RNU11,26824
Q96EE3,SEH1L,81929
P57740,NUP107,57122
Q8NFH3,NUP43,348995
Q8NFH4,NUP37,79023
Q9UM13,ANAPC10,10393
P23760,PAX3,5077
Q9NZU7,CABP1,9478
Q13936,CACNA1C,775
Q14135,VGLL4,9686
Q9Y6X2,PIAS3,10401
P49862,KLK7,5650
Q9GZV1,ANKRD2,26287
P19429,TNNI3,7137
P53675,CLTCL1,8218
O94875,SORBS2,8470
O75955,FLOT1,10211
Q86YW5,TREML1,340205
Q8IY22,CMIP,80790
Q13683,ITGA7,3679
P61916,NPC2,10577
Q8NCE0,TSEN2,80746
Q9BSV6,TSEN34,79042
Q7Z6J9,TSEN54,283989
Q92989,CLP1,10978
Q8WW01,TSEN15,116461
Q9Y5Q3,MAFB,9935
Q14203,DCTN1,1639
Q9NR96,TLR9,54106
Q9C0D0,PHACTR1,221692
P62136,PPP1CA,5499
Q9NPP4,NLRC4,58484
P29466,CASP1,834
Q8IYP9,ZDHHC23,254887
P78537,BLOC1S1,2647
Q6QNY1,BLOC1S2,282991
Q6QNY0,BLOC1S3,388552
Q8TDH9,BLOC1S5,63915
Q9NUP1,BLOC1S4,55330
O95295,SNAPIN,23557
Q9NYB0,TERF2IP,54386
Q99575,POP1,10940
O95707,POP4,10775
O75817,POP7,10248
Q969H6,POP5,51367
O95059,RPP14,11102
Q9H633,RPP21,79897
Q9BUL9,RPP25,54913
P78345,RPP38,10557
Q6WN34,CHRDL2,25884
Q96IZ0,PAWR,5074
Q9GZV3,SLC5A7,60482
P13866,SLC5A1,6523
Q99873,PRMT1,3276
O43524,FOXO3,2309
Q12778,FOXO1,2308
P98177,FOXO4,4303
P42575,CASP2,835
Q9HB75,PIDD1,55367
O14745,SLC9A3R1,9368
P41145,OPRK1,4986
Q86VW2,ARHGEF25,115557
P03891,ND2,4536
P17252,PRKCA,5578
P27361,MAPK3,5595
Q92804,TAF15,8148
O14936,CASK,8573
Q8IUC6,TICAM1,148022
Q13546,RIPK1,8737
Q9BV36,MLPH,79083
Q96J02,ITCH,83737
Q99996,AKAP9,10142
Q86V81,ALYREF,10189
Q9H9E3,COG4,25839
P83436,COG7,91949
Q8WTW3,COG1,9382
Q14746,COG2,22796
Q9NX52,RHBDL2,54933
Q5QJE6,DNTTIP2,30836
Q96PF2,TSSK2,23617
Q9UJT2,TSKS,60385
O14763,TNFRSF10B,8795
P09874,PARP1,142
O94985,CLSTN1,22883
Q5U651,RASIP1,54922
Q9P2W9,STX18,53407
Q6NUQ1,RINT1,60561
O43264,ZW10,9183
Q15464,SHB,6461
Q14500,KCNJ12,3768
P48050,KCNJ4,3761
Q12959,DLG1,1739
Q96PE1,GPR124,25960
Q6X4U4,SOSTDC1,25928
Q8IZQ8,MYOCD,93649
Q8IYT8,ULK2,9706
O00560,SDCBP,6386
P20339,RAB5A,5868
P25025,CXCR2,3579
Q15942,ZYX,7791
Q07954,LRP1,4035
Q16623,STX1A,6804
P01138,NGF,4803
Q71SY5,MED25,81857
O75586,MED6,10001
Q9UKV8,AGO2,27161
Q13153,PAK1,5058
Q92974,ARHGEF2,9181
P20226,TBP,6908
O14910,LIN7A,8825
Q9HAP6,LIN7B,64130
Q9NUP9,LIN7C,55327
Q8IV45,UNC5CL,222643
P35658,NUP214,8021
Q03405,PLAUR,5329
Q9Y210,TRPC6,7225
Q07699,SCN1B,6324
P17676,CEBPB,1051
Q9ULK4,MED23,9439
P49336,CDK8,1024
Q9Y5A7,NUB1,51667
P01730,CD4,920
Q9HAU4,SMURF2,64750
O76080,ZFAND5,7763
O15143,ARPC1B,10095
Q7L5Y6,DET1,55070
Q8NHY2,RFWD2,64326
P00918,CA2,760
Q9UPA5,BSN,8927
Q92598,HSPH1,10808
P08865,RPSA,3921
Q9Y4I1,MYO5A,4644
O75840,KLF7,8609
Q6PIJ6,FBXO38,81545
Q9UBK2,PPARGC1A,10891
O15432,SLC31A2,1318
Q16602,CALCRL,10203
Q9UBS5,GABBR1,2550
Q9NZN5,ARHGEF12,23365
Q92888,ARHGEF1,9138
Q9Y3D6,FIS1,51024
O75081,CBFA2T3,863
Q5T9C9,PIP5KL1,138429
O15068,MCF2L,23263
Q9H334,FOXP1,27086
O15409,FOXP2,93986
Q8IVH2,FOXP4,116113
O15516,CLOCK,9575
Q70J99,UNC13D,201294
-,TRPC2,7221
Q9HBM1,SPC25,57405
Q9UHY8,FEZ2,9637
Q9Y3M8,STARD13,90627
P39748,FEN1,2237
Q9HBW0,LPAR2,9170
Q9UKR3,KLK13,26085
Q8N668,COMMD1,150684
P51571,SSR4,6748
Q96S94,CCNL2,81669
Q13164,MAPK7,5598
Q9H2X6,HIPK2,28996
Q16881,TXNRD1,7296
Q8NDI1,EHBP1,23301
O14939,PLD2,5338
Q92482,AQP3,360
P08246,ELANE,1991
Q7Z3S9,NOTCH2NL,388677
O43318,MAP3K7,6885
Q8N5C8,TAB3,257397
Q9Y2M5,KLHL20,27252
Q96KC8,DNAJC1,64215
P18847,ATF3,467
Q9UK53,ING1,3621
Q8NC96,NECAP1,25977
Q9NVZ3,NECAP2,55707
O43747,AP1G1,164
Q9UJY5,GGA1,26088
Q14832,GRM3,2913
O00471,EXOC5,10640
Q8TEB7,RNF128,79589
Q96FW1,OTUB1,55611
P40818,USP8,9101
Q09428,ABCC8,6833
Q9UQ26,RIMS2,9699
Q76FK4,NOL8,55035
Q9Y221,NIP7,51388
Q08945,SSRP1,6749
Q8TD19,NEK9,91754
Q9Y6X8,ZHX2,22882
Q9H4I2,ZHX3,23051
Q13464,ROCK1,6093
Q99726,SLC30A3,7781
Q9C0H9,SRCIN1,80725
Q6ZNA4,RNF111,54778
Q9NP99,TREM1,54210
P63096,GNAI1,2770
P36956,SREBF1,6720
P83916,CBX1,10951
O95931,CBX7,23492
Q53GS7,GLE1,2733
O75694,NUP155,9631
Q92831,KAT2B,8850
Q99743,NPAS2,4862
P10515,DLAT,1737
P21817,RYR1,6261
P35232,PHB,5245
P13501,CCL5,6352
Q12802,AKAP13,11214
Q15648,MED1,5469
O15492,RGS16,6004
O60925,PFDN1,5201
Q9UHV9,PFDN2,5202
Q99471,PFDN5,5204
Q96AV8,E2F7,144455
O95171,SCEL,8796
P49257,LMAN1,3998
P55287,CDH11,1009
Q13627,DYRK1A,1859
Q2M1K9,ZNF423,23090
Q9Y4X5,ARIH1,25820
P19388,POLR2E,5434
P48995,TRPC1,7220
Q7Z3T8,ZFYVE16,9765
Q9Y3Y4,PYGO1,26108
Q8N6I1,EID2,163126
Q13887,KLF5,688
Q6WBX8,RAD9B,144715
Q9UNS1,TIMELESS,8914
Q9BVW5,TIPIN,54962
Q9BRA2,TXNDC17,84817
O75943,RAD17,5884
P51531,SMARCA2,6595
Q8NHU6,TDRD7,23424
Q14008,CKAP5,9793
Q12840,KIF5A,3798
P05026,ATP1B1,481
P05023,ATP1A1,476
Q9Y2I2,NTNG1,22854
Q9UKB5,AJAP1,55966
Q96L34,MARK4,57787
Q96QT4,TRPM7,54822
Q9UBY9,HSPB7,27129
Q16082,HSPB2,3316
Q96MG7,NDNL2,56160
P61962,DCAF7,10238
Q15042,RAB3GAP1,22930
Q9UNE2,RPH3AL,9501
Q13309,SKP2,6502
P78357,CNTNAP1,8506
Q8TEL6,TRPC4AP,26133
P63146,UBE2B,7320
O14920,IKBKB,3551
O15111,CHUK,1147
P22087,FBL,2091
P46531,NOTCH1,4851
Q504Q3,PAN2,9924
P23921,RRM1,6240
Q8WZ42,TTN,7273
Q15327,ANKRD1,27063
Q03001,DST,667
Q9Y613,FHOD1,29109
Q99459,CDC5L,988
Q9NZ42,PSENEN,55851
Q96BI3,APH1A,51107
P05155,SERPING1,710
Q16790,CA9,768
Q04721,NOTCH2,4853
Q8TE68,EPS8L1,54869
Q9H6S3,EPS8L2,64787
Q8TE67,EPS8L3,79574
Q969V6,MKL1,57591
Q9ULH7,MKL2,57496
Q9UEW8,STK39,27347
P08621,SNRNP70,6625
O95429,BAG4,9530
P41238,APOBEC1,339
P43403,ZAP70,7535
P05231,IL6,3569
P17980,PSMC3,5702
P08631,HCK,3055
Q13905,RAPGEF1,2889
Q765I0,UTS2B,257313
Q15047,SETDB1,9869
Q969H0,FBXW7,55294
P11161,EGR2,1959
Q16658,FSCN1,6624
Q5SW96,LDLRAP1,26119
Q92870,APBB2,323
Q86T24,ZBTB33,10009
Q96KP1,EXOC2,55770
O60645,EXOC3,11336
Q5I7T1,ALG10B,144245
Q9Y2X7,GIT1,28964
Q9ULB1|P58400,NRXN1,9378
Q8TDU9,RXFP4,339403
P13688,CEACAM1,634
P05019,IGF1,3479
Q14145,KEAP1,9817
Q14244,MAP7,9053
Q9HBA0,TRPV4,59341
Q99081,TCF12,6938
Q6ZSZ5,ARHGEF18,23370
Q9UDY2,TJP2,9414
Q16625,OCLN,100506658
P22888,LHCGR,3973
Q96AX9,MIB2,142678
Q15014,MORF4L2,9643
Q6XZF7,DNMBP,23268
O14813,PHOX2A,401
Q7Z6J0,SH3RF1,57630
P41208,CETN2,1069
P07858,CTSB,1508
P34932,HSPA4,3308
Q7Z4N8,P4HA3,283208
Q13087,PDIA2,64714
Q9Y463,DYRK1B,9149
P35462,DRD3,1814
P14416,DRD2,1813
P21917,DRD4,1815
P27824,CANX,821
P09341,CXCL1,2919
P13500,CCL2,6347
Q9BPY8,HOPX,84525
Q02750,MAP2K1,5604
Q6VAB6,KSR2,283455
Q02246,CNTN2,6900
Q9UHC6,CNTNAP2,26047
P83369,LSM11,134353
P40616,ARL1,400
Q5MJ70,SPDYA,245711
P58062,SPINK7,84651
P22460,KCNA5,3741
Q86SS6,SYT9,143425
P61764,STXBP1,6812
P04053,DNTT,1791
Q9UMS4,PRPF19,27339
P41217,CD200,4345
P29597,TYK2,7297
P24158,PRTN3,5657
P17861,XBP1,7494
Q9Y566,SHANK1,50944
P57087,JAM2,58494
Q9BX67,JAM3,83700
Q07157,TJP1,7082
P14780,MMP9,4318
P02649,APOE,348
Q13469,NFATC2,4773
Q9Y232,CDYL,9425
P18146,EGR1,1958
P40763,STAT3,6774
P15172,MYOD1,4654
P05120,SERPINB2,5055
P54252,ATXN3,4287
Q9P1T7,MDFIC,29969
Q9BXJ0,C1QTNF5,114902
P49116,NR2C2,7182
Q03181,PPARD,5467
Q9UKS7,IKZF2,22807
O60765,ZNF354A,6940
Q09028,RBBP4,5928
P06454,PTMA,5757
Q16555,DPYSL2,1808
P49757,NUMB,8650
P32004,L1CAM,3897
Q8WZ75,ROBO4,54538
P46940,IQGAP1,8826
P11717,IGF2R,3482
Q01851,POU4F1,5457
P33076,CIITA,4261
Q12879,GRIN2A,2903
P01903,HLA-DRA,3122
Q8WVB6,CHTF18,63922
O95831,AIFM1,9131
O60741,HCN1,348980
Q9Y3Q4,HCN4,10021
Q9UL51,HCN2,610
Q8N4C6,NIN,51199
Q9Y251,HPSE,10855
Q6IA17,SIGIRR,59307
P14778,IL1R1,3554
O00206,TLR4,7099
P81274,GPSM2,29899
Q9BT88,SYT11,23208
P35548,MSX2,4488
O75335,PPFIA4,8497
O75334,PPFIA2,8499
O75145,PPFIA3,8541
O60237,PPP1R12B,4660
Q01860,POU5F1,5460
P01040,CSTA,1475
O94776,MTA2,9219
Q13330,MTA1,9112
Q00688,FKBP3,2287
P49069,CAMLG,819
P35869,AHR,196
O43293,DAPK3,1613
O95278,EPM2A,7957
Q15762,CD226,10666
P49675,STAR,6770
O95832,CLDN1,9076
O15551,CLDN3,1365
O00501,CLDN5,7122
Q99719,SEPT5,5413
O75469,NR1I2,8856
Q9UPY3,DICER1,23405
P10145,CXCL8,3576
P30533,LRPAP1,4043
P78509,RELN,5649
Q8NHL6,LILRB1,10859
Q8WVM0,TFB1M,51106
Q00059,TFAM,7019
Q9HBH9,MKNK2,2872
O14787,TNPO2,30000
P07203,GPX1,2876
Q15116,PDCD1,5133
O75689,ADAP1,11033
Q15139,PRKD1,5587
Q9Y216,MTMR7,9108
Q9Y217,MTMR6,9107
Q13574,DGKZ,8525
O43525,KCNQ3,3786
Q9NR82,KCNQ5,56479
O14646,CHD1,1105
P49759,CLK1,1195
Q9NZ53,PODXL2,50512
P13611,VCAN,1462
P00709,LALBA,3906
P14859,POU2F1,5451
P09086,POU2F2,5452
Q14207,NPAT,4863
P01375,TNF,7124
Q9UHQ4,BCAP29,55973
P11912,CD79A,973
P51572,BCAP31,10134
Q9HD26,GOPC,57120
P25098,ADRBK1,156
Q92854,SEMA4D,10507
P61088,UBE2N,7334
P45880,VDAC2,7417
Q02779,MAP3K10,4294
Q99828,CIB1,10519
P84095,RHOG,391
Q02575,NHLH1,4807
Q99689,FEZ1,9638
Q13569,TDG,6996
P12755,SKI,6497
Q15797,SMAD1,4086
P17693,HLA-G,3135
Q8IZJ4,RGL4,266747
O15259,NPHP1,4867
Q7Z494,NPHP3,27031
Q04917,YWHAH,7533
Q86UR5,RIMS1,22999
P26358,DNMT1,1786
P15170,GSPT1,2935
Q96J84,KIRREL,55243
Q8TEY7,USP33,23032
Q9Y2K6,USP20,10868
Q9NPG2,NGB,58157
P35609,ACTN2,88
Q9UL62,TRPC5,7224
Q9NZ72,STMN3,50861
A7KAX9,ARHGAP32,9743
Q13224,GRIN2B,2904
Q9UBN4,TRPC4,7223
-,LILRB2,10288
P51809,VAMP7,6845
O60825,PFKFB2,5208
P51878,CASP5,838
Q9Y266,NUDC,10726
Q14451,GRB7,2886
Q96A56,TP53INP1,94241
Q9UEW3,MARCO,8685
O60500,NPHS1,4868
P43694,GATA4,2626
Q99593,TBX5,6910
P52952,NKX2-5,1482
P43005,SLC1A1,6505
Q15382,RHEB,6009
P62834,RAP1A,5906
P11233,RALA,5898
O15503,INSIG1,3638
P61587,RND3,390
P52198,RND2,8153
Q9H211,CDT1,81620
Q9BQQ3,GORASP1,64689
P31151,S100A7,6278
Q7Z417,NUFIP2,57532
Q96F07,CYFIP2,26999
Q86WT6,TRIM69,140691
Q00535,CDK5,1020
P48681,NES,10763
P20338,RAB4A,5867
P50750,CDK9,1025
Q15418,RPS6KA1,6195
Q15349,RPS6KA2,6196
Q9NSN8,SNTG1,54212
P63027,VAMP2,6844
O00257,CBX4,8535
P32856,STX2,2054
Q13277,STX3,6809
Q8WY64,MYLIP,29116
Q9BZL1,UBL5,59286
P30988,CALCR,799
Q9UQC2,GAB2,9846
Q15119,PDK2,5164
Q9H2V7,SPNS1,83985
O00253,AGRP,181
P61024,CKS1B,1163
Q86XP1,DGKH,160851
P55072,VCP,7415
Q9UNZ2,NSFL1C,55968
Q92563,SPOCK2,9806
Q9BQ16,SPOCK3,50859
O95239,KIF4A,24137
P19634,SLC9A1,6548
Q15678,PTPN14,5784
O60641,SNAP91,9892
P02749,APOH,350
Q96PR1,KCNC2,3747
Q12955,ANK3,288
P98082,DAB2,1601
P17677,GAP43,2596
P28676,GCA,25801
P29274,ADORA2A,135
P12270,TPR,7175
Q17RD7,SYT16,83851
Q9BUZ4,TRAF4,9618
Q9UM11,FZR1,51343
Q9GZM8,NDEL1,81565
Q7Z6A9,BTLA,151888
Q15121,PEA15,8682
P51812,RPS6KA3,6197
Q9NV92,NDFIP2,54602
P10321,HLA-C,3107
O75446,SAP30,8819
Q8TDZ2,MICAL1,64780
P13726,F3,2152
Q9Y4E6,WDR7,23335
Q8TDJ6,DMXL2,23312
Q9NZN1,IL1RAPL1,11141
P49682,CXCR3,2833
P04233,CD74,972
P54851,EMP2,2013
P04040,CAT,847
Q6W2J9,BCOR,54880
Q9Y6I3,EPN1,29924
Q9BX69,CARD6,84674
Q7Z444,ERAS,3266
P16220,CREB1,1385
O00186,STXBP3,6814
P08758,ANXA5,308
P18084,ITGB5,3693
P02788,LTF,4057
Q9BVC3,DSCC1,79075
P0CG13,CHTF8,54921
P40938,RFC3,5983
O15350,TP73,7161
O95072,REC8,9985
Q9UQE7,SMC3,9126
P15151,PVR,5817
P38432,COIL,8161
P12956,XRCC6,2547
O60870,KIN,22944
Q8N4A0,GALNT4,8693
Q01974,ROR2,4920
Q969P0,IGSF8,93185
Q9UJU2,LEF1,51176
P30679,GNA15,2769
Q99614,TTC1,7265
Q9UH73,EBF1,1879
Q14209,E2F2,1870
O00716,E2F3,1871
Q16254,E2F4,1874
Q96BH1,RNF25,64320
P16070,CD44,960
O43306,ADCY6,112
Q9Y2Z0,SUGT1,10910
P06703,S100A6,6277
O95551,TDP2,51567
P48549,KCNJ3,3760
P13591,NCAM1,4684
Q96A65,EXOC4,60412
P02452,COL1A1,1277
P10912,GHR,2690
Q6UWB1,IL27RA,9466
P01116,KRAS,3845
P50749,RASSF2,9770
O43157,PLXNB1,5364
P35247,SFTPD,6441
Q9UQ49,NEU3,10825
P10600,TGFB3,7043
P35580,MYH10,4628
Q9H0E3,SAP130,79595
Q4LE39,ARID4B,51742
Q9H7L9,SUDS3,64426
Q96D46,NMD3,51068
Q9Y275,TNFSF13B,10673
Q96NY9,MUS81,80198
O14595,CTDSP2,10106
Q02094,RHAG,6005
O00267,SUPT5H,6829
Q7Z412,PEX26,55670
Q9C004,SPRY4,81848
Q8NI22,MCFD2,90411
Q9UHI8,ADAMTS1,9510
P15692,VEGFA,7422
Q9Y3M2,CBY1,25776
Q9UIS9,MBD1,4152
P48431,SOX2,6657
P00734,F2,2147
Q9Y446,PKP3,11187
P42702,LIFR,3977
P07686,HEXB,3074
P50148,GNAQ,2776
Q86Z02,HIPK1,204851
O95243,MBD4,8930
Q92905,COPS5,10987
P23471,PTPRZ1,5803
Q13112,CHAF1B,8208
P52564,MAP2K6,5608
O43236,SEPT4,5414
Q9UGI8,TES,26136
O60721,SLC24A1,9187
P52926,HMGA2,8091
O00631,SLN,6588
Q9H3D4,TP63,8626
Q15386,UBE3C,9690
Q08722,CD47,961
P06729,CD2,914
O15164,TRIM24,8805
Q16587,ZNF74,7625
P05937,CALB1,793
E9PAV3|Q13765,NACA,4666
P20810,CAST,831
Q9UQ80,PA2G4,5036
P28223,HTR2A,3356
O14709,ZNF197,10168
P22694,PRKACB,5567
P0DI81|P0DI82,TRAPPC2,6399
P23141,CES1,1066
Q9H875,PRKRIP1,79706
Q99618,CDCA3,83461
Q96AC1,FERMT2,10979
Q8WUP2,FBLIM1,54751
Q9UIQ6,LNPEP,4012
P29474,NOS3,4846
Q02153,GUCY1B3,2983
P34741,SDC2,6383
P13861,PRKAR2A,5576
Q13886,KLF9,687
Q8IZP0,ABI1,10006
Q15653,NFKBIB,4793
Q9NYS0,NKIRAS1,28512
P37840,SNCA,6622
Q01959,SLC6A3,6531
P31153,MAT2A,4144
Q8IXQ6,PARP9,83666
Q8TDB6,DTX3L,151636
Q86Y01,DTX1,1840
P49802,RGS7,6000
P16471,PRLR,5618
Q13614,MTMR2,8898
O95248,SBF1,6305
Q9NY27,PPP4R2,151987
P57678,GEMIN4,50628
P56693,SOX10,6663
P29084,GTF2E2,2961
P17096,HMGA1,3159
Q5H9L4,TAF7L,54457
Q14151,SAFB2,9667
Q9NR28,DIABLO,56616
P0C0S5,H2AFZ,3015
P60903,S100A10,6281
Q9NQA5,TRPV5,56302
Q96S44,TP53RK,112858
Q8TDM6,DLG5,9231
Q9NV31,IMP3,55272
Q96G21,IMP4,92856
Q96PM5,RCHY1,25898
Q9NYY3,PLK2,10769
Q53QZ3,ARHGAP15,55843
Q9HBG4,ATP6V0A4,50617
O15455,TLR3,7098
P20273,CD22,933
O75553,DAB1,1600
Q969S3,ZNF622,90441
P35368,ADRA1B,147
P08887,IL6R,3570
P19622,EN2,2020
P20719,HOXA5,3202
P48742,LHX1,3975
P56915,GSC,145258
P32243,OTX2,5015
P49459,UBE2A,7319
P07947,YES1,7525
Q92930,RAB8B,51762
O75460,ERN1,2081
P17302,GJA1,2697
Q4KMG0,CDON,50937
Q9BWV1,BOC,91653
Q92667,AKAP1,8165
P52292,KPNA2,3838
Q5VST9,OBSCN,84033
Q9C0E4,GRIP2,80852
Q86WK6,AMIGO1,57463
Q86SJ2,AMIGO2,347902
Q86WK7,AMIGO3,386724
O60907,TBL1X,6907
Q92828,CORO2A,7464
Q9BZK7,TBL1XR1,79718
Q07889,SOS1,6654
P63208,SKP1,6500
Q9BYB0,SHANK3,85358
P22670,RFX1,5989
P18545,PDE6G,5148
P21918,DRD5,1816
P11831,SRF,6722
O95619,YEATS4,8089
O95359,TACC2,10579
P09382,LGALS1,3956
Q12772,SREBF2,6721
Q14185,DOCK1,1793
Q7LG56,RRM2B,50484
P31350,RRM2,6241
Q96HL8,SH3YL1,26751
Q5HYK7,SH3D19,152503
Q92887,ABCC2,1244
Q9UBD5,ORC3,23595
Q99497,PARK7,11315
Q5THR3,EFCAB6,64800
P35219,CA8,767
Q13620,CUL4B,8450
Q13616,CUL1,8454
Q13618,CUL3,8452
Q13619,CUL4A,8451
Q86VP6,CAND1,55832
Q658P3,STEAP3,55240
O43193,MLNR,2862
Q5JQC9,AKAP4,8852
Q13242,SRSF9,8683
O95622,ADCY5,111
P28472,GABRB3,2562
O95071,UBR5,51366
Q13393,PLD1,5337
Q9BST9,RTKN,6242
O15457,MSH4,4438
P61758,VBP1,7411
O43196,MSH5,4439
Q9H0H5,RACGAP1,29127
P47736,RAP1GAP,5909
Q96C24,SYTL4,94121
P17735,TAT,6898
Q96DB2,HDAC11,79885
Q9BYW2,SETD2,29072
Q6NWY9,PRPF40B,25766
Q8WYB5,KAT6B,23522
P78347,GTF2I,2969
Q8WUI4,HDAC7,51564
P47712,PLA2G4A,5321
P25101,EDNRA,1909
P62318,SNRPD3,6634
P62314,SNRPD1,6632
Q9BQA1,WDR77,79084
O75182,SIN3B,23309
Q8WUA4,GTF3C2,2976
Q9Y5Q9,GTF3C3,9330
Q9Y5Q8,GTF3C5,9328
Q9BUI4,POLR3C,10623
Q92994,BRF1,2972
Q06413,MEF2C,4208
Q8WXI9,GATAD2B,57459
Q9Y605,MRFAP1,93621
Q969S8,HDAC10,83933
Q9H0E9,BRD8,10902
P41182,BCL6,604
P10827,THRA,7067
-,MORF4,10934
Q06330,RBPJ,3516
Q86X95,CIR1,9541
Q15477,SKIV2L,6499
O43424,GRID2,2895
Q9UQ88,CDK11A,728642
Q9NPA2,MMP25,64386
P61266,STX1B,112755
P51948,MNAT1,4331
P50613,CDK7,1022
Q9UIF9,BAZ2A,11176
Q9UKN8,GTF3C4,9329
P49848,TAF6,6878
Q9H1D9,POLR3F,10621
O60264,SMARCA5,8467
Q9NPF5,DMAP1,55929
Q9NRF9,POLE3,54107
P10809,HSPD1,3329
P09211,GSTP1,2950
Q14839,CHD4,1108
Q9BW71,HIRIP3,8479
Q9NPI1,BRD7,29117
Q9BUJ2,HNRNPUL1,11100
Q92830,KAT2A,2648
P35251,RFC1,5981
Q9Y4A5,TRRAP,8295
Q96L91,EP400,57634
P11388,TOP2A,7153
Q02880,TOP2B,7155
P01100,FOS,2353
Q12824,SMARCB1,6598
Q13351,KLF1,10661
Q969G3,SMARCE1,6605
P29374,ARID4A,5926
P55197,MLLT10,8028
Q14938,NFIX,4784
Q08999,RBL2,5934
Q15532,SS18,6760
P52630,STAT2,6773
Q8N108,MIER1,57708
Q9GZN2,TGIF2,60436
P14635,CCNB1,891
Q9NVC6,MED17,9440
P14625,HSP90B1,7184
Q9NRL2,BAZ1A,11177
P56270,MAZ,4150
Q12873,CHD3,1107
Q13465|Q03112,MECOM,2122
O14901,KLF11,8462
Q9BXK1,KLF16,83855
Q9Y2Y9,KLF13,51621
Q13118,KLF10,7071
O75593,FOXH1,8928
Q9Y6J0,CABIN1,23523
Q9H422,HIPK3,10114
Q99592,ZBTB18,10472
Q96QT6,PHF12,57649
P19419,ELK1,2002
Q99626,CDX2,1045
Q02078,MEF2A,4205
P35398,RORA,6095
Q15329,E2F5,1875
Q15672,TWIST1,7291
Q8TAQ2,SMARCC2,6601
Q9UKT9,IKZF3,22806
Q9H2S9,IKZF4,64375
Q9BY41,HDAC8,55869
Q14469,HES1,3280
Q96EB6,SIRT1,23411
Q9UBP5,HEY2,23493
O95218,ZRANB2,9406
O60216,RAD21,5885
Q00839,HNRNPU,3192
Q92585,MAML1,9794
Q9Y6B2,EID1,23741
Q96PK6,RBM14,10432
Q96RK1,CITED4,163732
O15151,MDM4,4194
Q92908,GATA6,2627
P19784,CSNK2A2,1459
P22626,HNRNPA2B1,3181
O14640,DVL1,1855
Q01892,SPIB,6689
P54198,HIRA,7290
O60814,HIST1H2BK,85236
P05230,FGF1,2246
P18846,ATF1,466
Q96PU5,NEDD4L,23327
P07737,PFN1,5216
Q13045,FLII,2314
Q32MZ4,LRRFIP1,9208
P16455,MGMT,4255
P42226,STAT6,6778
O75444,MAF,4094
Q8IZL8,PELP1,27043
Q9UBC0,ONECUT1,3175
Q16236,NFE2L2,4780
Q15650,TRIP4,9325
Q16621,NFE2,4778
Q8TAD8,SNIP1,79753
P35226,BMI1,648
Q8N488,RYBP,23429
Q9BYE7,PCGF6,84108
O75582,RPS6KA5,9252
O75676,RPS6KA4,8986
P14316,IRF2,3660
P10914,IRF1,3659
Q9UM47,NOTCH3,4854
Q13029,PRDM2,7799
P62837,UBE2D2,7322
P51965,UBE2E1,7324
P68036,UBE2L3,7332
Q96LR5,UBE2E2,7325
Q969T4,UBE2E3,10477
Q14781,CBX2,84733
P29375,KDM5A,5927
P11473,VDR,7421
P17181,IFNAR1,3454
Q86X55,CARM1,10498
P46100,ATRX,546
Q9UPQ9,TNRC6B,23112
Q96SB4,SRPK1,6732
Q9P0K1,ADAM22,53616
O75628,REM1,28954
Q9UKA4,AKAP11,11215
Q58A45,PAN3,255967
P11940,PABPC1,26986
Q9UIV1,CNOT7,29883
P50616,TOB1,10140
P41236,PPP1R2,5504
P22612,PRKACG,5568
Q92736,RYR2,6262
Q9BUE0,MED18,54797
Q96HR3,MED30,90390
Q15528,MED22,6837
Q9H944,MED20,9477
Q96G25,MED8,112950
Q9Y3C7,MED31,51003
P31314,TLX1,3195
Q92643,PIGK,10026
P35637,FUS,2521
Q8IYB3,SRRM1,10250
P78348,ASIC1,41
O00212,RHOD,29984
O60879,DIAPH2,1730
P29966,MARCKS,4082
O43745,CHP2,63928
P48764,SLC9A3,6550
Q99653,CHP1,11261
P51149,RAB7A,7879
Q8NDV7,TNRC6A,27327
Q16478,GRIK5,2901
P42262,GRIA2,2891
Q15118,PDK1,5163
Q9Y6D5,ARFGEF2,10564
Q9Y6D6,ARFGEF1,10565
O14569,CYB561D2,11068
Q9NUQ8,ABCF3,55324
Q13085,ACACA,31
P13686,ACP5,54
O75078,ADAM11,4185
P11766,ADH5,128
P42330,AKR1C3,8644
P05091,ALDH2,217
Q9UH62,ARMCX3,51566
P08133,ANXA6,309
Q9HC16,APOBEC3G,60489
P49703,ARL4D,379
Q9NXU5,ARL15,54622
O95376,ARIH2,10425
O15145,ARPC3,10094
P51690,ARSE,415
Q9H1I8,ASCC2,84164
P36542,ATP5C1,509
P56134,ATP5J2,9551
Q9UII2,ATPIF1,93974
Q96MC5,C16orf45,89927
O95696,BRD1,23774
Q8TDN6,BRIX1,55299
Q70Z53,FRA10AC1,118924
Q9H5F2,C11orf1,64776
Q969H8,C19orf10,56005
O43379,WDR62,284403
Q9NRR5,UBQLN4,56893
Q92979,EMG1,10436
Q16612,NREP,9315
Q6ZRQ5,MMS22L,253714
Q96SN7,ORAI2,80228
Q7L5D6,GET4,51608
Q96N11,C7orf26,79034
Q8IW50,FAM219A,203259
Q9H8G2,CAAP1,79886
O00305,CACNB4,785
P47756,CAPZB,832
Q9Y2V2,CARHSP1,23589
P55212,CASP6,839
Q13951,CBFB,865
P80098,CCL7,6354
P48643,CCT5,22948
P19256,CD58,965
P60033,CD81,975
Q96FF9,CDCA5,113130
Q96SN8,CDK5RAP2,55755
Q9NYQ6,CELSR1,9620
Q9NPF8,ADAP2,55803
Q96P48,ARAP1,116985
P01215,CGA,1081
P15882,CHN1,1123
O60543,CIDEA,1149
Q14055,COL9A2,1298
Q9UBW8,COPS7A,50813
Q9Y2Z9,COQ6,51004
P16870,CPE,1363
O75131,CPNE3,8895
O95741,CPNE6,9362
P55060,CSE1L,1434
P14091,CTSE,1510
Q92879,CELF1,10658
Q13948|P39880,CUX1,1523
Q69YN2,CWF19L1,55280
O43927,CXCL13,10563
O75534,CSDE1,7812
P51397,DAP,1611
Q9NPA8,ENY2,56943
Q08345,DDR1,780
Q9UMR2,DDX19B,11269
Q9GZR7,DDX24,57062
Q9Y6V7,DDX49,54555
O60443,DFNA5,1687
Q16760,DGKD,8527
Q14147,DHX34,9704
Q9H095,IQCG,84223
Q53FE4,C4orf17,84103
Q9Y4P8,WIPI2,26100
O95563,MPC2,25874
Q4VC44,FLYWCH1,84256
Q86YV5,SGK223,157285
Q8NCD3,HJURP,55355
-,DLEU1,10301
Q9UBS3,DNAJB9,4189
O60762,DPM1,8813
Q07507,DPT,1805
O14531,DPYSL4,10570
Q9UNI6,DUSP12,11266
P30084,ECHS1,1892
P05305,EDN1,1906
P20827,EFNA1,1942
Q8IUX8,EGFL6,25975
Q9NR50,EIF2B3,8891
P20042,EIF2S2,8894
P09104,ENO2,2026
Q08495,DMTN,2039
O95571,ETHE1,23474
P00742,F10,2159
P35544,FAU,2197
O00757,FBP2,8789
Q9NXK8,FBXL12,54850
Q9NWN3,FBXO34,55030
O14526,FCHO1,23149
P22607,FGFR3,2261
Q9UIM3,FKBPL,63943
Q3KQU3,MAP7D1,55700
Q86YJ6,THNSL2,55258
Q8WVR3,C7orf43,55262
Q6PD74,AAGAB,79719
Q6T4P5,LPPR3,79948
Q96BT3,CENPT,80152
Q3B820,FAM161A,84140
Q96FE5,LINGO1,84894
Q86Y56,DNAAF5,54919
Q6IAA8,LAMTOR1,55004
Q9NWR8,CCDC109B,55013
Q9H6R7,C2orf44,80304
Q53HC0,CCDC92,80212
Q9H079,KATNBL1,79768
Q6PGQ7,BORA,79866
Q8WVB3,HEXDC,284004
Q86YJ7,ANKRD13B,124930
Q96M11,HYLS1,219844
O95466,FMNL1,752
Q96AE4,FUBP1,8880
Q9H0Q3,FXYD6,53826
Q96RP7,GAL3ST4,79690
P02774,GC,2638
Q13724,MOGS,7841
Q96A33,CCDC47,57003
Q9NZM5,GLTSCR2,29997
P49448,GLUD2,2747
Q9BSF8,BTBD10,84280
Q14789,GOLGB1,2804
Q8NBJ4,GOLM1,51280
P00505,GOT2,2806
O43292,GPAA1,8733
P0CAP2|P0CAP1|Q6EEV4,POLR2M,81488
P00390,GSR,2936
P68871,HBB,3043
Q15011,HERPUD1,9709
P30519,HMOX2,3163
Q9Y328,HMP19,51617
Q9UK76,HN1,51155
P31942,HNRNPH3,3189
O43390,HNRNPR,10236
Q12988,HSPB3,8988
Q96EW2,HSPBAP1,79663
Q9BWC9,CCDC106,29903
Q9GZP4,PITHD1,57095
O43719,HTATSF1,27336
P24593,IGFBP5,3488
Q93033,CD101,9398
A1L0T0,ILVBL,10994
Q9NPH2,ISYNA1,51477
Q15811,ITSN1,6453
Q9Y6Y0,IVNS1ABP,10625
Q12809,KCNH2,3757
Q96SI1,KCTD15,79047
-,KIAA0087,9808
Q92628,KIAA0232,9778
Q9ULJ1,ODF2L,57489
Q5MIZ7,SMEK2,57223
Q9P1Z2,CALCOCO1,57658
-,KIAA1875,340390
O43240,KLK10,5655
Q9NS87,KIF15,56992
Q9GZM7,TINAGL1,64129
P56470,LGALS4,3960
Q96Q04,LMTK3,114783
-,RPL4P5,158345
Q8IYL3,C1orf174,339448
Q5VV52,ZNF691,51058
Q49AJ0,FAM135B,51059
Q9BTY7,HGH1,51236
Q6YP21,CCBL2,56267
Q9NRX3,NDUFA4L2,56901
P06858,LPL,4023
P09960,LTA4H,4048
Q9Y383,LUC7L2,51631
O95372,LYPLA2,11313
Q8NCC3,PLA2G15,23659
Q15013,MAD2L1BP,9587
Q9ULX9,MAFF,23764
Q9Y3D7,PAM16,51025
Q9GZU1,MCOLN1,57192
P40926,MDH2,4191
Q9P0N5,TMEM216,51259
Q9BUT9,FAM195A,84331
P0CZ20|P0CW26,PNMA6A,84968
Q5VUD6,FAM69B,138311
Q9BQD7,FAM173A,65990
Q9H6F5,CCDC86,79080
Q9BTV4,TMEM43,79188
Q9UGY1,NOL12,79159
Q8N5W9,FAM101B,359845
Q9H6J7,C11orf49,79096
Q8N2I9,STK40,83931
Q99685,MGLL,11343
Q9NPJ1,MKKS,8195
P58340,MLF1,4291
Q99547,MPHOSPH6,10200
Q13368,MPP3,4356
Q96DV4,MRPL38,64978
Q9BYN8,MRPS26,64949
P82933,MRPS9,64965
Q9GZW8,MS4A7,58475
P55209,NAP1L1,4673
P56556,NDUFA6,4700
O95182,NDUFA7,4701
O95169,NDUFB8,4714
Q9Y6M9,NDUFB9,4715
P19404,NDUFV2,4729
Q99519,NEU1,4758
P55769,NHP2L1,4809
Q9UGL9,CRCT1,54544
O75607,NPM3,10360
P46459,NSF,4905
Q9H1E3,NUCKS1,64710
O95989,NUDT3,11165
Q9UKK9,NUDT5,11164
O15381,NVL,4931
P04181,OAT,4942
O95897,OLFM2,93145
Q8N138,ORMDL3,94103
Q9H3H3,C11orf68,83638
P22061,PCMT1,5110
O75381,PEX14,5195
P18669,PGAM1,5223
O14832,PHYH,5264
Q92561,PHYHIP,9796
Q92535,PIGC,5279
Q9UG56,PISD,23761
Q9P212,PLCE1,51196
Q04941,PLP2,5355
O15031,PLXNB2,23654
O43688,PPAP2C,8612
Q96I34,PPP1R16A,84988
Q9UD71,PPP1R1B,84152
P30044,PRDX5,25824
P13727,PRG2,5553
P04156|F7VJQ1,PRNP,5621
Q8WXF1,PSPC1,55269
Q9NTK5,OLA1,29789
Q86YD1,PTOV1,53635
P29074,PTPN4,5775
Q14761,PTPRCAP,5790
Q15269,PWP2,5822
Q9NP72,RAB18,22931
Q15286,RAB35,11021
P61006,RAB8A,4218
P47224,RABIF,5877
Q7LDG7,RASGRP2,10235
O94762,RECQL5,9400
O15258,RER1,11079
Q08116,RGS1,5996
Q7L099,RUFY3,22902
Q9NTX7,RNF146,81847
Q99496,RNF2,6045
Q86U06,RBM23,55147
O95149,SNUPN,10073
P27635,RPL10,6134
P61313,RPL15,6138
Q02543,RPL18A,6142
P47914,RPL29,6159
P32969,RPL9,6133
P46783,RPS10,6204
Q9UK32,RPS6KA6,27330
P62070,RRAS2,22800
Q8N2Y8,RUSC2,9853
O43147,SGSM2,9905
P05109,S100A8,6279
Q99700,ATXN2,6311
Q8WVM8,SCFD1,23256
Q96GD3,SCMH1,22955
P05154,SERPINA5,5104
P05408,SCG5,6447
Q11203,ST3GAL3,6487
Q02978,SLC25A11,8402
Q9Y2P4,SLC27A6,28965
Q99624,SLC38A3,10991
P61956,SUMO2,6613
P67812,SEC11A,23478
O95084,PRSS23,11098
P28290,SSFA2,6744
O94864,SUPT7L,9913
Q9NUL3,STAU2,27067
Q9H169,STMN4,81551
Q9NRL3,STRN4,29888
Q9UNE7,STUB1,10273
Q8NBJ7,SUMF2,25870
O95425,SVIL,6840
Q86YL7,PDPN,10630
Q9UHF0,TAC3,6866
Q16635,TAZ,6901
Q9HA65,TBC1D17,79735
Q9BTW9,TBCD,6904
O43680,TCF21,6943
P13385,TDGF1,6997
P54274,TERF1,7013
Q8NA92,THAP8,199745
P30408,TM4SF1,4071
O43657,TSPAN6,7105
O14798,TNFRSF10C,8794
P50591,TNFSF10,8743
Q969U7,PSMG2,56984
Q5SZQ8,CELF3,11189
Q96GM8,TOE1,114034
Q15388,TOMM20,9804
Q96KB5,PBK,55872
Q53FA7,TP53I3,9540
Q16890,TPD52L1,7164
Q7Z4K8,TRIM46,80128
Q9H0U9,TSPYL1,7259
Q13509,TUBB3,10381
Q92575,UBXN4,23190
O60701,UGDH,7358
P11172,UMPS,7372
P51784,USP11,8237
Q92995,USP13,8975
Q9UPT9,USP22,23326
Q14508,WFDC2,10406
Q9NQW7,XPNPEP1,7511
O15209,ZBTB22,9278
Q9Y508,RNF114,55905
Q9H4T2,ZSCAN16,80345
Q52M93,ZNF585B,92285
Q96JF6,ZNF594,84622
O14678,ABCD4,5826
O95994,AGR2,10551
P02768,ALB,213
P12429,ANXA3,306
O14530,TXNDC9,10190
Q15669,RHOH,399
Q9BXP5,SRRT,51593
Q13510,ASAH1,427
Q15904,ATP6AP1,537
Q16864,ATP6V1F,9296
P61769,B2M,567
Q9HCU9,BRMS1,25855
Q9BX70,BTBD2,55643
Q9H8K7,C10orf88,80007
-,LINC00341,79686
P49750,YLPM1,56252
Q9NRH1,YAE1D1,57002
Q9HBL7,PLGRKT,55848
Q9HC52,CBX8,57332
P55774,CCL18,6362
Q9Y6N8,CDH10,1008
P52757,CHN2,1124
P17540,CKMT2,1160
Q9UBI1,COMMD3,23412
P20674,COX5A,9377
P09669,COX6C,1345
P78560,CRADD,8738
Q96HD1,CRELD1,78987
P50238,CRIP1,1396
Q13561,DCTN2,10540
Q9NX09,DDIT4,54541
Q96FC9,DDX11,1663
Q9BTE0,NAT9,26151
P36957,DLST,1743
Q9UBS4,DNAJB11,51726
O14717,TRDMT1,1787
P32249,GPR183,1880
Q9HB65,ELL3,80237
P84090,ERH,2079
Q8TER5,ARHGEF40,55701
Q9H8M9,EVA1A,84141
Q6N063,OGFOD2,79676
Q8NAV1,PRPF38A,84950
Q96EA4,SPDL1,54908
Q9NX18,SDHAF2,54949
Q9H7E9,C8orf33,65265
P55316,FOXG1,2290
Q6IB77,GLYAT,10249
P62879,GNB2,2783
O75899,GABBR2,9568
Q03013,GSTM4,2948
P32780,GTF2H1,2965
P69905,HBA1,3039
P01909,HLA-DQA1,3117
Q9C086,INO80B,83444
P09429,HMGB1,3146
Q9NRN5,OLFML3,56944
Q9H2D6,TRIOBP,11078
P04792,HSPB1,3315
Q9NZL4,HSPBP1,23640
Q9H0I3,CCDC113,29070
P61604,HSPE1,3336
O75874,IDH1,3417
Q13123,IK,3550
Q9NZM3,ITSN2,50618
O60333,KIF1B,23095
Q14807,KIF22,3835
P48357,LEPR,3953
P23490,LOR,4014
O15525,MAFG,4097
P49641,MAN2A2,4122
Q9GZQ8,MAP1LC3B,81631
Q9ULC4,MCTS1,28985
P13994,CCDC130,81576
Q8IYB7,DIS3L2,129563
Q96HS1,PGAM5,192111
Q9Y6G3,MRPL42,28977
Q9H9J2,MRPL44,65080
P82932,MRPS6,64968
P35579,MYH9,4627
Q96NT1,NAP1L5,266812
Q15843,NEDD8,4738
Q6I9Y2,THOC7,80145
Q9UFN0,NIPSNAP3A,25934
Q86X76,NIT1,4817
P00491,PNP,4860
O75665,OFD1,8481
P07237,P4HB,5034
P09466,PAEP,5047
P30086,PEBP1,5037
Q9UN74,PCDHA4,56144
Q9BW27,NUP85,79902
O14737,PDCD5,9141
Q8N8D1,PDCD7,10081
P16284,PECAM1,5175
Q9H4M7,PLEKHA4,57664
Q15155,NOMO1,23420
Q14181,POLA2,23649
P28340,POLD1,5424
P19387,POLR2C,5432
P50336,PPOX,5498
P53041,PPP5C,5536
P07602,PSAP,5660
P11464,PSG1,5669
P40306,PSMB10,5699
O00231,PSMD11,5717
P01270,PTH,5741
Q13332,PTPRS,5802
Q9BXR0,QTRT1,81890
P48304,REG1B,5968
P40937,RFC5,5985
Q8N5U6,RNF10,9921
P35268,RPL22,6146
P18077,RPL35A,6165
P61513,RPL37A,6168
P61247,RPS3A,6189
P26447,S100A4,6275
Q9NQZ2,UTP3,57050
Q96C92,SDCCAG3,10807
P50453,SERPINB9,5272
Q53H47,SETMAR,6419
P34896,SHMT1,6470
Q149N8,SHPRH,257218
Q9BQ95,ECSIT,51295
P11166,SLC2A1,6513
P62316,SNRPD2,6633
Q13424,SNTA1,6640
P43307,SSR1,6745
O76061,STC2,8614
P17600,SYN1,6853
P20366,TAC1,6863
Q12800,TFCP2,7024
Q92734,TFG,10342
P04183,TK1,7083
P60174,TPI1,7167
-,TRBV2,28620
P02766,TTR,7276
Q13885,TUBB2A,7280
Q15029,EFTUD2,9343
Q8TBC4,UBA3,9039
Q15819,UBE2V2,7336
Q9HA47,UCK1,83549
Q9C0J8,WDR33,55339
O60315,ZEB2,9839
P17024,ZNF20,7568
P17097,ZNF7,7553
Q8TF21,ANKRD24,170961
P36405,ARL3,403
P36543,ATP6V1E1,529
O14503,BHLHE40,8553
Q8NC44,FAM134A,79137
Q99832,CCT7,10574
O15182,CETN3,1070
O60832,DKC1,1736
P54259,ATN1,1822
Q96CQ1,SLC25A36,55186
Q9GZN7,ROGDI,79641
Q8TF65,GIPC2,54810
P21695,GPD1,2819
P78417,GSTO1,9446
P31943,HNRNPH1,3187
Q16363,LAMA4,3910
Q9BTT6,LRRC1,55227
P52815,MRPL12,6182
O15235,MRPS12,6183
O43252,PAPSS1,9061
Q15181,PPA1,5464
Q06830,PRDX1,5052
Q00887,PSG9,5678
P28328,PEX2,5828
P52756,RBM5,10181
P63220,RPS21,6227
P62851,RPS25,6230
Q8N6T7,SIRT6,51548
P55854,SUMO3,6612
P62306,SNRPF,6636
P63162,SNRPN,6638
O14543,SOCS3,9021
Q13148,TARDBP,23435
P01033,TIMP1,7076
P57727,TMPRSS3,64699
P45378,TNNT3,7140
Q96K62,ZBTB45,84878
P68104,EEF1A1,1915
O95166,GABARAP,11337
Q96IZ7,RSRC1,51319
P60900,PSMA6,5687
P48443,RXRG,6258
P68371,TUBB4B,10383
Q9BPX5,ARPC5L,81873
O14579,COPE,11316
P21246,PTN,5764
P56159,GFRA1,2674
O00451,GFRA2,2675
P32927,CSF2RB,1439
Q92574,TSC1,7248
P49815,TSC2,7249
P16410,CTLA4,1493
P10747,CD28,940
Q30201,HFE,3077
P02786,TFRC,7037
Q9UM73,ALK,238
Q05707,COL14A1,7373
O94925,GLS,2744
P17655,CAPN2,824
P31483,TIA1,7072
P02511,CRYAB,1410
P49458,SRP9,6726
P35568,IRS1,3667
Q9Y4H2,IRS2,8660
P40259,CD79B,974
O43896,KIF1C,10749
Q99665,IL12RB2,3595
O14818,PSMA7,5688
Q14186,TFDP1,7027
P10721,KIT,3815
P21926,CD9,928
P08962,CD63,967
P23468,PTPRD,5789
P19525,EIF2AK2,5610
Q9NRF2,SH2B1,25970
Q08881,ITK,3702
P52732,KIF11,3832
P09769,FGR,2268
P42768,WAS,7454
P16234,PDGFRA,5156
O75197,LRP5,4041
P10589,NR2F1,7025
Q00534,CDK6,1021
P19235,EPOR,2057
Q9Y6F6,MRVI1,10335
Q9P107,GMIP,51291
P17947,SPI1,6688
Q07011,TNFRSF9,3604
Q16656,NRF1,4899
P09936,UCHL1,7345
Q08499,PDE4D,5144
Q9NZQ9,TMOD4,29765
Q8WU20,FRS2,10818
Q96HF1,SFRP2,6423
Q13596,SNX1,6642
P25116,F2R,2149
P07996,THBS1,7057
P22415,USF1,7391
P15408,FOSL2,2355
O14713,ITGB1BP1,9270
P31150,GDI1,2664
Q9BZR8,BCL2L14,79370
O95819,MAP4K4,9448
Q9UHI6,DDX20,11218
Q8TEQ6,GEMIN5,25929
Q04759,PRKCQ,5588
P36544,CHRNA7,1139
P23142,FBLN1,2192
O60675,MAFK,7975
P08195,SLC3A2,6520
Q9UM63,PLAGL1,5325
P25800,LMO1,4004
Q8WV28,BLNK,29760
Q92496,CFHR4,10877
P08575,PTPRC,5788
O00401,WASL,8976
P52594,AGFG1,3267
P55286,CDH8,1006
P19878,NCF2,4688
Q8N1F8,STK11IP,114790
P24390,KDELR1,10945
O00116,AGPS,8540
P49763,PGF,5228
P62328,TMSB4X,7114
P26678,PLN,5350
Q99627,COPS8,10920
P37173,TGFBR2,7048
P78423,CX3CL1,6376
P23469,PTPRE,5791
P01732,CD8A,925
Q14194,CRMP1,1400
P12268,IMPDH2,3615
Q14512,FGFBP1,9982
P01024,C3,718
P11308,ERG,2078
O15061,SYNM,23336
P50461,CSRP3,8048
P02776,PF4,5196
P07196,NEFL,4747
P12036,NEFH,4744
Q9Y5Y6,ST14,6768
P21802,FGFR2,2263
Q9UPY6,WASF3,10810
Q9Y6W5,WASF2,10163
P48729,CSNK1A1,1452
P09601,HMOX1,3162
P49418,AMPH,273
P01031,C5,727
Q13435,SF3B2,10992
O75533,SF3B1,23451
Q9Y698,CACNG2,10369
Q14831,GRM7,2917
Q9NRD5,PICK1,9463
P14784,IL2RB,3560
Q7Z3B4,NUP54,53371
P52655,GTF2A1,2957
P52657,GTF2A2,2958
P47872,SCTR,6344
O15198,SMAD9,4093
Q14978,NOLC1,9221
P51681,CCR5,1234
P15056,BRAF,673
P43026,GDF5,8200
Q6KF10,GDF6,392255
O14607,UTY,7404
O15550,KDM6A,7403
P08648,ITGA5,3678
P06756,ITGAV,3685
P35606,COPB2,9276
P53621,COPA,1314
P10070,GLI2,2736
P27540,ARNT,405
P59780,AP3S2,10239
O00203,AP3B1,8546
P53611,RABGGTB,5876
Q16342,PDCD2,5134
P48444,ARCN1,372
Q9P299,COPZ2,51226
P51654,GPC3,2719
P04198,MYCN,4613
P12524,MYCL,4610
Q16787,LAMA3,3909
P51692,STAT5B,6777
P07814,EPRS,2058
Q12913,PTPRJ,5795
P46937,YAP1,10413
P01133,EGF,1950
P01042,KNG1,3827
O00268,TAF4,6874
P55011,SLC12A2,6558
O14836,TNFRSF13B,23495
P23378,GLDC,2731
O00555,CACNA1A,773
Q9NRA8,EIF4ENIF1,56478
Q9BYC2,OXCT2,64064
P07355,ANXA2,302
P12318,FCGR2A,2212
P05156,CFI,3426
Q9Y3B4,SF3B6,51639
O95249,GOSR1,9527
O14653,GOSR2,9570
Q9P2R6,RERE,473
P43405,SYK,6850
O95750,FGF19,9965
P49023,PXN,5829
Q96QH2,PRAM1,84106
Q14974,KPNB1,3837
Q99558,MAP3K14,9020
O14492,SH2B2,10603
O15146,MUSK,4593
Q8IWL2,SFTPA1,653509
Q9UGM3,DMBT1,1755
Q99683,MAP3K5,4217
P02751,FN1,2335
P61073,CXCR4,7852
P24394,IL4R,3566
O00220,TNFRSF10A,8797
Q14161,GIT2,9815
Q96IY4,CPB2,1361
Q8IVI9,NOSTRIN,115677
P02458,COL2A1,1280
P01023,A2M,2
Q9Y6Y9,LY96,23643
P49683,PRLHR,2834
P01130,LDLR,3949
P98155,VLDLR,7436
Q14114,LRP8,7804
Q9UQF2,MAPK8IP1,9479
Q13387,MAPK8IP2,23542
P57105,SYNJ2BP,55333
O75052,NOS1AP,9722
Q12967,RALGDS,5900
P05106,ITGB3,3690
P51841,GUCY2F,2986
-,GUCY2EP,390226
P30291,WEE1,7465
P02743,APCS,325
P08253,MMP2,4313
Q13217,DNAJC3,5611
P06870,KLK1,3816
Q9UQ13,SHOC2,8036
P13647,KRT5,3852
P07359,GP1BA,2811
P49711,CTCF,10664
Q8TE12,LMX1A,4009
Q13009,TIAM1,7074
O15144,ARPC2,10109
P25440,BRD2,6046
Q13105,ZBTB17,7709
P51636,CAV2,858
P16885,PLCG2,5336
O95271,TNKS,8658
Q9H2K2,TNKS2,80351
P22557,ALAS2,212
Q9P2W3,GNG13,51764
Q9H4M9,EHD1,10938
Q9NZN3,EHD3,30845
Q13042,CDC16,8881
O75369,FLNB,2317
P15907,ST6GAL1,6480
Q99584,S100A13,6284
P48551,IFNAR2,3455
Q04844,CHRNE,1145
P43034,PAFAH1B1,5048
Q13641,TPBG,7162
P09132,SRP19,6728
P62750,RPL23A,6147
O14578,CIT,11113
P62745,RHOB,388
Q9NSE2,CISH,1154
Q9NYM9,BET1L,51272
Q15466,NR0B2,8431
Q9HAP2,MLXIP,22877
P35236,PTPN7,5778
P42680,TEC,7006
-,TRN-GTT2-1,7214
Q13705,ACVR2B,93
P49790,NUP153,9972
Q9NY12,GAR1,54433
P19086,GNAZ,2781
P32519,ELF1,1997
Q969N2,PIGT,51604
Q92904,DAZL,1618
P21554,CNR1,1268
O75015,FCGR3B,2215
Q14680,MELK,9833
Q9UKE5,TNIK,23043
P07550,ADRB2,154
P13945,ADRB3,155
O14791,APOL1,8542
Q9H2S1,KCNN2,3781
P42679,MATK,4145
Q13253,NOG,9241
P30876,POLR2B,5431
P61218,POLR2F,5435
P62487,POLR2G,5436
P52434,POLR2H,5437
P53803,POLR2K,5440
P52435,POLR2J,5439
P01303,NPY,4852
Q92692,PVRL2,5819
Q13480,GAB1,2549
O95711,LY86,9450
Q71U36,TUBA1A,7846
O60239,SH3BP5,9467
Q02535,ID3,3399
O14793,MSTN,2660
P30530,AXL,558
Q9Y2T1,AXIN2,8313
P51452,DUSP3,1845
Q9Y2D8,SSX2IP,117178
Q92499,DDX1,1653
P20337,RAB3B,5865
P21810,BGN,633
P51617,IRAK1,3654
Q02952,AKAP12,9590
Q01196,RUNX1,861
P16671,CD36,948
P11047,LAMC1,3915
P02462,COL4A1,1282
P09848,LCT,3938
Q15131,CDK10,8558
P51787,KCNQ1,3784
O60683,PEX10,5192
Q14204,DYNC1H1,1778
O60664,PLIN3,10226
P05198,EIF2S1,1965
O14788,TNFSF11,8600
Q13114,TRAF3,7187
Q16820,MEP1B,4225
Q16819,MEP1A,4224
Q14315,FLNC,2318
Q07960,ARHGAP1,392
P20645,M6PR,4074
P49792,RANBP2,5903
P43487,RANBP1,5902
Q15599,SLC9A3R2,9351
O95237,LRAT,9227
Q8TE85,GRHL3,57822
P27797,CALR,811
P11226,MBL2,4153
P42166|P42167,TMPO,7112
P54762,EPHB1,2047
P29323,EPHB2,2048
P09471,GNAO1,2775
Q13651,IL10RA,3587
P02760,AMBP,259
P98160,HSPG2,3339
O43426,SYNJ1,8867
Q99962,SH3GL2,6456
P30101,PDIA3,2923
P48509,CD151,977
P15529,CD46,4179
P17301,ITGA2,3673
Q15413,RYR3,6263
O43921,EFNA2,1943
Q13425,SNTB2,6645
O60885,BRD4,23476
Q9UII4,HERC5,51191
O60542,PSPN,5623
P08922,ROS1,6098
Q9Y6V0,PCLO,27445
Q9UHD4,CIDEB,27141
P07477,PRSS1,5644
O95613,PCNT,5116
P00750,PLAT,5327
O00463,TRAF5,7188
Q13443,ADAM9,8754
P02708,CHRNA1,1134
Q92558,WASF1,8936
P35659,DEK,7913
Q9ULZ3,PYCARD,29108
O15553,MEFV,4210
Q16584,MAP3K11,4296
Q9Y496,KIF3A,11127
P02461,COL3A1,1281
P20908,COL5A1,1289
Q01344,IL5RA,3568
P09237,MMP7,4316
P32971,TNFSF8,944
P17813,ENG,2022
O14613,CDC42EP2,10435
Q9Y253,POLH,5429
P29279,CTGF,1490
P12757,SKIL,6498
O75155,CAND2,23066
O75175,CNOT3,4849
O00470,MEIS1,4211
P28907,CD38,952
P05090,APOD,347
Q13790,APOF,319
P47813,EIF1AX,1964
Q9NP84,TNFRSF12A,51330
P62995,TRA2B,6434
P06733,ENO1,2023
P35916,FLT4,2324
Q13507,TRPC3,7222
Q9HCX4,TRPC7,57113
Q13239,SLA,6503
P18031,PTPN1,5770
Q96PV0,SYNGAP1,8831
Q9P2W1,PSMC3IP,29893
Q92820,GGH,8836
Q9C0C2,TNKS1BP1,85456
Q9H251,CDH23,64072
P10147,CCL3,6348
P28288,ABCD3,5825
P33897,ABCD1,215
P98066,TNFAIP6,7130
O95049,TJP3,27134
Q15545,TAF7,6879
O14829,PPEF1,5475
O14830,PPEF2,5470
P33176,KIF5B,3799
P78314,SH3BP2,6452
Q8IXK2,GALNT12,79695
P30874,SSTR2,6752
Q9HCN2,TP53AIP1,63970
Q07912,TNK2,10188
Q9UBY0,SLC9A2,6549
Q16270,IGFBP7,3490
Q13043,STK4,6789
P23634,ATP2B4,493
O14786,NRP1,8829
P32926,DSG3,1830
O95835,LATS1,9113
P18433,PTPRA,5786
Q9UQR1,ZNF148,7707
Q6NZI2,PTRF,284119
P62873,GNB1,2782
P31949,S100A11,6282
P61011,SRP54,6729
P08603,CFH,3075
Q14721,KCNB1,3745
P48547,KCNC1,3746
Q9H3M0,KCNF1,3754
P16144,ITGB4,3691
O43915,FIGF,2277
Q9Y2S7,POLDIP2,26073
O75821,EIF3G,8666
Q96RT1,ERBB2IP,55914
Q9Y3E7,CHMP3,51652
P61086,UBE2K,3093
Q9UHC1,MLH3,27030
P54278,PMS2,5395
P54277,PMS1,5378
O76036,NCR1,9437
O60391,GRIN3B,116444
P29317,EPHA2,1969
P51398,DAP3,7818
P46013,MKI67,4288
O14490,DLGAP1,9229
Q96FJ2,DYNLL2,140735
P26718,KLRK1,22914
P84085,ARF5,381
P51888,PRELP,5549
Q15406,NR6A1,2649
Q9UIB8,CD84,8832
P99999,CYCS,54205
O60869,EDF1,8721
Q14118,DAG1,1605
Q07866,KLC1,3831
Q9H0B6,KLC2,64837
O60282,KIF5C,3800
P02741,CRP,1401
Q06124,PTPN11,5781
P17480,UBTF,7343
Q9ULV8,CBLC,23624
P78524,ST5,6764
Q96S38,RPS6KC1,26750
Q9UKX7,NUP50,10762
P14210,HGF,3082
Q9HD36,BCL2L10,10017
P28069,POU1F1,5449
P49354,FNTA,2339
Q02297,NRG1,3084
P17900,GM2A,2760
P55010,EIF5,1983
P15559,NQO1,1728
Q9P021,CRIPT,9419
P37088,SCNN1A,6337
P51168,SCNN1B,6338
P51170,SCNN1G,6340
Q9NS91,RAD18,56852
Q9BQ50,TREX2,11219
P21980,TGM2,7052
P81534,DEFB103B,55894
O75439,PMPCB,9512
Q99990,VGLL1,51442
Q13635,PTCH1,5727
Q9Y6C5,PTCH2,8643
O00291,HIP1,3092
P08514,ITGA2B,3674
Q15256,PTPRR,5801
P54829,PTPN5,84867
O95977,S1PR4,8698
Q12923,PTPN13,5783
Q9UK23,NAGPA,51172
Q9NYA1,SPHK1,8877
P61163,ACTR1A,10121
P34998,CRHR1,1394
P24387,CRHBP,1393
Q15517,CDSN,1041
Q13702,RAPSN,5913
Q92466,DDB2,1643
Q9HBM0,VEZT,55591
P43631,KIR2DS2,100132285
P51679,CCR4,1233
Q03188,CENPC,1060
P01344,IGF2,3481
P35250,RFC2,5982
Q9UGU0,TCF20,6942
Q15366,PCBP2,5094
P14866,HNRNPL,3191
Q13061,TRDN,10345
P01574,IFNB1,3456
P27695,APEX1,328
Q10588,BST1,683
Q9Y679,AUP1,550
Q9NSV4,DIAPH3,81624
Q13884,SNTB1,6641
P11532,DMD,1756
P03952,KLKB1,3818
P80303,NUCB2,4925
Q15573,TAF1A,9015
Q53T94,TAF1B,9014
Q15572,TAF1C,9013
P57054,PIGP,51227
O94777,DPM2,8818
Q9Y2U5,MAP3K2,10746
Q13163,MAP2K5,5607
P02787,TF,7018
P40424,PBX1,5087
P05455,SSB,6741
P10243,MYBL1,4603
P10242,MYB,4602
Q13901,C1D,10438
Q15596,NCOA2,10499
P51451,BLK,640
Q9NQ94,A1CF,29974
Q12852,MAP3K12,7786
O75962,TRIO,7204
O14733,MAP2K7,5609
P17707,AMD1,262
-,HLA-DMA,3108
O94973,AP2A2,161
Q9P0L0,VAPA,9218
P49767,VEGFC,7424
P56645,PER3,8863
Q9P2M1,LRP2BP,55805
P08700,IL3,3562
P43626,KIR2DL1,3802
Q9HD89,RETN,56729
P20336,RAB3A,5864
Q9Y261,FOXA2,3170
P42685,FRK,2444
P25685,DNAJB1,3337
P31689,DNAJA1,3301
P30307,CDC25C,995
Q99640,PKMYT1,9088
P15391,CD19,930
P20023,CR2,1380
Q13489,BIRC3,330
Q9H254,SPTBN4,57731
Q53EL6,PDCD4,27250
P62277,RPS13,6207
P46777,RPL5,6125
Q99988,GDF15,9518
Q96G27,WBP1,23559
Q969T9,WBP2,23558
P08572,COL4A2,1284
P00747,PLG,5340
P04004,VTN,7448
P04275,VWF,7450
P55327,TPD52,7163
Q16633,POU2AF1,5450
Q9NRY4,ARHGAP35,2909
O00198,HRK,8739
P53805,RCAN1,1827
O75509,TNFRSF21,27242
P31948,STIP1,10963
O15344,MID1,4281
O75382,TRIM3,10612
Q9C035,TRIM5,85363
Q9C030,TRIM6,117854
Q9BZR9,TRIM8,81603
Q9C026,TRIM9,114088
Q96F44,TRIM11,81559
Q14258,TRIM25,7706
Q12899,TRIM26,7726
Q9BZY9,TRIM31,11074
O60271,SPAG9,9043
Q04727,TLE4,7091
O43557,TNFSF14,8740
P36941,LTBR,4055
P55058,PLTP,5360
P02652,APOA2,336
P52735,VAV2,7410
Q9UKW4,VAV3,10451
Q15700,DLG2,1740
P00488,F13A1,2162
Q969Q1,TRIM63,84676
O43933,PEX1,5189
Q13608,PEX6,5190
Q9HD47,RANGRF,29098
P18754,RCC1,1104
P30542,ADORA1,134
Q13586,STIM1,6786
Q9P246,STIM2,57620
P35625,TIMP3,7078
Q03431,PTH1R,5745
O76031,CLPX,10845
Q99615,DNAJC7,7266
P11277,SPTB,6710
Q9NS28,RGS18,64407
P04003,C4BPA,722
O43283,MAP3K13,9175
P30048,PRDX3,10935
P08473,MME,4311
Q9Y3R0,GRIP1,23426
P42263,GRIA3,2892
P48058,GRIA4,2893
O15056,SYNJ2,8871
P02675,FGB,2244
Q14764,MVP,9961
Q9NZV8,KCND2,3751
Q13576,IQGAP2,10788
Q16649,NFIL3,4783
Q92599,SEPT8,23176
O75907,DGAT1,8694
P60763,RAC3,5881
P17342,NPR3,4883
P20594,NPR2,4882
O00300,TNFRSF11B,4982
Q05519,SRSF11,9295
Q01130,SRSF2,6427
P11309,PIM1,5292
Q13740,ALCAM,214
O00629,KPNA4,3840
Q7RTX1,TAS1R1,80835
Q8TE23,TAS1R2,80834
P13747,HLA-E,3133
P09871,C1S,716
Q7L804,RAB11FIP2,22841
Q9ULV0,MYO5B,4645
O95997,PTTG1,9232
P30041,PRDX6,9588
P30518,AVPR2,554
P06127,CD5,921
Q86VQ3,TXNDC2,84203
P61201,COPS2,9318
Q99959,PKP2,5318
Q06418,TYRO3,7301
Q09013,DMPK,1760
P26045,PTPN3,5774
Q9P1A6,DLGAP2,9228
Q14449,GRB14,2888
Q9UDT6,CLIP2,7461
O75486,SUPT3H,8464
P08754,GNAI3,2773
P23771,GATA3,2625
P23327,HRC,3270
P27105,STOM,2040
O60603,TLR2,7097
Q8WXE1,ATRIP,84126
P52294,KPNA1,3836
P35713,SOX18,54345
O60318,MCM3AP,8888
P47874,OMP,4975
Q05195,MXD1,4084
P10114,RAP2A,5911
Q15465,SHH,6469
P49770,EIF2B2,8892
Q9UI10,EIF2B4,8890
Q13144,EIF2B5,8893
P23193,TCEA1,6917
P00439,PAH,5053
O43570,CA12,771
P13051,UNG,7374
P61158,ACTR3,10096
Q8WUM4,PDCD6IP,10015
Q16222,UAP1,6675
P50579,METAP2,10988
Q14106,TOB2,10766
Q16589,CCNG2,901
O75695,RP2,6102
Q92629,SGCD,6444
Q13326,SGCG,6445
P41970,ELK3,2004
Q99706,KIR2DL4,3805
Q96HZ4,HES6,55502
Q9UBF8,PI4KB,5298
Q03060,CREM,1390
P08236,GUSB,2990
Q13241,KLRD1,3824
P04628,WNT1,7471
P09544,WNT2,7472
O60353,FZD6,8323
Q8N474,SFRP1,6422
P15813,CD1D,912
Q15835,GRK1,6011
Q9H765,ASB8,140461
Q99973,TEP1,7011
P98095,FBLN2,2199
P05108,CYP11A1,1583
Q13555,CAMK2G,818
Q96B01,RAD51AP1,10635
P78504,JAG1,182
O00548,DLL1,28514
Q9NR81,ARHGEF3,50650
P24530,EDNRB,1910
P30556,AGTR1,185
Q92731,ESR2,2100
Q9GZQ4,NMUR2,56923
O60331,PIP5K1C,23396
Q96PN7,TRERF1,55809
P04083,ANXA1,301
Q14126,DSG2,1829
Q92752,TNR,7143
Q96GW7,BCAN,63827
-,ACAN,176
Q8TD16,BICD2,23299
P56278,MTCP1,4515
P09486,SPARC,6678
Q96JC9,EAF1,85403
P48061,CXCL12,6387
O14867,BACH1,571
Q93008,USP9X,8239
P07306,ASGR1,432
P07307,ASGR2,433
P27449,ATP6V0C,527
O15245,SLC22A1,6580
Q14573,ITPR3,3710
P33764,S100A3,6274
Q9Y6Q6,TNFRSF11A,8792
P07711,CTSL,1514
P26010,ITGB7,3695
P15918,RAG1,5896
Q13952,NFYC,4802
P32298,GRK4,2868
P43250,GRK6,2870
P49715,CEBPA,1050
P35626,ADRBK2,157
Q14654,KCNJ11,3767
Q7Z4N2,TRPM1,4308
P12271,RLBP1,6017
P13236,CCL4,6351
Q00341,HDLBP,3069
P21583,KITLG,4254
Q96PB7,OLFM3,118427
Q99972,MYOC,4653
Q9UKB1,FBXW11,23291
P23229,ITGA6,3655
Q8WUM0,NUP133,55746
O95319,CELF2,10659
P29508,SERPINB3,6317
P20783,NTF3,4908
P48039,MTNR1A,4543
P19823,ITIH2,3698
O95630,STAMBP,10617
P57682,KLF3,51274
Q9ULX6,AKAP8L,26993
Q13349,ITGAD,3681
Q02763,TEK,7010
P10911,MCF2,4168
Q8TDR2,STK35,140901
O00151,PDLIM1,9124
P50395,GDI2,2665
P28347,TEAD1,7003
O60671,RAD1,5810
P13645,KRT10,3858
P00813,ADA,100
P21730,C5AR1,728
P31371,FGF9,2254
Q12851,MAP4K2,5871
O43561,LAT,27040
Q9Y2J0,RPH3A,22895
P05129,PRKCG,5582
P03973,SLPI,6590
P62877,RBX1,9978
P22001,KCNA3,3738
P16389,KCNA2,3737
Q09470,KCNA1,3736
P06748,NPM1,4869
Q9Y371,SH3GLB1,51100
P63151,PPP2R2A,5520
P00374,DHFR,1719
O00329,PIK3CD,5293
P80188,LCN2,3934
Q9UNH5,CDC14A,8556
Q8WZ19,KCTD13,253980
Q9BXP8,PAPPA2,60676
P07766,CD3E,916
P26640,VARS,7407
Q9Y262,EIF3L,51386
O60684,KPNA6,23633
P55210,CASP7,840
P05114,HMGN1,3150
Q9BXS0,COL25A1,84570
P48051,KCNJ6,3763
Q8NFZ4,NLGN2,57555
Q8N2Q7,NLGN1,22871
Q9NZ94,NLGN3,54413
P50539,MXI1,4601
Q9BW11,MXD3,83463
Q14582,MXD4,10608
Q9NS37,CREBZF,58487
Q9NPE6,SPAG4,6676
Q07890,SOS2,6655
P07195,LDHB,3945
Q14116,IL18,3606
Q9UBR4,LHX3,8022
O14817,TSPAN4,7106
P22695,UQCRC2,7385
O14931,NCR3,259197
Q13825,AUH,549
Q9NSC2,SALL1,6299
P28360,MSX1,4487
P32942,ICAM3,3385
Q15054,POLD3,10714
O15263,DEFB4A,1673
Q14694,USP10,9100
Q13283,G3BP1,10146
Q9UBT7,CTNNAL1,8727
P08579,SNRPB2,6629
P80108,GPLD1,2822
P52797,EFNA3,1944
P52803,EFNA5,1946
Q7L8C5,SYT13,57586
Q9H2E6,SEMA6A,57556
O95398,RAPGEF3,10411
Q8WZA2,RAPGEF4,11069
Q92565,RAPGEF5,9771
O60725,ICMT,23463
P06850,CRH,1392
Q13255,GRM1,2911
P14061,HSD17B1,3292
Q13237,PRKG2,5593
O15315,RAD51B,5890
Q9Y2Q5,LAMTOR2,28956
P13984,GTF2F2,2963
P23588,EIF4B,1975
Q96S55,WRNIP1,56897
Q14012,CAMK1,8536
Q9BWU0,SLC4A1AP,22950
P20849,COL9A1,1297
Q49AN0,CRY2,1408
Q9H2G9,BLZF1,8548
P30613,PKLR,5313
Q15399,TLR1,7096
Q8WTR2,DUSP19,142679
P24468,NR2F2,7026
P04141,CSF2,1437
P05113,IL5,3567
Q96T58,SPEN,23013
Q24JP5,TMEM132A,54972
P49427,CDC34,997
Q9NYG5,ANAPC11,51529
Q9UJX6,ANAPC2,29882
P02679,FGG,2266
P02671,FGA,2243
Q9H9T3,ELP3,55140
O95163,IKBKAP,8518
Q99578,RIT2,6014
P04745,AMY1A,276
P13224,GP1BB,2812
O14649,KCNK3,3777
P56704,WNT3A,89780
P41221,WNT5A,7474
P04054,PLA2G1B,5319
O14618,CCS,9973
Q06730,ZNF33A,7581
Q14999,CUL7,9820
Q8N3Y1,FBXW8,26259
P48167,GLRB,2743
Q9UH65,SWAP70,23075
Q9BUB5,MKNK1,8569
Q9BZ71,PITPNM3,83394
Q8TEW6,DOK4,55715
P40238,MPL,4352
O75843,AP1G2,8906
Q8WWW8,GAB3,139716
Q16533,SNAPC1,6617
Q92966,SNAPC3,6619
P08908,HTR1A,3350
P21453,S1PR1,1901
P28221,HTR1D,3352
P13631,RARG,5916
P20340,RAB6A,5870
P51959,CCNG1,900
O95238,SPDEF,25803
Q9Y272,RASD1,51655
P28908,TNFRSF8,943
Q712K3,UBE2R2,54926
P49796,RGS3,5998
P04264,KRT1,3848
P30411,BDKRB2,624
P43489,TNFRSF4,7293
Q13637,RAB32,10981
Q86UN6,AKAP14,158798
Q13156,RPA4,29935
O95631,NTN1,9423
P43699,NKX2-1,7080
P09234,SNRPC,6631
Q9UHB7,AFF4,27125
P40617,ARL4A,10124
Q96CJ1,EAF2,55840
P15502,ELN,2006
P55001,MFAP2,4237
Q99571,P2RX4,5025
P08709,F7,2155
Q16143,SNCB,6620
Q9HAV4,XPO5,57510
P32418,SLC8A1,6546
P52566,ARHGDIB,397
Q8N196,SIX5,147912
P21741,MDK,4192
Q16515,ASIC2,40
Q9Y692,GMEB1,10691
P28715,ERCC5,2073
Q13133,NR1H3,10062
O00482,NR5A2,2494
P55773,CCL23,6368
Q13474,DRP2,1821
Q9BXM0,PRX,57716
P23443,RPS6KB1,6198
Q9BPZ7,MAPKAP1,79109
Q04637,EIF4G1,1981
P55884,EIF3B,8662
Q13131,PRKAA1,5562
P30622,CLIP1,6249
Q8TF40,FNIP1,96459
Q8TDY2,RB1CC1,9821
Q13057,COASY,80347
Q9BY77,POLDIP3,84271
P19021,PAM,5066
Q8NFG4,FLCN,201163
Q86VF7,NRAP,4892
P12644,BMP4,652
O00626,CCL22,6367
Q9UG01,IFT172,26160
Q93096,PTP4A1,7803
Q16543,CDC37,11140
P04085,PDGFA,5154
P05121,SERPINE1,5054
Q9NQU5,PAK6,56924
P53367,ARFIP1,27236
Q07001,CHRND,1144
P09529,INHBB,3625
P08476,INHBA,3624
P34947,GRK5,2869
Q9NPC6,MYOZ2,51778
Q9NP98,MYOZ1,58529
Q8TDC0,MYOZ3,91977
P49771,FLT3LG,2323
P05362,ICAM1,3383
Q92572,AP3S1,1176
Q92556,ELMO1,9844
Q9GZV5,WWTR1,25937
P24821,TNC,3371
Q8WXE9,STON2,85439
P01579,IFNG,3458
O43150,ASAP2,8853
Q9GZX6,IL22,50616
P24588,AKAP5,9495
O75531,BANF1,8815
P78363,ABCA4,24
O60583,CCNT2,905
Q12837,POU4F2,5458
P55055,NR1H2,7376
Q07687,DLX2,1746
P56178,DLX5,1749
Q5T4W7,ARTN,9048
Q9UNH7,SNX6,58533
Q9H222,ABCG5,64240
Q03519,TAP2,6891
Q13487,SNAPC2,6618
P14735,IDE,3416
Q9GZR2,REXO4,57109
P18428,LBP,3929
Q6IA86,ELP2,55250
Q6P5Z2,PKN3,29941
Q9UNA1,ARHGAP26,23092
A1A4S6,ARHGAP10,79658
Q5T230,UTF1,8433
Q03468,ERCC6,2074
Q9UGP5,POLL,27343
Q9P2B2,PTGFRN,5738
O43763,TLX2,3196
P01160,NPPA,4878
O60494,CUBN,8029
Q9H7C4,SYNC,81493
P10636,MAPT,4137
P35228,NOS2,4843
Q6IE81,JADE1,79960
Q9H0F6,SHARPIN,81858
Q6VN20,RANBP10,57610
Q02388,COL7A1,1294
Q15836,VAMP3,9341
O14662,STX16,8675
O43752,STX6,10228
P02775,PPBP,5473
Q9UMD9,COL17A1,1308
Q9NTJ3,SMC4,10051
Q5JTD0,TJAP1,93643
Q92529,SHC3,53358
O75027,ABCB7,22
Q99467,CD180,4064
P42701,IL12RB1,3594
Q9NPF7,IL23A,51561
P16619,CCL3L1,6349
Q15021,NCAPD2,9918
Q9UI12,ATP6V1H,51606
P02745,C1QA,712
P78552,IL13RA1,3597
Q9C0C4,SEMA4C,54910
Q03052,POU3F1,5453
P23763,VAMP1,6843
Q9P2M7,CGN,57530
P07357,C8A,731
Q9Y2R2,PTPN22,26191
Q9UBE8,NLK,51701
P31431,SDC4,6385
P11387,TOP1,7150
Q03167,TGFBR3,7049
P04080,CSTB,1476
Q9NS69,TOMM22,56993
Q8IW41,MAPKAPK5,8550
Q9Y287,ITM2B,9445
P50748,KNTC1,9735
Q15661|P20231,TPSAB1,7177
P35590,TIE1,7075
-,PRB3,5544
-,RIPK4,54101
P51955,NEK2,4751
Q96FL9,GALNT14,79623
Q08378,GOLGA3,2802
Q9UQQ2,SH2B3,10019
P04234,CD3D,915
Q96LC9,BMF,90427
P15924,DSP,1832
P19957,PI3,5266
P07476,IVL,3713
Q96KN7,RPGRIP1,57096
Q68EM7,ARHGAP17,55114
Q17R89,ARHGAP44,9912
Q13023,AKAP6,9472
P27815,PDE4A,5141
Q7L576,CYFIP1,23191
Q5TCQ9,MAGI3,260425
P82094,TMF1,7110
P12235,SLC25A4,291
Q00973,B4GALNT1,2583
P41146,OPRL1,4987
P26583,HMGB2,3148
P20963,CD247,919
Q7Z628,NET1,10276
Q92918,MAP4K1,11184
P61923,COPZ1,22818
Q86VP1,TAX1BP1,8887
P22301,IL10,3586
Q8IUD2,ERC1,23085
P18827,SDC1,6382
Q16620,NTRK2,4915
P42566,EPS15,2060
Q99062,CSF3R,1441
P35555,FBN1,2200
P20151,KLK2,3817
O75787,ATP6AP2,10159
P35712,SOX6,55553
Q9NRW1,RAB6B,51560
O15539,RGS5,8490
Q14213,EBI3,10148
P50553,ASCL1,429
P51810,GPR143,4935
P26374,CHML,1122
Q9NR80,ARHGEF4,50649
P17481,HOXB8,3218
P40879,SLC26A3,1811
O76090,BEST1,7439
P61371,ISL1,3670
Q96A47,ISL2,64843
P19320,VCAM1,7412
Q8NFH8,REPS2,9185
Q13451,FKBP5,2289
Q15024,EXOSC7,23016
Q9Y3B2,EXOSC1,51013
P08263,GSTA1,2938
Q6UX01,LMBR1L,55716
P35680,HNF1B,6928
P43121,MCAM,4162
Q9Y4A8,NFE2L3,9603
Q12905,ILF2,3608
P51153,RAB13,5872
P28906,CD34,947
O95487,SEC24B,10427
Q9Y490,TLN1,7094
P11413,G6PD,2539
Q8N9I0,SYT2,127833
O43581,SYT7,9066
Q8NBV8,SYT8,90019
Q9BQG1,SYT3,84258
Q9H2B2,SYT4,6860
P55017,SLC12A3,6559
Q9NRM6,IL17RB,55540
O00194,RAB27B,5874
Q92837,FRAT1,10023
Q8NCM8,DYNC2H1,79659
Q8TCX1,DYNC2LI1,51626
Q96BR1,SGK3,23678
O43593,HR,55806
Q96D71,REPS1,85021
-,LPA,4018
Q5T1C6,THEM4,117145
Q99502,EYA1,2138
O95153,BZRAP1,9256
Q9BQ31,KCNS3,3790
Q9NWW0,HCFC1R1,54985
P11836,MS4A1,931
Q9NWQ8,PAG1,55824
Q9UIK4,DAPK2,23604
Q9P2S2|P58401,NRXN2,9379
Q9HDB5|Q9Y4C0,NRXN3,9369
P03956,MMP1,4312
P08254,MMP3,4314
P22894,MMP8,4317
P09238,MMP10,4319
P45452,MMP13,4322
P25024,CXCR1,3577
P34925,RYK,6259
P0C0L4,C4A,720
Q13523,PRPF4B,8899
Q9UP65,PLA2G4C,8605
Q02487,DSC2,1824
P08034,GJB1,2705
P08174,CD55,1604
P09455,RBP1,5947
Q9BY84,DUSP16,80824
P28562,DUSP1,1843
Q8WWW0,RASSF5,83593
O43847,NRD1,4898
Q8WUF5,PPP1R13L,10848
Q9NVJ2,ARL8B,55207
Q8NDB2,BANK1,55024
P51677,CCR3,1232
P00338,LDHA,3939
O60942,RNGTT,8732
Q9P2D0,IBTK,25998
O43566,RGS14,10636
O96004,HAND1,9421
Q969P5,FBXO32,114907
O00592,PODXL,5420
P14653,HOXB1,3211
P62508,ESRRG,2104
Q13291,SLAMF1,6504
Q02556,IRF8,3394
O00221,NFKBIE,4794
Q14574,DSC3,1825
Q9Y235,APOBEC2,10930
P08949,NMB,4828
P55291,CDH15,1013
Q15172,PPP2R5A,5525
Q14677,CLINT1,9685
Q16825,PTPN21,11099
Q9HBE1,PATZ1,23598
O95150,TNFSF15,9966
Q02930,CREB5,9586
P02771,AFP,174
Q8WVJ9,TWIST2,117581
P49746,THBS3,7059
O95382,MAP3K6,9064
Q8TD08,MAPK15,225689
Q9GZY0,NXF2,56001
Q9UK22,FBXO2,26232
Q9Y239,NOD1,10392
P15309,ACPP,55
O00170,AIP,9049
Q8WWL7,CCNB3,85417
P21854,CD72,971
P41180,CASR,846
P49917,LIG4,3981
P48544,KCNJ5,3762
P58753,TIRAP,114609
P18089,ADRA2B,151
P18825,ADRA2C,152
P55061,TMBIM6,7009
P11137,MAP2,4133
O15382,BCAT2,587
Q9H2C0,GAN,8139
Q9H074,PAIP1,10605
Q9GZU2,PEG3,5178
P48200,IREB2,3658
Q99720,SIGMAR1,10280
Q15257,PPP2R4,5524
Q04837,SSBP1,6742
Q8N5V2,NGEF,25791
Q9Y5U5,TNFRSF18,8784
P51843,NR0B1,190
P54753,EPHB3,2049
P54764,EPHA4,2043
P62304,SNRPE,6635
P08151,GLI1,2735
Q9BVA0,KATNB1,10300
Q96CA5,BIRC7,79444
P11684,SCGB1A1,7356
Q9NWT1,PAK1IP1,55003
P20138,CD33,945
P00736,C1R,715
P48740,MASP1,5648
Q06190,PPP2R3A,5523
P0C0L5|P0C0L4,C4B,721
Q00978,IRF9,10379
Q15776,ZKSCAN8,7745
Q15459,SF3A1,10291
Q86UE8,TLK2,11011
Q9UL26,RAB22A,57403
P32248,CCR7,1236
Q05586,GRIN1,2902
Q9BRG2,SH2D3A,10045
O95866,C6orf25,80739
O15264,MAPK13,5603
Q6P597,KLC3,147700
P79483,HLA-DRB3,3125
Q9NYV6,RRN3,54700
P13987,CD59,966
P18074,ERCC2,2068
P09326,CD48,962
Q14990,ODF1,4956
Q13459,MYO9B,4650
Q8IYJ3,SYTL1,84958
Q15631,TSN,7247
Q02985,CFHR3,10878
Q9BT40,INPP5K,51763
Q8IUH5,ZDHHC17,23390
Q14442,PIGH,5283
Q9BYG5,PARD6B,84612
P36896,ACVR1B,91
P18054,ALOX12,239
Q03111,MLLT1,4298
Q9NQS3,PVRL3,25945
P40394,ADH7,131
P55285,CDH6,1004
Q13634,CDH18,1016
Q9HCS7,XAB2,56949
O95816,BAG2,9532
Q9HAZ1,CLK4,57396
P01589,IL2RA,3559
P43630,KIR3DL2,3812
O43184,ADAM12,8038
P35372,OPRM1,4988
Q15746,MYLK,4638
Q8WVM7,STAG1,10274
Q9H1A4,ANAPC1,64682
Q29RF7,PDS5A,23244
Q13478,IL18R1,8809
Q9NQB0,TCF7L2,6934
P21127,CDK11B,984
Q8NHY5,HUS1B,135458
P11926,ODC1,4953
O75629,CREG1,8804
Q9UHA4,LAMTOR3,8649
P31273,HOXC8,3224
Q5JS13,RALGPS1,9649
P61020,RAB5B,5869
Q8N0W4,NLGN4X,57502
Q8N3V7,SYNPO,11346
Q6NUP7,PPP4R4,57718
Q8WZ74,CTTNBP2,83992
Q9P2B4,CTTNBP2NL,55917
Q5VSL9,STRIP1,85369
Q9BUL8,PDCD10,11235
P30153,PPP2R1A,5518
Q9P289,STK26,51765
Q9BRV8,SIKE1,80143
O43815,STRN,6801
Q13033,STRN3,29966
Q9Y228,TRAF3IP3,80342
P62714,PPP2CB,5516
Q9Y2T4,PPP2R2C,5522
Q8TF05,PPP4R1,9989
P78318,IGBP1,3476
P17987,TCP1,6950
Q6IN85,SMEK1,55671
O75663,TIPRL,261726
Q8N556,AFAP1,60312
O95407,TNFRSF6B,8771
O95365,ZBTB7A,51341
P51911,CNN1,1264
O00339,MATN2,4147
P12314,FCGR1A,2209
P24071,FCAR,2204
Q9BTV7,CABLES2,81928
O14654,IRS4,8471
O43602,DCX,1641
O94766,B3GAT3,26229
Q9C0A0,CNTNAP4,85445
Q9BZ76,CNTNAP3,79937
Q16586,SGCA,6442
P28325,CST5,1473
Q13671,RIN1,9610
Q02410,APBA1,320
Q96AJ9,VTI1A,143187
O15400,STX7,8417
Q9BV40,VAMP8,8673
Q8WXD5,GEMIN6,79833
P50452,SERPINB8,5271
O75330,HMMR,3161
P78344,EIF4G2,1982
P98172,EFNB1,1947
-,TRA,6955
-,TRB,6957
O60890,OPHN1,4983
P01374,LTA,4049
Q9GZY6,LAT2,7462
P54136,RARS,5917
P05112,IL4,3565
O00445,SYT5,6861
Q5T7P8,SYT6,148281
Q6XYQ8,SYT10,341359
P10523,SAG,6295
Q6UXI9,NPNT,255743
P53708,ITGA8,8516
Q15544,TAF11,6882
P35241,RDX,5962
P20916,MAG,4099
P61812,TGFB2,7042
Q03692,COL10A1,1300
Q9ULV3,CIZ1,25792
Q9UKL3,CASP8AP2,9994
Q93074,MED12,9968
Q9HC29,NOD2,64127
Q15569,TESK1,7016
Q96S53,TESK2,10420
P53999,SUB1,10923
P15260,IFNGR1,3459
P38484,IFNGR2,3460
Q33E94,RFX4,5992
P17931,LGALS3,3958
P07951,TPM2,7169
P98077,SHC2,25759
Q99727,TIMP4,7079
P08237,PFKM,5213
Q9BYH8,NFKBIZ,64332
Q13882,PTK6,5753
P32241,VIPR1,7433
P55283,CDH4,1002
Q99952,PTPN18,26469
Q15370,TCEB2,6923
P00738,HP,3240
P15509,CSF2RA,1438
Q8N3R9,MPP5,64398
Q9NP85,NPHS2,7827
A8K7I4,CLCA1,1179
Q7LFX5,CHST15,51363
P29322,EPHA8,2046
P51460,INSL3,3640
P16871,IL7R,3575
Q9Y5J3,HEY1,23462
P51684,CCR6,1235
Q9GZX9,TWSG1,57045
P13497,BMP1,649
P68106,FKBP1B,2281
P27930,IL1R2,7850
P16452,EPB42,2038
Q9UMZ2,SYNRG,11276
P37023,ACVRL1,94
P24386,CHM,1121
P30531,SLC6A1,6529
Q9Y250,LZTS1,11178
O14967,CLGN,1047
Q9NV58,RNF19A,25897
P23560,BDNF,627
Q99590,SCAF11,9169
P43220,GLP1R,2740
P54845,NRL,4901
Q9P0U3,SENP1,29843
O14672,ADAM10,102
Q9Y2I1,NISCH,11188
Q8TF74,WIPF2,147179
O14508,SOCS2,8835
Q9H0R5,GBP3,2635
Q8WXA9,SREK1,140890
P19544,WT1,7490
Q15007,WTAP,9589
O95067,CCNB2,9133
Q9HC62,SENP2,59343
Q9C000,NLRP1,22861
Q9H082,RAB33B,83452
O15230,LAMA5,3911
P25391,LAMA1,284217
Q9HAV5,EDA2R,60401
Q5FBB7,SGOL1,151648
P07288,KLK3,354
Q6GTX8,LAIR1,3903
Q9UKJ1,PILRA,29992
P58166,INHBE,83729
Q9Y4K4,MAP4K5,11183
Q9UM01,SLC7A7,9056
Q8TBR7,FAM57A,79850
O00590,ACKR2,1238
P32246,CCR1,1230
P42338,PIK3CB,5291
P08571,CD14,929
P02686,MBP,4155
Q01453,PMP22,5376
P25189,MPZ,4359
Q15223,PVRL1,5818
Q01968,OCRL,4952
Q16527,CSRP2,1466
P32238,CCKAR,886
-,PTPRH,5794
Q9H2K8,TAOK3,51347
Q6UXS9,CASP12,100506742
Q13470,TNK1,8711
Q9Y3F4,STRAP,11171
Q9BWX5,GATA5,140628
Q9Y5W3,KLF2,10365
O00526,UPK2,7379
O75631,UPK3A,7380
P15173,MYOG,4656
P29459,IL12A,3592
P21452,TACR2,6865
Q00536,CDK16,5127
Q9BRB3,PIGQ,9091
Q15542,TAF5,6877
O14948,TFEC,22797
P48382,RFX5,5993
P18850,ATF6,22926
Q14739,LBR,3930
Q14524,SCN5A,6331
P53778,MAPK12,6300
Q16849,PTPRN,5798
Q9NQS1,AVEN,57099
P30989,NTSR1,4923
P34130,NTF4,4909
P29475,NOS1,4842
O95644,NFATC1,4772
Q14183,DOC2A,8448
O14493,CLDN4,1364
P56747,CLDN6,9074
P56748,CLDN8,9073
Q9H0C5,BTBD1,53339
O95343,SIX3,6496
O95475,SIX6,4990
Q8WY54,PPM1E,22843
P49593,PPM1F,9647
P51608,MECP2,4204
P05204,HMGN2,3151
O00712,NFIB,4781
Q9UN86,G3BP2,9908
O15226,NKRF,55922
P58546,MTPN,136319
Q92750,TAF4B,6875
Q5SXM2,SNAPC4,6621
Q9BZR6,RTN4R,65078
P10646,TFPI,7035
P00740,F9,2158
Q6NZY4,ZCCHC8,55596
Q969F8,KISS1R,84634
Q16854,DGUOK,1716
Q9NWB7,IFT57,55081
O00459,PIK3R2,5296
Q9H270,VPS11,55823
Q9H269,VPS16,64601
Q9P253,VPS18,57617
Q96AX1,VPS33A,65082
O95685,PPP1R3D,5509
Q9Y3L3,SH3BP1,23616
Q99650,OSMR,9180
O75970,MPDZ,8777
P00540,MOS,4342
P28698,MZF1,7593
P16473,TSHR,7253
P59190,RAB15,376267
Q96SZ6,CDK5RAP1,51654
P25063,CD24,100133941
P11487,FGF3,2248
Q99848,EBNA1BP2,10969
Q9HCH5,SYTL2,54843
Q4VX76,SYTL3,94120
-,EXPH5,23086
P10301,RRAS,6237
Q9Y4G8,RAPGEF2,9693
O00458,IFRD1,3475
Q9H257,CARD9,64170
Q5JY77,GPRASP1,9737
Q15915,ZIC1,7545
O95409,ZIC2,7546
P10071,GLI3,2737
Q9H6Q3,SLA2,84174
Q9BXL7,CARD11,84433
Q9BXL6,CARD14,79092
P22059,OSBP,5007
Q02962,PAX2,5076
P15863,PAX1,5075
P50221,MEOX1,4222
Q06710,PAX8,7849
P51790,CLCN3,1182
Q13588,GRAP,10750
P51671,CCL11,6356
P00450,CP,1356
O14796,SH2D1B,117157
P54821,PRRX1,5396
P49190,PTH2R,5746
P12272,PTHLH,5744
O15533,TAPBP,6892
Q99490,AGAP2,116986
P43627,KIR2DL2,3803
Q8WXF8,DEDD2,162989
P36871,PGM1,5236
Q92985,IRF7,3665
Q13492,PICALM,8301
P35237,SERPINB6,5269
Q5TFQ8|O00241,SIRPB1,10326
O43914,TYROBP,7305
O75554,WBP4,11193
Q8N3X1,FNBP4,23360
O75888,TNFSF13,8741
Q8WTT0,CLEC4C,170482
P20701,ITGAL,3683
O95411,TIAF1,9220
O75626,PRDM1,639
Q99717,SMAD5,4090
Q01970,PLCB3,5331
P47870,GABRB2,2561
P61803,DAD1,1603
P28324,ELK4,2005
P35354,PTGS2,5743
Q16644,MAPKAPK3,7867
P47900,P2RY1,5028
Q08462,ADCY2,108
Q8N6T3,ARFGAP1,55738
Q02241,KIF23,9493
P30405,PPIF,10105
Q13115,DUSP4,1846
P43004,SLC1A2,6506
Q96IF1,AJUBA,84962
Q13442,PDAP1,11333
P40197,GP5,2814
P16109,SELP,6403
O43399,TPD52L2,7165
Q14393,GAS6,2621
Q14242,SELPLG,6404
P06132,UROD,7389
Q8WYL5,SSH1,54434
Q9NNX6,CD209,30835
P52895,AKR1C2,1646
O75608,LYPLA1,10434
Q13219,PAPPA,5069
P20585,MSH3,4437
P49005,POLD2,5425
Q13564,NAE1,8883
O95704,APBB3,10307
O43852,CALU,813
P13489,RNH1,6050
P48751,SLC4A3,6508
P25788,PSMA3,5684
P28066,PSMA5,5686
P25789,PSMA4,5685
P02748,C9,735
P04070,PROC,5624
P07204,THBD,7056
P46734,MAP2K3,5606
Q9Y6R4,MAP3K4,4216
Q96DU3,SLAMF6,114836
O95297,MPZL1,9019
Q96RL6,SIGLEC11,114132
P07225,PROS1,5627
P12259,F5,2153
Q92823,NRCAM,4897
Q12860,CNTN1,1272
P28827,PTPRM,5797
P51817,PRKX,5613
Q8TBZ2,MYCBPAP,84073
Q9Y2D5,AKAP2,11217
Q7Z4T9,MAATS1,89876
P61619,SEC61A1,29927
P60468,SEC61B,10952
Q9UIF7,MUTYH,4595
Q6PI48,DARS2,55157
Q12904,AIMP1,9255
Q86WQ0,NR2C2AP,126382
P20231,TPSB2,64499
P49591,SARS,6301
P15289,ARSA,410
Q9UBV8,PEF1,553115
P25092,GUCY2C,2984
Q86UT5,PDZD3,79849
Q9C029,TRIM7,81786
Q9BXF6,RAB11FIP5,26056
Q6WKZ4,RAB11FIP1,80223
O95782,AP2A1,160
Q8WYR1,PIK3R5,23533
P02489,CRYAA,1409
P43320,CRYBB2,1415
P07315,CRYGC,1420
Q9Y689,ARL5A,26225
Q96JC1,VPS39,23339
Q96NA2,RILP,83547
Q96P31,FCRL3,115352
P60983,GMFB,2764
O95232,LUC7L3,51747
Q8IUC4,RHPN2,85415
Q9UGK8,SERGEF,26297
Q5VV67,PPRC1,23082
P78413,IRX4,50805
Q9BYV2,TRIM54,57159
Q9Y6X0,SETBP1,26040
Q5VZM2,RRAGB,10325
P23258,TUBG1,7283
Q96EP5,DAZAP1,26528
Q9NQZ3,DAZ1,1617
Q9Y243,AKT3,10000
O94813,SLIT2,9353
P22830,FECH,2235
P06276,BCHE,590
A5YKK6,CNOT1,23019
P25105,PTAFR,5724
Q9Y5X3,SNX5,27131
Q7KZF4,SND1,27044
P48145,NPBWR1,2831
Q9UKT4,FBXO5,26271
Q96JB2,COG3,83548
Q9UNE0,EDAR,10913
Q8WWZ3,EDARADD,128178
Q96HE7,ERO1L,30001
Q9BS26,ERP44,23071
Q86YB8,ERO1LB,56605
Q9NT62,ATG3,64422
O95352,ATG7,10533
O14512,SOCS7,30837
O00750,PIK3C2B,5287
P09564,CD7,924
P20073,ANXA7,310
O15020,SPTBN2,6712
Q9NVH6,TMLHE,55217
Q9UL54,TAOK2,9344
Q04912,MST1R,4486
Q01814,ATP2B2,491
P16615,ATP2A2,488
P31645,SLC6A4,6532
O43734,TRAF3IP2,10758
Q9UPN9,TRIM33,51592
P15169,CPN1,1369
P11177,PDHB,5162
Q8TDW5,SYTL5,94122
P55042,RRAD,6236
Q9H1K0,RBSN,64145
Q8WYP3,RIN2,54453
Q8TEU7,RAPGEF6,51735
-,TDH,157739
O75636,FCN3,8547
Q14765,STAT4,6775
P29401,TKT,7086
Q9Y3I1,FBXO7,25793
Q9UKT8,FBXW2,26190
Q9UKT7,FBXL3,26224
Q96T51,RUFY1,80230
Q12947,FOXF2,2295
Q9UEE5,STK17A,9263
O94768,STK17B,9262
Q8NG08,HELB,92797
Q12931,TRAP1,10131
Q15643,TRIP11,9321
Q96FV9,THOC1,9984
P68032,ACTC1,70
Q15326,ZMYND11,10771
Q9Y6U3,SCIN,85477
O95954,FTCD,10841
Q86SQ0,PHLDB2,90102
Q9UBF9,MYOT,9499
P35243,RCVRN,5957
Q8NFZ0,FBXO18,84893
Q8N144,GJD3,125111
Q92817,EVPL,2125
P30154,PPP2R1B,5519
Q9UHD8,SEPT9,10801
O75144,ICOSLG,23308
O43422,PRKRIR,5612
Q9HB21,PLEKHA1,59338
Q9HB19,PLEKHA2,59339
Q9Y5X4,NR2E3,10002
Q16762,TST,7263
P61221,ABCE1,6059
Q13557,CAMK2D,817
Q9Y5B0,CTDP1,9150
Q9NSB8,HOMER2,9455
Q8IZJ3,CPAMD8,27151
P18509,ADCYAP1,116
P04279,SEMG1,6406
P33681,CD80,941
P43681,CHRNA4,1137
Q15428,SF3A2,8175
O15205,UBD,10537
P62736,ACTA2,59
Q13477,MADCAM1,8174
Q16520,BATF,10538
Q01638,IL1RL1,9173
O94916,NFAT5,10725
Q99661,KIF2C,11004
Q9BPZ3,PAIP2,51247
Q9Y294,ASF1A,25842
P43308,SSR2,6746
O00230,CORT,1325
P35611,ADD1,118
Q7Z569,BRAP,8315
Q9GZX5,ZNF350,59348
P01236,PRL,5617
P49589,CARS,833
P06702,S100A9,6280
Q08334,IL10RB,3588
Q96Q15,SMG1,23049
O75923,DYSF,8291
P16150,SPN,6693
P10144,GZMB,3002
Q9NZH6,IL37,27178
O60894,RAMP1,10267
Q9H2X3,CLEC4M,10332
P35346,SSTR5,6755
Q9H293,IL25,64806
P32745,SSTR3,6753
Q8N6P7,IL22RA1,58985
Q93034,CUL5,8065
Q9HB89,NMUR1,10316
P48645,NMU,10874
Q9UN79,SOX13,9580
Q9NQT8,KIF13B,23303
Q9UBK5,HCST,10870
Q9HC84,MUC5B,727897
P16422,EPCAM,4072
O14810,CPLX1,10815
P48067,SLC6A9,6536
Q9Y345,SLC6A5,9152
Q86Y82,STX12,23673
P56962,STX17,55014
Q8WVN6,SECTM1,6398
Q96KJ9,COX4I2,84701
P16435,POR,5447
O75056,SDC3,9672
Q99489,DDO,8528
P14555,PLA2G2A,5320
Q08554,DSC1,1823
Q02413,DSG1,1828
Q13835,PKP1,5317
P17661,DES,1674
P54750,PDE1A,5136
O15119,TBX3,6926
P63098,PPP3R1,5534
Q8IWU2,LMTK2,22853
P55789,GFER,2671
Q15691,MAPRE1,22919
Q99697,PITX2,5308
P05423,POLR3D,661
Q9NVU0,POLR3E,55718
O14802,POLR3A,11128
O43526,KCNQ2,3785
Q99698,LYST,1130
O76075,DFFB,1677
Q6Y2X3,DNAJC14,85406
P21728,DRD1,1812
Q9HD67,MYO10,4651
Q13698,CACNA1S,779
P46939,UTRN,7402
Q15124,PGM5,5239
P55089,UCN,7349
Q16690,DUSP5,1847
Q01518,CAP1,10487
P40123,CAP2,10486
O00180,KCNK1,3775
Q14108,SCARB2,950
P04216,THY1,7070
Q13506,NAB1,4664
O00602,FCN1,2219
Q9HC77,CENPJ,55835
Q92896,GLG1,2734
P29992,GNA11,2767
P14543,NID1,4811
O75475,PSIP1,11168
O14958,CASQ2,845
O60749,SNX2,6643
O95219,SNX4,8723
Q96SD1,DCLRE1C,64421
P29460,IL12B,3593
Q06546,GABPA,2551
P49716,CEBPD,1052
Q92973,TNPO1,3842
O14944,EREG,2069
P10588,NR2F6,2063
P01588,EPO,2056
O00410,IPO5,3843
P21941,MATN1,4146
Q8NI08,NCOA7,135112
O75448,MED24,9862
Q8TD17,ZNF398,57541
Q00577,PURA,5813
Q9UP52,TFR2,7036
P01127,PDGFB,5155
P48736,PIK3CG,5294
P20290,BTF3,689
Q86VB7,CD163,9332
P17643,TYRP1,7306
Q9UI47,CTNNA3,29119
P08697,SERPINF2,5345
P05160,F13B,2165
Q9BWQ8,FAIM2,23017
Q15262,PTPRK,5796
P04196,HRG,3273
O75487,GPC4,2239
Q02878,RPL6,6128
O75592,MYCBP2,23077
O14511,NRG2,9542
P20742,PZP,5858
Q8WUH2,TGFBRAP1,9392
Q8IZL2,MAML2,84441
Q96JK9,MAML3,55534
P17752,TPH1,7166
Q9BVP2,GNL3,26354
Q93009,USP7,7874
P38646,HSPA9,3313
Q8IWT3,CUL9,23113
P78356,PIP4K2B,8396
P40126,DCT,1638
Q16288,NTRK3,4916
O96020,CCNE2,9134
Q01538,MYT1,4661
Q06141,REG3A,5068
Q8N6C5,IGSF1,3547
O75578,ITGA10,8515
O43493,TGOLN2,10618
P09958,FURIN,5045
Q9HCN6,GP6,51206
P46060,RANGAP1,5905
Q86U42,PABPN1,8106
O14933,UBE2L6,9246
Q9Y3P8,SIT1,27240
P15291,B4GALT1,2683
P14867,GABRA1,2554
O43516,WIPF1,7456
O00187,MASP2,10747
Q92570,NR4A3,8013
O15049,N4BP3,23138
Q8TD23,ZNF675,171392
Q13554,CAMK2B,816
Q16831,UPP1,7378
O95045,UPP2,151531
Q9UGN5,PARP2,10038
P18124,RPL7,6129
P49748,ACADVL,37
P20933,AGA,175
P06737,PYGL,5836
Q8TDR0,TRAF3IP1,26146
O00244,ATOX1,475
O43290,SART1,9092
Q9GZT4,SRR,63826
Q86Y13,DZIP3,9666
O43827,ANGPTL7,10218
P34981,TRHR,7201
Q9UIW2,PLXNA1,5361
Q05329,GAD2,2572
P31937,HIBADH,11112
Q9HBW9,ELTD1,64123
Q9P2V4,LRIT1,26103
Q92932,PTPRN2,5799
Q15149,PLEC,5339
P01189,POMC,5443
Q99583,MNT,4335
O00743,PPP6C,5537
O75914,PAK3,5063
Q08043,ACTN3,89
O60244,MED14,9282
O15488,GYG2,8908
Q9Y2G2,CARD8,22900
Q15907,RAB11B,9230
O75154,RAB11FIP3,9727
Q9UHD9,UBQLN2,29978
Q96CG3,TIFA,92610
Q8WW38,ZFPM2,23414
P20265,POU3F2,5454
Q9NWZ3,IRAK4,51135
Q92838,EDA,1896
O43307,ARHGEF9,23229
Q4V328,GRIPAP1,56850
Q9H0U4,RAB1B,81876
Q96IK5,GMCL1,64395
Q9Y5K5,UCHL5,51377
P08235,NR3C2,4306
Q15185,PTGES3,10728
Q14397,GCKR,2646
P16949,STMN1,3925
P01266,TG,7038
Q13003,GRIK3,2899
P09488,GSTM1,2944
P28161,GSTM2,2946
P00751,CFB,629
Q9UK58,CCNL1,57018
Q6NZY7,CDC42EP5,148170
Q9H4E5,RHOJ,57381
Q92673,SORL1,6653
Q9H1H9,KIF13A,63971
Q99460,PSMD1,5707
P11498,PC,5091
Q06643,LTB,4050
O14924,RGS12,6002
Q9BYG4,PARD6G,84552
Q9NPQ8,RIC8A,60626
Q9Y5W8,SNX13,23161
P33402,GUCY1A2,2977
Q96HJ5,MS4A3,932
P12544,GZMA,3001
P29965,CD40LG,959
P50502,ST13,6767
Q13107,USP4,7375
P20309,CHRM3,1131
P69892,HBG2,3048
P23352,KAL1,3730
O75462,CRLF1,9244
P49006,MARCKSL1,65108
Q86UL8,MAGI2,9863
Q9UJW0,DCTN4,51164
Q9P0W5,SCHIP1,29970
Q13127,REST,5978
P39060,COL18A1,80781
Q92608,DOCK2,1794
O43432,EIF4G3,8672
Q7Z4I7,LIMS2,55679
Q16637,SMN2,6607
O15371,EIF3D,8664
P35499,SCN4A,6329
P30419,NMT1,4836
P15382,KCNE1,3753
Q14019,COTL1,23406
P35030,PRSS3,5646
Q9UHQ1,NARF,26502
P29376,LTK,4058
Q86W92,PPFIBP1,8496
P12980,LYL1,4066
Q16559,TAL2,6887
Q12981,BNIP1,662
P35442,THBS2,7058
Q9UQ84,EXO1,9156
P17927,CR1,1378
P01562,IFNA1,3439
P13671,C6,729
P11215,ITGAM,3684
P29033,GJB2,2706
Q969L4,LSM10,84967
Q13761,RUNX3,864
Q08380,LGALS3BP,3959
Q14766,LTBP1,4052
P20700,LMNB1,4001
Q9H3Z4,DNAJC5,80331
O15354,GPR37,2861
P55265,ADAR,103
O43187,IRAK2,3656
O75190,DNAJB6,10049
Q12815,TROAP,10024
P20592,MX2,4600
O14514,BAI1,575
O94805,ACTL6B,51412
Q8NG27,PJA1,64219
P29373,CRABP2,1382
Q13362,PPP2R5C,5527
Q15173,PPP2R5B,5526
Q16537,PPP2R5E,5529
Q9UBZ9,REV1,51455
O60673,REV3L,5980
P0DML3,CSH2,1443
P78371,CCT2,10576
P01584,IL1B,3553
O43542,XRCC3,7517
P31944,CASP14,23581
P62805,HIST4H4,121504
Q16695,HIST3H3,8290
P80511,S100A12,6283
Q16552,IL17A,3605
Q02809,PLOD1,5351
O00469,PLOD2,5352
P26715,KLRC1,3821
P26717,KLRC2,3822
P20591,MX1,4599
O95944,NCR2,9436
P31994,FCGR2B,2213
P22692,IGFBP4,3487
P35858,IGFALS,3483
P13598,ICAM2,3384
P55851,UCP2,7351
P55916,UCP3,7352
P19397,CD53,963
P35452,HOXD12,3238
P43631|P43628,KIR2DL3,3804
P84074,HPCA,3208
Q9NP71,MLXIPL,51085
P27487,DPP4,1803
Q16531,DDB1,1642
Q6P2Q9,PRPF8,10594
Q9BZV1,UBXN6,80700
O14828,SCAMP3,10067
Q9NVW2,RLIM,51132
O15194,CTDSPL,10217
P61254,RPL26,6154
Q9UL19,RARRES3,5920
Q9HCE7,SMURF1,57154
Q7Z6E9,RBBP6,5930
Q96CS3,FAF2,23197
Q5T447,HECTD3,79654
Q9NZJ0,DTL,51514
P49281,SLC11A2,4891
Q9P0J0,NDUFA13,51079
Q5TC12,ATPAF1,64756
P31785,IL2RG,3561
Q96KN1,FAM84B,157638
P01135,TGFA,7039
Q969F2,NKD2,85409
P18858,LIG1,3978
Q9BZG8,DPH1,1801
P80370,DLK1,8788
Q9NS00,C1GALT1,56913
Q96EU7,C1GALT1C1,29071
O00237,RNF103,7844
Q8WYK2,JDP2,122953
Q8IU81,IRF2BP1,26145
Q9H492,MAP1LC3A,84557
Q53GL0,PLEKHO1,51177
Q9Y6B7,AP4B1,10717
O00189,AP4M1,9179
Q6PFW1,PPIP5K1,9677
O95786,DDX58,23586
O60493,SNX3,8724
Q8NCW5,APOA1BP,128240
Q15004,KIAA0101,9768
Q8IZX4,TAF1L,138474
Q04725,TLE2,7089
Q9H013,ADAM19,8728
Q14669,TRIP12,9320
Q8TAT6,NPLOC4,55666
Q9C0H2,TTYH3,80727
Q9BSA4,TTYH2,94015
O60678,PRMT3,10196
P15880,RPS2,6187
Q9NXV2,KCTD5,54442
Q9UGJ0,PRKAG2,51422
Q9UGI9,PRKAG3,53632
Q9NZN9,AIPL1,23746
Q9BYV9,BACH2,60468
P63211,GNGT1,2792
O14610,GNGT2,2793
O60262,GNG7,2788
Q13868,EXOSC2,23404
Q9NQT5,EXOSC3,51010
Q96B26,EXOSC8,11340
Q9Y2S0,POLR1D,51082
Q8TD31,CCHCR1,54535
Q8N961,ABTB2,25841
Q6AZZ1,TRIM68,55128
Q8N531,FBXL6,26233
P36888,FLT3,2322
Q8IX12,CCAR1,55749
Q86TM6,SYVN1,84447
Q86T96,RNF180,285671
Q8IVU3,HERC6,55008
Q15034,HERC3,8916
Q9Y4B6,VPRBP,9730
Q9NR09,BIRC6,57448
Q8N2H9,PELI3,246330
Q14527,HLTF,6596
Q68DV7,RNF43,54894
Q16186,ADRM1,11047
Q9BYM8,RBCK1,10616
Q9Y6R0,NUMBL,9253
Q7KZI7,MARK2,2011
Q8IYD8,FANCM,57697
Q8N2S1,LTBP4,8425
Q9Y2D1,ATF5,22809
P06732,CKM,1158
Q14CW9,ATXN7L3,56970
Q9Y6W8,ICOS,29851
Q9Y2G4,ANKRD6,22881
Q10570,CPSF1,29894
Q9BQ67,GRWD1,83743
Q96G74,OTUD5,55593
Q96EQ8,RNF125,54941
Q9P0N8,MARCH2,51257
Q7Z699,SPRED1,161742
O43609,SPRY1,10252
O43610,SPRY3,10251
Q7Z698,SPRED2,200734
P16298,PPP3CB,5532
O15297,PPM1D,8493
Q96T88,UHRF1,29128
Q13438,OS9,10956
Q6VVB1,NHLRC1,378884
P06744,GPI,2821
Q96FA3,PELI1,57162
Q9HAT8,PELI2,57161
Q9P0N9,TBC1D7,51256
Q9NP62,GCM1,8521
Q9P0P0,RNF181,51255
Q9P0U4,CXXC1,30827
O15047,SETD1A,9739
O14686,KMT2D,8085
Q99733,NAP1L4,4676
Q99986,VRK1,7443
Q8IY18,SMC5,23137
Q96SB8,SMC6,79677
Q9UJ98,STAG3,10734
Q9UM07,PADI4,23569
Q9BZS1,FOXP3,50943
O96028,WHSC1,7468
Q9Y574,ASB4,51666
Q9Y468,L3MBTL1,26013
P33981,TTK,7272
O00487,PSMD14,10213
Q16401,PSMD5,5711
Q96FS4,SIPA1,6494
Q6P1J9,CDC73,79577
Q8WVC0,LEO1,123169
Q15022,SUZ12,23512
Q9UJA3,MCM8,84515
P49915,GMPS,8833
Q9GZT9,EGLN1,54583
Q9UBW7,ZMYM2,7750
Q7Z6Z7,HUWE1,10075
-,WDR82P1,728505
Q9H160,ING2,3622
Q9NXR8,ING3,54556
Q8TAX0,OSR1,130497
Q14684,RRP1B,23076
Q9H816,DCLRE1B,64858
Q8TEK3,DOT1L,84444
Q8NHG7,SVIP,258010
Q9HCK8,CHD8,57680
O75367,H2AFY,9555
P41229,KDM5C,8242
Q969R5,L3MBTL2,83746
Q8NF64,ZMIZ2,83637
Q9P2D1,CHD7,55636
P62256,UBE2H,7328
O00762,UBE2C,11065
P57075,UBASH3A,53347
Q6PD62,CTR9,9646
P35227,PCGF2,7703
P20142,PGC,5225
Q8WTS6,SETD7,80854
Q8N7H5,PAF1,54623
Q86Y07,VRK2,7444
A0AVT1,UBA6,55236
P09603,CSF1,1435
Q13753,LAMC2,3918
P78406,RAE1,8480
Q9NVM4,PRMT7,54496
Q92833,JARID2,3720
P07498,CSN3,1448
Q9H467,CUEDC2,79004
Q96F46,IL17RA,23765
P53355,DAPK1,1612
O94913,PCF11,51585
O60346,PHLPP1,23239
Q9UPQ7,PDZRN3,23024
Q96F10,SAT2,112483
Q92538,GBF1,8729
Q92562,FIG4,9896
Q08AM6,VAC14,55697
Q14C86,GAPVD1,26130
Q96RL1,UIMC1,51720
Q13286,CLN3,1201
Q96DA6,DNAJC19,131118
Q99595,TIMM17A,10440
Q8IX07,ZFPM1,161882
Q9Y5T5,USP16,10600
Q16821,PPP1R3A,5506
Q5JTC6,AMER1,139285
Q9NQC7,CYLD,1540
Q7L2J0,MEPCE,56257
Q70EL3,USP50,373509
O94966,USP19,10869
Q9P275,USP36,57602
Q9Y4E8,USP15,9958
Q9BXB5,OSBPL10,114884
Q86T82,USP37,57695
Q09019,DMWD,1762
P62068,USP46,64854
Q9UHP3,USP25,29761
Q5W0Q7,USPL1,10208
O94782,USP1,7398
Q70EK8,USP53,54532
Q9NWV8,BABAM1,29086
P11441,UBL4A,8266
Q8TAF3,WDR48,57599
-,USP17L9P,391627
Q9H9J4,USP42,84132
Q15040,JOSD1,9929
Q9Y6I4,USP3,9960
Q8NFA0,USP32,84669
Q70EL2,USP45,85015
Q70CQ1,USP49,25862
Q9H0E7,USP44,84101
Q7L5N1,COPS6,10980
Q8TBZ3,WDR20,91833
Q9HBJ7,USP29,57663
-,USP32P2,220594
O75317,USP12,219333
Q70CQ3,USP30,84749
Q4VCS5,AMOT,154796
Q01804,OTUD4,54726
Q9UK80,USP21,27005
Q5VV17,OTUD1,220213
Q96SU4,OSBPL9,114883
Q96DC9,OTUB2,78990
Q92560,BAP1,8314
Q8NB14,USP38,84640
P51665,PSMD7,5713
Q9P2N7,KLHL13,90293
Q9UMW8,USP18,11274
Q53GS9,USP39,10713
Q70EL4,USP43,124739
O43172,PRPF4,9128
Q9UGI0,ZRANB1,54764
P54578,USP14,9097
Q6ZVD8,PHLPP2,23035
Q8TAC2,JOSD2,126119
Q6R6M4,USP17L2,377630
Q96RU2,USP28,57646
Q96FJ0,STAMBPL1,57559
Q96JH7,VCPIP1,80124
Q96EI5,TCEAL4,79921
Q6GQQ9,OTUD7B,56957
Q8N6M0,OTUD6B,51633
Q5VVQ6,YOD1,55432
P15374,UCHL3,7347
Q9BXU7,USP26,83844
Q86UV5,USP48,84196
Q8IY92,SLX4,84464
Q5VYV7,SLX4IP,128710
Q9BQ83,SLX1B,79008
Q8IXW5,RPAP2,79871
Q9H6T3,RPAP3,79657
Q5VWX1,KHDRBS2,202559
Q9BWH6,RPAP1,26015
Q9HCN4,GPN1,11321
Q12962,TAF10,6881
Q9Y535,POLR3H,171568
O00233,PSMD9,5715
Q14444,CAPRIN1,4076
Q9UPS6,SETD1B,23067
Q6UXN9,WDR82,80335
O15304,SIVA1,10572
Q86WB0,ZC3HC1,51530
-,SEMA4B,10509
Q9Y242,TCF19,6941
P13498,CYBA,1535
P82979,SARNP,84324
Q96JA1,LRIG1,26018
O43633,CHMP2A,27243
O76039,CDKL5,6792
Q13571,LAPTM5,7805
Q86XK2,FBXO11,80204
Q86WN1,FCHSD1,89848
O75044,SRGAP2,23380
Q96MT3,PRICKLE1,144165
O96008,TOMM40,10452
P63272,SUPT4H1,6827
Q969F1,GTF3C6,112495
P68431,HIST1H3E,8353
P84243,H3F3A,3020
P68431,HIST1H3A,8350
Q9UPP1,PHF8,23133
Q8WTV1,THAP3,90326
Q9ULG1,INO80,54617
Q5VTB9,RNF220,55182
Q8TEB1,DCAF11,80344
Q8NHS0,DNAJB8,165721
-,FRA10F,2436
Q9Y483,MTF2,22823
Q9Y6X9,MORC2,22880
Q8N1F7,NUP93,9688
Q9BQG0,MYBBP1A,10514
Q53FZ2,ACSM3,6296
O94885,SASH1,23328
Q693B1,KCTD11,147040
Q9Y2K7,KDM2A,22992
Q9NV56,MRGBP,55257
Q6ZSZ6,TSHZ1,10194
Q9NRE2,TSHZ2,128553
Q63HK5,TSHZ3,57616
Q16385,SSX2,6757
Q9BSM1,PCGF1,84759
Q8NHM5,KDM2B,84678
Q96RN5,MED15,51586
O43156,TTI1,9675
Q9Y4R8,TELO2,9894
P25787,PSMA2,5683
Q9UN37,VPS4A,27183
Q8IVM0,CCDC50,152137
Q9Y385,UBE2J1,51465
Q7Z7E8,UBE2Q1,55585
Q8WVN8,UBE2Q2,92912
Q9NPD8,UBE2T,29089
Q5VVX9,UBE2U,148581
Q96B02,UBE2W,55284
Q9UBT6,POLK,51426
Q8IX04,UEVLD,55293
Q13404,UBE2V1,7335
-,UBE2DNL,100131816
Q9C0C9,UBE2O,63893
P62253,UBE2G1,7326
Q8N2K1,UBE2J2,118424
Q969M7,UBE2F,140739
Q16763,UBE2S,27338
O95292,VAPB,9217
Q05925,EN1,2019
Q9Y5U4,INSIG2,51141
Q6K0P9,PYHIN1,149628
Q9NW38,FANCL,55120
P36402,TCF7,6932
Q9HCS4,TCF7L1,83439
Q6ZMZ0,RNF19B,127544
O60447,EVI5,7813
Q7Z419,RNF144B,255488
Q8N9N5,BANP,54971
Q99814,EPAS1,2034
Q86VN1,VPS36,51028
Q5XUX0,FBXO31,79791
Q5S007,LRRK2,120892
-,IGKV2D-29,28882
Q5VTR2,RNF20,56254
Q96Q27,ASB2,51676
Q9Y576,ASB1,51665
Q9NWX5,ASB6,140459
Q9H672,ASB7,140460
Q8WXK4,ASB12,142689
Q9UJX3,ANAPC7,51434
Q9C0C7,AMBRA1,55626
Q9H0Y0,ATG10,83734
Q676U5,ATG16L1,55054
Q2TAZ0,ATG2A,23130
Q9Y4P1,ATG4B,23192
Q96DT6,ATG4C,84938
Q14457,BECN1,8678
Q9BSB4,ATG101,60673
Q96RR4,CAMKK2,10645
Q9BW61,DDA1,79016
Q9BQS8,FYCO1,79443
Q9H0R8,GABARAPL1,23710
O75323,GBAS,2631
Q9BVC4,MLST8,64223
Q8WVZ9,KBTBD7,84078
Q6PID8,KLHDC10,23008
O75143,ATG13,9776
Q6ZNE5,ATG14,22863
Q9BXW4,MAP1LC3C,440738
O00443,PIK3C2A,5286
Q8NEB9,PIK3C3,5289
P54646,PRKAA2,5563
Q969Q5,RAB24,53917
Q9Y3P9,RABGAP1,23637
Q13188,STK3,6788
Q7Z6L1,TECPR1,25851
Q9GZZ9,UBA5,79876
Q9P2Y5,UVRAG,7405
Q9Y484,WDR45,11152
Q5MNZ9,WIPI1,55062
P68431,HIST1H3B,8358
O75362,ZNF217,7764
Q8IYA7,MKX,283078
Q86UQ8,NFE4,58160
P58004,SESN2,83667
Q9Y6P5,SESN1,27244
O60477,BRINP1,1620
O95602,POLR1A,25885
Q9Y5B9,SUPT16H,11198
Q8IYW5,RNF168,165918
Q9Y5W5,WIF1,11197
Q9NRC8,SIRT7,51547
Q562F6,SGOL2,151246
Q6Y7W6,GIGYF2,26058
P17706,PTPN2,5771
O75364,PITX3,5309
P43354,NR4A2,4929
Q96ST2,IWS1,55677
Q9NXA8,SIRT5,23408
Q9H4Z2,ZNF335,63925
Q8N163,CCAR2,57805
P23396,RPS3,6188
Q9ULW0,TPX2,22974
P58012,FOXL2,668
Q9H063,MAF1,84232
O75192,PEX11A,8800
Q96HA9,PEX11G,92960
O96011,PEX11B,8799
Q5XPI4,RNF123,63891
Q70CQ4,USP31,57478
P51825,AFF1,4299
Q9NQS7,INCENP,3619
Q08J23,NSUN2,54888
Q9GZP9,DERL2,51009
Q9UBV2,SEL1L,6400
O95155,UBE4B,10277
A5PLL7,TMEM189,387521
P35125,USP6,9098
O75164,KDM4A,9682
Q9H3R0,KDM4C,23081
Q6B0I6,KDM4D,55693
Q9H7Z6,KAT8,84148
Q16659,MAPK6,5597
Q9H4A3,WNK1,65125
Q9HAU0,PLEKHA5,54477
Q8IVH8,MAP4K3,8491
P24723,PRKCH,5583
P51003,PAPOLA,10914
Q13098,GPS1,2873
P11474,ESRRA,2101
Q14140,SERTAD2,9792
O14682,ENC1,8507
O60662,KLHL41,10324
P62805,HIST1H4A,8359
Q7Z3B3,KANSL1,284058
Q6PL18,ATAD2,29028
Q9Y6I7,WSB1,26118
Q9BXL8,CDCA4,55038
Q9UJQ4,SALL4,57167
Q9HAZ2,PRDM16,63976
Q92785,DPF2,5977
Q96JN0,LCOR,84458
Q9NZL3,ZNF224,7767
Q9NRA0,SPHK2,56848
Q14703,MBTPS1,8720
O60356,NUPR1,26471
Q9H9S0,NANOG,79923
Q9C0J9,BHLHE41,79365
Q92800,EZH1,2145
Q86WJ1,CHD1L,9557
Q05066,SRY,6736
O14497,ARID1A,8289
Q92922,SMARCC1,6599
Q92794,KAT6A,7994
Q9UL17,TBX21,30009
Q9BTP7,C19orf40,91442
Q9H4L4,SENP3,26168
Q9Y219,JAG2,3714
Q05952,TNP2,7142
Q9NVA1,UQCC1,55245
Q02086,SP2,6668
P08172,CHRM2,1129
Q8NI51,CTCFL,140690
Q02539,HIST1H1A,3024
Q16777,HIST2H2AC,8338
Q9UHC7,MKRN1,23608
Q9NRZ9,HELLS,3070
Q8NEM0,MCPH1,79648
Q15744,CEBPE,1053
Q9Y5R6,DMRT1,1761
Q12926,ELAVL2,1993
Q15723,ELF2,1998
Q04741,EMX1,2016
Q04743,EMX2,2018
P43268,ETV4,2118
Q08050,FOXM1,2305
P07305,H1F0,3005
P51858,HDGF,3068
Q16534,HLF,3131
P55318,FOXA3,3171
O43365,HOXA3,3200
P31260,HOXA10,3206
P31274,HOXC9,3225
O43248,HOXC11,3227
P31276,HOXC13,3229
P31249,HOXD3,3232
P09016,HOXD4,3233
P28356,HOXD9,3235
Q9HB58,SP110,3431
Q13568,IRF5,3663
O14896,IRF6,3664
O43900,PRICKLE3,4007
O60663,LMX1B,4010
O14770,MEIS2,4212
Q92886,NEUROG1,4762
Q12986,NFX1,4799
P55771,PAX9,5083
P55347,PKNOX1,5316
O15514,POLR2D,5433
P10826,RARB,5915
O60902,SHOX2,6474
Q16384,SSX1,6756
O60225,SSX5,6758
O60224,SSX4,6759
Q13207,TBX2,6909
Q92481,TFAP2B,7021
P08048,ZFY,7544
P17027,ZNF23,7571
P51814,ZNF41,7592
Q9UC06,ZNF70,7621
-,ZNF137P,7696
Q9Y473,ZNF175,7728
P98182,ZNF200,7752
Q9NYT6,ZNF226,7769
P55201,BRPF1,7862
Q9UDV6,ZNF212,7988
Q8N653,LZTR1,8216
P06899,HIST1H2BJ,8970
O43679,LDB2,9079
O60667,FAIM3,9214
O60841,EIF5B,9669
O94880,PHF14,9678
Q99909,SSX3,10214
Q7Z401,DENND4A,10260
Q8IYM9,TRIM22,10346
Q92826,HOXB13,10481
Q15916,ZBTB6,10773
Q14593,ZNF273,10793
Q9UNN4,GTF2A1L,11036
Q9UKN5,PRDM4,11108
Q9Y2K1,ZBTB1,22890
Q9NQC1,JADE2,23338
Q9BWW4,SSBP3,23648
Q9Y2L8,ZKSCAN5,23660
Q8IYH5,ZZZ3,26009
Q9NQ87,HEYL,26508
Q9NPJ6,MED4,29079
O43711,TLX3,30012
Q9P1U0,ZNRD1,30834
Q9HBM6,TAF9B,51616
Q9C0G0,ZNF407,55628
Q9UMR3,TBX20,57057
Q9HCD5,NCOA5,57727
Q9HCC6,HES4,57801
Q9H161,ALX4,60529
Q3KP44,ANKRD55,79722
Q9H9B1,EHMT1,79813
Q9H5J0,ZBTB3,79842
Q9H0N5,PCBD2,84105
Q96T92,INSM2,84684
Q9C019,TRIM15,89870
Q8WUH1,CHURC1,91612
Q8N8E2,ZNF513,130557
Q96LX8,ZNF597,146434
Q8TB69,ZNF519,162655
Q8NAM6,ZSCAN4,201516
Q96LI5,CNOT6L,246175
Q96N95,ZNF396,252884
Q8NBB4,ZSCAN1,284312
Q9NRD1,FBXO6,26270
Q9H7D7,WDR26,80232
Q86VZ2,WDR5B,54554
Q9NVX2,NLE1,54475
Q9GZL7,WDR12,55759
Q7Z5U6,WDR53,348793
Q6PJI9,WDR59,79726
Q9GZS3,WDR61,80349
Q8TD26,CHD6,84181
Q9NYF0,DACT1,51339
Q9UMN6,KMT2B,9757
P28370,SMARCA1,6594
Q6PJP8,DCLRE1A,9937
Q96LD8,SENP8,123228
Q01534,TSPY1,7258
P36952,SERPINB5,5268
P31270,HOXA11,3207
O95926,SYF2,25949
O00409,FOXN3,1112
Q16655,MLANA,2315
Q9BWE0,REPIN1,29803
O75496,GMNN,51053
Q16778,HIST2H2BE,8349
Q8WUZ0,BCL7C,9274
Q9NTG7,SIRT3,23410
O43474,KLF4,9314
P08100,RHO,6010
P43356,MAGEA2,4101
Q86Y97,SUV420H2,84787
Q9HAJ7,SAP30L,79685
O95785,WIZ,58525
Q99801,NKX3-1,4824
Q5VTD9,GFI1B,8328
Q96QB1,DLC1,10395
O75360,PROP1,5626
O94983,CAMTA2,23125
Q96T37,RBM15,64783
O00321,ETV2,2116
Q9Y4C1,KDM3A,55818
Q9UIG0,BAZ1B,9031
Q6NXR4,TTI2,80185
Q8TAF7,ZNF461,92283
Q8TEY5,CREB3L4,148327
Q7LBR1,CHMP1B,57132
Q5VVJ2,MYSM1,114803
Q15742,NAB2,4665
Q01101,INSM1,3642
Q9ULV5,HSF4,3299
Q460N5,PARP14,54625
Q9UIH9,KLF15,28999
Q8NI29,FBXO27,126433
Q8TF42,UBASH3B,84959
O60502,MGEA5,10724
Q15398,DLGAP5,9787
Q5VUA4,ZNF318,24149
Q9Y3C8,UFC1,51506
Q8TEE9,SAP25,100316904
P16403,HIST1H1C,3006
Q8N680,ZBTB2,57621
Q8TAQ5,ZNF420,147923
Q9H2F5,EPC1,80314
Q6SJ96,TBPL2,387332
A9YTQ3,AHRR,57491
O43623,SNAI2,6591
Q3KNW1,SNAI3,333929
P36873,PPP1CC,5501
P78367,NKX3-2,579
Q15070,OXA1L,5018
Q6ZRS2,SRCAP,10847
O60861,GAS7,8522
O75953,DNAJB5,25822
Q96LA8,PRMT6,55170
Q96T23,RSF1,51773
Q56NI9,ESCO2,157570
Q68DK7,MSL1,339287
Q8N5Y2,MSL3,10943
Q9UL49,TCFL5,10732
P50549,ETV1,2115
Q9NSI6,BRWD1,54014
P80365,HSD11B2,3291
Q9Y4B4,RAD54L2,23132
Q9BTC8,MTA3,57504
Q8NFJ6,PROKR2,128674
Q8N143,BCL6B,255877
Q9BVA1,TUBB2B,347733
P52945,PDX1,3651
P20962,PTMS,5763
O43159,RRP8,23378
Q9NQR1,SETD8,387893
Q14249,ENDOG,2021
P0C7T5,ATXN1L,342371
Q9C0K0,BCL11B,64919
Q9H165,BCL11A,53335
Q9UHL9,GTF2IRD1,9569
Q6RSH7,VHLL,391104
Q96PU4,UHRF2,115426
Q8WW12,PCNP,57092
Q9NZC7,WWOX,51741
O14544,SOCS6,9306
Q6ZWL3,CYP4V2,285440
Q6PGP7,TTC37,9652
P21359,NF1,4763
Q6KC79,NIPBL,25836
Q9BXA6,TSSK6,83983
Q9P2K5,MYEF2,50804
Q9P2P5,HECW2,57520
Q02446,SP4,6671
Q9UI42,CPA4,51200
P17544,ATF7,11016
Q8NHZ7,MBD3L2,125997
O95096,NKX2-2,4821
Q9Y314,NOSIP,51070
Q8TEX9,IPO4,79711
O14929,HAT1,8520
Q5U623,ATF7IP2,80063
Q53GL7,PARP10,84875
Q15208,STK38,11329
P14618,PKM,5315
Q15751,HERC1,8925
Q9GZX7,AICDA,57379
Q8N4B1,FAM109A,144717
Q6ICB4,FAM109B,150368
Q5T0T0,MARCH8,220972
Q9P1Z0,ZBTB4,57659
Q9NQ92,COPRS,55352
Q9Y466,NR2E1,7101
Q6UB98,ANKRD12,23253
Q9Y2N7,HIF3A,64344
Q92911,SLC5A5,6528
Q9Y608,LRRFIP2,9209
P09525,ANXA4,307
Q9UPW6,SATB2,23314
Q9UPV0,CEP164,22897
Q16566,CAMK4,814
Q9NR83,SLC2A4RG,56731
Q6BDS2,UHRF1BP1,54887
Q6SZW1,SARM1,23098
Q02224,CENPE,1062
Q16619,CTF1,1489
P04908,HIST1H2AB,8335
P33778,HIST1H2BB,3018
P36508,ZNF76,7629
Q9H0X9,OSBPL5,114879
Q4FZB7,SUV420H1,51111
Q9H5I1,SUV39H2,79723
P68363,TUBA1B,10376
Q9BUP3,HTATIP2,10553
Q13686,ALKBH1,8846
Q6PEW1,ZCCHC12,170261
Q9NX24,NHP2,55651
P02008,HBZ,3050
Q6UWZ7,FAM175A,84142
P23759,PAX7,5081
P49450,CENPA,1058
Q9UBX0,HESX1,8820
Q8WYA6,CTNNBL1,56259
Q8WWY3,PRPF31,26121
Q14995,NR1D2,9975
Q86YC2,PALB2,79728
P08183,ABCB1,5243
Q9NRG0,CHRAC1,54108
O43164,PJA2,9867
Q9Y2M0,FAN1,22909
Q7Z5Q5,POLN,353497
P07384,CAPN1,823
Q8IZY5,BLID,414899
P14649,MYL6B,140465
Q8N2Z9,APITD1,378708
A8MT69,STRA13,201254
-,USP12P1,9959
Q96QE3,ATAD5,79915
Q9H9A7,RMI1,80010
Q5T3J3,LRIF1,55791
Q9NR48,ASH1L,55870
Q9H8N7,ZNF395,55893
Q9H2P0,ADNP,23394
P54368,OAZ1,4946
P28070,PSMB4,5692
Q5H9F3,BCORL1,63035
Q9BTK6,PAGR1,79447
Q7Z7C8,TAF8,129685
Q16518,RPE65,6121
Q5VWG9,TAF3,83860
P16860,NPPB,4879
Q9Y2L5,TRAPPC8,22878
A5PLN9,TRAPPC13,80006
Q9UL33,TRAPPC2L,51693
O75581,LRP6,4040
Q8IZD2,KMT2E,55904
O15156,ZBTB7B,51043
Q9NQX1,PRDM5,11107
Q16204,CCDC6,8030
Q8TF76,GSG2,83903
Q9BTA9,WAC,51322
O14753,OVOL1,5017
Q9NSI8,SAMSN1,64092
Q9H6W3,C14orf169,79697
P53990,IST1,9798
Q92766,RREB1,6239
Q9Y4W2,LAS1L,81887
Q16514,TAF12,6883
O14974,PPP1R12A,4659
Q6STE5,SMARCD3,6604
O60884,DNAJA2,10294
Q7KZ85,SUPT6H,6830
O14893,GEMIN2,8487
P35453,HOXD13,3239
Q14934,NFATC4,4776
Q14693,LPIN1,23175
Q96SR6,ZNF382,84911
Q86Y26,NUTM1,256646
Q8NB78,KDM1B,221656
Q9BZ95,WHSC1L1,54904
Q9BV86,NTMT1,28989
O15054,KDM6B,23135
Q86U86,PBRM1,55193
P08238,HSP90AB1,3326
P36578,RPL4,6124
Q9P2X7,DEC1,50514
Q9Y462,ZNF711,7552
Q7Z7K6,CENPV,201161
Q71UM5,RPS27L,51065
P42677,RPS27,6232
O76024,WFS1,7466
Q5FWF5,ESCO1,114799
Q71DI3,HIST2H3C,126961
O94811,TPPP,11076
Q8TDG4,HELQ,113510
Q8IWV7,UBR1,197131
Q9Y6N7,ROBO1,6091
Q9NVI1,FANCI,55215
Q9H9P5,UNKL,64718
Q8NB91,FANCB,2187
Q0VG06,C17orf70,80233
A4GXA9,EME2,197342
Q8N201,INTS1,26173
Q68E01,INTS3,65123
Q6P9B9,INTS5,80789
Q9UL03,INTS6,26512
Q5T200,ZC3H13,23091
Q9H668,OBFC1,79991
Q96PU8,QKI,9444
Q9P0J6,MRPL36,64979
O43909,EXTL3,2137
Q14139,UBE4A,9354
Q9UQK1,PPP1R3C,5507
P20393,NR1D1,9572
Q6FI13,HIST2H2AA3,8337
Q96A08,HIST1H2BA,255626
P62805,HIST1H4C,8364
Q9P2K8,EIF2AK4,440275
O94842,TOX4,9878
Q96QC0,PPP1R10,5514
Q9UKA1,FBXL5,26234
Q9UPN7,PPP6R1,22870
O75170,PPP6R2,9701
Q5H9R7,PPP6R3,55291
Q92611,EDEM1,9695
Q96KS0,EGLN2,112398
Q9H6Z9,EGLN3,112399
Q9BXM7,PINK1,65018
Q6NUN9,ZNF746,155061
Q9HB09,BCL2L12,83596
P40925,MDH1,4190
O60291,MGRN1,23295
Q01726,MC1R,4157
O60218,AKR1B10,57016
P0C2W1,FBXO45,200933
Q96EP0,RNF31,55072
Q8IWF2,FOXRED2,80020
Q8IXB1,DNAJC10,54431
Q969K3,RNF34,80196
Q8WZ73,RFFL,117584
Q9NZZ3,CHMP5,51510
Q8TCG2,PI4K2B,55300
Q9BTU6,PI4K2A,55361
Q9BRQ0,PYGO2,90780
Q7Z434,MAVS,57506
Q9NX47,MARCH5,54708
Q5JXC2,MIIP,60672
Q7Z7B0,FILIP1,27145
P78563,ADARB1,104
P62979,RPS27A,6233
P62081,RPS7,6201
Q9Y252,RNF6,6049
Q8IW19,APLF,200558
Q7L8A9,VASH1,22846
Q8N300,CCDC23,374969
Q96RF0,SNX18,112574
-,SIAH1P1,340571
P00748,F12,2161
Q9UNN5,FAF1,11124
Q9BRZ2,TRIM56,81844
Q86WV6,TMEM173,340061
Q7Z6G8,ANKS1B,56899
Q92625,ANKS1A,23294
Q9UBS0,RPS6KB2,6199
Q96K58,ZNF668,79759
Q6UVJ0,SASS6,163786
Q6FIF0,ZFAND6,54469
Q8TB36,GDAP1,54332
Q96GF1,RNF185,91445
O00165,HAX1,10456
Q7Z7A4,PXK,54899
Q9NP77,SSU72,29101
Q8N3U4,STAG2,10735
Q15018,FAM175B,23172
P41161,ETV5,2119
Q8WUN7,UBTD2,92181
Q8WWF5,ZNRF4,148066
Q9Y2X9,ZNF281,23528
Q9UQD0,SCN8A,6334
Q92819,HAS2,3037
P52747,ZNF143,7702
Q9UJX5,ANAPC4,29945
Q96QK1,VPS35,55737
Q9UBQ0,VPS29,51699
Q9Y4E1,FAM21C,253725
Q2M389,KIAA1033,23325
Q12768,KIAA0196,9897
Q9NYV9,TAS2R13,50838
Q99543,DNAJC2,27000
Q9BT67,NDFIP1,80762
P07437,TUBB,203068
Q8NBZ0,INO80E,283899
Q9H9F9,ACTR5,79913
Q9H981,ACTR8,93973
P0C1Z6,TFPT,29844
Q6PI98,INO80C,125476
Q53TQ3,INO80D,54891
Q6P4R8,NFRKB,4798
Q9Y6E7,SIRT4,23409
Q9NVN8,GNL3L,54552
P55073,DIO3,1735
Q96GC6,ZNF274,10782
Q8IWV8,UBR2,23304
Q86VY4,TSPYL5,85453
Q9HCI7,MSL2,55167
Q86YT6,MIB1,57534
O76050,NEURL1,9148
P09496,CLTA,1211
Q9Y570,PPME1,51400
Q00005,PPP2R2B,5521
Q66LE6,PPP2R2D,55844
O95600,KLF8,11279
Q9NTI5,PDS5B,23047
O95347,SMC2,10592
Q14197,ICT1,3396
Q5T6S3,PHF19,26147
Q8NDF8,PAPD5,64282
Q5XG87,PAPD7,11044
Q8N3Z6,ZCCHC7,84186
Q06945,SOX4,6659
P42081,CD86,942
Q9H9G7,AGO3,192669
Q9HCK5,AGO4,192670
O15397,IPO8,10526
Q9UL18,AGO1,26523
Q9H8Y5,ANKZF1,55139
Q8TCV5,WFDC5,149708
Q3YBR2,TBRG1,84897
Q9UHR4,BAIAP2L1,55971
Q9NYA4,MTMR4,9110
Q969K4,ABTB1,80325
Q9H147,DNTTIP1,116092
Q8WU17,RNF139,11236
Q8WYQ5,DGCR8,54487
Q92541,RTF1,23168
Q9H9V4,RNF122,79845
Q5TA31,RNF187,149603
Q6PCD5,RFWD3,55159
O75449,KATNA1,11104
P32314,FOXN2,3344
Q96B67,ARRDC3,57561
Q96BD6,SPSB1,80176
Q96A44,SPSB4,92369
Q99619,SPSB2,84727
P51172,SCNN1D,6339
Q10589,BST2,684
Q68CP9,ARID2,196528
P09629,HOXB7,3217
P62805,HIST2H4A,8370
Q2QGD7,ZXDC,79364
Q9NPJ4,PNRC2,55629
O75915,ARL6IP5,10550
O95714,HERC2,8924
Q9BVJ7,DUSP23,54935
Q8NDX1,PSD4,23550
Q12770,SCAP,22937
P01912|P01911|Q29974,HLA-DRB1,3123
Q9UHJ3,SFMBT1,51460
Q8TB45,DEPTOR,64798
P57737,CORO7,79585
Q9UJP4,KLHL21,9903
Q9P2J3,KLHL9,55958
Q96DX7,TRIM44,54765
Q96HA7,TONSL,4796
O94888,UBXN7,26043
Q04323,UBXN1,51035
O00124,UBXN8,7993
Q96LJ8,UBXN10,127733
Q9BZE9,ASPSCR1,79058
Q9P055,JKAMP,51528
O00567,NOP56,10528
P04035,HMGCR,3156
Q9NRD0,FBXO8,26269
Q9ULH1,ASAP1,50807
P26196,DDX6,1656
O95793,STAU1,6780
P21399,ACO1,48
O43567,RNF13,11342
Q9UK73,FEM1B,10116
Q6MZP7,LIN54,132660
Q52LA3,LIN52,91750
-,RORB,6096
Q14994,NR1I3,9970
Q14541,HNF4G,3174
Q8N4Q1,CHCHD4,131474
Q8ND90,PNMA1,9240
P85299,PRR5,55615
Q9UHD1,CHORDC1,26973
Q7Z5K2,WAPAL,23063
Q6P1M3,LLGL2,3993
O95684,FGFR1OP,11116
Q6PEY2,TUBA3E,112714
Q92618,ZNF516,9658
Q6P3S6,FBXO42,54455
Q5T7V8,GORAB,92344
Q5IJ48,CRB2,286204
P04179,SOD2,6648
Q9HCC9,ZFYVE28,57732
Q9H3M9,ATXN3L,92552
O60337,MARCH6,10299
O95259,KCNH1,3756
P53804,TTC3,7267
P09923,ALPI,248
O75717,WDHD1,11169
Q8N1E6,FBXL14,144699
Q9NRM7,LATS2,26524
Q6P2E9,EDC4,23644
Q9UN36,NDRG2,57447
O00232,PSMD12,5718
O75477,ERLIN1,10613
O94905,ERLIN2,11160
Q9P2I0,CPSF2,53981
P21757,MSR1,4481
P63172,DYNLT1,6993
Q6P9F5,TRIM40,135644
Q7Z6B7,SRGAP1,57522
Q96EY5,MVB12A,93343
Q9H7P6,MVB12B,89853
Q14494,NFE2L1,4779
Q01718,MC2R,4158
Q96SW2,CRBN,51185
P13762,HLA-DRB4,3126
Q30154,HLA-DRB5,3127
Q5TGZ0,MINOS1,440574
Q9NV70,EXOC1,55763
Q6VY07,PACS1,55690
Q9BZE0,GLIS2,84662
Q8IYU2,HACE1,57531
Q96DX5,ASB9,140462
P12532,CKMT1B,1159
P12532,CKMT1A,548596
Q7L2H7,EIF3M,10480
Q96JP5,ZFP91,80829
Q9BVT8,TMUB1,83590
Q15003,NCAPH,23397
Q6UXB4,CLEC4G,339390
Q8IXJ9,ASXL1,171023
P59768,GNG2,54331
Q9BZL6,PRKD2,25865
Q9H171,ZBP1,81030
Q9Y616,IRAK3,11213
Q96C10,DHX58,79132
Q9BYX4,IFIH1,64135
Q9H6S1,AZI2,64343
Q86UT6,NLRX1,79671
Q9Y6K5,OAS3,4940
A7MCY6,TBKBP1,9755
Q86XR7,TICAM2,353376
P40222,TXLNA,200081
Q9NUQ3,TXLNG,55787
Q9H1C4,UNC93B1,81622
Q9NX76,CMTM6,54918
Q16829,DUSP7,1849
Q8IZ13,ZBED8,63920
Q9BPX7,C7orf25,79020
Q14696,MESDC2,23184
O00585,CCL21,6366
Q9UI09,NDUFA12,55967
Q96CW5,TUBGCP3,10426
Q7Z6M1,RABEPK,10244
P61224,RAP1B,5908
Q8TC12,RDH11,51109
P27707,DCK,1633
Q9HCP0,CSNK1G1,53944
P29762,CRABP1,1381
P23276,KEL,3792
Q16827,PTPRO,5800
Q9ULV1,FZD4,8322
Q9BPY3,FAM118B,79607
P02654,APOC1,341
Q71F23,CENPU,79682
Q9Y6H6,KCNE3,10008
Q86TA1,MOB3B,79817
Q99643,SDHC,6391
P49441,INPP1,3628
P04440,HLA-DPB1,3115
O43678,NDUFA2,4695
O76095,JTB,10899
P27144,AK4,205
Q15393,SF3B3,23450
Q6DKK2,TTC19,54902
Q13642,FHL1,2273
P13693,TPT1,7178
O14735,CDIPT,10423
O60858,TRIM13,10206
Q9H0R6,QRSL1,55278
Q99714,HSD17B10,3028
Q9BPW8,NIPSNAP1,8508
Q9Y276,BCS1L,617
P61960,UFM1,51569
P46952,HAAO,23498
Q9Y343,SNX24,28966
Q8NE62,CHDH,55349
Q9NX14,NDUFB11,54539
Q9NX08,COMMD8,54951
P68543,UBXN2A,165324
P04844,RPN2,6185
P42766,RPL35,11224
O96024,B3GALT4,8705
O60613,SEP15,9403
P23381,WARS,7453
Q15052,ARHGEF6,9459
Q6IN84,MRM1,79922
O75956,CDK2AP2,10263
Q8NEY8,PPHLN1,51535
Q15527,SURF2,6835
P35914,HMGCL,3155
O14645,DNALI1,7802
Q92765,FRZB,2487
O00193,C11orf58,10944
O43303,CCP110,9738
Q8IW35,CEP97,79598
P30301,MIP,4284
O15554,KCNN4,3783
Q9UGI6,KCNN3,3782
Q9BQI6,ANKRD32,84250
-,RN5S1@,6025
-,TRE17,440414
Q8N448,LNX2,222484
P55895,RAG2,5897
Q92686,NRGN,4900
P04062,GBA,2629
Q9NR33,POLE4,56655
Q9BQI3,EIF2AK1,27102
Q9H1D0,TRPV6,55503
Q96EK4,THAP11,57215
Q6UVY6,MOXD1,26002
Q15365,PCBP1,5093
Q8N5I2,ARRDC1,92714
Q8TBH0,ARRDC2,27106
Q96J94,PIWIL1,9271
Q9NVR2,INTS10,55174
Q5TA45,CPSF3L,54973
Q7Z6J8,UBE3D,90025
Q15334,LLGL1,3996
Q9UL40,ZNF346,23567
Q969S2,NEIL2,252969
Q9UL15,BAG5,9529
O75147,OBSL1,23363
Q9UQB9,AURKC,6795
P35558,PCK1,5105
P20618,PSMB1,5689
Q15051,IQCB1,9657
Q13889,GTF2H3,2967
O43715,TRIAP1,51499
P51178,PLCD1,5333
Q96M61,MAGEB18,286514
P43356,MAGEA2B,266740
P43357,MAGEA3,4102
Q9UBF1,MAGEC2,51438
Q9HCI5,MAGEE1,57692
Q8WV22,NSMCE1,197370
O95628,CNOT4,4850
Q9NZS9,BFAR,51283
Q0JRZ9,FCHO2,115548
Q16517,NNAT,4826
P41002,CCNF,899
Q96KQ4,PPP1R13B,23368
Q6NYC1,JMJD6,23210
Q9NZM4,GLTSCR1,29998
P22314,UBA1,7317
Q9H4L7,SMARCAD1,56916
Q02641,CACNB1,782
O76027,ANXA9,8416
Q9NPG3,UBN1,29855
Q8TAG9,EXOC6,54536
Q8N9A8,CNEP1R1,255919
Q13356,PPIL2,23759
Q9NW64,RBM22,55696
Q96JP9,CDHR1,92211
O43490,PROM1,8842
P09693,CD3G,917
Q14318,FKBP8,23770
Q96MM3,ZFP42,132625
O15391,YY2,404281
Q8WTV0,SCARB1,949
Q86UQ4,ABCA13,154664
Q9UKA8,RCAN3,11123
P19883,FST,10468
O94850,DDN,23109
Q8TD06,AGR3,155465
P07942,LAMB1,3912
Q8TBK2,SETD6,79918
Q9H6D7,HAUS4,54930
Q68CZ6,HAUS3,79441
Q96CS2,HAUS1,115106
Q9NVX0,HAUS2,55142
O94927,HAUS5,23354
Q99871,HAUS7,55559
Q9BT25,HAUS8,93323
Q7Z4H7,HAUS6,54801
Q8NHV4,NEDD1,121441
O94953,KDM4B,23030
Q92597,NDRG1,10397
Q96I36,COX14,84987
Q9GZY4,COA1,55744
Q5JVF3,PCID2,55795
Q9NU63,ZFP57,346171
Q6IBW4,NCAPH2,29781
O75112,LDB3,11155
P42695,NCAPD3,23310
Q7L2Z9,CENPQ,55166
Q6IPU0,CENPP,401541
O43257,ZNHIT1,10467
Q8WU90,ZC3H15,55854
Q8NG31,CASC5,57082
Q5VV43,KIAA0319,9856
Q8WXG6,MADD,8567
O75051,PLXNA2,5362
A2VEC9,SSPO,23145
O60343,TBC1D4,9882
Q9Y4D7,PLXND1,23129
Q5JTH9,RRP12,23223
Q9NYQ7,CELSR3,1951
O75096,LRP4,4038
Q9UPZ6,THSD7A,221981
Q9BZC7,ABCA2,20
Q8TD84,DSCAML1,57453
Q9ULL4,PLXNB3,5365
A5YM72,CARNS1,57571
Q9HCM3,KIAA1549,57670
-,THSD7B,80731
Q9C0B7,TANGO6,79613
Q96KG7,MEGF10,84466
O76076,WISP2,8839
C9JR72,KBTBD13,390594
Q99567,NUP88,4927
P17483,HOXB4,3214
Q9P0V3,SH3BP4,23677
Q99469,STAC,6769
Q9BTM9,URM1,81605
Q7Z7A3,CTU1,90353
Q9NR56,MBNL1,4154
Q96JN8,NEURL4,84461
Q8TAP6,CEP76,79959
O15078,CEP290,80184
O95361,TRIM16,10626
Q9GZR1,SENP6,26054
Q9UJT9,FBXL7,23194
Q9UPG8,PLAGL2,5326
-,RBPJP3,58164
Q9BY66,KDM5D,8284
Q9UKC9,FBXL2,25827
Q96MN2,NLRP4,147945
Q9Y2E6,DTX4,23220
Q86UZ6,ZBTB46,140685
Q6ICB0,DESI1,27351
P49773,HINT1,3094
P09017,HOXC4,3221
Q9BQA5,HINFP,25988
Q12866,MERTK,10461
O75031,HSF2BP,11077
Q49MG5,MAP9,79884
Q8TAA3,PSMA8,143471
Q00526,CDK3,1018
Q15717,ELAVL1,1994
Q06481,APLP2,334
Q6PIZ9,TRAT1,50852
Q86WH2,RASSF3,283349
P12107,COL11A1,1301
Q6PCT2,FBXL19,54620
O43396,TXNL1,9352
Q96RE7,NACC1,112939
-,RNU1-1,26871
Q01113,IL9R,3581
Q96IV0,NGLY1,55768
Q9H040,SPRTN,83932
Q9H2G4,TSPYL2,64061
O43242,PSMD3,5709
-,HOTAIR,100124700
-,CDKN2B-AS1,100048912
Q52LR7,EPC2,26122
Q7LBC6,KDM3B,51780
Q7L7L0,HIST3H2A,92815
Q68CJ9,CREB3L3,84699
P49207,RPL34,6164
P49721,PSMB2,5690
P49720,PSMB3,5691
P28074,PSMB5,5693
P28072,PSMB6,5694
Q99436,PSMB7,5695
Q9BY76,ANGPTL4,51129
Q9UNA4,POLI,11201
Q9Y3Z3,SAMHD1,25939
P21731,TBXA2R,6915
Q8TEC5,SH3RF2,153769
Q9UK55,SERPINA10,51156
P28065,PSMB9,5698
Q9BVI0,PHF20,51230
Q96RN1,SLC26A8,116369
Q5BKZ1,ZNF326,284695
P48556,PSMD8,5714
-,XBP1P1,7495
P20941,PDC,5132
Q8IWY9,CDAN1,146059
Q8N8Y2,ATP6V0D2,245972
Q9Y263,PLAA,9373
Q9GZV9,FGF23,8074
Q9UKV3,ACIN1,22985
Q8TBC3,SHKBP1,92799
Q8IX90,SKA3,221150
Q8WVK7,SKA2,348235
Q8NBT2,SPC24,147841
Q92754,TFAP2C,7022
Q9H3S7,PTPN23,25930
O75146,HIP1R,9026
Q8WWN8,ARAP3,64411
Q92784,DPF3,8110
Q92782,DPF1,8193
Q8WV41,SNX33,257364
Q9BQI5,SGIP1,84251
P53671,LIMK2,3985
A1YPR0,ZBTB7C,201501
Q3KNV8,PCGF3,10336
Q86SE9,PCGF5,84333
Q8NDX5,PHC3,80012
O95503,CBX6,23466
-,CLAM,373073
O75489,NDUFS3,4722
Q8WXH0,SYNE2,23224
Q8N6M6,C9orf3,84909
Q9UH99,SUN2,25777
O75351,VPS4B,9525
Q96CF2,CHMP4C,92421
Q9H444,CHMP4B,128866
Q8N9V2,TRIML1,339976
Q16666,IFI16,3428
Q9H553,ALG2,85365
Q8WWH4,ASZ1,136991
Q53EZ4,CEP55,55165
Q86XT2,VPS37D,155382
O75674,TOM1L1,10040
Q9HBX9,RXFP1,59350
Q9NSD7,RXFP3,51289
Q12789,GTF3C1,2975
Q86WG3,ATCAY,85300
Q9UBU6,FAM8A1,51439
P14679,TYR,7299
Q96BY9,SARAF,51669
Q8NCN4,RNF169,254225
P04843,RPN1,6184
P25686,DNAJB2,3300
Q9HA38,ZMAT3,64393
Q9BXA9,SALL3,27164
Q99549,MPHOSPH8,54737
Q9H0W5,CCDC8,83987
Q9P2Q2,FRMD4A,55691
P56817,BACE1,23621
Q9UMS6,SYNPO2,171024
Q9Y3V2,RWDD3,25950
Q86XT4,TRIM50,135892
O00635,TRIM38,10475
Q9H8W5,TRIM45,80263
-,BNIP3P6,100129777
Q8N257,HIST3H2BB,128312
Q86TU7,SETD3,84193
Q2M1Z3,ARHGAP31,57514
Q6ZTQ3,RASSF6,166824
Q14517,FAT1,2195
P62805,HIST1H4F,8361
Q9H4B6,SAV1,60485
Q9HCJ0,TNRC6C,57690
Q7Z4V5,HDGFRP2,84717
Q2TAK8,MUM1,84939
Q9HCU8,POLD4,57804
Q9BRT9,GINS4,84296
Q14691,GINS1,9837
Q07864,POLE,5426
P24046,GABRR1,2569
Q6ZVM7,TOM1L2,146691
Q6ISU1,PTCRA,171558
P28062,PSMB8,5696
Q9Y244,POMP,51371
Q9H7E2,TDRD3,81550
O15197,EPHB6,2051
Q9NRY6,PLSCR3,57048
P16401,HIST1H1B,3009
Q9NZ09,UBAP1,51271
Q8N5K1,CISD2,493856
Q96S82,UBL7,84993
O94979,SEC31A,22872
-,MAFIP,727764
P62805,HIST1H4I,8294
P12319,FCER1A,2205
Q9UBC2,EPS15L1,58513
-,KLRAP1,10748
Q8NFZ5,TNIP2,79155
Q6PJW8,CNST,163882
Q70IA6,MOB2,81532
Q9UJM3,ERRFI1,54206
Q6P2D0,ZFP1,162239
O95140,MFN2,9927
Q6NZ36,C1orf86,199990
Q7L9L4,MOB1B,92597
Q96BX8,MOB3A,126308
Q70IA8,MOB3C,148932
P58872,RHBDL3,162494
O00767,SCD,6319
Q2KJY2,KIF26B,55083
Q9NTI2,ATP8A2,51761
P78395,PRAME,23532
Q15012,LAPTM4A,9741
Q86VI4,LAPTM4B,55353
Q3MII6,TBC1D25,4943
Q8TCJ0,FBXO25,26260
Q8WX93,PALLD,23022
Q969V5,MUL1,79594
Q5XUX1,FBXW9,84261
Q6PJ61,FBXO46,23403
O00418,EEF2K,29904
Q9Y4E5,ZNF451,26036
Q9H4M3,FBXO44,93611
Q96J92,WNK4,65266
Q9Y3S1,WNK2,65268
O94955,RHOBTB3,22836
P34969,HTR7,3363
P35790,CHKA,1119
O00391,QSOX1,5768
Q96EH8,NEURL3,93082
Q9NWW5,CLN6,54982
Q13829,TNFAIP1,7126
Q9H3F6,KCTD10,83892
Q9UBP0,SPAST,6683
Q8WXH5,SOCS4,122809
Q9BZB8,CPEB1,64506
P57775,FBXW4,6468
Q96Q80,DERL3,91319
P21754,ZP3,7784
Q96P20,NLRP3,114548
Q9NX02,NLRP2,55655
O94822,LTN1,26046
Q8IY63,AMOTL1,154810
Q8IUR7,ARMC8,25852
Q99732,LITAF,9516
Q9BYV6,TRIM55,84675
Q75N03,CBLL1,79872
P20794,MAK,4117
Q9Y4L5,RNF115,27246
Q13216,ERCC8,1161
P13473,LAMP2,3920
P01009,SERPINA1,5265
Q96DZ1,ERLEC1,27248
Q8WW22,DNAJA4,55466
Q99426,TBCB,1155
P22735,TGM1,7051
Q9BYZ6,RHOBTB2,23221
Q7Z6M2,FBXO33,254170
Q9C0D3,ZYG11B,79699
Q7Z7L7,ZER1,10444
O94761,RECQL4,9401
Q9P2X0,DPM3,54344
Q14896,MYBPC3,4607
Q9BQ90,KLHDC3,116138
Q12829,RAB40B,10966
Q9NV79,PCMTD2,55251
Q9ULT6,ZNRF3,84133
Q8N6D2,RNF182,221687
Q70EL1,USP54,159195
Q5VYK3,KIAA0368,23392
Q01484,ANK2,287
O75976,CPD,1362
Q9Y4F5,CEP170B,283638
O75179,ANKRD17,26057
Q75VX8,GAREML,150946
Q8TF39,ZNF483,158399
Q99895,CTRC,11330
Q8WWK9,CKAP2,26586
Q96EF6,FBXO17,115290
Q7RTN6,STRADA,92335
Q9UGP4,LIMD1,8994
A6NIX2,WTIP,126374
Q93052,LPP,4026
A6NDG6,PGP,283871
Q9NZI8,IGF2BP1,10642
Q9NQ76,MEPE,56955
Q8TC59,PIWIL2,55124
Q8NHG8,ZNRF2,223082
Q8ND25,ZNRF1,84937
Q8IXQ5,KLHL7,55975
Q15392,DHCR24,1718
Q8IWR1,TRIM59,286827
Q7Z2X4,PID1,55022
Q9NWT8,AURKAIP1,54998
Q5U5Q3,MEX3C,51320
Q14160,SCRIB,23513
Q9UKA2,FBXL4,26235
Q15629,TRAM1,23471
Q99466,NOTCH4,4855
Q9BZM6,ULBP1,80329
Q8IZQ1,WDFY3,23001
Q9BSQ5,CCM2,83605
Q01664,TFAP4,7023
P52739,ZNF131,7690
Q13011,ECH1,1891
Q96D09,GPRASP2,114928
Q9Y3C6,PPIL1,51645
Q7L311,ARMCX2,9823
Q9Y4G2,PLEKHM1,9842
O60383,GDF9,2661
Q06732,ZNF33B,7582
Q5VW32,BROX,148362
Q14332,FZD2,2535
P23975,SLC6A2,6530
P22033,MUT,4594
Q8IVH4,MMAA,166785
-,PRD,5548
Q5SRI9,MANEA,79694
Q9UKZ4,TENM1,10178
Q8IVT5,KSR1,8844
P50895,BCAM,4059
Q8IWB6,TEX14,56155
Q9NY15,STAB1,23166
Q96HR8,NAF1,92345
Q8NC69,KCTD6,200845
Q99541,PLIN2,123
O43681,ASNA1,439
P27216,ANXA13,312
-,TBC1D3,729873
Q9NQ86,TRIM36,55521
Q9UK99,FBXO3,26273
Q96DZ5,CLIP3,25999
Q9HBL8,NMRAL1,57407
Q9Y222,DMTF1,9988
P08913,ADRA2A,150
O75912,DGKI,9162
Q9UFC0,LRWD1,222229
Q14657,LAGE3,8270
Q5TAX3,ZCCHC11,23318
P49863,GZMK,3003
Q9Y6M1,IGF2BP2,10644
P0CJ68,MTRNR2L1,100462977
P03950,ANG,283
O94844,RHOBTB1,9886
Q9Y5M8,SRPRB,58477
Q5JTV8,TOR1AIP1,26092
Q5T0N5,FNBP1L,54874
Q9UPR3,SMG5,23381
Q86US8,SMG6,23293
Q9UHF7,TRPS1,7227
Q9NZJ4,SACS,26278
O95456,PSMG1,8624
Q5TH69,KIAA1244,57221
Q96CN4,EVI5L,115704
Q8TC07,TBC1D15,64786
Q5R372|B7ZAP0,RABGAP1L,9910
Q9BSJ6,FAM64A,54478
Q9H7P9,PLEKHG2,64857
P10916,MYL2,4633
Q8N8A2,ANKRD44,91526
Q6MZT1,RGS7BP,401190
Q9BYJ4,TRIM34,53840
Q5M775,SPECC1,92521
O43829,ZBTB14,7541
Q969Q6,PPP2R3C,55012
Q8TC84,FANK1,92565
P55085,F2RL1,2150
Q9NXV6,CDKN2AIP,55602
Q9UK17,KCND3,3752
O94810,RGS11,8786
Q969K7,TMEM54,113452
P50406,HTR6,3362
O60231,DHX16,8449
Q00975,CACNA1B,774
Q9UQN3,CHMP2B,25978
O75643,SNRNP200,23020
Q9BUQ8,DDX23,9416
P50151,GNG10,2790
Q9UBI6,GNG12,55970
P04278,SHBG,6462
Q9UPV9,TRAK1,22906
Q9HB90,RRAGC,64121
Q96P09,BIRC8,112401
Q8IZT6,ASPM,259266
Q8N608,DPP10,57628
Q9H112,CST11,140880
Q86VS8,HOOK3,84376
Q9H116,GZF1,64412
Q5GLZ8,HERC4,26091
P62158,CALM3,808
Q9UPZ9,ICK,22858
O14907,TAX1BP3,30851
Q96Q05,TRAPPC9,83696
Q9UFB7,ZBTB47,92999
Q19T08,ECSCR,641700
Q8WX94,NLRP7,199713
P59046,NLRP12,91662
P56589,PEX3,8504
Q86X83,COMMD2,51122
Q9H0A8,COMMD4,54939
Q9GZQ3,COMMD5,28991
Q7Z4G1,COMMD6,170622
Q86VX2,COMMD7,149951
Q9Y6G5,COMMD10,51397
Q9P000,COMMD9,29099
Q96RJ3,TNFRSF13C,115650
Q719H9,KCTD1,284252
Q8IZ52,CHPF,79586
Q9NTJ5,SACM1L,22908
Q9BSK4,FEM1A,55527
P35408,PTGER4,5734
Q9UIX4,KCNG1,3755
Q9C037,TRIM4,89122
Q9Y2P7,ZNF256,10172
P10155,TROVE2,6738
Q7Z7F0,KIAA0907,22889
Q92733,PRCC,5546
-,TNAP,445341
O43613,HCRTR1,3061
O75934,BCAS2,10286
Q9UHH9,IP6K2,51447
Q9HC35,EML4,27436
Q9P2R3,ANKFY1,51479
O75436,VPS26A,9559
Q9NS61,KCNIP2,30819
Q9UBB4,ATXN10,25814
-,IGHG1,3500
A6NLU0,RFPL4A,342931
Q9UPQ4,TRIM35,23087
Q9HCU0,CD248,57124
Q8NEV1,CSNK2A3,283106
Q13268,DHRS2,10202
Q03989,ARID5A,10865
Q8IZL9,CDK20,23552
Q9NR64,KLHL1,57626
Q13838,DDX39B,7919
Q8NI27,THOC2,57187
Q13769,THOC5,8563
P23945,FSHR,2492
Q8TEJ3,SH3RF3,344558
O95180,CACNA1H,8912
Q14137,BOP1,23246
Q7Z5L9,IRF2BP2,359948
Q9BQ83,SLX1A,548593
Q14141,SEPT6,23157
Q9ULJ3,ZBTB21,49854
Q8WWG9,KCNE4,23704
Q86XN8,MEX3D,399664
Q6ZMU5,TRIM72,493829
Q9BQ70,TCF25,22980
O00541,PES1,23481
Q99607,ELF4,2000
Q13610,PWP1,11137
P16520,GNB3,2784
Q9HAV0,GNB4,59345
Q13371,PDCL,5082
Q8NG57,TCEB3C,162699
Q9NZI2,KCNIP1,30820
Q6ZMR5,TMPRSS11A,339967
Q5T4S7,UBR4,23352
Q9HBE5,IL21R,50615
Q9NYS7,WSB2,55884
Q16322,KCNA10,3744
P09430,TNP1,7141
Q96AY2,EME1,146956
Q6UUV9,CRTC1,23373
Q58WW2,DCAF6,55827
Q96D21,RASD2,23551
Q8TAE7,KCNG3,170850
Q8NDN9,RCBTB1,55213
Q6ZN04,MEX3B,84206
A1L020,MEX3A,92312
Q6Q0C0,TRAF7,84231
Q6PIU1,KCNV1,27012
O43447,PPIH,10465
Q9BRX9,WDR83,84292
A6H8Y1,BDP1,55814
Q86UE4,MTDH,92140
Q9H869,YY1AP1,55249
Q96PY6,NEK1,4750
Q9BQ15,NABP2,79035
Q96AH0,NABP1,64859
Q9NRY2,INIP,58493
Q9P013,CWC15,51503
Q92953,KCNB2,9312
Q8TDN1,KCNG4,93107
Q07617,SPAG1,6674
Q96AH8,RAB7B,338382
P52738,ZNF140,7699
P52736,ZNF133,7692
Q8WVJ2,NUDCD2,134492
Q9NWB1,RBFOX1,54715
Q9UPW5,AGTPBP1,23287
Q5T6C5,ATXN7L2,127002
Q96RK0,CIC,23152
P08107,HSPA1B,3304
P57721,PCBP3,54039
P57723,PCBP4,57060
Q16595,FXN,2395
Q9P0L2,MARK1,4139
Q9Y6G9,DYNC1LI1,51143
Q9NR55,BATF3,55509
Q9ULM3,YEATS2,55689
Q96LB2,MRGPRX1,259249
Q86T75,NBPF11,200030
O75916,RGS9,8787
Q6TFL4,KLHL24,54800
Q5PSV4,BRMS1L,84312
Q9H9C1,VIPAS39,63894
P49754,VPS41,27072
Q07343,PDE4B,5142
Q7Z6B0,CCDC91,55297
Q96QD9,FYTTD1,84248
Q8NDT2,RBM15B,29890
Q9BWT7,CARD10,29775
Q9UNF1,MAGED2,10916
Q12816,TRO,7216
Q9Y6X1,SERP1,27230
P01185,AVP,551
P61599,NAA20,51126
O95716,RAB3D,9545
Q9NQL2,RRAGD,58528
Q9NP31,SH2D2A,9047
Q8IWQ3,BRSK2,9024
Q9NXX6,NSMCE4A,54780
Q8N140,EID3,493861
Q96MF7,NSMCE2,286053
Q13007,IL24,11009
Q6T4R5,NHS,4810
Q9NQV8,PRDM8,56978
Q53QV2,LBH,81606
Q5HYA8,TMEM67,91147
Q15785,TOMM34,10953
Q9BYT3,STK33,65975
P52907,CAPZA1,829
O75309,CDH16,1014
P61106,RAB14,51552
P07320,CRYGD,1421
Q6P050,FBXL22,283807
Q9UL63,MKLN1,4289
Q9NWU2,GID8,54994
Q9H871,RMND5A,64795
Q7L5Y9,MAEA,10296
O75390,CS,1431
Q9BV68,RNF126,55658
Q9BZ29,DOCK9,23348
Q9UBF2,COPG2,26958
Q8TBM8,DNAJB14,79982
Q8WY21,SORCS1,114815
P19971,TYMP,1890
Q96PH1,NOX5,79400
Q7Z392,TRAPPC11,60684
Q9Y5R8,TRAPPC1,58485
Q5T215,TRAPPC3L,100128327
Q9Y296,TRAPPC4,51399
Q8IUR0,TRAPPC5,126003
O75865,TRAPPC6A,79090
Q86SZ2,TRAPPC6B,122553
Q8WVT3,TRAPPC12,51112
P48553,TRAPPC10,7109
Q8IXI2,RHOT1,55288
Q9Y4U1,MMACHC,25974
-,FBXW4P1,26226
P31323,PRKAR2B,5577
Q9NQG6,MIEF1,54471
Q5VIR6,VPS53,55275
Q9UID3,VPS51,738
Q8N1B4,VPS52,6293
Q9P1Q0,VPS54,51542
O75563,SKAP2,8935
Q8TF46,DIS3L,115752
Q8N6L1,KRTCAP2,200185
Q9C0E2,XPO4,64328
Q13145,BAMBI,25805
O00483,NDUFA4,4697
P04839,CYBB,1536
Q9NQ11,ATP13A2,23400
Q9UKD2,MRTO4,51154
-,ERVK-6,64006
Q3SX64,ODF3L2,284451
P10412,HIST1H1E,3008
Q1ZZU3,SWI5,375757
Q86XK3,SFR1,119392
Q9BZW8,CD244,51744
O75161,NPHP4,261734
Q15109,AGER,177
P05813,CRYBA1,1411
P11686,SFTPC,6440
Q92743,HTRA1,5654
Q6Y1H2,PTPLB,201562
Q9NVV5,AIG1,51390
Q7Z418,KCNK18,338567
O95747,OXSR1,9943
Q96T49,PPP1R16B,26051
P62701,RPS4X,6191
P07478,PRSS2,5645
Q9ULR5,PAIP2B,400961
Q96L50,LRR1,122769
Q15048,LRRC14,9684
O60732,MAGEC1,9947
P78358,CTAG1B,1485
P13196,ALAS1,211
Q96BH3,ELSPBP1,64100
Q96MX6,WDR92,116143
Q8WWQ8,STAB2,55576
O95760,IL33,90865
P30793,GCH1,2643
Q9BQ65,USB1,79650
Q14940,SLC9A5,6553
Q96EY7,PTCD3,55037
Q8WYP5,AHCTF1,25909
Q2KHN1,RNF151,146310
P21462,FPR1,2357
P30872,SSTR1,6751
Q96M98,PACRG,135138
Q9Y6M4,CSNK1G3,1456
Q9BQY9,DBNDD2,55861
Q9H4B7,TUBB1,81027
P15313,ATP6V1B1,525
Q92947,GCDH,2639
Q9NQ33,ASCL3,56676
Q63ZY3,KANK2,25959
Q9BRP8,WIBG,84305
P49406,MRPL19,9801
Q53F19,C17orf85,55421
Q569H4,PRR16,51334
Q9H0G5,NSRP1,84081
P62888,RPL30,6156
A0AVK6,E2F8,79733
Q2TAL5,SMTNL2,342527
Q9P270,SLAIN2,57606
Q14722,KCNAB1,7881
-,TPRXL,348825
Q5T1N1,AKNAD1,254268
Q9Y5V0,ZNF706,51123
O15066,KIF3B,9371
Q9NUV9,GIMAP4,55303
Q8NDD1,C1orf131,128061
Q9NRY5,FAM114A2,10827
Q9BPW5,RASL11B,65997
Q969D9,TSLP,85480
Q96IK1,BOD1,91272
Q96NM4,TOX2,84969
Q96EY4,TMA16,55319
O75348,ATP6V1G1,9550
Q86V59,PNMAL1,55228
Q9H3H9,TCEAL2,140597
P61328,FGF12,2257
Q8IV56,PRR15,222171
Q6P582,MZT2A,653784
Q86TN4,TRPT1,83707
Q96FZ2,HMCES,56941
Q9BYD6,MRPL1,65008
-,SLIT1-AS1,100505540
Q6PGN9,PSRC1,84722
Q9BRJ6,C7orf50,84310
Q9BVG8,KIFC3,3801
P39019,RPS19,6223
Q6NUN7,C11orf63,79864
Q8TAM6,ERMN,57471
Q8WWH5,TRUB1,142940
Q8IV04,TBC1D10C,374403
Q8N0U7,C1orf87,127795
Q7Z3K3,POGZ,23126
Q9Y2S6,TMA7,51372
P30050,RPL12,6136
Q9NZU5,LMCD1,29995
Q2TBE0,CWF19L2,143884
Q5T4F4,ZFYVE27,118813
Q9UJ78,ZMYM5,9205
Q9NWB6,ARGLU1,55082
Q8N4J0,C9orf41,138199
Q9UPQ0,LIMCH1,22998
P07199,CENPB,1059
Q6PB30,CSAG1,158511
Q8N3C7,CLIP4,79745
Q7Z5V6,PPP1R32,220004
A8MPX8,PP2D1,151649
Q9Y3C1,NOP16,51491
Q9H0S4,DDX47,51202
O95057,DIRAS1,148252
P56559,ARL4C,10123
Q7L4I2,RSRC2,65117
Q8NHQ9,DDX55,57696
Q9BX68,HINT2,84681
Q8TAL5,C9orf43,257169
Q9BWX1,PHF7,51533
Q9H3J6,C12orf65,91574
P35711,SOX5,6660
Q86TB9,PATL1,219988
Q96K30,RITA1,84934
Q9NSK0,KLC4,89953
Q99798,ACO2,50
Q14254,FLOT2,2319
Q969X6,CIRH1A,84916
P46695,IER3,8870
Q5BJF6,ODF2,4957
P41567,EIF1,10209
P19367,HK1,3098
Q96T21,SECISBP2,79048
Q00537,CDK17,5128
Q9NZH5,PTTG2,10744
P07741,APRT,353
Q5SQI0,ATAT1,79969
Q96C36,PYCR2,29920
Q8IXS8,FAM126B,285172
Q9BU76,C1orf35,79169
Q86UF4,C1orf110,339512
Q9NVP1,DDX18,8886
Q12894,IFRD2,7866
Q86V15,CASZ1,54897
Q96AG4,LRRC59,55379
Q6ZT98,TTLL7,79739
P29728,OAS2,4939
O60551,NMT2,9397
O43491,EPB41L2,2037
Q9BSH4,TACO1,51204
Q93015,NAT6,24142
P60866,RPS20,6224
O75521,ECI2,10455
Q7Z4U5,C6orf201,404220
-,FDX1L,112812
Q96LT9,RNPC3,55599
Q9BQ48,MRPL34,64981
Q12799,TCP10,6953
Q5JSZ5,PRRC2B,84726
Q9Y5U2,TSSC4,10078
Q02045,MYL5,4636
P41223,BUD31,8896
Q96A61,TRIM52,84851
Q6ZUS6,CCDC149,91050
Q6NSI3,FAM53A,152877
Q86XR8,CEP57,9702
Q8IZ69,TRMT2A,27037
Q9UJZ1,STOML2,30968
Q8ND30,PPFIBP2,8495
Q5T686,AVPI1,60370
P05546,SERPIND1,3053
Q9ULX3,NOB1,28987
Q6PI47,KCTD18,130535
Q96H79,ZC3HAV1L,92092
Q9NZ63,C9orf78,51759
P05062,ALDOB,229
Q96GY0,ZC2HC1A,51101
Q96MW7,TIGD1,200765
Q5SSJ5,HP1BP3,50809
Q6ICG6,KIAA0930,23313
Q9H5V9,CXorf56,63932
Q96KG9,SCYL1,57410
O75995,SASH3,54440
P52943,CRIP2,1397
Q9H6P5,TASP1,55617
Q70UQ0,IKBIP,121457
Q7L1W4,LRRC8D,55144
Q9Y421,FAM32A,26017
Q96S79,RASL10B,91608
Q9NYN1,RASL12,51285
Q9H7X2,C1orf115,79762
Q9H9Q2,COPS7B,64708
Q86YA3,ZGRF1,55345
Q96EL2,MRPS24,64951
Q8IVW4,CDKL3,51265
Q9HCM4,EPB41L5,57669
P62899,RPL31,6160
Q9BXG8,SPZ1,84654
Q9Y3N9,OR2W1,26692
Q8IZ73,RPUSD2,27079
Q8WY36,BBX,56987
Q9H093,NUAK2,81788
O60488,ACSL4,2182
Q9H7B2,RPF2,84154
-,DLGAP1-AS2,84777
Q96A22,C11orf52,91894
Q9NZ43,USE1,55850
Q99879,HIST1H2BM,8342
Q9HCS5,EPB41L4A,64097
Q8N4Q0,ZADH2,284273
Q8N264,ARHGAP24,83478
O15075,DCLK1,9201
Q76G19,PDZD4,57595
P46781,RPS9,6203
P25398,RPS12,6206
Q6PUV4,CPLX2,10814
P51570,GALK1,2584
P62249,RPS16,6217
Q04726,TLE3,7090
Q13956,PDE6H,5149
Q8TD30,GPT2,84706
Q9ULJ7,ANKRD50,57182
Q96A00,PPP1R14A,94274
Q9BVC5,C2orf49,79074
P41162,ETV3,2117
O95340,PAPSS2,9060
Q9BT17,MTG1,92170
P42025,ACTR1B,10120
Q5MJ09,SPANXN3,139067
O00178,GTPBP1,9567
Q9HCG7,GBA2,57704
Q13405,MRPL49,740
Q96M27,PRRC1,133619
Q9NXZ2,DDX43,55510
Q9Y3U8,RPL36,25873
Q86XP3,DDX42,11325
Q8WWU5,TCP11,6954
Q8N4X5,AFAP1L2,84632
P35612,ADD2,119
Q8IYB5,SMAP1,60682
Q96HY6,DDRGK1,65992
P62945,RPL41,6171
Q7Z7H8,MRPL10,124995
O75937,DNAJC8,22826
Q9HBF4,ZFYVE1,53349
Q70YC4|Q70YC5,ZNF365,22891
Q86VS3,IQCH,64799
Q76L83,ASXL2,55252
Q9Y2H6,FNDC3A,22862
O43448,KCNAB3,9196
Q9BQ61,C19orf43,79002
Q9BXB4,OSBPL11,114885
Q5U5X0,LYRM7,90624
-,LOC541472,541472
Q8N490,PNKD,25953
Q7L9B9,EEPD1,80820
Q71RC2,LARP4,113251
Q9NVS2,MRPS18A,55168
O75159,SOCS5,9655
Q9NZL6,RGL1,23179
Q9NRZ7,AGPAT3,56894
Q13084,MRPL28,10573
Q8TF09,DYNLRB2,83657
P28838,LAP3,51056
Q8NE71,ABCF1,23
Q9NVT9,ARMC1,55156
Q96I24,FUBP3,8939
Q86SX6,GLRX5,51218
Q9H4Z3,PCIF1,63935
Q9BRU9,UTP23,84294
Q9H0A6,RNF32,140545
Q96C74,ROPN1L,83853
Q5T5D7,ZNF684,127396
Q9UHB6,LIMA1,51474
P49638,TTPA,7274
P58511,SMIM11,54065
Q659C4,LARP1B,55132
Q9P215,POGK,57645
Q9BTD8,RBM42,79171
Q16836,HADH,3033
Q96J77,TPD52L3,89882
Q8TD55,PLEKHO2,80301
P17026,ZNF22,7570
Q15814,TBCC,6903
O14792,HS3ST1,9957
Q96NN9,AIFM3,150209
Q6UN15,FIP1L1,81608
-,DPY19L2P1,554236
Q9NZE8,MRPL35,51318
Q9H7U1,CCSER2,54462
Q9P031,CCDC59,29080
Q9Y3B7,MRPL11,65003
Q9BSG1,ZNF2,7549
Q86VK4,ZNF410,57862
O75947,ATP5H,10476
Q9BUV0,RSRP1,57035
P69891,HBG1,3047
Q8NEG7,DENND6B,414918
Q5BKY9,FAM133B,257415
Q8N9Z9,LMNTD1,160492
Q02221,COX6A2,1339
Q9Y450,HBS1L,10767
Q6ZN55,ZNF574,64763
Q9BWT6,MND1,84057
Q9Y4X4,KLF12,11278
P30038,ALDH4A1,8659
Q9BRS8,LARP6,55323
O94830,DDHD2,23259
Q96C45,ULK4,54986
A8MW92,PHF20L1,51105
Q96N21,ENTHD2,146705
Q13823,GNL2,29889
P05060,CHGB,1114
Q86YB7,ECHDC2,55268
-,WASH2P,375260
Q96G46,DUS3L,56931
Q9BT56,SPX,80763
Q8IWA6,CCDC60,160777
Q9BR61,ACBD6,84320
Q9BXS6,NUSAP1,51203
Q8TBX8,PIP4K2C,79837
Q9UHG0,DCDC2,51473
Q9UMY1,NOL7,51406
Q7Z6V5,ADAT2,134637
Q12792,TWF1,5756
Q68BL7,OLFML2A,169611
Q68DC2,ANKS6,203286
Q96L46,CAPNS2,84290
O43175,PHGDH,26227
Q9NTX5,ECHDC1,55862
Q9NQ55,PPAN,56342
Q9H0I2,ENKD1,84080
Q9HBZ2,ARNT2,9915
Q9H898,ZMAT4,79698
Q92917,GPKOW,27238
O00399,DCTN6,10671
Q6GPH4,XAF1,54739
Q9H607,OCEL1,79629
P40933,IL15,3600
O14598,VCY1B,353513
Q96NT0,CCDC115,84317
Q9HC36,RNMTL1,55178
Q9BVN2,RUSC1,23623
A6NKD2,TSPY2,64591
Q6JQN1,ACAD10,80724
O43320,FGF16,8823
Q0P6D6,CCDC15,80071
Q5T4T6,SYCP2L,221711
P53396,ACLY,47
P13929,ENO3,2027
Q8N4P3,HDDC3,374659
Q86XP0,PLA2G4D,283748
P62280,RPS11,6205
Q8N3F0,MTURN,222166
Q3SXR2,C3orf36,80111
Q9H7C9,AAMDC,28971
-,DPY19L2P4,442523
Q9Y3B9,RRP15,51018
Q15059,BRD3,8019
Q4G0J3,LARP7,51574
Q8NDX6,ZNF740,283337
Q9NUJ3,TCP11L1,55346
Q7L4P6,BEND5,79656
Q8NFW8,CMAS,55907
Q14202,ZMYM3,9203
Q9BWN1,PRR14,78994
Q8N187,CARF,79800
Q96A73,KIAA1191,57179
-,LOC254896,254896
Q8N4V1,MMGT1,93380
-,LINC00982,440556
P25705,ATP5A1,498
Q9BXM9,FSD1L,83856
Q15696,ZRSR2,8233
Q96KN8,HRASLS5,117245
P84103,SRSF3,6428
O43903,GAS2,2620
O95279,KCNK5,8645
P08397,HMBS,3145
Q9H972,C14orf93,60686
Q2VYF4,LETM2,137994
Q8TAZ6,CMTM2,146225
Q9BTC0,DIDO1,11083
Q14CX7,NAA25,80018
Q9HBY8,SGK2,10110
Q9BRL6,SRSF8,10929
Q96JB3,HIC2,23119
Q8NEY3,SPATA4,132851
O60293,ZFC3H1,196441
Q5SRE7,PHYHD1,254295
Q12979,ABR,29
Q96P71,NECAB3,63941
Q9BWT1,CDCA7,83879
Q8WY91,THAP4,51078
Q8IU85,CAMK1D,57118
Q8IZ21,PHACTR4,65979
-,LOC401068,401068
Q6P1L6,ZNF343,79175
Q8NA82,MARCH10,162333
O00515,LAD1,3898
Q5BKX8,MURC,347273
Q9H9L4,KANSL2,54934
Q9BUG6,ZSCAN5A,79149
P54868,HMGCS2,3158
-,LOC554207,554207
Q66K14,TBC1D9B,23061
Q9NP64,ZCCHC17,51538
Q9Y5I7,CLDN16,10686
Q8NFV4,ABHD11,83451
Q9H930,SP140L,93349
-,TARP,445347
-,DKFZP434K028,26070
Q9NZL9,MAT2B,27430
P02144,MB,4151
Q86YD7,FAM90A1,55138
Q9NNZ3,DNAJC4,3338
Q92674,CENPI,2491
Q7Z2Z1,TICRR,90381
Q9BW66,CINP,51550
P13682,ZNF35,7584
Q9NZR1,TMOD2,29767
Q5W5X9,TTC23,64927
Q16698,DECR1,1666
Q16775,HAGH,3029
Q8IWU6,SULF1,23213
Q9HCL2,GPAM,57678
Q13206,DDX10,1662
P86791|P86790,CCZ1B,221960
Q3MIW9,DPCR1,135656
Q8N8V4,ANKS4B,257629
Q8IYY4,DZIP1L,199221
Q8IY84,NIM1K,167359
P30825,SLC7A1,6541
P40261,NNMT,4837
P48454,PPP3CC,5533
Q9UEE9,CFDP1,10428
Q14964,RAB39A,54734
Q9NUI1,DECR2,26063
Q8NF86,PRSS33,260429
O60256,PRPSAP2,5636
Q9Y530,OARD1,221443
Q9BW19,KIFC1,3833
Q9P219,CCDC88C,440193
Q499Z3,SLFNL1,200172
Q8NB25,FAM184A,79632
Q32NC0,C18orf21,83608
Q5T655,CFAP58,159686
Q96F15,GIMAP5,55340
Q6PJE2,POMZP3,22932
Q9BT81,SOX7,83595
Q8NDZ0,BEND2,139105
Q9H9Y4,GPN2,54707
Q86XZ4,SPATS2,65244
Q96NJ5,KLHL32,114792
Q53QW1,C2orf57,165100
Q9ULE0,WWC3,55841
Q6P1Q9,METTL2B,55798
P61927,RPL37,6167
Q6P1Q0,LETMD1,25875
Q9BRJ7,NUDT16L1,84309
Q8N5M1,ATPAF2,91647
C9J442,C22orf46,79640
-,ANKRD36BP1,84832
Q8TBG4,ETNPPL,64850
Q9NR31,SAR1A,56681
Q9BXK5,BCL2L13,23786
Q96A35,MRPL24,79590
Q9NTI7,FAM212B,55924
Q8N6S5,ARL6IP6,151188
Q6P2H8,TMEM53,79639
O94956,SLCO2B1,11309
O43237,DYNC1LI2,1783
Q9Y258,CCL26,10344
O60330,PCDHGA12,26025
O95573,ACSL3,2181
Q96GW9,MARS2,92935
Q6P4A8,PLBD1,79887
Q16822,PCK2,5106
Q9Y5A9,YTHDF2,51441
Q504U0,C4orf46,201725
Q96L08,SUSD3,203328
Q86W50,METTL16,79066
Q9P0M9,MRPL27,51264
Q9GZP8,C19orf33,64073
Q6PI77,BHLHB9,80823
Q8NG66,NEK11,79858
Q9H8W4,PLEKHF2,79666
Q9NPH9,IL26,55801
Q6WRI0,IGSF10,285313
P09630,HOXC6,3223
O96001,PPP1R17,10842
Q99784,OLFM1,10439
Q96BZ8,LENG1,79165
O00534,VWA5A,4013
Q6GMR7,FAAH2,158584
Q9BVS4,RIOK2,55781
Q15404,RSU1,6251
P19087,GNAT2,2780
-,TP53TG1,11257
Q14320,FAM50A,9130
Q14644,RASA3,22821
Q9BRR9,ARHGAP9,64333
Q9H2M3,BHMT2,23743
Q9Y3Y2,CHTOP,26097
Q8WYA0,IFT81,28981
Q8NBS9,TXNDC5,81567
Q15622,OR7A5,26659
-,LOC142937,142937
Q14129,DGCR6,8214
Q9Y546,LRRC42,115353
O75438,NDUFB1,4707
Q9BZ67,FRMD8,83786
Q6P1S2,C3orf33,285315
Q8ND71,GIMAP8,155038
Q5TGY3,AHDC1,27245
P42126,ECI1,1632
Q9BXD5,NPL,80896
Q96EL3,MRPL53,116540
Q6IPW1,C11orf71,54494
Q96LR4,FAM19A4,151647
Q8IXP5,C11orf53,341032
Q8N5C7,DTWD1,56986
O95139,NDUFB6,4712
Q16772,GSTA3,2940
Q9UET6,FTSJ1,24140
Q16560,SNRNP35,11066
Q8NCE2,MTMR14,64419
Q9H3Q1,CDC42EP4,23580
-,FRG1B,284802
Q8N0Z8,PUSL1,126789
Q8TAV5,C11orf45,219833
O95256,IL18RAP,8807
Q00604,NDP,4693
Q9H579,MROH8,140699
Q9UPQ3,AGAP1,116987
Q8IWB9,TEX2,55852
Q86WR7,PROSER2,254427
Q13875,MOBP,4336
P51513,NOVA1,4857
O43151,TET3,200424
Q7Z2W4,ZC3HAV1,56829
Q8NGJ1,OR4D6,219983
Q8IYB0,LOC403312,403312
O95988,TCL1B,9623
Q8N4H5,TOMM5,401505
Q7Z2F6,ZNF720,124411
P02042,HBD,3045
O95976,IGSF6,10261
Q9HAN9,NMNAT1,64802
-,TBC1D3P2,440452
Q8IV03,LURAP1L,286343
A8K0R7,ZNF839,55778
Q9BQ04,RBM4B,83759
P09001,MRPL3,11222
Q96P69,GPR78,27201
Q96FQ6,S100A16,140576
Q9Y234,LIPT1,51601
P05162,LGALS2,3957
Q9BW72,HIGD2A,192286
Q8NHR7,C15orf43,145645
Q5NDL2,EOGT,285203
Q8IUE6,HIST2H2AB,317772
Q96EL1,FAM212A,389119
P13725,OSM,5008
Q9BPX6,MICU1,10367
Q9BRR8,GPATCH1,55094
Q92901,RPL3L,6123
Q9Y5K3,PCYT1B,9468
Q9BRQ6,CHCHD6,84303
P78383,SLC35B1,10237
Q7Z3G6,PRICKLE2,166336
Q9H2A7,CXCL16,58191
Q9BVM2,DPCD,25911
Q8IV53,DENND1C,79958
O95758,PTBP3,9991
Q9NQE9,HINT3,135114
Q8NA70,FAM47B,170062
Q7Z3E5,ARMC9,80210
Q6NT76,HMBOX1,79618
-,EP400NL,347918
Q9ULQ0,STRIP2,57464
Q9NXS2,QPCTL,54814
Q9Y2B4,TP53TG5,27296
Q96GZ6,SLC41A3,54946
Q9BZC1,CELF4,56853
Q8ND61,C3orf20,84077
Q8WXW3,PIBF1,10464
Q8IYD1,GSPT2,23708
P37802,TAGLN2,8407
Q86YS6,RAB43,339122
Q9Y399,MRPS2,51116
P20062,TCN2,6948
P48169,GABRA4,2557
Q86YH6,PDSS2,57107
Q9NSE4,IARS2,55699
O95433,AHSA1,10598
O60313,OPA1,4976
P45379,TNNT2,7139
Q96AT1,KIAA1143,57456
Q96D59,RNF183,138065
Q8TDQ1,CD300LF,146722
Q8IUX1,TMEM126B,55863
Q9BT30,ALKBH7,84266
Q2M2I8,AAK1,22848
Q12951,FOXI1,2299
Q96PY5,FMNL2,114793
Q9HBI0,PARVG,64098
Q86UX7,FERMT3,83706
Q9UGM6,WARS2,10352
P30042,C21orf33,8209
Q8NES3,LFNG,3955
Q14031,COL4A6,1288
Q6NUI1,CCDC144NL,339184
Q9Y691,KCNMB2,10242
Q96MN5,TCEANC2,127428
P14902,IDO1,3620
Q9BYC9,MRPL20,55052
P08118,MSMB,4477
Q4G0X9,CCDC40,55036
Q5MNZ6,WDR45B,56270
Q8N4Y2,CRACR2B,283229
Q9Y614,ACTL7B,10880
P13232,IL7,3574
P0DMM9|P0DMN0,SULT1A3,6818
Q53RE8,ANKRD39,51239
Q8N365,CIART,148523
Q9BZJ8,GPR61,83873
Q71UI9,H2AFV,94239
Q6ZMY6,WDR88,126248
Q13258,PTGDR,5729
P01233,CGB,1082
O60830,TIMM17B,10245
Q96MX0,CMTM3,123920
Q86W33,TPRA1,131601
P60508,ERVFRD-1,405754
Q9Y617,PSAT1,29968
Q9P0S3,ORMDL1,94101
-,BAALC-AS2,157556
Q96DP5,MTFMT,123263
Q99999,GAL3ST1,9514
Q9Y458,TBX22,50945
Q8N427,NME8,51314
Q9UNQ2,DIMT1,27292
Q4AE62,GTDC1,79712
Q6NUM9,RETSAT,54884
Q2QL34,MPV17L,255027
-,AFG3L1P,172
Q9H2A2,ALDH8A1,64577
P57076,C21orf59,56683
Q8IV33,KIAA0825,285600
Q96G30,MRAP2,112609
P10915,HAPLN1,1404
Q8N5S9,CAMKK1,84254
-,DSCR9,257203
Q5T2P8|P13928,ANXA8,653145
Q99755,PIP5K1A,8394
Q9H426,RIMS4,140730
Q6ZRI6,C15orf39,56905
Q13068,GAGE1,2543
Q8NAT1,POMGNT2,84892
Q01524,DEFA6,1671
Q9UN70,PCDHGC3,5098
Q8TCT0,CERK,64781
-,WASH3P,374666
Q9BUN5,CCDC28B,79140
Q969T3,SNX21,90203
P22749,GNLY,10578
Q9UN72,PCDHA7,56141
Q96JX3,SERAC1,84947
P34897,SHMT2,6472
O76013,KRT36,8689
Q7Z2T5,TRMT1L,81627
P51580,TPMT,7172
Q68CQ4,DIEXF,27042
Q9NWZ8,GEMIN8,54960
Q9UBI4,STOML1,9399
Q96AQ9,FAM131C,348487
Q96NT3,GUCD1,83606
Q8NEA5,C19orf18,147685
Q9UKB3,DNAJC12,56521
Q6IC98,GRAMD4,23151
O95394,PGM3,5238
P38117,ETFB,2109
Q5KU26,COLEC12,81035
Q9Y5F6,PCDHGC5,56097
P57729,RAB38,23682
Q6NSI8,KIAA1841,84542
O14495,PPAP2B,8613
Q9BZQ4,NMNAT2,23057
Q9H6K4,OPA3,80207
A8K4G0,CD300LB,124599
O43291,SPINT2,10653
Q9H0K6,PUS7L,83448
Q8N865,C7orf31,136895
Q8WW32,HMGB4,127540
Q8N987,NECAB1,64168
P05451,REG1A,5967
Q8NCV1,ADAD2,161931
Q8WWF8,CAPSL,133690
-,BIN3-IT1,80094
Q13324,CRHR2,1395
O75602,SPAG6,9576
Q9ULW5,RAB26,25837
Q99616,CCL13,6357
P11245,NAT2,10
O43181,NDUFS4,4724
P62269,RPS18,6222
Q8IVF7,FMNL3,91010
P41587,VIPR2,7434
P17029,ZKSCAN1,7586
Q9BW91,NUDT9,53343
P05000,IFNW1,3467
Q6ZUJ4,C3orf62,375341
Q96FK6,WDR89,112840
Q9BQW3,EBF4,57593
Q8N5J4,SPIC,121599
Q9UJ90,KCNE1L,23630
Q5VYS8,ZCCHC6,79670
Q8NA19,L3MBTL4,91133
Q8TBC5,ZSCAN18,65982
Q6PH85,DCUN1D2,55208
Q6NVV7,CDPF1,150383
Q8TAX9,GSDMB,55876
Q2TAA8,TSNAXIP1,55815
O15547,P2RX6,9127
Q96E11,MRRF,92399
O14556,GAPDHS,26330
Q96CB8,INTS12,57117
Q8NEQ6,C1orf64,149563
Q12797,ASPH,444
Q6P1K1,SLC48A1,55652
Q86V25,VASH2,79805
Q5BJF2,TMEM97,27346
P42765,ACAA2,10449
Q6ZTN6,ANKRD13D,338692
Q9NS86,LANCL2,55915
P61236,YPEL3,83719
Q9NQ88,C12orf5,57103
Q5T5N4,C6orf118,168090
P08319,ADH4,127
Q9BY44,EIF2A,83939
Q96M91,CFAP53,220136
O75920,SERF1A,8293
Q96BZ9,TBC1D20,128637
Q86UC2,RSPH3,83861
Q92772,CDKL2,8999
Q8WV48,CCDC107,203260
Q7Z3Z2,RD3,343035
Q9NYU1,UGGT2,55757
P62079,TSPAN5,10098
Q96JJ7,TMX3,54495
P04066,FUCA1,2517
P56211,ARPP19,10776
Q9NSK7,C19orf12,83636
P34949,MPI,4351
Q6ISB3,GRHL2,79977
Q13939,CCIN,881
B2RC85,RSPH10B2,728194
Q8TC36,SUN5,140732
Q9BSU1,C16orf70,80262
Q8WVP5,TNFAIP8L1,126282
P56880,CLDN20,49861
Q9H8H0,NOL11,25926
Q9BYJ0,FGFBP2,83888
Q9H6Q4,NARFL,64428
Q96AB3,ISOC2,79763
Q9BRC7,PLCD4,84812
P09912,IFI6,2537
Q9H3Y0,R3HDML,140902
Q9NWU1,OXSM,54995
Q9P0K8,FOXJ2,55810
Q6DN12,MCTP2,55784
Q8WW52,FAM151A,338094
Q8NCB2,CAMKV,79012
Q9Y4W6,AFG3L2,10939
Q96LM6,TEX37,200523
Q9HC38,GLOD4,51031
Q96PE7,MCEE,84693
Q9P086,MED11,400569
Q02338,BDH1,622
A6ZKI3,FAM127A,8933
P32019,INPP5B,3633
Q9BRT6,LLPH,84298
Q0VDD8,DNAH14,127602
Q9BRK5,SDF4,51150
O43555,GNRH2,2797
Q8NEY1,NAV1,89796
O43402,EMC8,10328
O95857,TSPAN13,27075
P39900,MMP12,4321
Q7Z6M4,MTERF4,130916
O95164,UBL3,5412
Q6IAN0,DHRS7B,25979
Q9UBG7,RBPJL,11317
Q8TDQ0,HAVCR2,84868
Q9H0W9,C11orf54,28970
Q7L985,LINGO2,158038
-,CXXC4,80319
Q86UD3,MARCH3,115123
P51157,RAB28,9364
Q96GR2,ACSBG1,23205
Q9H596,DUSP21,63904
Q9Y274,ST3GAL6,10402
Q9NSG2,C1orf112,55732
A5D6W6,FITM1,161247
P17050,NAGA,4668
Q96E09,FAM122A,116224
O95833,CLIC3,9022
Q9NXF8,ZDHHC7,55625
Q6NXR0,IRGC,56269
Q86V87,FAM160B2,64760
O60268,KIAA0513,9764
Q9BSA9,TMEM175,84286
Q6DD88,ATL3,25923
Q8TE77,SSH3,54961
Q86WW8,COA5,493753
Q7L5A3,FAM214B,80256
-,LOC90768,90768
P16118,PFKFB1,5207
Q9HA64,FN3KRP,79672
Q9BRX8,FAM213A,84293
Q01973,ROR1,4919
Q9UKQ9,KLK9,284366
Q8N5M9,JAGN1,84522
Q9Y365,STARD10,10809
O75069,TMCC2,9911
Q9Y2B0,CNPY2,10330
Q9Y586,MAB21L2,10586
Q96C19,EFHD2,79180
Q9P0W8,SPATA7,55812
Q9NVR5,DNAAF2,55172
Q15726,KISS1,3814
Q6UWU2,GLB1L,79411
O43897,TLL1,7092
Q93070,ART4,420
Q49A88,CCDC14,64770
-,METTL8,79828
P58499,FAM3B,54097
Q9Y675,SNURF,8926
Q9NPL8,TIMMDC1,51300
Q9NPC8,SIX2,10736
Q9BWS9,CHID1,66005
O75223,GGCT,79017
Q8IVW6,ARID3B,10620
Q86TS9,MRPL52,122704
A1E959,ODAM,54959
O75414,NME6,10201
Q7Z4W1,DCXR,51181
Q8TEA7,TBCK,93627
Q8TAA1,RNASE11,122651
Q9BUA6,MYL10,93408
Q9H361,PABPC3,5042
Q53FP2,TMEM35,59353
Q8N841,TTLL6,284076
Q5HYI8,RABL3,285282
Q8N6Q8,METTL25,84190
-,LOC554223,554223
P01308,INS,3630
P36980,CFHR2,3080
Q8N4U5,TCP11L2,255394
Q96N20,ZNF75A,7627
P08637,FCGR3A,2214
Q9P121,NTM,50863
Q9Y587,AP4S1,11154
Q9H299,SH3BGRL3,83442
Q9NRA2,SLC17A5,26503
P49419,ALDH7A1,501
Q9HCJ6,VAT1L,57687
Q96E29,MTERF3,51001
Q460N3,PARP15,165631
P56705,WNT4,54361
Q6P4E1,CASC4,113201
Q5T0L3,C1orf111,284680
P47775,GPR12,2835
Q8IYX1,TBC1D21,161514
-,NUDT16P1,152195
Q9NY33,DPP3,10072
Q8IYN2,TCEAL8,90843
Q5H8A4,PIGG,54872
Q9HAW8,UGT1A10,54575
O95715,CXCL14,9547
Q96FN9,DTD2,112487
Q16647,PTGIS,5740
Q8N3Z3,GTPBP8,29083
Q7L592,NDUFAF7,55471
O95081,AGFG2,3268
Q6UWN8,SPINK6,404203
Q12774,ARHGEF5,7984
Q5JRV8,TMEM255A,55026
O43819,SCO2,9997
Q01362,MS4A2,2206
P05015,IFNA16,3449
Q9BRS2,RIOK1,83732
O43347,MSI1,4440
Q9H6K1,C6orf106,64771
Q6UW02,CYP20A1,57404
Q5TZF3,ANKRD45,339416
Q9NWW6,NMRK1,54981
O60359,CACNG3,10368
Q969Y0,NXPE3,91775
-,HCP5,10866
O43169,CYB5B,80777
Q709F0,ACAD11,84129
Q9NUJ1,ABHD10,55347
Q92688,ANP32B,10541
Q8N5I4,DHRSX,207063
P07311,ACYP1,97
Q7Z3D6,C14orf159,80017
Q86VF5,MOGAT3,346606
-,OSTCP1,202459
P60409,KRTAP10-7,386675
Q9NVS9,PNPO,55163
Q9UHV5,RAPGEFL1,51195
P13797,PLS3,5358
Q8N682,DRAM1,55332
Q7Z624,CAMKMT,79823
Q9Y615,ACTL7A,10881
P15428,HPGD,3248
Q9NP61,ARFGAP3,26286
Q8WUD1,RAB2B,84932
Q15120,PDK3,5165
Q16773,CCBL1,883
P41231,P2RY2,5029
Q7Z7H3,CATIP,375307
Q96LD4,TRIM47,91107
Q96LT7,C9orf72,203228
Q8IYM1,SEPT12,124404
Q6P9H5,GIMAP6,474344
Q56VL3,OCIAD2,132299
Q8WUX2,CHAC2,494143
O43676,NDUFB3,4709
Q96BJ3,AIDA,64853
Q96KN2,CNDP1,84735
Q155Q3,DIXDC1,85458
Q15125,EBP,10682
Q96QD8,SLC38A2,54407
Q9BUH6,C9orf142,286257
Q6UX06,OLFM4,10562
Q9BYT8,NLN,57486
P15514,AREG,374
Q9P0P8,C6orf203,51250
Q8TCP9,FAM200A,221786
Q8NC06,ACBD4,79777
Q15772,SPEG,10290
Q96P70,IPO9,55705
P50990,CCT8,10694
Q92519,TRIB2,28951
Q2M2E3,ODF4,146852
Q8N112,LSMEM2,132228
Q96GC5,MRPL48,51642
-,HRASLS,57110
P01569,IFNA5,3442
Q6E0U4,DMKN,93099
P32119,PRDX2,7001
Q0VDI3,C5orf28,64417
Q8NA03,FSIP1,161835
P05976,MYL1,4632
Q9Y279,VSIG4,11326
P40199,CEACAM6,4680
Q6UW56,ATRAID,51374
P32881,IFNA8,3445
Q96GE9,TMEM261,90871
Q02083,NAAA,27163
Q9BV73,CEP250,11190
Q53FT3,C11orf73,51501
Q9NPI5,NMRK2,27231
Q9H1M0,NUP62CL,54830
Q8IV76,PASD1,139135
Q6U7Q0,ZNF322,79692
Q8IXQ8,PDZD9,255762
P78508,KCNJ10,3766
Q8WZ55,BSND,7809
A2A2V5,SERTM1,400120
Q9H6L5,FAM134B,54463
Q8N8F7,LSMEM1,286006
Q6V702,C4orf22,255119
Q8TEQ8,PIGO,84720
Q92478,CLEC2B,9976
Q8NC54,C5orf15,56951
Q8IXX5,TMEM183A,92703
-,SCAND2P,54581
Q9UBY5,LPAR3,23566
-,LINC00663,284440
P09228,CST2,1470
P13073,COX4I1,1327
O95561,C1orf105,92346
Q9Y3E2,BOLA1,51027
Q8WWC4,C2orf47,79568
P22794,EVI2A,2123
P54760,EPHB4,2050
P01213,PDYN,5173
Q96PI1,SPRR4,163778
Q14CX5,TMEM180,79847
Q53H76,PLA1A,51365
-,HERC2P9,440248
O75306,NDUFS2,4720
Q8TAV4,STOML3,161003
Q3T906,GNPTAB,79158
P98173,FAM3A,60343
Q8NB37,PDDC1,347862
Q58DX5,NAALADL2,254827
Q8N1N5,CRIPAK,285464
P10632,CYP2C8,1558
Q13325,IFIT5,24138
Q96JB6,LOXL4,84171
Q9Y2H9,MAST1,22983
Q8NFQ8|Q9H496,TOR1AIP2,163590
Q86V24,ADIPOR2,79602
Q96A54,ADIPOR1,51094
Q9Y285,FARSA,2193
Q9Y2X0,MED16,10025
Q9UHV7,MED13,9969
P09661,SNRPA1,6627
P61160,ACTR2,10097
Q9P2J5,LARS,51520
Q6P1X5,TAF2,6873
P08559,PDHA1,5160
Q06265,EXOSC9,5393
P62906,RPL10A,4736
P46778,RPL21,6144
P62424,RPL7A,6130
P26373,RPL13,6137
P62753,RPS6,6194
P50991,CCT4,10575
P59998,ARPC4,10093
P56192,MARS,4141
Q16181,SEPT7,989
Q9H9Y6,POLR1B,84172
Q7RTV0,PHF5A,84844
P05388,RPLP0,6175
Q6P2C8,MED27,9442
Q9NVA2,SEPT11,55752
Q92925,SMARCD2,6603
P62917,RPL8,6132
O43583,DENR,8562
Q15436,SEC23A,10484
Q96A72,MAGOHB,55110
Q96IJ6,GMPPA,29926
Q9NQP4,PFDN4,5203
P49642,PRIM1,5557
P50914,RPL14,9045
Q07020,RPL18,6141
P18621,RPL17,6139
P84098,RPL19,6143
P83731,RPL24,6152
P61353,RPL27,6155
P46776,RPL27A,6157
P39023,RPL3,6122
P62841,RPS15,6209
P62244,RPS15A,6210
P0CW22|P08708,RPS17,6218
P62266,RPS23,6228
P62847,RPS24,6229
P46782,RPS5,6193
P62241,RPS8,6202
O43324,EEF1E1,9521
P06576,ATP5B,506
Q96S52,PIGS,94005
Q9BZD4,NUF2,83540
P24539,ATP5F1,515
P13639,EEF2,1938
P52597,HNRNPF,3185
Q9Y2V7,COG6,57511
Q13347,EIF3I,8668
Q9BWJ5,SF3B5,83443
P63173,RPL38,6169
P62072,TIMM10,26519
P53597,SUCLG1,8802
Q14697,GANAB,23193
Q9UHB9,SRP68,6730
Q96FX7,TRMT61A,115708
Q9NW08,POLR3B,55703
Q9BS18,ANAPC13,25847
P62910,RPL32,6161
O75251,NDUFS7,374291
O00217,NDUFS8,4728
Q16795,NDUFA9,4704
Q4G0F5,VPS26B,112936
Q9Y2X3,NOP58,51602
P28331,NDUFS1,4719
P49821,NDUFV1,4723
P62273,RPS29,6235
O43674,NDUFB5,4711
Q92620,DHX38,9785
O43143,DHX15,1665
P18859,ATP5J,522
Q9H0H0,INTS2,57508
Q9NUG6,PDRG1,81572
O95168,NDUFB4,4710
Q13243,SRSF5,6430
P68366,TUBA4A,7277
O96000,NDUFB10,4716
O95299,NDUFA10,4705
Q9NVH2,INTS7,25896
Q86YP4,GATAD2A,54815
O75380,NDUFS6,4726
P17568,NDUFB7,4713
O14979,HNRNPDL,9987
Q9BYD2,MRPL9,65005
Q9P015,MRPL15,29088
Q9Y3D9,MRPS23,51649
P41250,GARS,2617
P31040,SDHA,6389
P13804,ETFA,2108
P02533,KRT14,3861
P09622,DLD,1738
Q9NR30,DDX21,9188
Q86W42,THOC6,79228
Q96J01,THOC3,84321
P05141,SLC25A5,292
Q9BRX5,GINS3,64785
Q9UKF6,CPSF3,51692
P39656,DDOST,1650
O76021,RSL1D1,26156
Q9BZJ0,CRNKL1,51340
O00571,DDX3X,1654
Q9NW13,RBM28,55131
Q96HW7,INTS4,92105
P49756,RBM25,58517
Q9HCE1,MOV10,4343
Q9BZE1,MRPL37,51253
Q9NX20,MRPL16,54948
Q9NYK5,MRPL39,54148
Q92552,MRPS27,23107
Q9Y676,MRPS18B,28973
P20839,IMPDH1,3614
Q9Y5K8,ATP6V1D,51382
O75494,SRSF10,10772
Q9Y3I0,RTCB,51493
Q86U44,METTL3,56339
P35527,KRT9,3857
P21283,ATP6V1C1,528
P40939,HADHA,3030
Q9BQE3,TUBA1C,84790
Q13151,HNRNPA0,10949
P49588,AARS,16
P08574,CYC1,1537
Q7Z460,CLASP1,23332
O14957,UQCR11,10975
P14927,UQCRB,7381
P37837,TALDO1,6888
P48047,ATP5O,539
P51659,HSD17B4,3295
Q9P0V9,SEPT10,151011
P22102,GART,2618
Q8N684,CPSF7,79869
P21912,SDHB,6390
P49411,TUFM,7284
Q9H0U3,MAGT1,84061
P51991,HNRNPA3,220988
Q6UX04,CWC27,10283
Q9UKM9,RALY,22913
Q7L014,DDX46,9879
Q92616,GCN1L1,10985
P42285,SKIV2L2,23517
Q9ULR0,ISY1,57461
P55081,MFAP1,4236
Q9NYV4,CDK12,51755
Q6P1L8,MRPL14,64928
Q9BYC8,MRPL32,64983
Q9NQ50,MRPL40,64976
Q9Y2R9,MRPS7,51081
Q9BYD1,MRPL13,28998
Q8IXM3,MRPL41,64975
P82675,MRPS5,64969
P82650,MRPS22,56945
Q5T653,MRPL2,51069
Q16540,MRPL23,6150
Q7Z2W9,MRPL21,219927
Q9HD33,MRPL47,57129
Q4U2R6,MRPL51,51258
-,MRPL45,84311
P82912,MRPS11,64963
Q7Z7F7,MRPL55,128308
P43243,MATR3,9782
Q8N983,MRPL43,84545
Q8N5N7,MRPL50,54534
Q14562,DHX8,1659
Q9Y3D3,MRPS16,51021
Q6P161,MRPL54,116541
P82664,MRPS10,55173
P82663,MRPS25,64432
Q92747,ARPC1A,10552
-,HSP90AA2P,3324
P21281,ATP6V1B2,526
Q9Y224,C14orf166,51637
Q12996,CSTF3,1479
O95486,SEC24A,10802
O43818,RRP9,9136
Q9BVK6,TMED9,54732
Q15437,SEC23B,10483
Q00266,MAT1A,4143
P00558,PGK1,5230
Q9H0A0,NAT10,55226
O94826,TOMM70A,9868
Q9NP97,DYNLRB1,83658
Q96QV6,HIST1H2AA,221613
Q9BYG3,NIFK,84365
Q9NU22,MDN1,23195
P11586,MTHFD1,4522
P62987,UBA52,7311
Q9NSD9,FARSB,10056
Q9NZ32,ACTR10,55860
Q9NUL7,DDX28,55794
P27708,CAD,790
Q8IVS2,MCAT,27349
P04075,ALDOA,226
Q7KZN9,COX15,1355
O15131,KPNA5,3841
Q7L2E3,DHX30,22907
P34931,HSPA1L,3305
Q00325,SLC25A3,5250
P35908,KRT2,3849
Q9Y512,SAMM50,25813
Q9NRX1,PNO1,56902
Q9UP38,FZD1,8321
P38606,ATP6V1A,523
Q5T6F2,UBAP2,55833
O75844,ZMPSTE24,10269
P24752,ACAT1,38
P19105,MYL12A,10627
Q96L21,RPL10L,140801
P07339,CTSD,1509
P60981,DSTN,11034
Q9UKY7,CDV3,55573
Q4G0N4,NADK2,133686
-,RPLP0P6,220717
O95104,SCAF4,57466
Q9BYN0,SRXN1,140809
Q9UBQ7,GRHPR,9380
P55809,OXCT1,5019
Q9BU02,THTPA,79178
P52888,THOP1,7064
Q9NXH9,TRMT1,55621
O75792,RNASEH2A,10535
Q5TBB1,RNASEH2B,79621
Q9Y6Y8,SEC23IP,11196
Q9C0B0,UNK,85451
Q9Y3A5,SBDS,51119
Q99622,C12orf57,113246
O43865,AHCYL1,10768
Q96BR5,COA7,65260
Q9Y4C8,RBM19,9904
Q8IWZ8,SUGP1,57794
Q92665,MRPS31,10240
Q92520,FAM3C,10447
Q12857,NFIA,4774
Q9Y3A4,RRP7A,27341
Q9NTZ6,RBM12,10137
Q15434,RBMS2,5939
P50897,PPT1,5538
Q8N2U0,TMEM256,254863
Q9H1C7,CYSTM1,84418
Q5UIP0,RIF1,55183
Q9NQR4,NIT2,56954
Q3ZCQ8,TIMM50,92609
Q70CQ2,USP34,9736
P20671,HIST1H2AD,3013
Q9H2H8,PPIL3,53938
-,RPS10P5,93144
Q9H2W6,MRPL46,26589
Q96TC7,RMDN3,55177
P04818,TYMS,7298
P39210,MPV17,4358
P43897,TSFM,10102
Q10471,GALNT2,2590
P50225,SULT1A1,6817
Q16719,KYNU,8942
Q9HCE5,METTL14,57721
Q2NL82,TSR1,55720
Q8IX01,SUGP2,10147
Q13423,NNT,23530
O95881,TXNDC12,51060
Q53H82,LACTB2,51110
Q9H009,NACA2,342538
Q9Y6H1,CHCHD2,51142
P82673,MRPS35,60488
O75691,UTP20,27340
Q9BWM7,SFXN3,81855
P23526,AHCY,191
Q5JRX3,PITRM1,10531
Q8TCY9,URGCP,55665
Q15050,RRS1,23212
Q9UMR5,PPT2,9374
P11117,ACP2,53
Q13421,MSLN,10232
Q8NHP8,PLBD2,196463
Q9NUT2,ABCB8,11194
Q9Y597,KCTD3,51133
Q96DM3,C18orf8,29919
Q96AG3,SLC25A46,91137
Q9P2N5,RBM27,54439
Q14166,TTLL12,23170
O75396,SEC22B,9554
Q8IX18,DHX40,79665
-,INTS4P2,644619
P23743,DGKA,1606
Q9UMX5,NENF,29937
Q96CN5,LRRC45,201255
Q9H9A6,LRRC40,55631
O15067,PFAS,5198
-,HSP90AB3P,3327
-,LOC255308,255308
Q9Y2Q9,MRPS28,28957
Q969G5,PRKCDBP,112464
Q9UHB4,NDOR1,27158
Q9NZ45,CISD1,55847
Q01581,HMGCS1,3157
A8MQ03,CYSRT1,375791
Q02127,DHODH,1723
Q15067,ACOX1,51
P10619,CTSA,5476
Q13636,RAB31,11031
Q8IY81,FTSJ3,117246
Q86TX2,ACOT1,641371
Q14004,CDK13,8621
Q96EH3,MALSU1,115416
P33527,ABCC1,4363
P29558,RBMS1,5937
Q96A26,FAM162A,26355
Q8N806,UBR7,55148
Q9H2U1,DHX36,170506
P12035,KRT3,3850
Q16643,DBN1,1627
Q9BU61,NDUFAF3,25915
Q9UP95,SLC12A4,6560
Q99829,CPNE1,8904
P55786,NPEPPS,9520
P13796,LCP1,3936
Q15363,TMED2,10959
P41214,EIF2D,1939
Q9NUW8,TDP1,55775
O43716,GATC,283459
Q8N2C7,UNC80,285175
A0MZ66,KIAA1598,57698
Q9BWD1,ACAT2,39
Q9ULV4,CORO1C,23603
Q5VZK9,LRRC16A,55604
Q8IXI1,RHOT2,89941
O14617,AP3D1,8943
Q96IR7,HPDL,84842
Q6N069,NAA16,79612
Q9H845,ACAD9,28976
Q9Y5X2,SNX8,29886
Q9Y247,FAM50B,26240
B0I1T2,MYO1G,64005
Q9BTF0,THUMPD2,80745
Q6IQ26,DENND5A,23258
Q8IWX8,CHERP,10523
Q8NFJ5,GPRC5A,9052
P47985,UQCRFS1,7386
O00584,RNASET2,8635
Q2TAY7,SMU1,55234
P26639,TARS,6897
Q9H9B4,SFXN1,94081
Q5T8P6,RBM26,64062
O15355,PPM1G,5496
-,HSP90AB2P,391634
-,HSP90AA5P,730211
P57772,EEFSEC,60678
Q86YQ8,CPNE8,144402
Q53HV7,SMUG1,23583
Q9NP58,ABCB6,10058
Q9NWU5,MRPL22,29093
O60610,DIAPH1,1729
Q15005,SPCS2,9789
Q8IVD9,NUDCD3,23386
Q9NXG2,THUMPD1,55623
Q9H3U1,UNC45A,55898
Q5VT66,MARC1,64757
P46019,PHKA2,5256
Q9NPJ3,ACOT13,55856
Q9P0T7,TMEM9,252839
P52824,DGKQ,1609
Q3LXA3,DAK,26007
Q9UHL4,DPP7,29952
Q9GZT3,SLIRP,81892
Q9NRK6,ABCB10,23456
Q16626,MEA1,4201
Q9UGU5,HMGXB4,10042
Q15084,PDIA6,10130
P49755,TMED10,10972
P50416,CPT1A,1374
P18583,SON,6651
P25325,MPST,4357
Q9BSJ8,ESYT1,23344
Q8TAE6,PPP1R14C,81706
Q9BZX2,UCK2,7371
P42892,ECE1,1889
Q9Y3D0,FAM96B,51647
P16989,YBX3,8531
Q15800,MSMO1,6307
P67936,TPM4,7171
Q96ER3,SAAL1,113174
Q9P0U1,TOMM7,54543
P32320,CDA,978
Q2M296,MTHFSD,64779
P17066,HSPA6,3310
Q9Y5J7,TIMM9,26520
Q5SNT6|Q641Q2,FAM21A,387680
O00625,PIR,8544
Q7Z478,DHX29,54505
Q6FI81,CIAPIN1,57019
O14548,COX7A2L,9167
P31327,CPS1,1373
P55084,HADHB,3032
P53634,CTSC,1075
Q29980,MICB,4277
P17812,CTPS1,1503
P56385,ATP5I,521
Q8IY37,DHX37,57647
Q9Y4L1,HYOU1,10525
P58107,EPPK1,83481
Q15293,RCN1,5954
Q9BZZ5,API5,8539
P98179,RBM3,5935
A9UHW6,MIF4GD,57409
P15328,FOLR1,2348
O14772,FPGT,8790
Q5TFE4,NT5DC1,221294
Q09666,AHNAK,79026
Q92621,NUP205,23165
O95757,HSPA4L,22824
O00425,IGF2BP3,10643
Q9Y5Y2,NUBP2,10101
Q6PI78,TMEM65,157378
Q93050,ATP6V0A1,535
Q9NXW2,DNAJB12,54788
Q8N5M4,TTC9C,283237
P46020,PHKA1,5255
P36915,GNL1,2794
Q96RD0,OR8B2,26595
Q66GS9,CEP135,9662
Q9NWH9,SLTM,79811
Q9NZI7,UBP1,7342
-,PMS2P1,5379
Q8NE86,MCU,90550
P08243,ASNS,440
P45877,PPIC,5480
Q9NYU2,UGGT1,56886
Q13488,TCIRG1,10312
P80723,BASP1,10409
Q9BR76,CORO1B,57175
O43414,ERI3,79033
Q9BUR4,WRAP53,55135
Q9BTT0,ANP32E,81611
Q9H2T7,RANBP17,64901
P27816,MAP4,4134
P35270,SPR,6697
Q9UBK7,RABL2A,11159
Q9H974,QTRTD1,79691
Q9BWF3,RBM4,5936
Q96K17,BTF3L4,91408
Q99536,VAT1,10493
Q9Y281,CFL2,1073
Q9Y237,PIN4,5303
-,PIPSL,266971
Q7Z2W7,TRPM8,79054
P30520,ADSS,159
P04632,CAPNS1,826
Q9H2M9,RAB3GAP2,25782
Q9NVG8,TBC1D13,54662
O00461,GOLIM4,27333
P55795,HNRNPH2,3188
Q9Y639,NPTN,27020
Q6UW78,UQCC3,790955
-,HSP90AA4P,3323
P09110,ACAA1,30
Q9UQ53,MGAT4B,11282
Q04760,GLO1,2739
O43166,SIPA1L1,26037
P06126,CD1A,909
Q14257,RCN2,5955
Q53S58,TMEM177,80775
P50213,IDH3A,3419
O15118,NPC1,4864
Q9H1B7,IRF2BPL,64207
O75794,CDC123,8872
Q8N1G4,LRRC47,57470
A6NIH7,UNC119B,84747
O75746,SLC25A12,8604
Q17RY0,CPEB4,80315
P37108,SRP14,6727
Q9UG63,ABCF2,10061
P51553,IDH3G,3421
P14314,PRKCSH,5589
Q6PIW4,FIGNL1,63979
-,POTEKP,440915
Q92544,TM9SF4,9777
Q01085,TIAL1,7073
Q9UL12,SARDH,1757
Q9NVK5,FGFR1OP2,26127
O14880,MGST3,4259
P30046|A6NHG4,DDTL,100037417
Q9UIU6,SIX4,51804
Q86XA9,HEATR5A,25938
Q9UNN8,PROCR,10544
Q03169,TNFAIP2,7127
Q9UKA9,PTBP2,58155
Q96EM0,L3HYPDH,112849
Q9NZC9,SMARCAL1,50485
Q9UGR2,ZC3H7B,23264
P21589,NT5E,4907
Q1KMD3,HNRNPUL2,221092
P54819,AK2,204
P35573,AGL,178
Q9H7Z7,PTGES2,80142
O14983,ATP2A1,487
Q01813,PFKP,5214
P48147,PREP,5550
Q14671,PUM1,9698
P11279,LAMP1,3916
A0FGR8,ESYT2,57488
-,UQCRFS1P1,100128525
Q9P258,RCC2,55920
P82909,MRPS36,92259
Q9BY32,ITPA,3704
P07954,FH,2271
Q9NYT0,PLEK2,26499
Q99707,MTR,4548
Q5XKP0,C19orf70,125988
Q9NQC8,IFT46,56912
Q9Y696,CLIC4,25932
P78316,NOP14,8602
Q6PJT7,ZC3H14,79882
Q9Y3D2,MSRB2,22921
Q8N183,NDUFAF2,91942
Q9UJA5,TRMT6,51605
Q9BYC5,FUT8,2530
Q14165,MLEC,9761
Q8IXT5,RBM12B,389677
Q14914,PTGR1,22949
Q6ZMR3,LDHAL6A,160287
P30837,ALDH1B1,219
O14949,UQCRQ,27089
Q6ICL3,TANGO2,128989
P02765,AHSG,197
P54289,CACNA2D1,781
P51649,ALDH5A1,7915
Q9BVL2,NUPL1,9818
Q99439,CNN2,1265
Q8TDW7,FAT3,120114
Q9H582,ZNF644,84146
Q96EV2,RBM33,155435
Q96NB2,SFXN2,118980
Q6ZMI0,PPP1R21,129285
-,PI4KA,5297
Q99757,TXN2,25828
Q6PJG2,ELMSAN1,91748
Q9H7X7,IFT22,64792
Q32P51,HNRNPA1L2,144983
Q9Y4G6,TLN2,83660
O96005,CLPTM1,1209
Q9NRS6,SNX15,29907
P00387,CYB5R3,1727
Q9ULL5,PRR12,57479
Q96PZ0,PUS7,54517
Q9NW82,WDR70,55100
O43709,WBSCR22,114049
P63313,TMSB10,9168
Q9BZF9,UACA,55075
Q96S19,C16orf13,84326
Q6ZUT9,DENND5B,160518
Q9H6A0,DENND2D,79961
Q15818,NPTX1,4884
Q96KA5,CLPTM1L,81037
Q12884,FAP,2191
Q9BV44,THUMPD3,25917
P35749,MYH11,4629
O43314,PPIP5K2,23262
O60812,HNRNPCL1,343069
Q9UPN3,MACF1,23499
Q15758,SLC1A5,6510
O75312,ZPR1,8882
Q9NVE7,PANK4,55229
O75616,ERAL1,26284
Q8TCS8,PNPT1,87178
O75526,RBMXL2,27288
P40227,CCT6A,908
P09972,ALDOC,230
Q9NQW6,ANLN,54443
Q8WXX5,DNAJC9,23234
Q6P3X3,TTC27,55622
P30566,ADSL,158
P53384,NUBP1,4682
Q9UJS0,SLC25A13,10165
Q96T76,MMS19,64210
O75368,SH3BGRL,6451
Q0VDF9,HSPA14,51182
Q9BRP7,FDXACB1,91893
Q8IVF2,AHNAK2,113146
Q9NVF7,FBXO28,23219
Q9Y277,VDAC3,7419
Q96QR8,PURB,5814
Q8N5C6,SRBD1,55133
Q6PHR2,ULK3,25989
O75935,DCTN3,11258
P10768,ESD,2098
Q96GA3,LTV1,84946
P30043,BLVRB,645
Q9NYD6,HOXC10,3226
O43813,LANCL1,10314
P54886,ALDH18A1,5832
Q9HBI1,PARVB,29780
P10606,COX5B,1329
Q9UDW1,UQCR10,29796
Q9NRX5,SERINC1,57515
Q8NBM4,UBAC2,337867
Q9NRW7,VPS45,11311
Q9H2F9,CCDC68,80323
-,TPM3P4,402643
O43808,SLC25A17,10478
P07919,UQCRH,7388
O75347,TBCA,6902
Q9H3K6,BOLA2B,654483
Q96FN4,CPNE2,221184
O43776,NARS,4677
Q8TDX6,CSGALNACT1,55790
Q9HD15,SRA1,10011
Q96Q11,TRNT1,51095
P15121,AKR1B1,231
Q9UJC5,SH3BGRL2,83699
Q8TCT9,HM13,81502
Q6P9B6,TLDC1,57707
O15305,PMM2,5373
Q9Y5L0,TNPO3,23534
Q9UIA9,XPO7,23039
Q9Y315,DERA,51071
Q5TC82,RC3H1,149041
Q8WVY7,UBLCP1,134510
P50747,HLCS,3141
P0DMM9|P0DMN0,SULT1A4,445329
Q6UW60,PCSK4,54760
Q9Y375,NDUFAF1,51103
Q9NSP4,CENPM,79019
Q96H22,CENPN,55839
Q96EX3,WDR34,89891
Q8WW43,APH1B,83464
Q7L7X3,TAOK1,57551
Q9H0W8,SMG9,56006
Q92540,SMG7,9887
Q13585,GPR50,9248
Q92903,CDS1,1040
Q8ND76,CCNY,219771
Q9UHR5,SAP30BP,29115
P17036,ZNF3,7551
Q9NQX6,ZNF331,55422
Q68DY1,ZNF626,199777
P28300,LOX,4015
P53539,FOSB,2354
P18564,ITGB6,3694
Q9BZW7,TSGA10,80705
Q96M94,KLHL15,80311
Q9HAV7,GRPEL1,80273
Q8NDZ2,SIMC1,375484
Q8IWA4,MFN1,55669
Q9UL25,RAB21,23011
Q9UJU5,FOXD3,27022
Q8TCQ1,MARCH1,55016
P60006,ANAPC15,25906
Q9UPU5,USP24,23358
Q7L8S5,OTUD6A,139562
Q8IWE4,DCUN1D3,123879
Q92564,DCUN1D4,23142
Q9BTE7,DCUN1D5,84259
Q8NCT1,ARRDC4,91947
Q9UBY8,CLN8,2055
Q96MH2,HEXIM2,124790
O00507,USP9Y,8287
Q9UH77,KLHL3,26249
Q9NVR0,KLHL11,55175
O75083,WDR1,9948
O75157,TSC22D2,9819
Q9BQB6,VKORC1,79001
Q8TCG1,KIAA1524,57650
Q96S21,RAB40C,57799
Q02643,GHRHR,2692
Q16873,LTC4S,4056
P20292,ALOX5AP,241
Q05469,LIPE,3991
O14975,SLC27A2,11001
Q9BQ52,ELAC2,60528
Q05682,CALD1,800
Q14188,TFDP2,7029
P08311,CTSG,1511
P56696,KCNQ4,9132
Q01850,CDR2,1039
Q8IZD4,DCP1B,196513
Q96F86,EDC3,80153
Q8N1V2,CFAP52,146845
Q9Y5Y4,PTGDR2,11251
Q86VZ6,JAZF1,221895
Q8N0Z2,ABRA,137735
Q6H8Q1,ABLIM2,84448
Q9NZQ7,CD274,29126
Q58F21,BRDT,676
Q92729,PTPRU,10076
Q6EMB2,TTLL5,23093
O60729,CDC14B,8555
Q5JR98,TCTEX1D4,343521
Q5SGD2,PPM1L,151742
P14222,PRF1,5551
Q9NW68,BSDC1,55108
Q8NBR6,FAM63B,54629
Q7Z5B4,RIC3,79608
Q2V2M9,FHOD3,80206
Q96B36,AKT1S1,84335
Q96JG8,MAGED4B,81557
Q9HAY2,MAGEF1,64110
P43366,MAGEB1,4112
Q5VWP3,MLIP,90523
P51124,GZMM,3004
Q02223,TNFRSF17,608
Q96I25,RBM17,84991
O15042,U2SURP,23350
O60306,AQR,9716
Q9BRD0,BUD13,84811
Q9Y388,RBMX2,51634
Q8WUD4,CCDC12,151903
Q9UJV9,DDX41,51428
Q9HCG8,CWC22,57703
O60508,CDC40,51362
Q14331,FRG1,2483
Q96DF8,DGCR14,8220
Q96NB3,ZNF830,91603
O43670,ZNF207,7756
Q8N302,AGGF1,55109
Q8WUA2,PPIL4,85313
Q13595,TRA2A,29896
O75061,DNAJC6,9829
Q8WVK2,SNRNP27,11017
Q96N46,TTC14,151613
O15541,RNF113A,7737
Q9NQ29,LUC7L,55692
Q2T9J0,TYSND1,219743
Q16671,AMHR2,269
P11801,PSKH1,5681
P80192,MAP3K9,4293
Q86VX9,MON1A,84315
Q7L1V2,MON1B,22879
P43490,NAMPT,10135
P03886,ND1,4535
Q01628,IFITM3,10410
Q86WI3,NLRC5,84166
Q8TCU6,PREX1,57580
Q70Z35,PREX2,80243
Q9H6E5,TUT1,64852
Q9NXR1,NDE1,54820
Q8NBP7,PCSK9,255738
Q9ULM6,CNOT6,57472
P08684,CYP3A4,1576
P49286,MTNR1B,4544
Q6IQ55,TTBK2,146057
Q8TAI7,RHEBL1,121268
Q8IV36,HID1,283987
Q53GT1,KLHL22,84861
O60759,CYTIP,9595
-,MAGEL2,54551
P05177,CYP1A2,1544
P05181,CYP2E1,1571
P11509,CYP2A6,1548
O96018,APBA3,9546
Q9H469,FBXL15,79176
P23470,PTPRG,5793
Q96IP4,FAM46A,55603
Q96KM6,ZNF512B,57473
Q9H2S5,RNF39,80352
O43772,SLC25A20,788
Q9NR77,PXMP2,5827
P0CL81|P0CL80|O76087|P0CL82,GAGE12I,26748
O15027,SEC16A,9919
Q13310,PABPC4,8761
Q6DD87,ZNF787,126208
Q92522,H1FX,8971
Q12798,CETN1,1068
Q2YD98,UVSSA,57654
-,CEP192,55125
Q6AZY7,SCARA3,51435
P41594,GRM5,2915
O95568,METTL18,92342
Q96G04,EEF2KMT,196483
P0C5J1,FAM86B2,653333
Q8IXQ9,METTL20,254013
Q8WXB1,METTL21A,151194
Q96AZ1,METTL21B,25895
Q5VZV1,METTL21C,196541
Q9H867,VCPKMT,79609
Q9BUU2,METTL22,79091
Q86XA0,METTL23,124512
O75420,GIGYF1,64599
Q86UK7,ZNF598,90850
P57059,SIK1,150094
Q9H5Z6,FAM124B,79843
Q96C28,ZNF707,286075
Q9BW04,C1orf116,79098
Q5T681,C10orf62,414157
Q8WWR8,NEU4,129807
P00167,CYB5A,1528
P41222,PTGDS,5730
Q9H788,SH2D4A,63898
Q9H8E8,CSRP2BP,57325
Q969Q4,ARL11,115761
Q9BSH5,HDHD3,81932
Q8WV99,ZFAND2B,130617
Q96QF0,RAB3IP,117177
Q6ZMV9,KIF6,221458
Q96LL4,C8orf48,157773
O95865,DDAH2,23564
Q96C03,MIEF2,125170
P52737,ZNF136,7695
Q8IVS8,GLYCTK,132158
O43167,ZBTB24,9841
Q96EN9,C19orf60,55049
Q8N1L9,BATF2,116071
Q96Q35,ALS2CR12,130540
Q8N9H8,EXD3,54932
A1XBS5,FAM92A1,137392
Q96PV6,LENG8,114823
Q15777,MPPED2,744
Q9NVF9,ETNK2,55224
Q9H078,CLPB,81570
Q9BS34,ZNF670,93474
Q8NFR7,CCDC148,130940
Q96GV9,C5orf30,90355
P14770,GP9,2815
Q96A09,FAM46B,115572
Q9ULZ1,APLN,8862
Q9BV99,LRRC61,65999
Q6UX72,B3GNT9,84752
Q12841,FSTL1,11167
P48594,SERPINB4,6318
Q659A1,ICE2,79664
Q9Y2F5,ICE1,23379
O00472,ELL2,22936
Q96CS4,ZNF689,115509
Q9GZY8,MFF,56947
Q01780,EXOSC10,5394
P11712,CYP2C9,1559
Q8NI35,INADL,10207
P18065,IGFBP2,3485
Q86UR1,NOXA1,10811
O14684,PTGES,9536
P04180,LCAT,3931
Q9NYF8,BCLAF1,9774
P34913,EPHX2,2053
Q19AV6,ZSWIM7,125150
Q6NVH7,SWSAP1,126074
Q96K83,ZNF521,25925
P78329,CYP4F2,8529
Q02928,CYP4A11,1579
P22352,GPX3,2878
P22455,FGFR4,2264
Q6PI26,SHQ1,55164
Q5TA89,HES5,388585
Q8NFJ9,BBS1,582
Q8IWZ6,BBS7,55212
Q6X4W1,NSMF,26012
Q99835,SMO,6608
Q8NHZ8,CDC26,246184
Q99932,SPAG8,26206
P24863,CCNC,892
P20718,GZMH,2999
Q6IMN6,CAPRIN2,65981
Q9NPY3,CD93,22918
P78559,MAP1A,4130
Q63HR2,TENC1,23371
Q9H6B4,CLMP,79827
O00481,BTN3A1,11119
Q6UX41,BTNL8,79908
O95971,CD160,11126
Q8TD46,CD200R1,131450
Q6UXZ3,CD300LD,100131439
Q96AP7,ESAM,90952
Q96PJ5,FCRL4,83417
Q5DX21,IGSF11,152404
Q96NY8,PVRL4,81607
Q13449,LSAMP,4045
Q6UWV2,MPZL3,196264
Q7Z3B1,NEGR1,257194
Q15238,PSG5,5673
Q9NYZ4,SIGLEC8,27181
Q9NQ25,SLAMF7,57823
Q495A1,TIGIT,201633
P48506,GCLC,2729
Q14201,BTG3,10950
Q92876,KLK6,5653
Q8N157,AHI1,54806
O60826,CCDC22,28952
Q8NCQ5,FBXO15,201456
O15033,AREL1,9870
O43508,TNFSF12,8742
Q15049,MLC1,23209
Q15848,ADIPOQ,9370
Q96TA2,YME1L1,10730
Q8TEA8,DTD1,92675
P0C6T2,OST4,100128731
Q96GD0,PDXP,57026
Q9Y2Q0,ATP8A1,10396
O43520,ATP8B1,5205
P98196,ATP11A,23250
Q9Y2G3,ATP11B,23200
Q8NB49,ATP11C,286410
Q92797,SYMPK,8189
O14921,RGS13,6003
P11150,LIPC,3990
P16233,PNLIP,5406
Q9H4X1,RGCC,28984
Q8TAK5,GABPB2,126626
O75503,CLN5,1203
Q6P047,C8orf74,203076
A5D8V7,CCDC151,115948
Q8IZU1,FAM9A,171482
Q8NEC7,GSTCD,79807
Q9BX10,GTPBP2,54676
Q8TBB5,KLHDC4,54758
-,OFCC1,266553
Q8N6K7,SAMD3,154075
Q8N4C7,STX19,415117
Q8N8U2,CDYL2,124359
Q8N1K5,THEMIS,387357
Q9HAQ2,KIF9,64147
P00973,OAS1,4938
Q9Y3A6,TMED5,50999
A7E2Y1,MYH7B,57644
O95260,ATE1,11101
Q9NWQ4,GPATCH2L,55668
Q6ZNL6,FGD5,152273
Q9C0F3,ZNF436,80818
Q9BS31,ZNF649,65251
P41218,MNDA,4332
-,RN7SK,125050
Q53H96,PYCRL,65263
Q8IX15,HOMEZ,57594
Q2TAC2,CCDC57,284001
P41219,PRPH,5630
Q9H814,PHAX,51808
Q15652,JMJD1C,221037
P12821,ACE,1636
Q8NAA4,ATG16L2,89849
Q9BQB4,SOST,50964
Q9H461,FZD8,8325
O15347,HMGB3,3149
Q3V6T2,CCDC88A,55704
Q12791,KCNMA1,3778
P16066,NPR1,4881
Q5VWQ8,DAB2IP,153090
P41595,HTR2B,3357
O15399,GRIN2D,2906
Q9NPC2,KCNK9,51305
P49685,GPR15,2838
Q96BN8,OTULIN,90268
Q8IZW8,TNS4,84951
P0CI25,TRIM49,57093
Q7LC44,ARC,23237
Q8WXC6,MYEOV2,150678
P23219,PTGS1,5742
-,PDR,5171
Q10586,DBP,1628
Q99941,ATF6B,1388
Q96BA8,CREB3L1,90993
Q9BX97,PLVAP,83483
Q8N6S4,ANKRD13C,81573
P10635,CYP2D6,1565
Q9H4G4,GLIPR2,152007
Q9BYF1,ACE2,59272
Q9NXI6,RNF186,54546
O95905,ECD,11319
O75398,DEAF1,10522
P08123,COL1A2,1278
P12109,COL6A1,1291
Q99675,CGRRF1,10668
Q9HBD1,RC3H2,54542
Q96BQ3,TRIM43,129868
Q8WVD5,RNF141,50862
Q96A37,RNF166,115992
Q13064,MKRN3,7681
Q86UV6,TRIM74,378108
Q9H992,MARCH7,64844
Q6PJ69,TRIM65,201292
Q17RB8,LONRF1,91694
Q9H0F5,RNF38,152006
O60896,RAMP3,10268
Q9BSJ2,TUBGCP2,10844
Q8WXK3,ASB13,79754
Q5EE01,CENPW,387103
O60240,PLIN1,5346
P20648,ATP4A,495
Q8WXI3,ASB10,136371
Q9UKU0,ACSL6,23305
P23946,CMA1,1215
Q9UKL6,PCTP,58488
Q8WTS1,ABHD5,51099
Q96AD5,PNPLA2,57104
Q96G23,CERS2,29956
P36955,SERPINF1,5176
P25100,ADRA1D,146
Q9NQX4,MYO5C,55930
Q96G01,BICD1,636
P18085,ARF4,378
P31146,CORO1A,11151
Q9ULD0,OGDHL,55753
Q9BZL4,PPP1R12C,54776
Q8TE76,MORC4,79710
Q9H2X0,CHRD,8646
P22392,NME1-NME2,654364
P26951,IL3RA,3563
Q96NX5,CAMK1G,57172
Q9Y3B3,TMED7,51014
P02746,C1QB,713
Q6ZSJ8,C1orf122,127687
Q5JTB6,PLAC9,219348
P51164,ATP4B,496
P27338,MAOB,4129
Q9NST1,PNPLA3,80339
Q9HBU1,BARX1,56033
P15822,HIVEP1,3096
Q9BZM1,PLA2G12A,81579
Q8IWW8,ADHFE1,137872
P09131,SLC10A3,8273
Q5EBL8,PDZD11,51248
Q6Q788,APOA5,116519
Q99437,ATP6V0B,533
Q86UL3,AGPAT6,137964
Q9H4G1,CST9L,128821
P48507,GCLM,2730
Q9Y6N6,LAMC3,10319
Q8N693,ESX1,80712
Q9HCS2,CYP4F12,66002
Q06055,ATP5G2,517
Q8IWZ3,ANKHD1,54882
P05093,CYP17A1,1586
Q7L3B6,CDC37L1,55664
Q8NEM7,SUPT20H,55578
O76093,FGF18,8817
Q04609,FOLH1,2346
Q6N075,MFSD5,84975
Q9P0R6,GSKIP,51527
Q99944,EGFL8,80864
Q00994,NGFRAP1,27018
Q9BVK2,ALG8,79053
Q6Q0C1,SLC25A47,283600
O60259,KLK8,11202
Q9UN19,DAPP1,27071
P01011,SERPINA3,12
Q9UBB9,TFIP11,24144
P43629,KIR3DL1,3811
Q8N3T1,GALNT15,117248
O75173,ADAMTS4,9507
Q9UK85,DKKL1,27120
Q9ULX7,CA14,23632
Q9Y680,FKBP7,51661
Q9H6D8,FNDC4,64838
Q6UXH0,C19orf80,55908
Q9BXN2,CLEC7A,64581
O75752,B3GALNT1,8706
Q9NYL4,FKBP11,51303
Q9NSA1,FGF21,26291
O75325,LRRN2,10446
Q9HCJ1,ANKH,56172
Q9NPF0,CD320,51293
Q6UXH8,CCBE1,147372
Q6UXD5,SEZ6L2,26470
Q9UHF1,EGFL7,51162
Q99680,GPR22,2845
Q8HWS3,RFX6,222546
O15228,GNPAT,8443
O95674,CDS2,8760
Q9BSD7,NTPCR,84284
Q9HDC9,APMAP,57136
Q96IZ2,ADTRP,84830
Q9H115,NAPB,63908
P02763,ORM1,5004
P19652,ORM2,5005
Q9UIJ7,AK3,50808
Q9BRT2,UQCC2,84300
Q16610,ECM1,1893
Q13261,IL15RA,3601
P33260,CYP2C18,1562
Q496A3,SPATS1,221409
Q14206,RCAN2,10231
Q9P0M6,H2AFY2,55506
Q86XD8,ZFAND4,93550
O00341,SLC1A7,6512
Q8WWI1,LMO7,4008
Q9NRW4,DUSP22,56940
Q8WZA1,POMGNT1,55624
O15244,SLC22A2,6582
P51956,NEK3,4752
Q9Y5L3,ENTPD2,954
Q9UIL8,PHF11,51131
Q9H310,RHBG,57127
Q9UJW2,TINAG,27283
Q9NZB8,MOCS1,4337
Q8NBQ7,AQP11,282679
P12829,MYL4,4635
Q14624,ITIH4,3700
Q9H6T0,ESRP2,80004
Q6P995,FAM171B,165215
Q9BUK6,MSTO1,55154
Q9Y2R4,DDX52,11056
Q9H0P0,NT5C3A,51251
Q7LFL8,CXXC5,51523
Q96C86,DCPS,28960
Q96LK0,CEP19,84984
P49913,CAMP,820
Q9NRG9,AAAS,8086
Q8N9I5,FADS6,283985
Q8WWV6,FCAMR,83953
Q9H223,EHD4,30844
Q5VSY0,GKAP1,80318
Q92504,SLC39A7,7922
P28068,HLA-DMB,3109
Q9BV10,ALG12,79087
Q9Y394,DHRS7,51635
Q6P587,FAHD1,81889
Q96H35,RBM18,92400
Q07065,CKAP4,10970
Q9NYL5,CYP39A1,51302
Q9ULB5,CDH7,1005
P55263,ADK,132
Q9HB03,ELOVL3,83401
Q96CP6,GRAMD1A,57655
Q99678,GPR20,2843
Q8N752,CSNK1A1L,122011
Q15646,OASL,8638
P0C7T8,TMEM253,643382
P18283,GPX2,2877
Q08708,CD300C,10871
Q8NCL4,GALNT6,11226
P54707,ATP12A,479
P47871,GCGR,2642
P82251,SLC7A9,11136
O15084,ANKRD28,23243
Q9P2F8,SIPA1L2,57568
Q9HC96,CAPN10,11132
P00325,ADH1B,125
Q9BYG0,B3GNT5,84002
P29275,ADORA2B,136
P10253,GAA,2548
Q5TA50,CPTP,80772
Q8N568,DCLK2,166614
Q9BSF0,C2orf88,84281
P13521,SCG2,7857
Q14210,LY6D,8581
Q96QD5,DEPDC7,91614
P00367,GLUD1,2746
P32189,GK,2710
P56381,ATP5E,514
Q16878,CDO1,1036
O00478,BTN3A3,10384
Q9Y603,ETV7,51513
Q9BYV1,AGXT2,64902
Q96HD9,ACY3,91703
Q8WUY9,DEPDC1B,55789
Q9Y227,ENTPD4,9583
Q04446,GBE1,2632
Q9UPU7,TBC1D2B,23102
Q9UI32,GLS2,27165
Q06278,AOX1,316
P55268,LAMB2,3913
Q02818,NUCB1,4924
Q15375,EPHA7,2045
P28332,ADH6,130
P40429,RPL13A,23521
P00915,CA1,759
P23919,DTYMK,1841
Q8TDC3,BRSK1,84446
P34810,CD68,968
O43820,HYAL3,8372
P02656,APOC3,345
P07738,BPGM,669
O15120,AGPAT2,10555
Q9H329,EPB41L4B,54566
Q9NXE8,CWC25,54883
P54793,ARSF,416
P14920,DAO,1610
Q6NUN0,ACSM5,54988
O60479,DLX3,1747
Q9BZD6,PRRG4,79056
P36969,GPX4,2879
O95393,BMP10,27302
P52758,HRSP12,10247
Q96AC6,KIFC2,90990
P12955,PEPD,5184
Q06520,SULT2A1,6822
P20815,CYP3A5,1577
Q9H6R3,ACSS3,79611
O15440,ABCC5,10057
Q9UBP9,GULP1,51454
Q9NYP9,MIS18A,54069
P36954,POLR2I,5438
Q8N142,ADSSL1,122622
Q14094,CCNI,10983
O43482,OIP5,11339
Q92949,FOXJ1,2302
Q9NS15,LTBP3,4054
P00414,COX3,4514
Q92988,DLX4,1748
Q15761,NPY5R,4889
O14561,NDUFAB1,4706
P04746,AMY2A,279
Q8NCG5,CHST4,10164
Q70SY1,CREB3L2,64764
Q13467,FZD5,7855
Q86VG3,C11orf74,119710
P35575,G6PC,2538
Q8NCF0,CLEC18C,283971
Q96KE9,BTBD6,90135
O60909,B4GALT2,8704
Q9BT73,PSMG3,84262
Q9P2W7,B3GAT1,27087
Q86TH1,ADAMTSL2,9719
O43916,CHST1,8534
P51828,ADCY7,113
Q9UMQ6,CAPN11,11131
-,SERPINA2,390502
Q8IZR5,CMTM4,146223
P04217,A1BG,1
O95255,ABCC6,368
P16219,ACADS,35
P07327,ADH1A,124
P03971,AMH,268
P30838,ALDH3A1,218
P30203,CD6,923
Q9Y4F9,FAM65B,9750
P53801,PTTG1IP,754
P22748,CA4,762
Q15722,LTB4R,1241
P12110,COL6A2,1292
Q9Y6N1,COX11,1353
P36551,CPOX,1371
P51589,CYP2J2,1573
P20711,DDC,1644
Q01523,DEFA5,1670
Q99956,DUSP9,1852
P56749,CLDN12,9069
Q15768,EFNB3,1949
Q01151,CD83,9308
P19875,CXCL2,2920
Q9H221,ABCG8,64241
P33121,ACSL1,2180
Q9Y2Y0,ARL2BP,23568
Q06136,KDSR,2531
P34903,GABRA3,2556
Q06210,GFPT1,2673
O95377,GJB5,2709
O15552,FFAR2,2867
O15320,CTAGE5,4253
P48637,GSS,2937
Q02108,GUCY1A3,2982
P54840,GYS2,2998
Q93099,HGD,3081
P52790,HK3,3101
P48449,LSS,4047
O95342,ABCB11,8647
P31268,HOXA7,3204
P32754,HPD,3242
P02790,HPX,3263
O43529,CHST10,9486
P48735,IDH2,3418
-,IGH,3492
-,IGKC,3514
Q02252,ALDH6A1,4329
P21145,MAL,4118
Q07325,CXCL9,4283
Q8N339,MT1M,4499
Q13126,MTAP,4507
P00403,COX2,4513
P00156,CYTB,4519
P03901,ND4L,4539
Q9ULW6,NAP1L2,4674
O95178,NDUFB2,4708
P21439,ABCB4,5244
Q16627,CCL14,6358
P35813,PPM1A,5494
P42785,PRCP,5547
P25311,AZGP1,563
Q9H6U8,ALG9,79796
P78556,CCL20,6364
O15370,SOX12,6666
O94887,FARP2,9855
Q02833,RASSF7,8045
O95395,GCNT3,9245
O95235,KIF20A,10112
Q9NPB9,ACKR4,51554
P78332,RBM6,10180
P46089,GPR3,2827
P56180,TPTE,7179
P18505,GABRB1,2560
P23416,GLRA2,2742
Q99572,P2RX7,5027
Q13428,TCOF1,6949
Q02318,CYP27A1,1593
Q03591,CFHR1,3078
P00395,COX1,4512
Q12907,LMAN2,10960
P55259,GP2,2813
Q9UDY4,DNAJB4,11080
Q8WWM7,ATXN2L,11273
Q9BV23,ABHD6,57406
P13928|Q5VT79,ANXA8L1,728113
Q8WWZ7,ABCA5,23461
Q96SQ7,ATOH8,84913
Q9BQ75,CMSS1,84319
Q6P1R3,MSANTD2,79684
O15234,CASC3,22794
Q9UKJ3,GPATCH8,23131
O95490,LPHN2,23266
Q9Y2D2,SLC35A3,23443
O75600,GCAT,23464
P56746,CLDN15,24146
Q7Z7G0,ABI3BP,25890
Q9NRW3,APOBEC3C,27350
Q9NYR9,NKIRAS2,28511
Q6BCY4,CYB5R2,51700
Q9H706,GAREM,64762
Q14623,IHH,3549
Q9H2F3,HSD3B7,80270
Q9P2G1,ANKIB1,54467
Q8IY31,IFT20,90410
Q9BQ39,DDX50,79009
O43325,LYRM1,57149
Q9P206,KIAA1522,57648
Q96CD0,FBXL8,55336
Q9ULD2,MTUS1,57509
Q5VZB9,DMRTA1,63951
P27469,G0S2,50486
Q9NZ20,PLA2G3,50487
Q6ZMK1,CYHR1,50626
Q9NYG8,KCNK4,50801
Q86X29,LSR,51599
Q86SF2,GALNT7,51809
-,FLJ20712,55025
A5PL33,KRBA1,84626
Q06203,PPAT,5471
Q6ULP2,AFTPH,54812
Q9NX74,DUS2,54920
Q96P16,RPRD1A,55197
Q6ZUT1,C11orf57,55216
Q96DU7,ITPKC,80271
Q96GN5,CDCA7L,55536
Q9H227,GBA3,57733
Q9HD34,LYRM4,57128
Q9HC57,WFDC1,58189
Q96EK7,FAM120B,84498
Q96HR9,REEP6,92840
Q8IXT2,DMRTC2,63946
P16383,GCFC2,6936
P51687,SUOX,6821
Q8N4G2,ARL14,80117
Q9H8L6,MMRN2,79812
Q8NCC5,SLC37A3,84255
Q16853,AOC3,8639
O43825,B3GALT2,8707
O60234,GMFG,9535
Q86TW2,ADCK1,57143
O14977,AZIN1,51582
Q9NY97,B3GNT2,10678
Q9Y231,FUT9,10690
Q8WV16,DCAF4,26094
O95147,DUSP14,11072
Q96EY9,ADAT3,113179
Q9H3H5,DPAGT1,1798
Q96ES6,MFSD3,113655
Q96FA7,ZBED6CL,113763
Q96B21,TMEM45B,120224
Q14534,SQLE,6713
Q96PC3,AP1S3,130340
Q16850,CYP51A1,1595
-,ABCC13,150000
Q8N960,CEP120,153241
Q8NHV9,RHOXF1,158800
Q92935,EXTL1,2134
Q8NB16,MLKL,197259
Q3MIX3,ADCK5,203054
Q5VZI3,C9orf91,203197
Q4KMQ1,TPRN,286262
Q5TZA2,CROCC,9696
Q86VR8,FJX1,24147
Q8IZ81,ELMOD2,255520
Q9H0Z9,RBM38,55544
Q9HBI6,CYP4F11,57834
Q99853,FOXB1,27023
Q9UQV4,LAMP3,27074
Q8TB22,SPATA20,64847
Q9GZV4,EIF5A2,56648
Q5JPE7,NOMO2,283820
Q96FX2,DPH3,285381
Q9Y6A4,CFAP20,29105
-,RPL7AP66,388474
Q8TAV3,CYP2W1,54905
Q9NV35,NUDT15,55270
Q96EK6,GNPNAT1,64841
Q9C002,C15orf48,84419
Q9H0W7,THAP2,83591
Q8N1B3,FAM58A,92002
Q8TAK6,OLIG1,116448
O60930,RNASEH1,246243
-,GLTPD2,388323
P81605,DCD,117159
Q8N5I9,C12orf45,121053
Q8WXS4,TMEM37,140738
Q8TB68,PRR7,80758
Q9P281,BAHCC1,57597
O94806,PRKD3,23683
A8MZ97,C2orf74,339804
Q5JPI3,C3orf38,285237
O94915,FRYL,285527
-,POM121C,100101267
O95210,STBD1,8987
O60462,NRP2,8828
P43119,PTGIR,5739
O15439,ABCC4,10257
Q96L92,SNX27,81609
Q96NC0,ZMAT2,153527
Q8WTP9,XAGE3,170626
Q96EE4,CCDC126,90693
Q96KD3,FAM71F1,84691
O60760,HPGDS,27306
Q8NI36,WDR36,134430
P43115,PTGER3,5733
Q9Y2K2,SIK3,23387
A1L167,UBE2QL1,134111
P00797,REN,5972
A8K0Z3,WASH1,100287171
Q2MKA7,RSPO1,284654
Q6UXX9,RSPO2,340419
Q9BXY4,RSPO3,84870
Q2I0M5,RSPO4,343637
Q6IQ22,RAB12,201475
P11229,CHRM1,1128
Q92600,RQCD1,9125
Q8NEE6,FBXL13,222235
Q8N461,FBXL16,146330
Q9UF56,FBXL17,64839
Q99551,MTERF1,7978
Q9NR20,DYRK4,8798
Q8NE63,HIPK4,147746
O43781,DYRK3,8444
P31152,MAPK4,5596
Q9UPE1,SRPK3,26576
Q96Q40,CDK15,65061
Q00532,CDKL1,8814
Q9UQ07,MOK,5891
Q9UHI5,SLC7A8,23428
Q8WXI4,ACOT11,26027
Q9UBU3,GHRL,51738
Q9NPC1,LTB4R2,56413
P19099,CYP11B2,1585
P43088,PTGFR,5737
Q16558,KCNMB1,3779
P15144,ANPEP,290
P08173,CHRM4,1132
Q8NEZ5,FBXO22,26263
Q14BN4,SLMAP,7871
Q8IUI8,CRLF3,51379
Q96N67,DOCK7,85440
Q96II8,LRCH3,84859
Q6DN90,IQSEC1,9922
A5PKW4,PSD,5662
Q96N66,MBOAT7,79143
Q969W0,SPTSSA,171546
Q9Y5X9,LIPG,9388
Q9UPN4,CEP131,22994
Q96K76,USP47,55031
O60733,PLA2G6,8398
O75037,KIF21B,23046
Q9HAC8,UBTD1,80019
Q96M02,C10orf90,118611
Q02080,MEF2B,100271849
Q9UKT6,FBXL21,26223
Q8WYN0,ATG4A,115201
P19440,GGT1,2678
Q8N5A5,ZGPAT,84619
Q9BTE3,MCMBP,79892
Q9UJ14,GGT7,2686
Q9NU02,ANKEF1,63926
Q52LW3,ARHGAP29,9411
P54687,BCAT1,586
P12645,BMP3,651
Q9H8W3,FAM204A,63877
P0C7W6,CCDC172,374355
Q9NQ32,C11orf16,56673
Q7L2K0,C16orf59,80178
Q8N3J3,C17orf53,78995
Q86X59,C17orf82,388407
Q6ZQX7,C17orf97,400566
Q8IYD9,C18orf54,162681
Q9H7T9,AUNIP,79000
Q96A04,TSACC,128229
Q5T0J7,TEX35,84066
Q8IYI0,C20orf196,149840
Q9NXF7,DCAF16,54876
Q96H12,MSANTD3,91283
Q96MA6,AK8,158067
Q6ZUS5,CCDC121,79635
Q8N6L0,CCDC155,147872
Q494V2,CCDC37,348807
Q8N0Z3,SPICE1,152185
Q96AQ1,CCDC74A,90557
Q96LY2,CCDC74B,91409
Q8N0S6,CENPL,91687
Q6UXH1,CRELD2,79174
Q14689,DIP2A,23181
Q8WXU2,DYX1C1,161582
P60002,ELOF1,84337
Q5HYJ3,FAM76B,143684
Q9H4H8,FAM83D,81610
Q6PJQ5,FOXR2,139628
Q96NE9,FRMD6,122786
Q49A26,GLYR1,84656
O95837,GNA14,9630
Q6P1K8,GTF2H2C_2,730394
Q6NXT2,H3F3C,440093
Q5TB80,CEP162,22832
Q8N1A0,KRT222,125113
Q14525,KRT33B,3884
P08729,KRT7,3855
Q96JM7,L3MBTL3,84456
O95447,LCA5L,150082
Q9BYZ2,LDHAL6B,92483
Q68G74,LHX8,431707
Q8NEH6,MNS1,55329
Q9Y2Z2,MTO1,25821
Q8N660,NBPF15,284565
P51970,NDUFA8,4702
P49643,PRIM2,5558
Q8IYM2,SLFN12,55106
Q8NHS9,SPATA22,84690
Q86W54,SPATA24,202051
Q9Y657,SPIN1,10927
O43295,SRGAP3,9901
O95947,TBX6,6911
Q8N6V9,TEX9,374618
P17152,TMEM11,8834
Q9H3H1,TRIT1,54802
Q6PID6,TTC33,23548
Q8N6F8,WBSCR27,155368
Q8NHY6,ZFP28,140612
P59817,ZNF280A,129025
Q96JL9,ZNF333,84449
Q8WV37,ZNF480,147657
Q8N988,ZNF557,79230
Q68EA5,ZNF57,126295
Q96N77,ZNF641,121274
Q9NQZ8,ZNF71,58491
Q3KNS6,ZNF829,374899
Q96AP4,ZUFSP,221302
Q8IV38,ANKMY2,57037
P12081,HARS,3035
Q8TBZ6,TRMT10A,93587
Q9NQG5,RPRD1B,58490
P47755,CAPZA2,830
Q9Y6E2,BZW2,28969
P49189,ALDH9A1,223
P06865,HEXA,3073
Q8NBF2,NHLRC2,374354
Q6ZS17,FAM65A,79567
Q7Z2Z2,EFTUD1,79631
Q32P28,P3H1,64175
Q96AY3,FKBP10,60681
Q9Y606,PUS1,80324
-,PPP1R2P4,728970
Q6L8Q7,PDE12,201626
P13716,ALAD,210
P07093,SERPINE2,5270
Q8N543,OGFOD1,55239
O94903,PROSC,11212
P41091,EIF2S3,1968
Q6P1N9,TATDN1,83940
P52209,PGD,5226
O00154,ACOT7,11332
Q7Z3U7,MON2,23041
Q2NL67,PARP6,56965
Q0PNE2,ELP6,54859
Q8N3D4,EHBP1L1,254102
P17174,GOT1,2805
Q9Y2T2,AP3M1,26985
Q96CT7,CCDC124,115098
O43592,XPOT,11260
O95302,FKBP9,11328
O75153,CLUH,23277
P57081,WDR4,10785
O75718,CRTAP,10491
Q6V1X1,DPP8,54878
Q9UBB6,NCDN,23154
Q96CN7,ISOC1,51015
Q12965,MYO1E,4643
P13667,PDIA4,9601
Q96KP4,CNDP2,55748
P32456,GBP2,2634
O00754,MAN2B1,4125
P32455,GBP1,2633
Q9BVG4,PBDC1,51260
Q14432,PDE3A,5139
Q6P996,PDXDC1,23042
Q5JSH3,WDR44,54521
Q9C0B1,FTO,79068
Q9Y2T3,GDA,9615
P15586,GNS,2799
Q96B23,C18orf25,147339
Q9H5N1,RABEP2,79874
Q562R1,ACTBL2,345651
Q9ULT8,HECTD1,25831
Q9P0J7,KCMF1,56888
Q5TDH0,DDI2,84301
Q9BXJ9,NAA15,80155
Q9UI30,TRMT112,51504
P50851,LRBA,987
P46926,GNPDA1,10007
Q9NZT2,OGFR,11054
Q7Z406,MYH14,79784
P52788,SMS,6611
P85037,FOXK1,221937
O43572,AKAP10,11216
Q9UL42,PNMA2,10687
O15013,ARHGEF10,9639
P48163,ME1,4199
Q14195,DPYSL3,1809
Q96TA1,FAM129B,64855
-,C12orf10,60314
Q8IZ83,ALDH16A1,126133
Q13685,AAMP,14
-,LOC100128588,100128588
O75822,EIF3J,8669
Q9H3P7,ACBD3,64746
Q8WUY3,PRUNE2,158471
Q9NRN7,AASDHPPT,60496
B5ME19,EIF3CL,728689
Q9NR45,NANS,54187
P06280,GLA,2717
P78346,RPP30,10556
P11216,PYGB,5834
Q9BZQ8,FAM129A,116496
Q9BTE6,AARSD1,80755
Q9Y223,GNE,10020
Q96CX2,KCTD12,115207
Q08257,CRYZ,1429
P23527,HIST1H2BO,8348
Q9BUJ0,ABHD14A,25864
Q9BXV9,C14orf142,84520
O43149,ZZEF1,23140
Q9H2G2,SLK,9748
P62891,RPL39,6170
Q8IV48,ERI1,90459
Q15435,PPP1R7,5510
O14562,UBFD1,56061
Q9UNX3,RPL26L1,51121
Q8IWE2,FAM114A1,92689
P04350,TUBB4A,10382
Q6XQN6,NAPRT,93100
P14324,FDPS,2224
Q9BYX2,TBC1D2,55357
O60518,RANBP6,26953
O76094,SRP72,6731
P0DME0,SETSIP,646817
Q86TI2,DPP9,91039
Q7Z422,SZRD1,26099
P0C0S8,HIST1H2AG,8969
Q12765,SCRN1,9805
Q8TDQ7,GNPDA2,132789
P49356,FNTB,2342
P54577,YARS,8565
Q2TAL8,QRICH1,54870
Q15813,TBCE,6905
Q96I15,SCLY,51540
Q9BUF5,TUBB6,84617
Q96RS6,NUDCD1,84955
P49585,PCYT1A,5130
Q92696,RABGGTA,5875
P29144,TPP2,7174
Q01433,AMPD2,271
Q14997,PSME4,23198
Q9NYL9,TMOD3,29766
Q68CZ2,TNS3,64759
Q13630,TSTA3,7264
O75818,RPP40,10799
P46779,RPL28,6158
Q9P2T1,GMPR2,51292
Q96K21,ZFYVE19,84936
-,RPL10AP3,137107
Q96EB1,ELP4,26610
Q9HCN8,SDF2L1,23753
P11310,ACADM,34
Q9Y2D5,PALM2-AKAP2,445815
Q5T0F9,CC2D1B,200014
Q9P260,KIAA1468,57614
Q9HB40,SCPEP1,59342
Q3ZCM7,TUBB8,347688
-,TUBA4B,80086
Q9NQ48,LZTFL1,54585
Q6PJG6,BRAT1,221927
Q8N573,OXR1,55074
Q9GZZ1,NAA50,80218
Q9H790,EXO5,64789
Q9P2G3,KLHL14,57565
Q9BVG3,TRIM62,55223
O43312,MTSS1,9788
Q9UPY8,MAPRE3,22924
Q6ZN17,LIN28B,389421
Q2Q1W2,TRIM71,131405
Q9NSI5,IGSF5,150084
P58335,ANTXR2,118429
Q8WWX0,ASB5,140458
Q9P2E8,MARCH4,57574
Q8WXH4,ASB11,140456
A6NK59,ASB14,142686
Q8WXK1,ASB15,142685
Q8WXJ9,ASB17,127247
Q96NS5,ASB16,92591
Q6ZVZ8,ASB18,401036
Q9UJA2,CRLS1,54675
Q5D1E8,ZC3H12A,80149
Q63HN8,RNF213,57674
Q92622,KIAA0226,9711
P15259,PGAM2,5224
Q86VP3,PACS2,23241
Q9BXB1,LGR4,55366
Q99538,LGMN,5641
P15735,PHKG2,5261
Q9NS39,ADARB2,105
Q9NRR4,DROSHA,29102
Q9BZE4,GTPBP4,23560
Q96CT2,KLHL29,114818
Q9H9Z2,LIN28A,79727
Q5W0B1,RNF219,79596
P42696,RBM34,23029
Q9H089,LSG1,55341
Q9H295,DCSTAMP,81501
Q96PD7,DGAT2,84649
P32970,CD70,970
Q8IUD6,RNF135,84282
Q96BI1,SLC22A18,5002
Q86XS8,RNF130,55819
P05186,ALPL,249
P02655,APOC2,344
Q9UK08,GNG8,94235
O76041,NEBL,10529
Q702N8,XIRP1,165904
A4UGR9,XIRP2,129446
Q13303,KCNAB2,8514
Q7L0Y3,TRMT10C,54931
Q12849,GRSF1,2926
P49961,ENTPD1,953
Q96BF6,NACC2,138151
Q4G112,HSF5,124535
Q9UBD0,HSFX1,100506164
Q96LI6,HSFY1,86614
Q9UKP3,ITGB1BP2,26548
Q86X45,LRRC6,23639
Q9P035,PTPLAD1,51495
Q8IWX7,UNC45B,146862
Q9UK96,FBXO10,26267
Q5T2D3,OTUD3,23252
Q8TE49,OTUD7A,161725
Q9BUF7,CRB3,92359
Q9BXS4,TMEM59,9528
Q9H5X1,FAM96A,84191
Q14CZ0,C16orf72,29035
P23280,CA6,765
Q86UW7,CADPS2,93664
Q9ULB4,CDH9,1007
Q12882,DPYD,1806
P28222,HTR1B,3351
Q6IPM2,IQCE,23288
Q12756,KIF1A,547
Q9NXD2,MTMR10,54893
Q8IXF0,NPAS3,64067
Q8TB37,NUBPL,80224
Q9HC56,PCDH9,5101
Q9UJD0,RIMS3,9783
Q9BYP7,WNK3,65267
Q8TBJ5,FEZF2,55079
Q06828,FMOD,2331
Q9Y2K9,STXBP5L,9515
O43313,ATMIN,23300
Q9BQF6,SENP7,57337
Q0VAK6,LMOD3,56203
Q2TBA0,KLHL40,131377
Q14674,ESPL1,9700
Q96PD2,DCBLD2,131566
Q6MZQ0,PRR5L,79899
Q9NQX0,PRDM6,93166
Q9NZC4,EHF,26298
Q9Y3A0,COQ4,51117
Q5HYK3,COQ5,84274
P26927,MST1,4485
Q9Y271,CYSLTR1,10800
Q9NS75,CYSLTR2,57105
O60481,ZIC3,7547
Q9BY14,TEX101,83639
Q86WX3,RPS19BP1,91582
Q13822,ENPP2,5168
Q92633,LPAR1,1902
-,CEL,1056
Q9H6R0,DHX33,56919
Q5VT06,CEP350,9857
Q4G163,FBXO43,286151
Q8NG06,TRIM58,25893
O14773,TPP1,1200
P24001,IL32,9235
Q8N3F8,MICALL1,85377
Q96RD7,PANX1,24145
Q9GZR5,ELOVL4,6785
Q93084,ATP2A3,489
Q9Y2H0,DLGAP4,22839
Q5H9S7,DCAF17,80067
Q8N5D0,WDTC1,23038
Q96JK2,DCAF5,8816
Q5T6F0,DCAF12,25853
Q66K64,DCAF15,90379
Q8WWQ0,PHIP,55023
Q96HI0,SENP5,205564
P10620,MGST1,4257
Q8TAD4,SLC30A5,64924
Q8IU68,TMC8,147138
O43497,CACNA1G,8913
O43559,FRS3,10817
P50876,RNF144A,9781
P10109,FDX1,2230
Q8N0Z6,TTC5,91875
Q8N9N2,ASCC1,51008
Q9NUQ7,UFSP2,55325
P41225,SOX3,6658
O00570,SOX1,6656
Q16613,AANAT,15
P16442,ABO,28
P14621,ACYP2,98
P54922,ADPRH,141
P43353,ALDH3B1,221
P05187,ALPP,250
P50583,NUDT2,318
O43315,AQP9,366
P05496,ATP5G1,516
Q14032,BAAT,570
O60242,BAI3,577
Q12934,BFSP1,631
P53004,BLVRA,644
P35070,BTC,685
P30536,TSPO,706
O43822,C21orf2,755
Q06432,CACNG1,786
P40121,CAPG,822
O75828,CBR3,874
P32239,CCKBR,887
O43699,SIGLEC6,946
O75355,ENTPD3,956
O75356,ENTPD5,957
Q07108,CD69,969
P51861,CDR1,1038
O14627,CDX4,1046
O14647,CHD2,1106
P07510,CHRNG,1146
Q05315,CLC,1178
P35523,CLCN1,1180
P25067,COL8A2,1296
P49747,COMP,1311
P10176,COX8A,1351
Q92523,CPT1B,1375
P53673,CRYBA4,1413
P11844,CRYGA,1418
P05814,CSN2,1447
P01037,CST1,1469
Q9UBR2,CTSZ,1522
P49447,CYB561,1534
P04798,CYP1A1,1543
Q04828,AKR1C1,1645
Q9BQC3,DPH2,1802
Q08426|Q9NY65,EHHADH,1962
P54849,EMP1,2012
O00519,FAAH,2166
P07148,FABP1,2168
P12104,FABP2,2169
P05413,FABP3,2170
P16930,FAH,2184
P06734,FCER2,2208
Q99958,FOXC2,2303
Q9BTY2,FUCA2,2519
Q14435,GALNT3,2591
P39905,GDNF,2668
P09681,GIP,2695
P36959,GMPR,2766
P48146,NPBWR2,2832
O00155,GPR25,2848
Q14416,GRM2,2912
P09210,GSTA2,2939
P46439,GSTM5,2949
P02724,GYPA,2993
P06028,GYPB,2994
P69905,HBA2,3040
P09105,HBQ1,3049
P19113,HDC,3067
P06340,HLA-DOA,3111
Q95460,MR1,3140
Q14542,SLC29A2,3177
P09067,HOXB5,3215
Q14773,ICAM4,3386
-,IGL,3535
O14732,IMPA2,3613
P05111,INHA,3623
Q9ULS6,KCNS2,3788
O00139,KIF2A,3796
P26371,KRTAP5-9,3846
-,KRT4,3851
P13646,KRT13,3860
Q15323,KRT31,3881
P78385,KRT83,3889
O43790,KRT86,3892
Q6ISS4,LAIR2,3904
O95202,LETM1,3954
Q13394,MAB21L1,4081
P43361,MAGEA8,4107
P43362,MAGEA9,4108
O15232,MATN3,4148
P08582,MFI2,4241
Q13296,SCGB2A2,4250
Q14168,MPP2,4355
P04733,MT1F,4494
Q9UBK8,MTRR,4552
P12883,MYH7,4625
Q99457,NAP1L3,4675
Q9Y3R4,NEU2,4759
Q92982,NINJ1,4814
Q9NZG7,NINJ2,4815
Q16617,NKG7,4818
Q14982,OPCML,4978
Q15077,P2RY6,5031
O43316,PAX4,5078
P40425,PBX2,5089
Q08493,PDE4C,5143
Q15147,PLCB4,5332
P60201,PLP1,5354
P02689,PMP2,5375
Q96LZ3,PPP3R2,5535
P04280,PRB1,5542
P04554,PRM2,5620
P11908,PRPS2,5634
O14669,PRRG2,5639
P11217,PYGM,5837
P09417,QDPR,5860
P0DJD3,RBMY1A1,5940
Q05823,RNASEL,6041
Q969Q0,RPL36AL,6166
O14625,CXCL11,6373
P42830,CXCL5,6374
P47992,XCL1,6375
O60248,SOX15,6665
P20155,SPINK2,6691
P50226,SULT1A2,6799
Q8IYB8,SUPV3L1,6832
Q9UBD3,XCL2,6846
Q96SF7,TBX15,6913
Q10587,TEF,7008
Q15582,TGFBI,7045
Q92748,THRSP,7069
P48230,TM4SF4,7104
-,TMSB4XP1,7115
-,TMSB4XP6,7120
P02585,TNNC2,7125
P22105,TNXB,7148
O75386,TULP3,7289
O75841,UPK1B,7348
P78381,SLC35A2,7355
P49765,VEGFB,7423
O96014,WNT11,7481
P17020,ZNF16,7564
P17022,ZNF18,7566
P17031,ZNF26,7574
P17041,ZNF32,7580
Q9Y5A6,ZSCAN21,7589
Q9UC07,ZNF69,7620
Q15937,ZNF79,7633
Q03923,ZNF85,7639
Q15973,ZNF124,7678
P52744,ZNF138,7697
Q12901,ZNF155,7711
Q13360,ZNF177,7730
Q9UJW8,ZNF180,7733
Q16670,ZSCAN26,7741
Q9UK11,ZNF223,7766
Q86WZ6,ZNF227,7770
Q9UIE0,ZNF230,7773
Q9BRI3,SLC30A2,7780
O00330,PDHX,8050
Q12980,NPRL3,8131
Q16600,ZNF239,8187
O00144,FZD9,8326
P0C0S8,HIST1H2AK,8330
P62805,HIST1H4L,8368
Q99525,HIST1H4G,8369
O95416,SOX14,8403
Q13515,BFSP2,8419
O75936,BBOX1,8424
O95980,RECK,8434
Q92698,RAD54L,8438
Q15562,TEAD2,8463
Q9UFW8,CGGBP1,8545
Q9ULU8,CADPS,8618
O43805,SSNA1,8636
O76015,KRT38,8687
Q12891,HYAL2,8692
O75459,PAGE1,8712
Q04900,CD164,8763
Q9P2R7,SUCLA2,8803
O14966,RAB29,8934
Q9BRL7,SEC22C,9117
O15427,SLC16A3,9123
O43760,SYNGR2,9144
O43759,SYNGR1,9145
Q5VZL5,ZMYM4,9202
O75603,GCM2,9247
O43296,ZNF264,9422
O14862,AIM2,9447
O95749,GGPS1,9453
Q9UJF2,RASAL2,9462
O43687|Q9P0M2,AKAP7,9465
Q5TEJ8,THEMIS2,9473
Q9HD64,XAGE1E,653067
Q9NZ01,TECR,9524
Q92610,ZNF592,9640
Q15053,KIAA0040,9674
O60344,ECE2,9718
Q5TAP6,UTP14C,9724
Q93073,SECISBP2L,9728
-,ZSCAN12,9753
Q92537,SUSD6,9766
Q92546,RGP1,9827
Q2KHM9,KIAA0753,9851
Q7L775,EPM2AIP1,9852
O75132,ZBED4,9889
Q7L1I2,SV2B,9899
Q8IX05,CD302,9936
Q9Y4X0,AMMECR1,9949
Q9UHI7,SLC23A1,9963
Q86SE8,NPM2,10361
Q8WVV5,BTN2A2,10385
Q9UQ03,CORO2B,10391
P13284,IFI30,10437
Q92802,N4BP2L2,10443
O43615,TIMM44,10469
Q9UEU0,VTI1B,10490
-,TRAPPC2B,10597
Q96R06,SPAG5,10615
Q9Y6J9,TAF6L,10629
O75431,MTX2,10651
O95363,FARS2,10667
O75679,RFPL3,10738
Q14584,ZNF266,10781
Q14592,ZNF460,10794
P13995,MTHFD2,10797
P02814,SMR3B,10879
Q9Y5Y7,LYVE1,10894
P62952,BLCAP,10904
O14545,TRAFD1,10906
Q14849,STARD3,10948
Q14554,PDIA5,10954
Q12893,TMEM115,11070
Q96E40,C9orf9,11092
Q9UGQ2,CACFD1,11094
O95050,INMT,11185
Q9UJ72,ANXA10,11199
Q8IXM6,NRM,11270
Q9UBV7,B4GALT7,11285
Q9UGN4,CD300A,11314
O75711,SCRG1,11341
Q14112,NID2,22795
Q9Y2K5,R3HDM2,22864
O60336,MAPKBP1,23005
Q9UPU9,SAMD4A,23034
Q8IYK4,COLGALT2,23127
Q9Y2L9,LRCH1,23143
Q76N32,CEP68,23177
Q92567,FAM168A,23201
Q9UJ04,TSPYL4,23270
Q6PKG0,LARP1,23367
P49590,HARS2,23438
Q9Y6W3,CAPN7,23473
Q9H1K1,ISCU,23479
Q86T65,DAAM2,23500
Q68DK2,ZFYVE26,23503
O95858,TSPAN15,23555
Q9H000,MKRN2,23609
Q969R2,OSBP2,23762
O95834,EML2,24139
O75409,HYPM,25763
O95336,PGLS,25796
Q8IWP9,CCDC28A,25901
Q8NFW9,MYRIP,25924
Q8NCA5,FAM98A,25940
Q8NEJ9,NGDN,25983
Q3B7T1,EDRF1,26098
Q9Y3M9,ZNF337,26152
Q9ULZ2,STAP1,26228
Q8WV35,LRRC29,26231
-,KIF25-AS1,100505879
Q9UGC6,RGS17,26575
Q96IW7,SEC22A,26984
P42857,NSG1,27065
Q15735,INPP5J,27124
Q9UIA0,CYTH4,27128
Q9UBL6,CPNE7,27132
Q9UHP6,RSPH14,27156
Q5VV41,ARHGEF16,27237
O95231,VENTX,27287
Q7Z5L2,R3HCC1L,27291
O75575,CRCP,27297
Q6NX49,ZNF544,27300
Q9UHJ9,PGAP2,27315
Q9NP87,POLM,27434
-,IGLV3-25,28793
-,IGLV2-14,28815
Q9Y6G1,TMEM14A,28978
Q8NDB6,FAM156A,29057
Q8NCP5,ZBTB44,29068
Q9Y5T4,DNAJC15,29103
Q9UHV8,LGALS13,29124
Q9ULW3,ABT1,29777
Q96SQ9,CYP2S1,29785
-,POM121L8P,29797
Q9UJX0,OSGIN1,29948
Q9UIF8,BAZ2B,29994
Q9Y303,AMDHD2,51005
P08218,CELA2B,51032
O00488,ZNF593,51042
Q9Y2Z4,YARS2,51067
Q9Y316,MEMO1,51072
Q9Y342,PLLP,51090
Q9Y3A2,UTP11L,51118
Q9Y592,CEP83,51134
Q5T4B2,CERCAM,51148
Q9UHA3,RSL24D1,51187
Q6B8I1|Q9UII6,DUSP13,51207
Q9P127,LUZP4,51213
Q9P2Y4,ZNF219,51222
Q9NZD2,GLTP,51228
Q6PGQ1,DRICH1,51233
Q8IY34,SLC15A3,51296
Q9P291,ARMCX1,51309
Q66PJ3,ARL6IP4,51329
-,WT1-AS,51352
Q9Y6I9,TEX264,51368
Q9P0S9,TMEM14C,51522
Q9NUQ9,FAM49B,51571
O60888,CUTA,51596
Q9UMX2,OAZ3,51686
Q9ULW8,PADI3,51702
Q15506,SPA17,53340
Q9Y548,YIPF1,54432
Q9NXC2,GFOD1,54438
-,STAG3L1,54441
A0AV96,RBM47,54502
Q567U6,CCDC93,54520
Q9NP91,SLC6A20,54716
A1L443,NUTM2F,54754
Q9HAT0,ROPN1,54763
Q9NXW9,ALKBH4,54784
Q96GS4,C17orf59,54785
Q7L273,KCTD9,54793
Q9H6U6,BCAS3,54828
Q9NXN4,GDAP2,54834
Q9NXK6,PAQR5,54852
Q5VWP2,FAM46C,54855
Q9NXJ0,MS4A12,54860
-,GPATCH4,54865
Q8IWV1,LAX1,54900
Q9NX38,FAM206A,54942
Q9NX05,FAM120C,54954
Q9NX04,C1orf109,54955
Q8N5Y8,PARP16,54956
Q8WUE5,CT55,54967
Q9H892,TTC12,54970
Q9NWS8,RMND1,55005
Q9BVS5,TRMT61B,55006
Q9NWS6,FAM118A,55007
Q96EN8,MOCOS,55034
Q53H54,TRMT12,55039
Q9NWD8,TMEM248,55069
Q9BX59,TAPBPL,55080
Q6NSI4,CXorf57,55086
Q9NW97,TMEM51,55092
Q9NQ79,CRTAC1,55118
Q9H583,HEATR1,55127
Q9NVV2,C19orf73,55150
Q9NVL8,C14orf105,55195
Q9H4A5,GOLPH3L,55204
Q86WR0,CCDC25,55246
Q9NV29,TMEM100,55273
Q9NV12,TMEM140,55281
Q9NUL5,C19orf66,55337
Q8N6G5,CSGALNACT2,55454
Q9NPE3,NOP10,55505
Q9H2R5,KLK15,55554
Q9UGB7,MIOX,55586
Q8TDY4,ASAP3,55616
Q9NU19,TBC1D22B,55633
Q9BW85,CCDC94,55702
Q8IW45,CARKD,55739
Q7L7V1,DHX32,55760
Q9NUY8,TBC1D23,55773
Q09FC8,ZNF415,55786
Q8N5J2,FAM63A,55793
Q8WUW1,BRK1,55845
Q9HBH7,BEX1,55859
Q9NR11,ZNF302,55900
Q9UH03,SEPT3,55964
Q8WY98,TMEM234,56063
Q9Y5E9,PCDHB14,56122
Q9BXU3,TEX13A,56157
Q32MH5,FAM214A,56204
Q9NP86,CABP5,56344
Q9NRJ3,CCL28,56477
Q9NRS4,TMPRSS4,56649
Q9NQ35,NRIP3,56675
Q8TCE9,LGALS14,56891
Q9BUT1,BDH2,56898
Q96JP0,FEM1C,56929
Q9NRQ5,SMCO4,56935
Q9NQ69,LHX9,56956
Q8NI60,ADCK3,56997
Q96B96,TMEM159,57146
Q8IZE3,SCYL3,57147
Q5ST30,VARS2,57176
P82987,ADAMTSL3,57188
Q5W111,SPRYD7,57213
Q9NU23,LYRM2,57226
Q9HBT8,ZNF286A,57335
Q9ULM2,ZNF490,57474
Q9P242,NYAP2,57624
Q8IYE0,CCDC146,57639
Q9P218,COL20A1,57642
Q5T5X7,BEND3,57673
Q9HCK0,ZBTB26,57684
Q96PQ6,ZNF317,57693
Q8N2N9,ANKRD36B,57730
Q9NQL9,DMRT3,58524
Q9NPA3,MID1IP1,58526
Q9HCN3,TMEM8A,58986
Q96CD2,PPCDC,60490
Q9UIL1,SCOC,60592
A1A5C7,SLC22A23,63027
Q6YHU6,THADA,63892
Q9Y4H4,GPSM3,63940
Q9GZV8,PRDM14,63978
Q9H4F8,SMOC1,64093
Q9H2S6,TNMD,64102
P56851,EDDM3B,64184
Q96MS0,ROBO3,64221
-,GMCL1P1,64396
Q96S65,CSRNP1,64651
Q8WU79,SMAP2,64744
Q9H7H0,METTL17,64745
Q96JN2,CCDC136,64753
Q9H1Q7,PCED1A,64773
Q8WTP8,AEN,64782
Q9ULP0,NDRG4,65009
Q86WP2,GPBP1,65056
Q9UJL9,ZFP69B,65243
Q53F39,MPPE1,65258
Q9H8M2,BRD9,65980
Q96HH9,GRAMD3,65983
Q86V21,AACS,65985
Q96DT7,ZBTB10,65986
Q9BQ13,KCTD14,65987
Q9BWH2,FUNDC2,65991
Q8N9W6,BOLL,66037
Q9BWK5,C7orf49,78996
Q6PJG9,LRFN4,78999
Q9BWG6,SCNM1,79005
Q9BVX2,TMEM106C,79022
Q9BVV2,C20orf195,79025
Q9BQ24,ZFYVE21,79038
Q7Z3C6,ATG9A,79065
Q14CZ7,FASTKD3,79072
Q9BV19,C1orf50,79078
Q9BUW7,C9orf16,79095
Q96S99,PLEKHF1,79156
Q9BQA9,C17orf62,79415
Q64LD2,WDR25,79446
Q9H6L2,TMEM231,79583
Q8IV13,CCNJL,79616
Q9BV90,SNRNP25,79622
Q5FYB0,ARSJ,79642
Q5BVD1,C3orf52,79669
Q86UD4,ZNF329,79673
Q53FD0,ZC2HC1C,79696
Q96HQ0,ZNF419,79744
P57764,GSDMD,79792
Q496Y0,LONRF3,79836
Q68D86,CCDC102B,79839
Q1MSJ5,CSPP1,79848
Q8N0V3,RBFA,79863
Q96KP6,TNIP3,79931
Q9H7V2,SYNDIG1,79953
-,ZNF702P,79986
A1L3X0,ELOVL7,79993
Q6ZN57,ZFP2,80108
Q8N883,ZNF614,80110
Q9H9Y2,RPF1,80135
-,GOLGA2P10,80154
Q96CM8,ACSF2,80221
Q5JST6,EFHC2,80258
Q9BRR0,ZKSCAN3,80317
Q9H0B3,KIAA1683,80726
P79522,PRR3,80742
Q8IZ26,ZNF34,80778
Q9BWW8,APOL6,80830
Q9BPW4,APOL4,80832
Q9H2H9,SLC38A1,81539
Q8WTR4,GDPD5,81544
Q96PN8,TSSK3,81629
-,ZNF205-AS1,81854
Q6NSX1,CCDC70,83446
Q96NG3,TTC25,83538
Q9BQ89,FAM110A,83541
Q9BSD3,RHNO1,83695
Q96T68,SETDB2,83852
Q9BYR8,KRTAP3-1,83896
Q9BYR7,KRTAP3-2,83897
Q9BYQ4,KRTAP9-2,83899
Q9BW62,KATNAL1,84056
Q494U1,PLEKHN1,84069
Q96JW4,SLC41A2,84102
Q9H6X5,C19orf44,84167
Q9H0A9,SPATC1L,84221
Q9BT92,TCHP,84260
Q9BSR8,YIPF4,84272
Q9BSE2,TMEM79,84283
Q8N9N8,EIF1AD,84285
Q9BRA0,NAA38,84316
Q969S9,GFM2,84340
Q9BTE1,DCTN5,84516
Q9BR84,ZNF559,84527
Q96JS3,PGBD1,84547
Q5TGI0,FAXC,84553
Q96SE0,ABHD1,84696
Q9BXY8,BEX2,84707
Q9BSW2,CRACR2A,84766
Q8NI38,NFKBID,84807
-,CROCCP2,84809
Q96K78,GPR128,84873
Q8N4T4,ARHGEF39,84904
Q9BYN7,ZNF341,84905
Q969S0,SLC35B4,84912
Q96SQ5,ZNF587,84914
Q86UY5,FAM83A,84985
-,URB1-AS1,84996
Q24JQ0,TMEM241,85019
Q9BYQ2,KRTAP9-4,85280
-,KRTAP4-7,100132476
Q9BYR5,KRTAP4-2,85291
Q9BYR6,KRTAP3-3,85293
Q9BYR9|P0C7H8,KRTAP2-4,85294
Q9UFD9,RIMBP3,85376
Q9BVM4,GGACT,87769
Q8WYR4,RSPH1,89765
Q8IVL1,NAV2,89797
Q969G2,LHX4,89884
-,KIR3DX1,90011
Q969E8,TSR2,90121
-,KRT8P12,90133
Q96HV5,TMEM41A,90407
Q96I27,ZNF625,90589
Q8NDP4,ZNF439,90594
Q96GE4,CEP95,90799
Q5TEC3,ZNF697,90874
Q6P158,DHX57,90957
Q9BU23,LMF2,91289
Q6AI12,ANKRD40,91369
Q96HM7,PCED1B,91523
Q8WVV9,HNRNPLL,92906
Q96M63,CCDC114,93233
Q8N0S2,SYCE1,93426
Q8IZC7,ZNF101,94039
Q3SY84,KRT71,112802
Q969L2,MAL2,114569
Q8WWM9,CYGB,114757
Q96PV4,PNMA5,114824
Q96HT8,MRFAP1L1,114932
Q8WUK0,PTPMT1,114971
Q96LJ7,DHRS1,115817
Q96DZ9,CMTM5,116173
Q49A92,C8orf34,116328
Q8N2X6,EXOC3-AS1,116349
Q96MM6,HSPA12B,116835
Q5SQN1,SNAP47,116841
Q8NEC5,CATSPER1,117144
Q96Q77,CIB3,117286
Q96MN9,ZNF488,118738
Q8NDC4,MORN4,118812
Q9H4Y5,GSTO2,119391
Q8WWB5,PIH1D2,120379
P86478|P86479|P86481|P86480|P86496,PRR20A,122183
A1L4K1,FSD2,123722
Q7Z614,SNX20,124460
Q8N370,SLC43A2,124935
Q8TBP0,TBC1D16,125058
Q6A162,KRT40,125115
Q08ER8,ZNF543,125919
Q8IYI8,ZNF440,126070
Q3KQV3,ZNF792,126375
Q8N8X9,MAB21L3,126868
-,SNHG11,128439
Q6P5X5,C22orf39,128977
Q86TG1,TMEM150A,129303
Q8IUH3,RBM45,129831
Q8N3I7,BBS5,129880
Q8NHS4,CLHC1,130162
Q8NHX4,SPATA3,130560
Q6ZP80,TMEM182,130827
Q8TC57,M1AP,130951
Q5TAB7,RIPPLY2,134701
Q8N393,ZNF786,136051
-,CCDC26,137196
Q7Z3I7,ZNF572,137209
Q14CS0,UBXN2B,137886
Q86Y79,PTRH1,138428
-,PAGE3,139793
Q8IUC0,KRTAP13-1,140258
Q8WWX9,SELM,140606
P78324,SIRPA,140885
Q8WWB3,DYDC1,143241
Q8TD10,MIPOL1,145282
Q6RVD6,SPATA8,145946
Q96M29,TEKT5,146279
A1A5D9,CCDC64B,146439
A8K8V0,ZNF785,146540
Q3V5L5,MGAT5B,146664
Q86UN2,RTN4RL1,146760
Q6UXG3,CD300LG,146894
Q8N511,TMEM199,147007
-,LINC00526,147525
Q96N58,ZNF578,147660
Q8TF45,ZNF418,147686
Q8TAU3,ZNF417,147687
Q8WZ59,TMEM190,147744
Q8NEP9,ZNF555,148254
Q8N165,PDIK1L,149420
Q8WW24,TEKT4,150483
Q8TBB0,THAP6,152815
Q6ZT89,SLC25A48,153328
-,LOC153684,153684
Q8IYR0,C6orf165,154313
Q8NA54,IQUB,154865
Q6IV72,ZNF425,155054
-,LOC155060,155060
Q8IYX7,FAM154A,158297
Q8N8K9,KIAA1958,158405
Q15415,RBMY1F,159163
Q05D60,CCDC67,159989
Q8WXA2,PATE1,160065
A2RRD8,ZNF320,162967
Q6ZNH5,ZNF497,162968
Q147U1,ZNF846,162993
Q8TBZ8,ZNF564,163050
Q8N7K0,ZNF433,163059
Q8NC26,ZNF114,163071
Q8N184,ZNF567,163081
Q8N205,SYNE4,163183
Q8IYX3,CCDC116,164592
Q6ZSB9,ZBTB49,166793
Q86Y33,CDC20B,166979
Q86VQ0,LCA5,167691
Q8IYX0,ZNF679,168417
Q14929,ZNF169,169841
Q6NYC8,PPP1R18,170954
Q8IZU0,FAM9B,171483
Q5VZY2,PPAPDC1A,196051
Q8NEG0,FAM71C,196472
Q8TC90,CCER1,196477
Q96MU6,ZNF778,197320
Q5TA78,LCE4A,199834
-,LINC00656,200261
A2RU14,TMEM218,219854
Q86V42,FAM124A,220108
Q8NE31,FAM13C,220965
Q7Z6J4,FGD2,221472
Q96C00,ZBTB9,221504
Q9ULK2,ATXN7L1,222255
Q8NAP3,ZBTB38,253461
Q3SY00,TSGA10IP,254187
Q5HYL7,TMEM196,256130
O95848,NUDT14,256281
Q8IUB3,WFDC10B,280664
A1A4T8,LINC01588,283551
Q8N966,ZDHHC22,283576
A1L4H1,SSC5D,284297
Q0D2J5,ZNF763,284390
Q08AG5,ZNF844,284391
Q8N5Q1,FAM71E2,284418
Q9UDX3,SEC14L4,284904
-,LINC00636,285205
Q6P087,RPUSD3,285367
Q8N4F7,RNF175,285533
Q8N9Q2,SREK1IP1,285672
A6NFR6,C5orf60,285679
Q8IYX8,CEP57L1,285753
Q8IWZ5,TRIM42,287015
-,MT1DP,326343
Q8IUC1,KRTAP11-1,337880
Q3SY46,KRTAP13-3,337960
Q6ZMM2,ADAMTSL5,339366
Q2WGJ6,KLHL38,340359
Q5H9J7,BEX5,340542
P10073,ZSCAN22,342945
A5D8T8,CLEC18A,348174
Q5T7P3,LCE1B,353132
Q5TA79,LCE2A,353139
Q5TA82,LCE2D,353141
Q5T5A8,LCE3C,353144
Q5T5B0,LCE3E,353145
P59991,KRTAP12-2,353323
P59990,KRTAP12-1,353332
Q32M78,ZNF699,374879
P60411,KRTAP10-9,386676
P60331,KRTAP10-1,386677
P60412|P60411,KRTAP10-11,386678
-,KRTAP10-5,386680
P60410,KRTAP10-8,386681
P60369,KRTAP10-3,386682
P60329,KRTAP12-4,386684
Q969J2,ZKSCAN4,387032
Q6PEX3,KRTAP26-1,388818
-,SUMO1P1,391257
-,RP9P,441212
Q8WTX7,GATSL3,652968
-,FAM153C,653316
Q8TC44,POC1B,282809
Q8NG11,TSPAN14,81619
Q86UF1,TSPAN33,340348
Q9H1Z9,TSPAN10,83882
Q9NZ71,RTEL1,51750
Q7RTS3,PTF1A,256297
Q9NV96,TMEM30A,55754
O95208,EPN2,22905
O00512,BCL9,607
Q86UU0,BCL9L,283149
Q00872,MYBPC1,4604
P51530,DNA2,1763
Q8IWS0,PHF6,84295
Q9HBH0,RHOF,54509
P47902,CDX1,1044
Q86UP3,ZFHX4,79776
Q13496,MTM1,4534
Q7Z333,SETX,23064
Q7L3V2,C22orf29,79680
Q86X24,HORMAD1,84072
Q53TS8,ALS2CR11,151254
Q86WS5,TMPRSS12,283471
Q6ZMT1,STAC2,342667
-,GOLGA8DP,100132979
Q9Y4B5,MTCL1,23255
Q99453,PHOX2B,8929
Q2MJR0,SPRED3,399473
P51674,GPM6A,2823
Q10571,MN1,4330
Q8IXM2,C17orf49,124944
Q8WUU5,GATAD1,57798
Q96JM3,CHAMP1,283489
P32302,CXCR5,643
Q1W6H9,FAM110C,642273
Q15468,STIL,6491
Q86TL0,ATG4D,84971
Q99747,NAPG,8774
Q8IXH6,TP53INP2,58476
Q8WY41,NANOS1,340719
P60321,NANOS2,339345
P60323,NANOS3,342977
Q9NPA0,EMC7,56851
Q8N766,EMC1,23065
Q9P0I2,EMC3,55831
Q9P2K2,TXNDC16,57544
Q8WTU0,DDI1,414301
Q8IZ07,ANKRD13A,88455
Q5T7N2,L1TD1,54596
A7XYQ1,SOBP,55084
A4D1B5,GSAP,54103
Q6ZMQ8,AATK,9625
O60307,MAST3,23031
-,PRKY,5616
Q6P3W7,SCYL2,55681
Q9H3Y6,SRMS,6725
Q96RU8,TRIB1,10221
Q5RI15,COX20,116228
Q8IZJ1,UNC5B,219699
Q9H967,WDR76,79968
O95373,IPO7,10527
A0AVI4,TMEM129,92305
Q13522,PPP1R1A,5502
-,SNAR-B2,100170217
Q9NY99,SNTG2,54221
Q96K19,RNF170,81790
Q9Y336,SIGLEC9,27180
Q96LC7,SIGLEC10,89790
Q9Y286,SIGLEC7,27036
Q7Z3J2,C16orf62,57020
Q9C0C6,CIPC,85457
Q8WYA1,ARNTL2,56938
P51449,RORC,6097
Q6ZMN8,CCNI2,645121
Q17R55,FAM187B,148109
Q9UJM8,HAO1,54363
Q92604,LPGAT1,9926
Q86X40,LRRC28,123355
P43363,MAGEA10,4109
Q8NBT0,POC1A,25886
Q8N3J5,PPM1K,152926
O60507,TPST1,8460
P81408,FAM189B,10712
-,FRMD8P1,83957
Q9H1B4,NXF5,55998
Q9HBU9,POPDC2,64091
P25106,ACKR3,57007
Q9BXA7,TSSK1B,83942
Q9NZR4,VSX1,30813
P01242,GH2,2689
Q8TED1,GPX8,493869
A6NJ78,METTL15,196074
O60487,MPZL2,10205
Q8NET5,NFAM1,150372
Q9HBJ0,PLAC1,10761
Q9BZE7,C22orf23,84645
P33765,ADORA3,140
Q580R0,C2orf27B,408029
Q9Y3Q3,TMED3,23423
Q8N131,TMEM123,114908
P0DML2|P0DML3,CSH1,1442
Q9NQX7,ITM2C,81618
Q9BX40,LSM14B,149986
Q9Y255,PRELID1,27166
Q9UQ72,PSG11,5680
Q86UA6,RPAIN,84268
Q9BRN9,TM2D3,80213
Q5M9N0,CCDC158,339965
P0CG37,CFC1,55997
Q96BQ1,FAM3D,131177
P05538,HLA-DQB2,3120
Q7LGA3,HS2ST1,9653
Q13907,IDI1,3422
Q9BXS1,IDI2,91734
B9A064,IGLL5,100423062
Q5T5S1,CCDC183,84960
Q9BRQ4,C11orf70,85016
Q7Z304,MAMDC2,256691
Q9P267,MBD5,55777
Q8WZ82,OVCA2,124641
Q9BZD7,PRRG3,79057
Q7RTY3,PRSS45,377047
Q96HJ3,CCDC34,91057
Q53R12,TM4SF20,79853
Q96MW1,CCDC43,124808
Q8NCR9,CLRN3,119467
P30085,CMPK1,51727
O95661,DIRAS3,9077
P20160,AZU1,566
Q96C11,FGGY,55277
Q8N0W7,FMR1NB,158521
Q4G1C9,GLIPR1L2,144321
Q9UBX7,KLK11,11012
O95157,NXPH3,11248
P41247,PNPLA4,8228
Q9BZG1,RAB34,83871
Q6XE24,RBMS3,27303
Q8N5S1,SLC25A41,284427
O60637,TSPAN3,10099
Q6NUS8,UGT3A1,133688
Q8NB15,ZNF511,118472
P20851,C4BPB,725
Q9GZT6,CCDC90B,60492
Q9NY35,CLDND1,56650
Q9NZA1,CLIC5,53405
Q9NZJ6,COQ3,51805
Q9GZU8,FAM192A,80011
Q92506,HSD17B8,7923
Q8TCB7,METTL6,131965
O95478,NSA2,10412
Q9NUD7,C20orf96,140680
Q9H6H4,REEP4,80346
Q9BSG5,RTBDN,83546
P01008,SERPINC1,462
Q9BPZ2,SPIN2B,474343
Q9BR01,SULT4A1,25830
O94901,SUN1,23353
-,FAM153B,202134
Q68DX3,FRMPD2,143162
Q9H0R4,HDHD2,84064
P20036,HLA-DPA1,3113
Q96QP1,ALPK1,80216
P40313,CTRL,1506
Q9H2C2,ARV1,64801
P52799,EFNB2,1948
Q8N8Q3,ENDOV,284131
Q5JUQ0,FAM78A,286336
Q99501,GAS2L1,10634
P53701,HCCS,3052
Q9HBG6,IFT122,55764
Q7L8W6,DPH6,89978
Q9HBL6,LRTM1,57408
Q86VD1,MORC1,27136
P18440,NAT1,9
Q9BXJ5,C1QTNF2,114898
Q12968,NFATC3,4775
Q86X67,NUDT13,25961
P01210,PENK,5179
Q86XI6,PPP1R3B,79660
O75678,RFPL2,10739
Q9Y5W9,SNX11,29916
A0AVF1,TTC26,79989
P10746,UROS,7390
Q96CX3,ZNF501,115560
Q8NCR6,C9orf24,84688
P29016,CD1B,910
O95813,CER1,9350
Q9BWP8,COLEC11,78989
Q86VU5,COMTD1,118881
P48060,GLIPR1,11010
O95156,NXPH2,11249
Q8TCT1,PHOSPHO1,162466
Q6ZWI9,RFPL4B,442247
P22090,RPS4Y1,6192
Q96LD1,SGCZ,137868
Q8TBG9,SYNPR,132204
-,TRAC,28755
Q96SJ8,TSPAN18,90139
Q9Y2I8,WDR37,22884
Q5QGZ9,CLEC12A,160364
-,CTRB1,1504
P54709,ATP1B3,483
Q9UKZ9,PCOLCE2,26577
Q8WXH6,RAB40A,142684
Q9H1X1,RSPH9,221421
O75298,RTN2,6253
O76038,SCGN,10590
Q96PP4,TSGA13,114960
Q8NF99,ZNF397,84307
Q8NC01,CLEC1A,51267
Q9BT09,CNPY3,10695
Q7Z5M8,ABHD12B,145447
Q99943,AGPAT1,10554
Q9UHW5,GPN3,51184
Q2KHT4,GSG1,83445
Q96Q83,ALKBH3,221120
Q9H0R1,AP5M1,55745
B0YJ81,PTPLA,9200
Q8NG50,RDM1,201299
P57103,SLC8A3,6547
Q5VX52,SPATA1,100505741
Q5VX71,SUSD4,55061
Q9NX07,TRNAU1AP,54952
Q8NE79,BVES,11149
O95567,C22orf31,25770
Q6ZQR2,C9orf171,389799
Q56P03,EAPP,55837
Q8N336,ELMOD1,55531
Q6PIV2,FOXR1,283150
Q8N9F7,GDPD1,284161
P28845,HSD11B1,3290
P14415,ATP1B2,482
Q9Y337,KLK5,25818
Q9H400,LIME1,54923
Q9UIY3,RWDD2A,112611
Q6UWI4,SHISA2,387914
Q9HBV2,SPACA1,81833
Q9NQZ5,STARD7,56910
Q9UIW0,VAX2,25806
Q5BJH7,YIF1B,90522
Q3KPI0,CEACAM21,90273
Q5SW79,CEP170,9859
Q8N6D5,ANKRD29,147463
Q7Z5P4,HSD17B13,345275
P20774,OGN,4969
Q86YI8,PHF13,148479
O60779,SLC19A2,10560
Q9Y619,SLC25A15,10166
Q9BQT8,SLC25A21,89874
O00338,SULT1C2,6819
Q9Y320,TMX2,51075
Q96KV7,WDR90,197335
Q8NE22,SETD9,133383
Q96DR7,ARHGEF26,26084
Q92874,DNASE1L2,1775
Q8NBA8,DTWD2,285605
Q8IY42,C4orf19,55286
Q6UXL0,IL20RB,53833
-,NSUN5P2,260294
Q96AB6,NTAN1,123803
Q8N4L4,SPEM1,374768
Q96BW1,UPRT,139596
Q6ICG8,WBP2NL,164684
Q96IQ9,ZNF414,84330
Q6X784,ZPBP2,124626
Q8IUN9,CLEC10A,10462
Q9BRF8,CPPED1,55313
Q96GK7,FAHD2A,51011
Q08830,FGL1,2267
Q9HC97,GPR35,2859
A2RUC4,TYW5,129450
P22304,IDS,3423
O14734,ACOT8,10005
Q9UQ10,DHDH,27294
Q7L591,DOK3,79930
A1A519,FAM170A,340069
P51857,AKR1D1,6718
Q9NZC3,GDE1,51573
Q9Y2T6,GPR55,9290
Q86XE5,HOGA1,112817
Q8WWU7,ITLN2,142683
-,ANKRD26P1,124149
Q8TDD5,MCOLN3,55283
Q9NQN1,OR2S2,56656
O76099,OR7C1,26664
Q9GZN4,PRSS22,64063
Q9NYW3,TAS2R7,50837
Q8WVE6,TMEM171,134285
Q3B726,TWISTNB,221830
Q8IXZ2,ZC3H3,23144
Q9BXJ4,C1QTNF3,114899
Q0P651,C4orf29,80167
Q86UT8,CCDC84,338657
Q96LI9,CXorf58,254158
P58397,ADAMTS12,81792
O15520,FGF10,2255
Q86V85,GPR180,160897
Q8TAA5,GRPEL2,134266
Q7Z5R6,APBB1IP,54518
Q6UWL6,KIRREL2,84063
A6PVS8,LRRIQ3,127255
Q6NZ67,MZT2B,80097
Q9GZP1,NRSN2,80023
Q96NZ9,PRAP1,118471
A6ND91,ASPDH,554235
Q8N6K0,TEX29,121793
Q8N4H0,SPATA6L,55064
P78369,CLDN10,9071
Q96J86,CYYR1,116159
-,DHRS4L2,317749
Q96LL9,DNAJC30,84277
Q6PHW0,IYD,389434
Q3SYC2,MOGAT2,80168
A4D161,FAM221A,340277
Q8IXM7,ODF3L1,161753
P0C0E4,RAB40AL,282808
Q3KQZ1,SLC25A35,399512
Q15526,SURF1,6834
Q86T03,TMEM55B,90809
Q8N5P1,ZC3H8,84524
Q9Y6Z7,COLEC10,10584
Q9HAI6,CXorf21,80231
P49184,DNASE1L1,1774
Q96GS6,ABHD17A,81926
Q9BTV5,FSD1,79187
Q6DCA0,AMMECR1L,83607
Q8NCI6,GLB1L3,112937
O14756,HSD17B6,8630
Q8WWA0,ITLN1,55600
Q96EZ4,MYEOV,26579
P53370,NUDT6,11162
O60404,OR10H3,26532
Q8NGT1,OR2K2,26248
O95221,OR5F1,338674
Q96HP4,OXNAD1,92106
Q9H2U2,PPA2,27068
P32322,PYCR1,5831
Q96NR8,RDH12,145226
Q92781,RDH5,5959
Q6PF06,TRMT10B,158234
Q8N228,SCML4,256380
Q9H2D1,SLC25A32,81034
Q96H78,SLC25A44,9673
Q8NCR3,C11orf65,160140
Q8NDV1,ST6GALNAC3,256435
P59536,TAS2R41,259287
Q6NUS6,TCTN3,26123
P25874,UCP1,7350
Q5TEU4,NDUFAF5,79133
P14550,AKR1A1,10327
Q9NX36,DNAJC28,54943
Q92902,HPS1,3257
P17516,AKR1C4,1109
Q96T55,KCNK16,83795
Q8TBJ4,LPPR1,54886
Q96FV0,LRRC46,90506
Q9Y673,ALG5,29880
Q96S97,MYADM,91663
Q96FM1,PGAP3,93210
Q9NUJ7,PLCXD1,55344
Q6DKI7,PVRIG,79037
P58005,SESN3,143686
Q9H936,SLC25A22,79751
Q9NY26,SLC39A1,27173
O75529,TAF5L,27097
Q9BXJ8,TMEM120A,83862
Q8NA56,TTC29,83894
Q9BT76,UPK3B,80761
A8K979,ERI2,112479
Q8WV15,TMEM255B,348013
Q14330,GPR18,2841
O43462,MBTPS2,51360
O15442,MPPED1,758
Q96DH6,MSI2,124540
Q9H300,PARL,55486
Q9H4I3,TRABD,80305
O95900,TRUB2,26995
Q6PKC3,TXNDC11,51061
Q96IQ7,VSIG2,23584
Q9NU53,GINM1,116254
Q9NS85,CA10,56934
O75493,CA11,770
Q9UBN1,CACNG4,27092
Q96JG6,CCDC132,55610
P43235,CTSK,1513
Q6UX07,DHRS13,147015
Q9H6X2,ANTXR1,84168
Q9UG22,GIMAP2,26157
Q6NVY1,HIBCH,26275
Q9BQE5,APOL2,23780
Q9UIC8,LCMT1,51451
Q96DT0,LGALS12,85329
Q96DD0,LRRC39,127495
Q08431,MFGE8,4240
Q8N387,MUC15,143662
Q15391,P2RY14,9934
P78382,SLC35A1,10559
Q11206,ST3GAL4,6484
Q9BVH7,ST6GALNAC5,81849
Q9BXA5,SUCNR1,56670
Q96BN2,TADA1,117143
O14657,TOR1B,27348
Q7KYR7,BTN2A1,11120
P78410,BTN3A2,11118
Q8N5U0,C11orf42,160298
P0C862,C1QTNF9,338872
Q9H9S4,CAB39L,81617
O60911,CTSV,1515
Q9NPC4,A4GALT,53947
O15335,CHAD,1101
Q9BSE5,AGMAT,79814
Q8IYX4,DND1,373863
Q6DKI2,LGALS9C,654346
Q9BRP1,PDCD2L,84306
Q96HE9,PRR11,55771
Q6NXP6,NOXRED1,122945
Q8WWV3,RTN4IP1,84816
Q9NUC0,SERTAD4,56256
Q8N9M1,C19orf47,126526
P28289,TMOD1,7111
Q96J42,TXNDC15,79770
Q6UWU4,C6orf89,221477
P00326,ADH1C,126
Q9UQ16,DNM3,26052
Q9H8M7,FAM188A,80013
P78334,GABRE,2564
Q9Y2T5,GPR52,9293
Q9P272,KIAA1456,57604
Q13201,MMRN1,22915
Q9Y2A9,B3GNT3,10331
Q8WXG1,RSAD2,91543
P08185,SERPINA6,866
Q9BU70,C9orf156,51531
Q6P5W5,SLC39A4,55630
P17405,SMPD1,6609
Q6PF05,TTC23L,153657
Q9UNA3,A4GNT,51146
P43657,LPAR6,10161
Q9H6Y5,MAGIX,79917
Q8NFH5,NUP35,129401
Q9H255,OR51E2,81285
O60513,B4GALT4,8702
Q9H244,P2RY12,64805
Q96LB9,PGLYRP3,114771
Q7Z6L0,PRRT2,112476
Q7RTY5,PRSS48,345062
Q6PK18,OGFOD3,79701
Q86TJ2,TADA2B,93624
Q5H9I0,TFDP3,51270
Q86YD3,TMEM25,84866
Q15417,CNN3,1266
Q9H977,WDR54,84058
P43234,CTSO,1519
Q9BPW9,DHRS9,10170
Q9H201,EPN3,55040
Q9NZD1,GPRC5D,55507
P28358,HOXD10,3236
P56937,HSD17B7,51478
Q8N9I9,DTX3,196403
Q9H1C3,GLT8D2,83468
A4D1E9,GTPBP10,85865
P78540,ARG2,384
O95274,LYPD3,27076
O15480,MAGEB3,4114
A2RUH7,MYBPHL,343263
Q86VZ1,P2RY8,286530
Q16769,QPCT,25797
Q9UN42,ATP1B4,23439
Q5T160,RARS2,57038
Q6FHJ7,SFRP4,6424
Q9H5K3,POMK,84197
Q96L03,SPATA17,128153
Q92185,ST8SIA1,6489
B9ZVM9,TCP10L2,401285
Q8NFB2,TMEM185A,84548
P58304,VSX2,338917
Q8WZ79,DNASE2B,58511
Q6P444,MTFR2,113115
P48448,ALDH3B2,222
O43837,IDH3B,3420
A2RU30,TESPA1,9840
Q14943,KIR3DS1,3813
Q29983,MICA,100507436
Q49AM1,MTERF2,80298
Q9UGC7,MTRF1L,54516
Q8IXS6,PALM2,114299
Q9UI38,PRSS50,29122
Q96QS6,PSKH2,85481
Q8NEY4,ATP6V1C2,245973
Q96FV2,SCRN2,90507
P54219,SLC18A1,6570
Q6ZMD2,SPNS3,201305
Q9BWG4,SSBP4,170463
Q96I99,SUCLG2,8801
Q8IYR6,TMEFF1,8577
Q5T2D2,TREML2,79865
Q9BUA3,C11orf84,144097
Q9NTX9,FAM217B,63939
Q8N7X2,C9orf173,441476
Q96L12,CALR3,125972
Q96ER9,CCDC51,79714
Q96FG2,ELMOD3,84173
Q9NYF3,FAM53C,51307
Q53RD9,FBLN7,129804
P37059,HSD17B2,3294
Q13508,ART3,419
Q8NF37,LPCAT1,79888
Q9NXL9,MCM9,254394
Q9H239,MMP28,79148
Q86YV6,MYLK4,340156
Q9P0Z9,PIPOX,51268
Q96JA3,PLEKHA8,84725
Q8NBL1,POGLUT1,56983
Q96P15,SERPINB11,89778
Q9P1W8,SIRPG,55423
Q9UNP4,ST3GAL5,8869
Q8TBE7,SLC35G2,80723
O00744,WNT10B,7480
Q6ZS27,ZNF662,389114
O60512,B4GALT3,8703
O95972,BMP15,9210
Q8NFS9|Q06430|Q8N0V5,GCNT2,2651
O60478,GPR137B,7107
P07098,LIPF,8513
Q9H1Y3,OPN3,23596
Q6ZNE9,RUFY4,285180
Q96Q45,TMEM237,65062
Q9H497,TOR3A,64222
Q9HAS0,C17orf75,64149
Q96NG5,ZNF558,148156
Q96KC9,CABS1,85438
Q8WVQ1,CANT1,124583
Q9BRT8,CBWD1,55871
Q9GZN1,ACTR6,64431
Q6P3S1,DENND1B,163486
Q96LZ7,RMDN2,151393
O75129,ASTN2,23245
P30511,HLA-F,3134
O75122,CLASP2,23122
P09543,CNP,1267
Q969Z4,RELT,84957
Q8NBX0,SCCPDH,51097
Q9UGH3,SLC23A2,9962
O14863,SLC30A4,7782
Q9BS91,SLC35A5,55032
O60906,SMPD2,6610
Q8NEF9,SRFBP1,153443
Q9BV38,WDR18,57418
Q6ZSS3,ZNF621,285268
Q8N7E2,ZNF645,158506
Q96A84,EMID1,129080
Q6UWR7,ENPP6,133121
Q8N2R8,FAM43A,131583
Q96CP2,FLYWCH2,114984
P17658,KCNA6,3742
-,MGC39584,441058
Q9H1R3,MYLK2,85366
Q13946,PDE7A,5150
Q92737,RASL10A,10633
Q7Z3H4,SAMD7,344658
Q96SA4,SERINC2,347735
Q9HAT2,SIAE,54414
Q6NT04,TIGD7,91151
Q5VTQ0,TTC39B,158219
Q9H4I9,SMDT1,91689
Q8WVX3,C4orf3,401152
Q05901,CHRNB3,1142
Q9UKG9,CROT,54677
Q86YN1,DOLPP1,57171
Q9NR23,GDF3,9573
Q9H4A6,GOLPH3,64083
Q9NS66,GPR173,54328
Q6EKJ0,GTF2IRD2B,389524
A5X5Y0,HTR3E,285242
Q96MG2,JSRP1,126306
Q9UPM6,LHX6,26468
Q96GM1,LPPR2,64748
Q5VZF2,MBNL2,10150
Q9H477,RBKS,64080
Q9NQW1,SEC31B,25956
O15466,ST8SIA5,29906
Q86UX6,STK32C,282974
Q969M1,TOMM40L,84134
Q8TAG5,VSTM2A,222008
O95389,WISP3,8838
Q8N0Y2,ZNF444,55311
Q96C55,ZNF524,147807
Q9BZP6,CHIA,27159
Q9Y240,CLEC11A,6320
Q5SW24,DACT2,168002
Q9BU89,DOHH,83475
Q9H4A9,DPEP2,64174
Q8NA75,DCAF4L2,138009
Q9Y282,ERGIC3,51614
P36383,GJC1,10052
Q9NQS5,GPR84,53831
Q0VG99,MESP2,145873
Q495B1,ANKDD1A,348094
Q3SY56,SP6,80320
Q5T4D3,TMTC4,84899
A6NHL2,TUBAL3,79861
Q96P53,WDFY2,115825
Q8N2K0,ABHD12,26090
Q9NX78,TMEM260,54916
Q9Y426,C2CD2,25966
Q8IUF1,CBWD2,150472
P40200,CD96,10225
Q3SXM0,DCAF4L1,285429
O14498,ISLR,3671
O96009,NAPSA,9476
Q9H3S5,PIGM,93183
Q86YW0,PLCZ1,89869
Q16557,PSG3,5671
Q96NU7,AMDHD1,144193
P29622,SERPINA4,5267
P05543,SERPINA7,6906
Q9H3S3,TMPRSS5,80975
O95922,TTLL1,25809
Q401N2,ZACN,353174
Q3SXY8,ARL13B,200894
Q6V9R5,ZNF562,54811
Q9H2A9,CHST8,64377
P28330,ACADL,33
Q96BN6,FAM149B1,317662
Q3SYB3,FOXD4L6,653404
Q14642,INPP5A,3632
P45954,ACADSB,36
Q8IYU8,MICU2,221154
Q92685,ALG3,10195
Q14314,FGL2,10875
P26012,ITGB8,3696
Q9H9P8,L2HGDH,79944
Q8N6C8,LILRA3,11026
Q9NP92,MRPS30,10884
O94832,MYO1D,4642
Q8N8W4,PNPLA1,285848
Q6HA08,ASTL,431705
O75783,RHBDL1,9028
Q9BY78,RNF26,79102
Q8WUA7,TBC1D22A,25771
Q9UIF3,TEKT2,27285
Q0P6H9,TMEM62,80021
Q9Y4R7,TTLL3,26140
Q8IV20,LACC1,144811
P58658,EVA1C,59271
Q8NDZ4,C3orf58,205428
Q7L1S5,CHST9,83539
Q6P2H3,CEP85,64793
Q8N635,MEIOB,254528
Q14353,GAMT,2593
P37058,HSD17B3,3293
Q96D96,HVCN1,84329
Q8N6M8,IQCF1,132141
Q8N565,MREG,55686
Q8TBF2,FAM213B,127281
Q9BY49,PECR,55825
Q8IXN7,RIMKLA,284716
O60939,SCN2B,6327
Q8IV31,TMEM139,135932
Q9H6F2,TMEM38A,79041
O14905,WNT9B,7484
Q8IWD4,CCDC117,150275
O00421,CCRL2,9034
Q3SY69,ALDH1L2,160428
Q86VR2,FAM134C,162427
P42331,ARHGAP25,9938
A8MVW5,HEPACAM2,253012
Q8WXA8,HTR3C,170572
P85298,ARHGAP8,23779
Q8WWY8,LIPH,200879
Q5JRA6,MIA3,375056
-,NSUN7,79730
Q9BQG2,NUDT12,83594
Q9GZU5,NYX,60506
Q9UHM6,OPN4,94233
Q13093,PLA2G7,7941
Q00G26,PLIN5,440503
-,PRAMEF5,343068
Q8N412,STPG2,285555
Q8IZM9,SLC38A6,145389
Q9UMX9,SLC45A2,51151
Q7Z3Q1,SLC46A3,283537
P31639,SLC5A2,6524
Q7RTX7,CATSPER4,378807
P17023,ZNF19,7567
Q8TF68,ZNF384,171017
Q9UGM1,CHRNA9,55584
Q9H3G5,CPVL,54504
Q9H0B8,CRISPLD2,83716
O43854,EDIL3,10085
P51648,ALDH3A2,224
Q14154,KIAA0141,9812
Q96FN5,KIF12,113220
O94889,KLHL18,23276
O43300,LRRTM2,26045
Q8N344,MIER2,54531
Q7RTX9,SLC16A14,151473
Q8IY51,TIGD4,201798
Q96NA8,TSNARE1,203062
Q96NG8,ZNF582,147948
Q66K79,CPZ,8532
Q8N118,CYP4X1,260293
Q9NRP4,ACN9,57001
Q8TDM0,BCAS4,55653
Q6UWJ8,CD164L2,388611
Q14406,CSHL1,1444
Q5W186,CST9,128822
Q96D98,EID2B,126272
Q8N5X7,EIF4E3,317649
Q96T91,GPHA2,170589
O14558,HSPB6,126393
Q9BQS6,HSPB9,94086
Q96LU5,IMMP1L,196294
Q5SWW7,C10orf55,414236
P0C7M6,IQCF3,401067
Q9NZS2,KLRF1,51348
Q6UWW0,LCN15,389812
Q8N9F0,NAT8L,339983
Q8IVA1,PCP2,126006
Q9NXJ5,PGPEP1,54858
-,LINC01561,404216
Q5GAN3,RNASE13,440163
Q6P5R6,RPL22L1,200916
Q99954,SMR3A,26952
Q8TDM5,SPACA4,171169
Q4W5P6,TMEM155,132332
A2RUT3,TMEM89,440955
Q6UXU6,TMEM92,162461
Q2NL98,VMAC,400673
Q96E14,RMI2,116028
B2RV13,C17orf105,284067
Q5BKU9,OXLD1,339229
-,C1orf220,400798
Q5JX71,FAM209A,200232
Q2M2E5,C5orf64,285668
A2RUU4,CLPSL1,340204
P35318,ADM,133
Q5SSQ6,SAPCD1,401251
Q49AH0,CDNF,441549
Q96T59,CDRT15,146822
A0PJX0,CIB4,130106
Q9NY25,CLEC5A,23601
Q96F85,CNRIP1,25927
A6NMK7,CPSF4L,642843
Q6NUT2,DPY19L2,283417
Q8NAP1,GATS,352954
Q2TAP0,GOLGA7B,401647
Q16774,GUK1,2987
P01570,IFNA14,3448
P01563,IFNA2,3440
Q86WA6,BPHL,670
Q9UHA7,IL36A,27179
P31025,LCN1,3933
Q86Y78,LYPD6,130574
Q9NY56,OBP2A,29991
O75594,PGLYRP1,8993
Q9BX93,PLA2G12B,84647
Q9NP90,RAB9B,51209
Q96IL0,APOPT1,84334
Q9BX46,RBM24,221662
Q9H1E1,RNASE7,84659
Q9UBC9,SPRR3,6707
Q5BJD5,TMEM41B,440026
Q5XKK7,FAM219B,57184
Q6P589,TNFAIP8L2,79626
Q6UXN7,TOMM20L,387990
Q8IXB3,TUSC5,286753
Q8N8Y5,ZFP41,286128
A2RUQ5,C17orf102,400591
Q5BKX5,C19orf54,284325
Q8IX19,MCEMP1,199675
Q6ZWK4,C1orf186,440712
Q8TCI5,PIFO,128344
Q8NBC4,C20orf203,284805
O43247,TEX33,339669
Q96LS8,C2orf48,348738
Q2NKX9,C2orf68,388969
Q5MAI5,CDKL4,344387
Q8N128,FAM177A1,283635
Q9BTL4,IER2,9592
Q6NXT4,SLC30A6,55676
Q4KMG9,TMEM52B,120939
Q96DC7,TMCO6,55374
O15165,LDLRAD4,753
Q03252,LMNB2,84823
Q9UI46,DNAI1,27019
Q9GZS0,DNAI2,64446
O95925,EPPIN,57119
Q5VY43,PEAR1,375033
P63267,ACTG2,72
Q9BVC6,TMEM109,79073
Q9Y448,KNSTRN,90417
Q9Y697,NFS1,9054
Q8IWL3,HSCB,150274
Q8NBU5,ATAD1,84896
A2A2Y4,FRMD3,257019
Q7Z6J6,FRMD5,84978
Q9H2L5,RASSF4,83937
O75901,RASSF9,9182
A6NK89,RASSF10,644943
Q8TDI0,CHD5,26038
P41586,ADCYAP1R1,117
Q6AWC2,WWC2,80014
-,TCPT,140892
Q96DE5,ANAPC16,119504
Q96JY0,MAEL,84944
Q6N021,TET2,54790
Q8NFU7,TET1,80312
Q8WXX7,AUTS2,26053
-,TINCR,257000
Q9P1Y6,PHRF1,57661
A2RTX5,TARSL2,123283
Q9BXT6,MOV10L1,54456
Q9H501,ESF1,51575
Q13601,KRR1,11103
Q9BSC4,NOL10,79954
Q12788,TBL3,10607
O00764,PDXK,8566
P57088,TMEM33,55161
O75110,ATP9A,10079
Q96BW5,PTER,9317
Q9BY42,RTFDC1,51507
P28329,CHAT,1103
Q9H488,POFUT1,23509
Q9UDR5,AASS,10157
Q92526,CCT6B,10693
Q9UGP8,SEC63,11231
Q9UKU7,ACAD8,27034
Q9NQE7,PRSS16,10279
Q3SY77,UGT3A2,167127
Q9H0I9,TKTL2,84076
Q9Y2K3,MYH15,22989
Q9UKX2,MYH2,4620
P12882,MYH1,4619
P11055,MYH3,4621
Q9Y623,MYH4,4622
P13533,MYH6,4624
P13535,MYH8,4626
Q86XI2,NCAPG2,54892
P59998,ARPC4-TTLL3,100526693
Q5T013,HYI,81888
Q8N6H7,ARFGAP2,84364
Q96BP3,PPWD1,23398
P80404,ABAT,18
Q53GQ0,HSD17B12,51144
Q3KQV9,UAP1L1,91373
Q8NBN3,TMEM87A,25963
P07205,PGK2,5232
Q9UMY4,SNX12,29934
Q01469,FABP5,2171
O15540,FABP7,2173
O75964,ATP5L,10632
Q9Y6C9,MTCH2,23788
Q8N335,GPD1L,23171
Q8IWB7,WDFY1,57590
Q8N6R0,METTL13,51603
P55160,NCKAP1L,3071
O75165,DNAJC13,23317
Q9H993,C6orf211,79624
Q15833,STXBP2,6813
Q9ULR0,ISY1-RAB43,100534599
P07864,LDHC,3948
Q9BW30,TPPP3,51673
Q8WUX9,CHMP7,91782
Q4VC05,BCL7A,605
Q9BQE9,BCL7B,9275
P62854,LOC101929876,101929876
Q13395,TARBP1,6894
Q96C23,GALM,130589
P20020,ATP2B1,490
P61421,ATP6V0D1,9114
Q9NZJ7,MTCH1,23787
P30049,ATP5D,513
Q9UM00,TMCO1,54499
O95470,SGPL1,8879
O15260,SURF4,6836
P50993,ATP1A2,477
P13637,ATP1A3,478
Q6IMI6,SULT1C3,442038
Q8IWT0,ZBTB8OS,339487
P34059,GALNS,2588
Q9UQR0,SCML2,10389
O15127,SCAMP2,10066
Q9NVU0,LOC101060521,101060521
Q9NWZ5,UCKL1,54963
Q53S33,BOLA3,388962
Q69YN4,KIAA1429,25962
Q9BXY0,MAK16,84549
-,LOC101930400,101930400
Q96G03,PGM2,55276
Q9H2P9,DPH5,51611
Q52LJ0,FAM98B,283742
Q9NVM6,DNAJC17,55192
Q5T440,IBA57,200205
P55145,MANF,7873
Q9BQL6,FERMT1,55612
Q9NR19,ACSS2,55902
Q16720,ATP2B3,492
Q16706,MAN2A1,4124
O43272,PRODH,5625
Q5T6V5,C9orf64,84267
A1KZ92,PXDNL,137902
Q9UHY7,ENOPH1,58478
O15523,DDX3Y,8653
Q9H2J4,PDCL3,79031
Q9Y3L5,RAP2C,57826
O94808,GFPT2,9945
Q9H0C8,ILKAP,80895
P24298,GPT,2875
Q9Y3E7,RNF103-CHMP3,100526767
Q13404|A5PLL7,TMEM189-UBE2V1,387522
Q9UHR6,ZNHIT2,741
Q9UI15,TAGLN3,29114
Q96RW7,HMCN1,83872
P36776,LONP1,9361
Q9NYY8,FASTKD2,22868
Q9UNL2,SSR3,6747
P09497,CLTB,1212
Q08623,HDHD1,8226
O15498,YKT6,10652
Q96MW5,COG8,84342
Q9NVI7,ATAD3A,55210
O75897,SULT1C4,27233
Q8IWL1,SFTPA2,729238
Q9NRV9,HEBP1,50865
Q6ZXV5,TMTC3,160418
P14854,COX6B1,1340
Q9NV88,INTS9,55756
P19623,SRM,6723
Q9UGV2,NDRG3,57446
O15212,PFDN6,10471
P26232,CTNNA2,1496
P49356,CHURC1-FNTB,100529261
Q96I59,NARS2,79731
Q96GQ7,DDX27,55661
Q15397,KIAA0020,9933
Q8N1A6,C4orf33,132321
Q8NBN7,RDH13,112724
Q8TCJ2,STT3B,201595
Q8WTT2,NOC3L,64318
-,SAC3D1,29901
Q92614,MYO18A,399687
Q6RFH5,WDR74,54663
O00566,MPHOSPH10,10199
Q9NP78,ABCB9,23457
Q6NS38,ALKBH2,121642
Q9UK59,DBR1,51163
Q9H8H2,DDX31,64794
Q96KR1,ZFR,51663
O60927,PPP1R11,6992
O15438,ABCC3,8714
Q5T9A4,ATAD3B,83858
P24844,MYL9,10398
Q13542,EIF4EBP2,1979
Q7L3T8,PARS2,25973
Q8TBE9,NANP,140838
P13674,P4HA1,5033
Q9Y2D4,EXOC6B,23233
O95861,BPNT1,10380
Q9NYC9,DNAH9,1770
Q3MIT2,PUS10,150962
Q6ZU64,CCDC108,255101
Q6AI08,HEATR6,63897
Q9NWY4,C4orf27,54969
Q9NXF1,TEX10,54881
Q8N0Y7,PGAM4,441531
Q969G6,RFK,55312
Q5F1R6,DNAJC21,134218
P22570,FDXR,2232
P0CG30,GSTT2,2953
P0CG30,GSTT2B,653689
Q6P1K8|Q13888,GTF2H2C,728340
Q9UNX4,WDR3,10885
P07099,EPHX1,2052
Q6UWP2,DHRS11,79154
Q9BWT3,PAPOLG,64895
Q9NP81,SARS2,54938
P23786,CPT2,1376
Q6ZNW5,GDPGP1,390637
Q15493,RGN,9104
Q9BYV8,CEP41,95681
Q8NDH3,NPEPL1,79716
Q9HCC0,MCCC2,64087
Q9Y6B6,SAR1B,51128
Q8IV08,PLD3,23646
Q5TCS8,AK9,221264
Q9NWM8,FKBP14,55033
P30040,ERP29,10961
Q9Y3B8,REXO2,25996
P07108,DBI,1622
-,GCNT6,644378
Q9UJ68,MSRA,4482
Q9NWV4,C1orf123,54987
Q8N1G2,CMTR1,23070
Q9H0U6,MRPL18,29074
Q9P2H3,IFT80,57560
Q9UPR6,ZFR2,23217
P53007,SLC25A1,6576
Q9NX46,ADPRHL2,54936
Q86VI3,IQGAP3,128239
P30740,SERPINB1,1992
O15213,WDR46,9277
A6NHR9,SMCHD1,23347
O43148,RNMT,8731
O94804,STK10,6793
Q9NSB4,KRT82,3888
Q9H3N1,TMX1,81542
Q6P1N0,CC2D1A,54862
Q01415,GALK2,2585
P05166,PCCB,5096
Q9NS18,GLRX2,51022
Q71F56,MED13L,23389
Q8N9T8,KRI1,65095
Q9Y5J1,UTP18,51096
O14815,CAPN9,10753
Q96I51,WBSCR16,81554
P43304,GPD2,2820
Q53T59,HS1BP3,64342
Q9BZH6,WDR11,55717
Q15061,WDR43,23160
Q86YW9,MED12L,116931
Q9C0I1,MTMR12,54545
Q8TED0,UTP15,84135
Q12769,NUP160,23279
Q5SRE5,NUP188,23511
Q6UB35,MTHFD1L,25902
Q8IYT2,CMTR2,55783
Q63HM1,AFMID,125061
P98171,ARHGAP4,393
Q3MHD2,LSM12,124801
Q9NX40,OCIAD1,54940
Q4VC31,CCDC58,131076
P05165,PCCA,5095
Q8IY67,RAVER1,125950
Q5R3I4,TTC38,55020
Q6NXE6,ARMC6,93436
Q6PCE3,PGM2L1,283209
Q8NBJ5,COLGALT1,79709
Q10713,PMPCA,23203
Q96P11,NSUN5,55695
Q9Y2Y1,POLR3K,51728
Q86U38,NOP9,161424
O15318,POLR3G,10622
O15460,P4HA2,8974
Q86TM3,DDX53,168400
Q13308,PTK7,5754
Q9BTE6,PTGES3L-AARSD1,100885850
Q5THJ4,VPS13D,55187
Q9H6Y2,WDR55,54853
Q7RTR0,NLRP9,338321
Q96HN2,AHCYL2,23382
Q9Y2W1,THRAP3,9967
Q8WXA3,RUFY2,55680
O15394,NCAM2,4685
Q6ZN16,MAP3K15,389840
Q8NDV3,SMC1B,27127
P16152,CBR1,873
A3KN83,SBNO1,55206
Q86VM9,ZC3H18,124245
Q8TEA1,NSUN6,221078
O75191,XYLB,9942
Q96RP9,GFM1,85476
O60783,MRPS14,63931
Q9UQC9,CLCA2,9635
Q9NRX2,MRPL17,63875
Q9H6R4,NOL6,65083
Q96EU6,RRP36,88745
Q14692,BMS1,9790
O75683,SURF6,6838
Q96C90,PPP1R14B,26472
Q6YN16,HSDL2,84263
Q96F63,CCDC97,90324
Q96DB5,RMDN1,51115
Q86W25,NLRP13,126204
P48426,PIP4K2A,5305
Q96Q06,PLIN4,729359
Q01167,FOXK2,3607
Q92626,PXDN,7837
P08240,SRPR,6734
Q14690,PDCD11,22984
Q6IS14,EIF5AL1,143244
Q9NV06,DCAF13,25879
Q96IU4,ABHD14B,84836
Q9NRM0,SLC2A9,56606
P54802,NAGLU,4669
Q9P0K7,RAI14,26064
Q9NRJ5,PAPOLB,56903
Q13748,TUBA3D,113457
Q96RT7,TUBGCP6,85378
Q6GMV3,PTRHD1,391356
Q16348,SLC15A2,6565
-,RNU12,267010
Q9UK97,FBXO9,26268
Q15057,ACAP2,23527
-,SCARNA22,677770
Q9Y5Z6,B3GALT1,8708
Q8N1G1,REXO1,57455
P13349,MYF5,4617
Q99986,VRK1,7443
P24941,CDK2,1017
P16581,SELE,6401
A7KAX9,ARHGAP32,9743
Q03164,KMT2A,4297
Q9H6P5,TASP1,55617
Q01831,XPC,7508
Q13569,TDG,6996
P17252,PRKCA,5578
P22303,ACHE,43
Q9Y5B0,CTDP1,9150
Q9UBK2,PPARGC1A,10891
Q15853,USF2,7392
Q8IXJ6,SIRT2,22933
Q4KMG0,CDON,50937
Q9BWV1,BOC,91653
Q16514,TAF12,6883
O15105,SMAD7,4092
Q13485,SMAD4,4089
Q15797,SMAD1,4086
Q15796,SMAD2,4087
P84022,SMAD3,4088
Q9NVN3,RIC8B,55188
P50148,GNAQ,2776
P84996|Q5JWF2|O95467|P63092,GNAS,2778
Q96S44,TP53RK,112858
P43351,RAD52,5893
Q92830,KAT2A,2648
P01106,MYC,4609
Q9UBB5,MBD2,8932
Q08211,DHX9,1660
P15498,VAV1,7409
Q7Z6E9,RBBP6,5930
P08514,ITGA2B,3674
P61244,MAX,4149
Q99081,TCF12,6938
P15923,TCF3,6929
Q9NPB9,ACKR4,51554
P29084,GTF2E2,2961
P13984,GTF2F2,2963
P28482,MAPK1,5594
P06400,RB1,5925
P55036,PSMD4,5710
Q00987,MDM2,4193
P38398,BRCA1,672
P04406,GAPDH,2597
Q92800,EZH1,2145
O43615,TIMM44,10469
Q09472,EP300,2033
P63279,UBE2I,7329
P35269,GTF2F1,2962
O95072,REC8,9985
Q9UQE7,SMC3,9126
Q07011,TNFRSF9,3604
Q9BVC3,DSCC1,79075
Q8WVB6,CHTF18,63922
P0CG13,CHTF8,54921
P23468,PTPRD,5789
Q13136,PPFIA1,8500
O75334,PPFIA2,8499
O75145,PPFIA3,8541
Q8ND30,PPFIBP2,8495
P27797,CALR,811
P13569,CFTR,1080
Q9Y6M7,SLC4A7,9497
O14745,SLC9A3R1,9368
P07225,PROS1,5627
Q96JK9,MAML3,55534
Q8IZL2,MAML2,84441
O00459,PIK3R2,5296
P04114,APOB,338
P49792,RANBP2,5903
P19438,TNFRSF1A,7132
P49427,CDC34,997
Q01196,RUNX1,861
P16410,CTLA4,1493
P00519,ABL1,25
P10589,NR2F1,7025
P11926,ODC1,4953
P18084,ITGB5,3693
Q16637,SMN1,6606
Q7L5N1,COPS6,10980
Q14213,EBI3,10148
Q8NEV9,IL27,246778
Q6UWB1,IL27RA,9466
-,LPA,4018
P49755,TMED10,10972
P50453,SERPINB9,5272
Q9UKF6,CPSF3,51692
Q6UN15,FIP1L1,81608
O95639,CPSF4,10898
Q9P2I0,CPSF2,53981
P46777,RPL5,6125
P20749,BCL3,602
P60201,PLP1,5354
O15294,OGT,8473
P68400,CSNK2A1,1457
P46939,UTRN,7402
Q9Y4J8,DTNA,1837
P62158,CALM1,801
P42858,HTT,3064
Q13501,SQSTM1,8878
Q9H492,MAP1LC3A,84557
P07333,CSF1R,1436
P00533,EGFR,1956
Q9UBN7,HDAC6,10013
P09874,PARP1,142
Q16553,LY6E,4061
Q92922,SMARCC1,6599
P51532,SMARCA4,6597
Q16666,IFI16,3428
Q9H9E1,ANKRA2,57763
O14593,RFXANK,8625
Q9H0W5,CCDC8,83987
Q2KHR2,RFX7,64864
Q14999,CUL7,9820
P56524,HDAC4,9759
Q9UQL6,HDAC5,10014
Q96RU2,USP28,57646
P51572,BCAP31,10134
P35568,IRS1,3667
P42684,ABL2,27
Q9UKG1,APPL1,26060
Q8NEU8,APPL2,55198
P22681,CBL,867
Q13191,CBLB,868
Q9BSQ5,CCM2,83605
P46108,CRK,1398
P46109,CRKL,1399
P41240,CSK,1445
Q9UN19,DAPP1,27071
Q99704,DOK1,1796
O60496,DOK2,9046
Q8TEW6,DOK4,55715
Q9P104,DOK5,55816
Q12929,EPS8,2059
P16591,FER,2241
O15117,FYB,2533
Q13322,GRB10,2887
Q14449,GRB14,2888
P62993,GRB2,2885
Q14451,GRB7,2886
P08631,HCK,3055
Q96JZ2,HSH2D,84941
O14713,ITGB1BP1,9270
P52333,JAK3,3718
Q13387,MAPK8IP2,23542
Q7Z7G1,CLNK,116449
P16333,NCK1,4690
P49757,NUMB,8650
Q92569,PIK3R3,8503
P16885,PLCG2,5336
Q06124,PTPN11,5781
P29350,PTPN6,5777
Q5R372|B7ZAP0,RABGAP1L,9910
P20936,RASA1,5921
Q9NRF2,SH2B1,25970
O60880,SH2D1A,4068
Q9NP31,SH2D2A,9047
P78314,SH3BP2,6452
O14543,SOCS3,9021
Q8WXH5,SOCS4,122809
O14544,SOCS6,9306
P12931,SRC,6714
P40763,STAT3,6774
P42229,STAT5A,6776
P43405,SYK,6850
P07947,YES1,7525
Q96IW2,SHD,56961
Q5VZ18,SHE,126669
Q8IZW8,TNS4,84951
O14796,SH2D1B,117157
O43559,FRS3,10817
Q18PE1,DOK7,285489
O95704,APBB3,10307
O15524,SOCS1,8651
Q92625,ANKS1A,23294
P42224,STAT1,6772
P37173,TGFBR2,7048
Q13347,EIF3I,8668
Q92558,WASF1,8936
O75582,RPS6KA5,9252
Q07817,BCL2L1,598
P10415,BCL2,596
Q06187,BTK,695
P52757,CHN2,1124
O75791,GRAP2,9402
P07948,LYN,4067
O75052,NOS1AP,9722
Q13671,RIN1,9610
Q8TB24,RIN3,79890
Q9H788,SH2D4A,63898
Q63HR2,TENC1,23371
Q8WU20,FRS2,10818
P06241,FYN,2534
Q9BRG2,SH2D3A,10045
Q66PJ3,ARL6IP4,51329
Q9Y575,ASB3,51130
Q96DX5,ASB9,140462
O75815,BCAR3,8412
Q5SXH7,PLEKHS1,79949
Q9Y3I0,RTCB,51493
Q8TAL5,C9orf43,257169
Q7L591,DOK3,79930
Q96IP4,FAM46A,55603
Q96A09,FAM46B,115572
Q8TE12,LMX1A,4009
Q8TAK6,OLIG1,116448
Q6GQQ9,OTUD7B,56957
Q9NPB6,PARD6A,50855
Q8N2H9,PELI3,246330
O00264,PGRMC1,10857
P27986,PIK3R1,5295
Q9UF11,PLEKHB1,58473
Q07869,PPARA,5465
O43242,PSMD3,5709
Q05397,PTK2,5747
O95073|Q9Y620,RAD54B,25788
Q96R05,RBP7,116362
Q9UKA8,RCAN3,11123
Q99619,SPSB2,84727
Q5BJH2,TMEM128,85013
O60636,TSPAN2,10100
Q8WVJ9,TWIST2,117581
P55072,VCP,7415
Q96N03,VSTM2L,128434
Q8N6F8,WBSCR27,155368
Q8IZQ1,WDFY3,23001
Q8TBZ3,WDR20,91833
Q5VU92,DCAF12L1,139170
-,ZNF767P,79970
Q14511,NEDD9,4739
P40337,VHL,7428
P05771,PRKCB,5579
P05129,PRKCG,5582
Q05655,PRKCD,5580
Q14653,IRF3,3661
P25963,NFKBIA,4792
O14920,IKBKB,3551
Q9UHD2,TBK1,29110
Q13490,BIRC2,329
Q13489,BIRC3,330
Q04323,UBXN1,51035
Q9BUL5,PHF23,79142
Q6UWE0,LRSAM1,90678
Q8TEL6,TRPC4AP,26133
Q13309,SKP2,6502
P98161,PKD1,5310
P35222,CTNNB1,1499
Q13153,PAK1,5058
P21796,VDAC1,7416
P38936,CDKN1A,1026
Q8TD19,NEK9,91754
Q8TD16,BICD2,23299
Q9Y6K9,IKBKG,8517
Q9NRD5,PICK1,9463
Q9Y3R0,GRIP1,23426
Q14831,GRM7,2917
Q14416,GRM2,2912
P35869,AHR,196
Q96B97,SH3KBP1,30011
P38432,COIL,8161
Q9UBU9,NXF1,10482
P32121,ARRB2,409
P30556,AGTR1,185
Q9UIW2,PLXNA1,5361
P63000,RAC1,5879
P19634,SLC9A1,6548
Q99558,MAP3K14,9020
P19793,RXRA,6256
P27037,ACVR2A,92
Q9UER7,DAXX,1616
P98172,EFNB1,1947
Q9BX66,SORBS1,10580
P49593,PPM1F,9647
Q9UQM7,CAMK2A,815
P39687,ANP32A,8125
Q92688,ANP32B,10541
Q01105,SET,6418
Q13107,USP4,7375
Q9UPT9,USP22,23326
O15151,MDM4,4194
Q9UBS4,DNAJB11,51726
P10276,RARA,5914
P48443,RXRG,6258
Q9UKC9,FBXL2,25827
Q96P20,NLRP3,114548
Q86V97,KBTBD6,89890
Q8WVZ9,KBTBD7,84078
Q13618,CUL3,8452
Q9GZQ8,MAP1LC3B,81631
O95166,GABARAP,11337
Q9H0R8,GABARAPL1,23710
P60520,GABARAPL2,11345
Q9BXW4,MAP1LC3C,440738
Q15386,UBE3C,9690
P20073,ANXA7,310
O00161,SNAP23,8773
O43318,MAP3K7,6885
Q16787,LAMA3,3909
P26358,DNMT1,1786
Q96T88,UHRF1,29128
P36897,TGFBR1,7046
Q13105,ZBTB17,7709
Q9Y4B6,VPRBP,9730
Q96S94,CCNL2,81669
Q9Y3Z3,SAMHD1,25939
Q9UH77,KLHL3,26249
P56748,CLDN8,9073
Q96T60,PNKP,11284
Q9UM11,FZR1,51343
Q06787,FMR1,2332
Q14457,BECN1,8678
Q6ZNE5,ATG14,22863
Q8NEB9,PIK3C3,5289
Q9P2Y5,UVRAG,7405
Q9UII4,HERC5,51191
Q53EL6,PDCD4,27250
P50281,MMP14,4323
P62258,YWHAE,7531
Q86UU9,TAC4,255061
P20366,TAC1,6863
Q96J02,ITCH,83737
Q9BT67,NDFIP1,80762
Q96NW4,ANKRD27,84079
Q13255,GRM1,2911
P41594,GRM5,2915
Q5EG05,CARD16,114769
P29466,CASP1,834
P36956,SREBF1,6720
P62877,RBX1,9978
P03372,ESR1,2099
Q01167,FOXK2,3607
Q99728,BARD1,580
P49759,CLK1,1195
Q07955,SRSF1,6426
O60260,PARK2,5071
P37231,PPARG,5468
P10828,THRB,7068
P11473,VDR,7421
O75376,NCOR1,9611
P67775,PPP2CA,5515
Q96RU3,FNBP1,23048
Q12933,TRAF2,7186
Q5VWQ8,DAB2IP,153090
Q99683,MAP3K5,4217
O15111,CHUK,1147
P24928,POLR2A,5430
Q9H269,VPS16,64601
Q9P253,VPS18,57617
Q96AX1,VPS33A,65082
Q9H9C1,VIPAS39,63894
Q9H267,VPS33B,26276
Q13813,SPTAN1,6709
P41220,RGS2,5997
Q9H4M3,FBXO44,93611
Q01826,SATB1,6304
P49336,CDK8,1024
P50750,CDK9,1025
P50613,CDK7,1022
P11233,RALA,5898
P11309,PIM1,5292
Q15173,PPP2R5B,5526
P43034,PAFAH1B1,5048
Q9BXM7,PINK1,65018
P0CG48,UBC,7316
P08151,GLI1,2735
P48436,SOX9,6662
Q9Y297,BTRC,8945
Q99714,HSD17B10,3028
O94826,TOMM70A,9868
Q15388,TOMM20,9804
O96008,TOMM40,10452
Q9NS69,TOMM22,56993
P43355,MAGEA1,4100
Q9UBF1,MAGEC2,51438
Q8TD90,MAGEE2,139599
-,MAGEL2,54551
P43366,MAGEB1,4112
P10145,CXCL8,3576
P62873,GNB1,2782
P59768,GNG2,54331
Q9UHD9,UBQLN2,29978
Q9GZP9,DERL2,51009
P46379,BAG6,7917
P07900,HSP90AA1,3320
Q15185,PTGES3,10728
Q16819,MEP1A,4224
P31785,IL2RG,3561
P19174,PLCG1,5335
P15173,MYOG,4656
Q03111,MLLT1,4298
P35226,BMI1,648
P29590,PML,5371
P04637,TP53,7157
Q9UQR0,SCML2,10389
Q99496,RNF2,6045
Q93009,USP7,7874
P27361,MAPK3,5595
Q969H0,FBXW7,55294
Q15599,SLC9A3R2,9351
P63244,GNB2L1,10399
O94952,FBXO21,23014
Q9NPD8,UBE2T,29089
Q9NW38,FANCL,55120
Q14766,LTBP1,4052
O14733,MAP2K7,5609
Q99592,ZBTB18,10472
O75486,SUPT3H,8464
Q5T2W1,PDZK1,5174
Q9ULM3,YEATS2,55689
Q96M98,PACRG,135138
P53355,DAPK1,1612
Q96JY6,PDLIM2,64236
P17987,TCP1,6950
Q8WXA9,SREK1,140890
Q01658,DR1,1810
P20226,TBP,6908
Q86V24,ADIPOR2,79602
Q8N726|P42771,CDKN2A,1029
P60484,PTEN,5728
P31749,AKT1,207
P62136,PPP1CA,5499
P01133,EGF,1950
Q7Z6Z7,HUWE1,10075
Q9Y6Q9,NCOA3,8202
Q9NYG5,ANAPC11,51529
P25054,APC,324
Q13315,ATM,472
O14965,AURKA,6790
O95429,BAG4,9530
Q9HCU9,BRMS1,25855
Q14790,CASP8,841
P24385,CCND1,595
P42773,CDKN2C,1031
O96017,CHEK2,11200
P04626,ERBB2,2064
Q92731,ESR2,2100
P21802,FGFR2,2263
P22455,FGFR4,2264
O75330,HMMR,3161
P01112,HRAS,3265
P08069,IGF1R,3480
P01116,KRAS,3845
P33241,LSP1,4046
O60934,NBN,4683
Q04721,NOTCH2,4853
Q86YC2,PALB2,79728
Q02962,PAX2,5076
P35232,PHB,5245
P42336,PIK3CA,5290
O15297,PPM1D,8493
P18031,PTPN1,5770
Q12913,PTPRJ,5795
Q06609,RAD51,5888
P04049,RAF1,5894
Q8TDY2,RB1CC1,9821
Q15831,STK11,6794
P01137,TGFB1,7040
Q99816,TSG101,7251
P19544,WT1,7490
O43542,XRCC3,7517
P11245,NAT2,10
Q96KN1,FAM84B,157638
Q9BZ95,WHSC1L1,54904
Q13007,IL24,11009
Q5VTR2,RNF20,56254
P29374,ARID4A,5926
Q05516,ZBTB16,7704
Q15276,RABEP1,9135
Q9UKR3,KLK13,26085
Q15287,RNPS1,10921
Q05519,SRSF11,9295
P43358,MAGEA4,4103
P61586,RHOA,387
P60953,CDC42,998
Q969H4,CNKSR1,10256
Q07960,ARHGAP1,392
Q9BST9,RTKN,6242
P52565,ARHGDIA,396
Q8TCX5,RHPN1,114822
Q12967,RALGDS,5900
P49711,CTCF,10664
Q07699,SCN1B,6324
Q9UM73,ALK,238
Q9GZM8,NDEL1,81565
Q7Z7E8,UBE2Q1,55585
Q13547,HDAC1,3065
Q92769,HDAC2,3066
Q13761,RUNX3,864
P54257,HAP1,9001
Q8N5C8,TAB3,257397
Q9NYJ8,TAB2,23118
Q8N9N5,BANP,54971
Q07666,KHDRBS1,10657
P49450,CENPA,1058
Q8NCD3,HJURP,55355
Q13619,CUL4A,8451
Q9UKB1,FBXW11,23291
Q01844,EWSR1,2130
Q8NFH3,NUP43,348995
Q9BW27,NUP85,79902
P57740,NUP107,57122
Q8WUM0,NUP133,55746
Q12769,NUP160,23279
Q8NFH5,NUP35,129401
P02545,LMNA,4000
O00444,PLK4,10733
-,CEP192,55125
Q96MT8,CEP63,80254
Q05D60,CCDC67,159989
Q9HC77,CENPJ,55835
O94986,CEP152,22995
Q2KHM9,KIAA0753,9851
Q49A88,CCDC14,64770
Q96SN8,CDK5RAP2,55755
P62807,HIST1H2BG,8339
P68431,HIST1H3A,8350
Q9NPJ6,MED4,29079
Q9H944,MED20,9477
Q9ULK4,MED23,9439
P52306,RAP1GDS1,5910
P30260,CDC27,996
Q9P2D0,IBTK,25998
Q96PU5,NEDD4L,23327
O15033,AREL1,9870
Q96FW1,OTUB1,55611
O95630,STAMBP,10617
Q9UGI0,ZRANB1,54764
O95714,HERC2,8924
Q14137,BOP1,23246
Q9NU22,MDN1,23195
P78362,SRPK2,6733
Q96AP0,ACD,65057
Q8N157,AHI1,54806
Q15154,PCM1,5108
Q9P2K1,CC2D2A,57545
Q5TB80,CEP162,22832
O15078,CEP290,80184
Q8N960,CEP120,153241
Q6ZU80,CEP128,145508
Q66GS9,CEP135,9662
Q68CZ1,RPGRIP1L,23322
Q96LK0,CEP19,84984
Q86VQ0,LCA5,167691
O75665,OFD1,8481
Q96NL6,SCLT1,132320
Q8N0Z3,SPICE1,152185
Q9Y2D8,SSX2IP,117178
Q01484,ANK2,287
Q9P2S5,WRAP73,49856
Q9UPM9,B9D1,27077
Q9BPU9,B9D2,80776
Q9NXB0,MKS1,54903
Q96GX1,TCTN2,79867
Q6NUS6,TCTN3,26123
O43303,CCP110,9738
Q8IW35,CEP97,79598
Q5SW79,CEP170,9859
O60308,CEP104,9731
Q8N137,CNTROB,116840
O95684,FGFR1OP,11116
Q9UPV0,CEP164,22897
Q9C0F1,CEP44,80817
Q96ST8,CEP89,84902
Q7Z7A1,CNTRL,11064
Q8TES7,FBF1,85302
Q9Y2I6,NINL,22981
Q8N4C6,NIN,51199
O15259,NPHP1,4867
O75161,NPHP4,261734
Q5BJF6,ODF2,4957
Q14203,DCTN1,1639
Q9Y592,CEP83,51134
P41208,CETN2,1069
Q8NA72,POC5,134359
P63172,DYNLT1,6993
Q86UK5,EVC2,132884
Q86SG6,NEK8,284086
Q6UVJ0,SASS6,163786
Q96Q45,TMEM237,65062
Q8NBT0,POC1A,25886
Q8TC44,POC1B,282809
Q96KN7,RPGRIP1,57096
Q92834,RPGR,6103
Q15468,STIL,6491
Q2MV58,TCTN1,79600
Q86X19,TMEM17,200728
Q9P0N5,TMEM216,51259
Q5HYA8,TMEM67,91147
Q13887,KLF5,688
Q9H3M9,ATXN3L,92552
Q9UJX6,ANAPC2,29882
Q12834,CDC20,991
Q9UJX5,ANAPC4,29945
O60636,TSPAN2,10100
P09093,CELA3A,10136
-,TIMM23B,100652748
Q8TCX5,RHPN1,114822
Q9BXI9,C1QTNF6,114904
Q96DA2,RAB39B,116442
Q6ZUJ8,PIK3AP1,118788
Q8N8R7,ARL14EP,120534
Q96DA0,ZG16B,124220
Q5I0X7,TTC32,130502
Q8WUU8,TMEM174,134288
Q96MY1,NOL4L,140688
Q8WWG1,NRG4,145957
Q6GPH6,ITPRIPL1,150771
-,PPP1R2P3,153743
Q7RTU3,OLIG3,167826
-,ZNF385C,201181
Q96QK8,SMIM14,201895
Q8NBI2,CYB561A3,220002
Q86XE0,SNX32,254122
Q8N6N6,NATD1,256302
Q9Y5P8,PPP2R3B,28227
Q6PF18,MORN3,283385
-,NBPF22P,285622
Q8TC20,CAGE1,285782
-,PKD1P1,339044
Q8IYA8,CCDC36,339834
-,GLIDR,389741
Q96GX8,C16orf74,404550
-,CT45A5,441521
P23409,MYF6,4618
Q14802,FXYD3,5349
Q96EQ0,SGTB,54557
Q96MA1,DMRTB1,63948
Q53EP0,FNDC3B,64778
Q9NUH8,TMEM14B,81853
Q5BJH2,TMEM128,85013
Q96A05,ATP6V1E2,90423
O43920,NDUFS5,4725
Q86Y39,NDUFA11,126328
Q13751,LAMB3,3914
Q08174,PCDH1,5097
Q17RP2,TIGD6,81789
Q96H55,MYO19,80179
Q2M1P5,KIF7,374654
Q8NHH9,ATL2,64225
Q9NYZ3,GTSE1,51512
Q96QS3,ARX,170302
Q9P2B7,CFAP97,57587
Q9Y3E0,GOLT1B,51026
Q9NVH1,DNAJC11,55735
Q6SPF0,SAMD1,90378
Q08AG7,MZT1,440145
Q8N137,CNTROB,116840
Q5T3F8,TMEM63B,55362
Q969M3,YIPF5,81555
Q6ZNC8,MBOAT1,154141
O00400,SLC33A1,9197
Q05D32,CTDSPL2,51496
Q15058,KIF14,9928
P19484,TFEB,7942
Q9Y5E8,PCDHB15,56121
P07197,NEFM,4741
Q9UBS9,SUCO,51430
O60245,PCDH7,5099
Q7Z4S6,KIF21A,55605
Q8TF50,ZNF526,116115
Q8N1G0,ZNF687,57592
Q9UKX3,MYH13,8735
Q9UPP5,KIAA1107,23285
Q96RT8,TUBGCP5,114791
Q96RR1,C10orf2,56652
Q96Q89,KIF20B,9585
Q8NI77,KIF18A,81930
Q6ZRV2,FAM83H,286077
Q9NUQ6,SPATS2L,26010
Q8N655,C10orf12,26148
P59047,NLRP5,126206
P51788,CLCN2,1181
Q86WU2,LDHD,197257
Q9Y4A0,JRKL,8690
Q00765,REEP5,7905
Q9P2E3,ZNFX1,57169
Q9NVD3,SETD4,54093
P98174,FGD1,2245
Q96SY0,VWA9,81556
Q14149,MORC3,23515
Q9NY74,ETAA1,54465
Q8IX21,FAM178A,55719
Q5T7B8,KIF24,347240
Q8NC67,NETO2,81831
Q6ZT07,TBC1D9,23158
Q96PC2,IP6K3,117283
O15403,SLC16A6,9120
Q8NFC6,BOD1L1,259282
Q6ZRP7,QSOX2,169714
P61018,RAB4B,53916
Q96GX5,MASTL,84930
Q9UHN1,POLG2,11232
Q8TAT5,NEIL3,55247
Q9H6I2,SOX17,64321
Q5JUW0,KRBOX4,55634
Q96HQ2,CDKN2AIPNL,91368
Q96B86,RGMA,56963
P56730,PRSS12,8492
Q9Y6X3,MAU2,23383
O14782,KIF3C,3797
Q96M32,AK7,122481
Q8TAP8,PPP1R35,221908
Q5K651,SAMD9,54809
Q9NXC5,MIOS,54468
Q96S15,WDR24,84219
O75140,DEPDC5,9681
P12034,FGF5,2250
Q9HBE4,IL21,59067
Q8TDF6,RASGRP4,115727
Q32P44,EML3,256364
O15537,RS1,6247
Q6ZV29,PNPLA7,375775
O75473,LGR5,8549
P50548,ERF,2077
Q8TC41,RNF217,154214
Q86W56,PARG,8505
Q6X9E4,FBXW12,285231
Q8TDD2,SP7,121340
Q6ZRF8,RNF207,388591
Q12948,FOXC1,2296
Q12950,FOXD4,2298
O00358,FOXE1,2304
Q12946,FOXF1,2294
Q6ZQN5,FOXI2,399823
Q9UPW0,FOXJ3,22887
Q9BXL5,HEMGN,55363
Q8NFM7,IL17RD,54756
O75426,FBXO24,26261
-,AOC4P,90586
Q12952,FOXL1,2300
Q9BQ69,MACROD1,28992
O15353,FOXN1,8456
-,FOXO6,100132074
Q5T1M5,FKBP15,23307
Q9C009,FOXQ1,94234
Q9C0F0,ASXL3,80816
Q8NEA6,GLIS3,169792
O43364,HOXA2,3199
Q86YD5,LDLRAD3,143458
Q6ZSG1,RNF165,494470
P15516,HTN3,3347
Q8WUQ7,CACTIN,58509
Q96DW6,SLC25A38,54977
Q70HW3,SLC25A26,115286
Q6TCH7,PAQR3,152559
A2A288,ZC3H12D,340152
Q8TB52,FBXO30,84085
Q8NEA4,FBXO36,130888
Q9P2H5,USP35,57558
A1A4Y4,IRGM,345611
Q49MI3,CERKL,375298
Q5T8A7,PPP1R26,9858
Q7L0Q8,RHOU,58480
Q9P278,FNIP2,57600
Q8TD90,MAGEE2,139599
Q9NSA0,SLC22A11,55867
Q96PV7,FAM193B,54540
Q9BYJ9,YTHDF1,54915
Q969W3,FAM104A,84923
Q13304,GPR17,2840
Q9Y2I9,TBC1D30,23329
Q8TCC7,SLC22A8,9376
P45844,ABCG1,9619
Q9H173,SIL1,64374
Q8N8N0,RNF152,220441
Q5U5R9,HECTD2,143279
O94952,FBXO21,23014
-,MIR363,574031
-,MIRLET7A1,406881
Q8N3P4,VPS8,23355
Q96LB3,IFT74,80173
Q86WT1,TTC30A,92104
Q8N4P2,TTC30B,150737
Q9UPW8,UNC13A,23025
Q9Y366,IFT52,51098
Q9BV94,EDEM2,55741
Q9BZQ6,EDEM3,80267
O95718,ESRRB,2103
A6NNY8,USP27X,389856
Q8IWC1,MAP7D3,79649
Q9NVH0,EXD2,55218
Q5T7W0,ZNF618,114991
Q6ZT12,UBR3,130507
Q13615,MTMR3,8897
Q9Y6D0,SELK,58515
Q9H920,RNF121,55298
A1L188,C17orf89,284184
Q6IPR1,LYRM5,144363
P26440,IVD,3712
O75208,COQ9,57017
Q4J6C6,PREPL,9581
Q9BTZ2,DHRS4,10901
Q8NI37,PPTC7,160760
Q8WV93,LACE1,246269
Q8WW59,SPRYD4,283377
Q9HAC7,SUGCT,79783
P0C7P0,CISD3,284106
Q9NQH7,XPNPEP3,63929
Q96FC7,PHYHIPL,84457
Q8N3Z0,PRSS35,167681
Q96HJ9,C7orf55,154791
Q96D53,ADCK4,79934
Q96BP2,CHCHD1,118487
Q6UXV4,APOOL,139322
Q8WYQ3,CHCHD10,400916
Q9P032,NDUFAF4,29078
Q9BXW7,CECR5,27440
Q9Y3B1,SLMO2,51012
Q99807,COQ7,10229
Q96H96,COQ2,27235
P83111,LACTB,114294
Q96BW9,TAMM41,132001
Q7Z695,ADCK2,90956
Q96C01,FAM136A,84908
Q96MF6,COQ10A,93058
Q9H8M1,COQ10B,80219
Q5VUM1,C6orf57,135154
Q14142,TRIM14,9830
Q07654,TFF3,7033
Q9Y5Z9,UBIAD1,29914
P35610,SOAT1,6646
P16050,ALOX15,246
P16662,UGT2B7,7364
O75762,TRPA1,8989
Q8IWL8,STH,246744
Q8NFY9,KBTBD8,84541
A6NHX0,GATSL2,729438
Q9Y2R0,COA3,28958
-,DCDC5,100506627
Q86U10,ASPG,374569
Q96AQ7,CIDEC,63924
O14494,PPAP2A,8611
Q9P2G9,KLHL8,57563
Q9NPE2,NGRN,51335
P30273,FCER1G,2207
P19224,UGT1A6,54578
P22309,UGT1A1,54658
Q6JBY9,RCSD1,92241
O15123,ANGPT2,285
P61165,TMEM258,746
Q6NW34,C3orf17,25871
Q8NB90,SPATA5,166378
Q96ND0,FAM210A,125228
Q5T2E6,C10orf76,79591
Q5T280,C9orf114,51490
O94898,LRIG2,9860
Q8WVL7,ANKRD49,54851
Q5RL73,RBM48,84060
Q16568,CARTPT,9607
P35218,CA5A,763
Q96JJ3,ELMO2,63916
Q96BJ8,ELMO3,79767
Q05BQ5,MBTD1,54799
Q9Y487,ATP6V0A2,23545
Q9NS71,GKN1,56287
Q92858,ATOH1,474
Q9ULK5,VANGL2,57216
P22413,ENPP1,5167
Q9P126,CLEC1B,51266
Q8IY47,KBTBD2,25948
P10997,IAPP,3375
P41181,AQP2,359
P55087,AQP4,361
P06681,C2,717
Q9UJ71,CD207,50489
Q9BXR6,CFHR5,81494
Q8N6F1,CLDN19,149461
P53674,CRYBB1,1414
Q53TN4,CYBRD1,79901
Q5JVL4,EFHC1,114327
Q9UBX5,FBLN5,10516
Q01740,FMO1,2326
P31513,FMO3,2328
Q8TAF8,LHFPL5,222662
Q99735,MGST2,4258
Q96EY8,MMAB,326625
Q9Y4Z2,NEUROG3,50674
Q9BZD2,SLC29A3,55315
Q8IWU4,SLC30A8,169026
Q8WWX8,SLC5A11,115584
Q9Y397,ZDHHC9,51114
Q9P2J8,ZNF624,57547
Q9HCX3,ZNF304,57343
Q8IVP5,FUNDC1,139341
Q6IQ16,SPOPL,339745
Q7Z3V4,UBE3B,89910
P40305,IFI27,3429
-,LINC00673,100499467
Q8TEB9,RHBDD1,84236
Q14681,KCTD2,23510
Q86Y37,CACUL1,143384
-,SDIM1,100505705
P53985,SLC16A1,6566
Q969W9,PMEPA1,56937
Q8IXT1,DDIAS,220042
Q6NSJ2,PHLDB3,653583
Q92915,FGF14,2259
Q9P0J1,PDP1,54704
Q8TDS5,OXER1,165140
Q9NUM4,TMEM106B,54664
Q6S5L8,SHC4,399694
O95476,CTDNEP1,23399
Q68J44,DUPD1,338599
Q8NEJ0,DUSP18,150290
Q05923,DUSP2,1844
Q4G0W2,DUSP28,285193
Q13202,DUSP8,1850
O95677,EYA4,2070
Q13613,MTMR1,8776
A4FU01,MTMR11,10903
Q9P2J9,PDP2,57546
Q9ULR3,PPM1H,57460
Q5JR12,PPM1J,333926
Q96MI6,PPM1M,132160
A2A3K4,PTPDC1,138639
Q4JDL3,PTPN20B,26095
O14522,PTPRT,11122
Q86WG5,SBF2,81846
Q8WUJ0,STYX,6815
Q9HBL0,TNS1,7145
Q6XPS3,TPTE2,93492
Q9BV47,DUSP26,78986
Q76I76,SSH2,85464
Q99504,EYA3,2140
P01568,IFNA21,3452
Q9C0K7,STRADB,55437
Q9NRH3,TUBG2,27175
Q9BSH3,NICN1,84276
Q9Y5F2,PCDHB11,56125
Q9Y5I2,PCDHA10,56139
Q9Y5G3,PCDHGB1,56104
Q16875,PFKFB3,5209
Q9Y3B6,EMC9,51016
P20853,CYP2A7,1549
Q9NP55,BPIFA1,51297
P10696,ALPPL2,251
Q6QEF8,CORO6,84940
Q96A70,AZIN2,113451
A2BFH1,PPIAL4G,644591
Q9H8X2,IPPK,64768
Q03721,KCNC4,3749
-,CGB2,114336
Q9NRJ7,PCDHB16,57717
A5YM69,ARHGEF35,445328
O60656,UGT1A9,54600
Q6S5H4,POTEB3,102724631
Q5TCH4,CYP4A22,284541
Q8TCE6,FAM45A,404636
Q9NVX7,KBTBD4,55709
Q8TDB8,SLC2A14,144195
Q5VW00,DCAF12L2,340578
Q5M8T2,SLC35D3,340146
Q9H714,KIAA0226L,80183
Q96L93,KIF16B,55614
Q9UN71,PCDHGB4,8641
Q96H86,ZNF764,92595
Q6GPI1,CTRB2,440387
Q9UDX4,SEC14L3,266629
Q96JJ6,JPH4,84502
Q96LZ2,MAGEB10,139422
Q9Y5G8,PCDHGA5,56110
Q5VTA0,PRAMEF17,391004
Q9UBW5,BIN2,51411
P26439,HSD3B2,3284
Q9H0V9,LMAN2L,81562
Q14123,PDE1C,5137
Q8N7C3,TRIML2,205860
Q9NTU7,CBLN4,140689
Q9NS26,SPANXA1,30014
Q9BQK8,LPIN3,64900
Q9Y5H5,PCDHA9,9752
Q6NW29,RWDD4,201965
Q9BVQ7,SPATA5L1,79029
Q1RMZ1,C7orf60,154743
Q6NZ63,STEAP1B,256227
Q9Y5H8,PCDHA3,56145
Q96FT9,IFT43,112752
Q7L8J4,SH3BP5L,80851
Q495M9,USH1G,124590
A1L190,SYCE3,644186
Q5I0X4,C6orf226,441150
A6NED2,RCCD1,91433
Q9BT43,POLR3GL,84265
Q8IUE0,TGIF2LY,90655
Q9NX31,OSER1,51526
Q96IZ6,METTL2A,339175
Q9HCH3,CPNE5,57699
Q6PI73,LILRB3,11025
P05014,IFNA4,3441
O75128,COBL,23242
O75610,LEFTY1,10637
Q5GFL6,VWA2,340706
Q14774,HLX,3142
Q9UQ74,PSG8,440533
P49753,ACOT2,10965
Q92581,SLC9A6,10479
Q9Y519,TMEM184B,25829
Q9NVR7,TBCCD1,55171
Q0D2K3,RIPPLY1,92129
Q6P9H4,CNKSR3,154043
Q9HAH1,ZNF556,80032
Q9H7D0,DOCK5,80005
O14602,EIF1AY,9086
Q8WUJ1,CYB5D2,124936
Q99742,NPAS1,4861
P49221,TGM4,7047
O94988,FAM13A,10144
Q5PRF9,SAMD4B,55095
Q9BQ87,TBL1Y,90665
P48788,TNNI2,7136
O60938,KERA,11081
Q96RJ6,FERD3L,222894
Q6KCM7,SLC25A25,114789
Q16281,CNGA3,1261
Q9BT04,FUZ,80199
Q7Z739,YTHDF3,253943
Q6P9F7,LRRC8B,23507
Q6PH81,C16orf87,388272
Q86VW1,SLC22A16,85413
P42357,HAL,3034
Q8IXL7,MSRB3,253827
Q8N4N8,KIF2B,84643
Q1ED39,KNOP1,400506
Q9NY72,SCN3B,55800
Q711Q0,C10orf71,118461
Q9ULC6,PADI1,29943
Q9H3K2,GHITM,27069
Q6UWM9,UGT2A3,79799
Q9NZU1,FLRT1,23769
Q9NXS3,KLHL28,54813
Q96DN2,VWCE,220001
Q8NC24,RELL2,285613
Q969R8,ITFG2,55846
Q53H12,AGK,55750
O75167,PHACTR2,9749
Q2M2Z5,KIZ,55857
A6NHC0,CAPN8,388743
Q6PIS1,SLC23A3,151295
Q9HCJ2,LRRC4C,57689
O14524,TMEM194A,23306
Q9BPU6,DPYSL5,56896
Q9NQ34,TMEM9B,56674
Q7Z398,ZNF550,162972
P86478|P86479|P86481|P86480|P86496,PRR20E,729250
Q96RY5,CRAMP1L,57585
Q9BYJ1,ALOXE3,59344
Q8TBF4,ZCRB1,85437
Q8TBP5,FAM174A,345757
Q96B54,ZNF428,126299
Q6PEY0,GJB7,375519
Q7Z5L7,PODN,127435
O15040,TECPR2,9895
O00755,WNT7A,7476
Q8IUW5,RELL1,768211
Q96SI9,STRBP,55342
Q70JA7,CHSY3,337876
Q13183,SLC13A2,9058
Q8N998,CCDC89,220388
P01222,TSHB,7252
A6NI79,CCDC69,26112
Q96KS9,FAM167A,83648
Q86Z23,C1QL4,338761
Q9UKZ1,CNOT11,55571
A6H8Z2,FAM221B,392307
Q9Y5E2,PCDHB7,56129
Q8WU76,SCFD2,152579
Q9NXL2,ARHGEF38,54848
O95460,MATN4,8785
Q6NXP2,FAM71F2,346653
P47929,LGALS7,3963
Q5T7N3,KANK4,163782
-,APOBEC3D,140564
B2RU33,POTEC,388468
Q8IUZ0,LRRC49,54839
Q86UF2,CTAGE6,340307
Q5W0U4,BSPRY,54836
Q8NFX7,STXBP6,29091
A1L157,TSPAN11,441631
P59665,DEFA1,1667
Q8WTQ1,DEFB104A,140596
Q16654,PDK4,5166
Q3KR16,PLEKHG6,55200
P07101,TH,7054
Q86SG7,LYG2,254773
O94886,TMEM63A,9725
P21709,EPHA1,2041
Q14627,IL13RA2,3598
Q9UBT3,DKK4,27121
Q9UN75,PCDHA12,56137
Q86VY9,TMEM200A,114801
O15496,PLA2G10,8399
Q8WW35,TCTEX1D2,255758
Q9H609,ZNF576,79177
Q7Z6I8,C5orf24,134553
Q8NFR9,IL17RE,132014
Q6NXG1,ESRP1,54845
B2RXF5,ZBTB42,100128927
Q9NYQ3,HAO2,51179
P21397,MAOA,4128
O15063,KIAA0355,9710
Q9H5V8,CDCP1,64866
Q8WUT9,SLC25A43,203427
Q8IYJ0,PIANP,196500
Q9H4B8,DPEP3,64180
Q6IPR3,TYW3,127253
Q6P1L5,FAM117B,150864
Q5SZD1,C6orf141,135398
Q3MIR4,TMEM30B,161291
O15296,ALOX15B,247
Q86XK7,VSIG1,340547
P51575,P2RX1,5023
Q8NFN8,GPR156,165829
O00168,FXYD1,5348
Q9UJT0,TUBE1,51175
Q8N4S9,MARVELD2,153562
Q8N878,FRMD1,79981
Q6AW86,ZNF324B,388569
Q96J88,EPSTI1,94240
Q68D51,DENND2C,163259
Q96T17,MAP7D2,256714
Q9Y5Q0,FADS3,3995
Q9NWH7,SPATA6,54558
Q9NQ84,GPRC5C,55890
Q9H2J7,SLC6A15,55117
Q9HCM2,PLXNA4,91584
Q3KP66,C1orf106,55765
Q6ZW61,BBS12,166379
Q9BU19,ZNF692,55657
Q9BQP7,MGME1,92667
Q68D91,MBLAC2,153364
Q8IVT2,MISP,126353
Q8IV01,SYT12,91683
Q96JM2,ZNF462,58499
O15060,ZBTB39,9880
Q6ZMB5,TMEM184A,202915
Q4KMZ1,IQCC,55721
Q9H8J5,MANSC1,54682
Q9BZ11,ADAM33,80332
Q99435,NELL2,4753
O75596,CLEC3A,10143
O43323,DHH,50846
O00533,CHL1,10752
Q2MV58,TCTN1,79600
Q96Q42,ALS2,57679
Q9NPG4,PCDH12,51294
P55290,CDH13,1012
Q5U5X8,FAM222A,84915
Q3KR37,GRAMD1B,57476
P46098,HTR3A,3359
Q8WYK0,ACOT12,134526
Q99679,GPR21,2844
Q17RF5,C4orf26,152816
Q9ULC3,RAB23,51715
O95968,SCGB1D1,10648
Q02383,SEMG2,6407
Q8WZ60,KLHL6,89857
Q6XE38,SCGB1D4,404552
Q9H813,TMEM206,55248
Q8N6U8,GPR161,23432
Q9ULW2,FZD10,11211
Q9NX95,SYBU,55638
P14406,COX7A2,1347
Q9UBP4,DKK3,27122
P22492,HIST1H1T,3010
Q8NA69,C19orf45,374877
P12724,RNASE3,6037
Q14117,DPYS,1807
Q9UF02,CACNG5,27091
Q8TF66,LRRC15,131578
Q8NG41,NPB,256933
Q400G9,AMZ1,155185
Q8N831,TSPYL6,388951
P01178,OXT,5020
A2RU67,KIAA1467,57613
Q7Z5A8,FAM19A3,284467
Q96HU8,DIRAS2,54769
Q96PL5,ERMAP,114625
Q6ZMH5,SLC39A5,283375
O95428,PAPLN,89932
Q9Y6Q1,CAPN6,827
O76096,CST7,8530
Q8WVE0,N6AMT2,221143
Q6B0K9,HBM,3042
Q9P296,C5AR2,27202
P30047,GCHFR,2644
Q6MZZ7,CAPN13,92291
Q96CE8,TM4SF18,116441
Q8N7X8,SIGLECL1,284369
Q9Y215,COLQ,8292
Q86YV9,HPS6,79803
Q8NHX9,TPCN2,219931
Q96A58,RERG,85004
Q68D85,NCR3LG1,374383
Q9C099,LRRCC1,85444
Q96CU9,FOXRED1,55572
P27918,CFP,5199
Q96LW4,PRIMPOL,201973
P55899,FCGRT,2217
A4D1S0,KLRG2,346689
O95076,ALX3,257
Q9H910,HN1L,90861
Q96E22,NUS1,116150
Q8N443,RIBC1,158787
Q8N7R7,CCNYL1,151195
Q9UIV8,SERPINB13,5275
Q96DX4,RSPRY1,89970
Q6ZNC4,ZNF704,619279
O15229,KMO,8564
Q9HB29,IL1RL2,8808
Q9UBH6,XPR1,9213
Q8WW33,GTSF1,121355
P36269,GGT5,2687
Q86WN2,IFNE,338376
P48960,CD97,976
Q9C0I3,CCSER1,401145
P21953,BCKDHB,594
Q8N6Y1,PCDH20,64881
P56555,DSCR4,10281
Q15771,RAB30,27314
Q53GI3,ZNF394,84124
Q7Z402,TMC7,79905
Q8TCT7,SPPL2B,56928
Q8TA94,ZNF563,147837
Q4VC12,MSS51,118490
Q8IZF4,GPR114,221188
Q9Y6L6,SLCO1B1,10599
P08833,IGFBP1,3484
Q8N9N7,LRRC57,255252
Q8NCK7,SLC16A11,162515
Q0VGE8,ZNF816,125893
O95396,MOCS3,27304
Q8WXQ8,CPA5,93979
Q8IYG6,LRRC56,115399
Q68DA7,FMN1,342184
Q8N307,MUC20,200958
Q8IYV9,IZUMO1,284359
Q5VT40,FAM78B,149297
Q6ZMY9,ZNF517,340385
Q8IW36,ZNF695,57116
P83105,HTRA4,203100
Q16563,SYPL1,6856
Q9UL59,ZNF214,7761
Q9BV97,ZNF747,65988
Q96S66,CLCC1,23155
Q5T8I9,HENMT1,113802
P60022,DEFB1,1672
Q9BY50,SEC11C,90701
Q96BR6,ZNF669,79862
Q2M3D2,EXOC3L2,90332
P16562,CRISP2,7180
P11488,GNAT1,2779
Q96G28,CFAP36,112942
Q8NB12,SMYD1,150572
Q9C0K1,SLC39A8,64116
P78380,OLR1,4973
Q86Y25,ZNF354C,30832
Q8IW92,GLB1L2,89944
Q8J025,APCDD1,147495
O95498,VNN2,8875
Q9UDW3,ZMAT5,55954
Q8IYS2,KIAA2013,90231
Q6ZMJ2,SCARA5,286133
Q9Y278,HS3ST2,9956
Q86XM0,CATSPERD,257062
Q8IVM8,SLC22A9,114571
Q8NI17,IL31RA,133396
P82930,MRPS34,65993
Q9HD64,XAGE1B,653220
Q9NZM6,PKD2L2,27039
Q5T764,IFIT1B,439996
Q8TCW7,ZPLD1,131368
O95136,S1PR2,9294
P55075,FGF8,2253
O43505,B4GAT1,11041
P41597,CCR2,729230
Q5JNZ3,ZNF311,282890
Q5K4L6,SLC27A3,11000
Q6ZN54,DEF8,54849
Q6UXF1,TMEM108,66000
Q8IW75,SERPINA12,145264
Q8N9Z0,ZNF610,162963
Q9UHP7,CLEC2D,29121
P22891,PROZ,8858
Q8ND04,SMG8,55181
Q9UBM8,MGAT4C,25834
Q6UXE8,BTNL3,10917
Q53EQ6,TIGD5,84948
Q8NEG5,ZSWIM2,151112
Q8N8L2,ZNF491,126069
P35414,APLNR,187
Q9Y581,INSL6,11172
Q86XD5,FAM131B,9715
Q4KMQ2,ANO6,196527
Q99470,SDF2,6388
A0AV02,SLC12A8,84561
Q147U7,SMCO1,255798
Q9Y324,FCF1,51077
Q96NX9,DACH2,117154
O43548,TGM5,9333
Q7RTS1,BHLHA15,168620
Q8WWB7,C1orf85,112770
Q8NBZ7,UXS1,80146
Q7Z6Z6,PNPLA5,150379
Q6UWV6,ENPP7,339221
O95436,SLC34A2,10568
Q8WWF3,SSMEM1,136263
Q6ZV77,C9orf139,401563
Q96S86,HAPLN3,145864
Q96BY7,ATG2B,55102
O00322,UPK1A,11045
P30711,GSTT1,2952
Q96F05,C11orf24,53838
Q5SY16,NOL9,79707
Q96GX1,TCTN2,79867
Q9NUM3,SLC39A9,55334
Q16581,C3AR1,719
Q96JM4,LRRIQ1,84125
Q96A23,CPNE4,131034
Q96LP2,FAM81B,153643
Q86YC3,NRROS,375387
Q9P2M4,TBC1D14,57533
Q6B0B8,TIGD3,220359
Q99440,LINC01587,10141
O75324,SNN,8303
P46059,SLC15A1,6564
Q9Y2B1,TMEM5,10329
Q9BYZ8,REG4,83998
O95159,ZFPL1,7542
O75326,SEMA7A,8482
Q0GE19,SLC10A7,84068
Q6UWN0,LYPD4,147719
Q86UG4,SLCO6A1,133482
Q8IYS4,C16orf71,146562
Q16445,GABRA6,2559
Q96ME7,ZNF512,84450
P55107,GDF10,2662
Q9NY59,SMPD3,55512
P25090,FPR2,2358
P40967,PMEL,6490
Q9NRR8,CDC42SE1,56882
Q7Z5H3,ARHGAP22,58504
P01350,GAST,2520
Q6PP77,XKRX,402415
P33241,LSP1,4046
Q9UHK6,AMACR,23600
Q8TDL5,BPIFB1,92747
Q6UX71,PLXDC2,84898
O60575,SPINK4,27290
Q9BTV6,DPH7,92715
Q7Z7G2,CPLX4,339302
Q6ZSG2,FAM196A,642938
P15812,CD1E,913
Q9H902,REEP1,65055
Q9UKU9,ANGPTL2,23452
Q6ZRI8,ARHGAP36,158763
O60688,YPEL1,29799
O00160,MYO1F,4542
Q8IWF9,CCDC83,220047
Q86UY6,NAA40,79829
Q9UNU6,CYP8B1,1582
Q9UNW1,MINPP1,9562
Q8N6N7,ACBD7,414149
Q9H0J9,PARP12,64761
O00624,SLC17A2,10246
Q9C0B6,BRINP2,57795
Q6PCB5,RSBN1L,222194
Q8N468,MFSD4,148808
Q86SU0,ILDR1,286676
Q2TB18,ASTE1,28990
Q9BSJ5,C17orf80,55028
O95445,APOM,55937
Q96S37,SLC22A12,116085
Q8NCH0,CHST14,113189
Q8N441,FGFRL1,53834
O43736,ITM2A,9452
Q8TD20,SLC2A12,154091
Q9NRE1,MMP26,56547
P58557,YBEY,54059
Q9BU40,CHRDL1,91851
Q9UKJ8,ADAM21,8747
Q86UA1,PRPF39,55015
Q6NSJ5,LRRC8E,80131
Q9UNI1,CELA1,1990
Q96FT7,ASIC4,55515
Q9ULD6,INTU,27152
Q99677,LPAR4,2846
Q13454,TUSC3,7991
Q7Z4W2,LYZL2,119180
Q6PIU2,NCEH1,57552
Q504Y0,SLC39A12,221074
Q8TD07,RAET1E,135250
Q8IV35,WDR49,151790
P16278,GLB1,2720
Q9NPD7,NRN1,51299
Q8IWW6,ARHGAP12,94134
Q76B58,BRINP3,339479
Q7Z4G4,TRMT11,60487
P53677,AP3M2,10947
Q8WZA0,LZIC,84328
P35052,GPC1,2817
Q9Y5C1,ANGPTL3,27329
Q8WUM9,SLC20A1,6574
Q9GZP0,PDGFD,80310
Q9C0I9,LRRC27,80313
Q92187,ST8SIA4,7903
Q6P1J6,PLB1,151056
A0PJX2,TLDC2,140711
O95455,TGDS,23483
Q9BX73,TM2D2,83877
-,ARMCX4,100131755
Q96GQ5,C16orf58,64755
P37287,PIGA,5277
Q8TB92,HMGCLL1,54511
Q7Z5A9,FAM19A1,407738
Q8IWY8,ZSCAN29,146050
Q9BQE6,LBHD1,79081
Q9Y2Y8,PRG3,10394
Q52LD8,RFTN2,130132
P01566,IFNA10,3446
O94827,PLEKHG5,57449
Q86YJ5,MARCH9,92979
A8MT70,ZBBX,79740
A2VCK2,DCDC2B,149069
P04201,MAS1,4142
Q99983,OMD,4958
Q86T26,TMPRSS11B,132724
Q92832,NELL1,4745
O00295,TULP2,7288
P55822,SH3BGR,6450
Q8N431,RASGEF1C,255426
Q8WVH0,CPLX3,594855
-,NHSL2,340527
P58215,LOXL3,84695
Q9GZX3,CHST6,4166
Q2M3C6,C15orf27,123591
Q9Y330,ZBTB12,221527
Q8NCS7,SLC44A5,204962
Q9Y5I4,PCDHAC2,56134
Q8TF32,ZNF431,170959
Q9NS68,TNFRSF19,55504
Q8TC27,ADAM32,203102
Q8N6W0,CELF5,60680
Q9NZV7,ZIM2,23619
Q32Q52,C12orf74,338809
Q8NEQ5,C1orf162,128346
O60602,TLR5,7100
Q86T13,CLEC14A,161198
Q8N2G4,LYPD1,116372
Q8NA72,POC5,134359
P10645,CHGA,1113
Q9BYI3,FAM126A,84668
Q6ZQW0,IDO2,169355
Q8TD22,SFXN5,94097
Q96MB7,HARBI1,283254
Q16842,ST3GAL2,6483
Q9UHF4,IL20RA,53832
Q6UW10,SFTA2,389376
Q9H1P3,OSBPL2,9885
Q9UHJ6,SHPK,23729
P07998,RNASE1,6035
Q8NA58,PNLDC1,154197
Q8NHJ6,LILRB4,11006
P38935,IGHMBP2,3508
P43652,AFM,173
P25103,TACR1,6869
Q96EG1,ARSG,22901
Q9UBL9,P2RX2,22953
Q9UBD6,RHCG,51458
Q9H8X9,ZDHHC11,79844
Q9H4K7,MTG2,26164
Q8NAC3,IL17RC,84818
Q8NFZ3,NLGN4Y,22829
Q8N6G6,ADAMTSL1,92949
Q8TCD6,PHOSPHO2,493911
Q13797,ITGA9,3680
Q6TDU7,CASC1,55259
Q9UKF2,ADAM30,11085
P49146,NPY2R,4887
Q9H159,CDH19,28513
Q8IYW2,CFAP46,54777
Q86UE6,LRRTM1,347730
P32297,CHRNA3,1136
Q2Y0W8,SLC4A8,9498
P08842,STS,412
Q7Z5L4,SPATA19,219938
Q6UWJ1,TMCO3,55002
A2RRL7,TMEM213,155006
Q9Y2S2,CRYL1,51084
P30550,GRPR,2925
Q14392,LRRC32,2615
Q9H1M4,DEFB127,140850
Q08188,TGM3,7053
Q14CB8,ARHGAP19,84986
Q96T66,NMNAT3,349565
Q9Y5Q6,INSL5,10022
Q5VU13,VSIG8,391123
Q8IW40,CCDC103,388389
O75366,AVIL,10677
Q1X8D7,LRRC36,55282
Q53RT3,ASPRV1,151516
Q02742,GCNT1,2650
Q7L4E1,FAM73B,84895
Q9Y226,SLC22A13,9390
Q9NQ75,CASS4,57091
Q5TBC7,BCL2L15,440603
Q9H7B7,C7orf69,80099
Q9BUB7,TMEM70,54968
Q9HAY6,BCO1,53630
Q8IVU9,C10orf107,219621
P02753,RBP4,5950
Q9H741,C12orf49,79794
Q5VXT5,SYPL2,284612
Q9BUL5,PHF23,79142
Q9Y4K0,LOXL2,4017
P00480,OTC,5009
Q9HBB8,CDHR5,53841
Q6NSJ0,KIAA1161,57462
P82914,MRPS15,64960
P16581,SELE,6401
Q8NCF5,NFATC2IP,84901
O43731,KDELR3,11015
Q7Z6M3,MILR1,284021
Q9NQZ7,ENTPD7,57089
Q9UKU6,TRHDE,29953
Q5J5C9,DEFB121,245934
P47710,CSN1S1,1446
O43173,ST8SIA3,51046
Q9HBW1,LRRC4,64101
A6NCF5,KLHL33,123103
Q309B1,TRIM16L,147166
Q9Y2C2,UST,10090
Q8IXS2,CCDC65,85478
Q9NZH0,GPRC5B,51704
P20813,CYP2B6,1555
Q6UWQ5,LYZL1,84569
P24592,IGFBP6,3489
Q5BKY1,LRRC10,376132
Q9UH90,FBXO40,51725
P27169,PON1,5444
Q8N446,ZNF843,283933
P13584,CYP4B1,1580
Q6PIY5,C1orf228,339541
Q6JEL2,KLHL10,317719
Q14699,RFTN1,23180
Q5VWQ0,RSBN1,54665
Q13398,ZNF211,10520
Q6ZN66,GBP6,163351
Q9BWM5,ZNF416,55659
Q8NAU1,FNDC5,252995
Q9NWM0,SMOX,54498
O15342,ATP6V0E1,8992
P02750,LRG1,116844
P19526,FUT1,2523
A4D1T9,PRSS37,136242
Q9NUP7,TRMT13,54482
Q86WV5,TEN1,100134934
Q13231,CHIT1,1118
Q2M243,CCDC27,148870
Q93086,P2RX5,5026
Q96DR8,MUCL1,118430
Q8TE60,ADAMTS18,170692
Q5T5M9,CCNJ,54619
Q8WW62,TMED6,146456
Q9BXF9,TEKT3,64518
Q99797,MIPEP,4285
Q86TI4,WDR86,349136
Q96RD9,FCRL5,83416
Q8IUC8,GALNT13,114805
Q6IF63,OR52W1,120787
Q13015,MLLT11,10962
Q9UMS5,PHTF1,10745
Q9NQT6,FSCN3,29999
P48201,ATP5G3,518
Q96N96,SPATA13,221178
Q8N8M0,NAT16,375607
Q5VZ52,MORN5,254956
Q9Y5U9,IER3IP1,51124
Q8IXA5,SPACA3,124912
Q8NEP7,KLHDC9,126823
Q8N4S0,CCDC82,79780
O43934,MFSD11,79157
P08590,MYL3,4634
Q8TDN2,KCNV2,169522
Q8IVL6,LEPREL2,10536
O75106,AOC2,314
Q71RG4,TMUB2,79089
Q7Z602,GPR141,353345
Q11201,ST3GAL1,6482
Q6UWD8,C16orf54,283897
Q9UGQ3,SLC2A6,11182
Q8N428,GALNT16,57452
Q6ZMP0,THSD4,79875
Q96B77,TMEM186,25880
Q9UBV4,WNT16,51384
Q9ULY5,CLEC4E,26253
Q8N695,SLC5A8,160728
Q9UBG3,CRNN,49860
A4D2B0,MBLAC1,255374
Q8IYD2,KLHDC8A,55220
Q8NHS2,GOT1L1,137362
Q86YR7,MCF2L2,23101
Q5VW38,GPR107,57720
Q8TC05,MDM1,56890
Q8N4T0,CPA6,57094
Q9H158,PCDHAC1,56135
P21217,FUT3,2525
O75437,ZNF254,9534
Q8IWU9,TPH2,121278
Q8NHS3,MFSD8,256471
Q7Z7J7,LHFPL4,375323
Q9NXT0,ZNF586,54807
Q8N9S7,CHDC2,286464
Q9H4I8,SERHL2,253190
Q0ZGT2,NEXN,91624
Q6ZW31,SYDE1,85360
Q7Z7D3,VTCN1,79679
Q9NXR5,ANKRD10,55608
Q9UJJ9,GNPTG,84572
Q99445,GML,2765
Q9H598,SLC32A1,140679
O60294,LCMT2,9836
Q8N9W8,FAM71D,161142
Q8N465,D2HGDH,728294
Q8TE96,DQX1,165545
Q6UXK5,LRRN1,57633
Q8NEX5,WFDC9,259240
Q96GL9,FAM163A,148753
O75063,FAM20B,9917
Q8N4N3,KLHL36,79786
P15621,ZNF44,51710
Q6P387,C16orf46,123775
Q08AI8,C2orf54,79919
Q96M96,FGD4,121512
Q70Z44,HTR3D,200909
Q5QP82,DCAF10,79269
Q5W0B7,TMEM236,653567
Q9UBR5,CKLF,51192
Q9H106,SIRPD,128646
Q7Z403,TMC6,11322
Q6UW68,TMEM205,374882
Q5TC63,GRTP1,79774
P22003,BMP5,653
Q68CR1,SEL1L3,23231
Q3I5F7,ACOT6,641372
P48052,CPA2,1358
Q8N1S5,SLC39A11,201266
Q9BRR6,ADPGK,83440
Q8TDX5,ACMSD,130013
Q9BV87,CNPPD1,27013
Q9H1F0,WFDC10A,140832
Q643R3,LPCAT4,254531
Q99965,ADAM2,2515
Q8IUR6,CREBRF,153222
Q6UXT9,ABHD15,116236
Q96JE7,SEC16B,89866
Q4G148,GXYLT1,283464
Q9NZ08,ERAP1,51752
O95620,DUS4L,11062
Q5TB30,DEPDC1,55635
Q96MS3,GLT1D1,144423
Q8N239,KLHL34,257240
A1A4V9,C16orf93,90835
Q9UPI3,FLVCR2,55640
Q71RS6,SLC24A5,283652
Q86UW1,SLC51A,200931
P22732,SLC2A5,6518
Q9NQG1,MANBAL,63905
Q5H913,ARL13A,392509
Q8TE99,PXYLP1,92370
Q9BUK0,CHCHD7,79145
Q7Z3V5,ZNF571,51276
Q9Y6K0,CEPT1,10390
P11511,CYP19A1,1588
P07360,C8G,733
P51854,TKTL1,8277
Q96AZ6,ISG20,3669
Q8IVN8,SBSPON,157869
O15195,VILL,50853
Q9UK13,ZNF221,7638
Q4LDG9,DNAL1,83544
Q0VFZ6,CCDC173,129881
O14925,TIMM23,100287932
P01282,VIP,7432
Q8NA57,C12orf50,160419
Q8IZU3,SYCP3,50511
O95969,SCGB1D2,10647
Q99808,SLC29A1,2030
Q96AQ8,MCUR1,63933
Q8N3C0,ASCC3,10973
Q68CL5,TPGS2,25941
Q9P0V8,SLAMF8,56833
Q6UXI7,VIT,5212
O75311,GLRA3,8001
A2VDF0,FUOM,282969
P01148,GNRH1,2796
A0PJW6,TMEM223,79064
Q96PQ1,SIGLEC12,89858
Q9BRK0,REEP2,51308
Q07075,ENPEP,2028
O75881,CYP7B1,9420
Q8WTX9,ZDHHC1,29800
Q9UK39,CCRN4L,25819
Q7L622,G2E3,55632
Q6MZW2,FSTL4,23105
Q8N6N2,TTC9B,148014
P27352,GIF,2694
P54315,PNLIPRP1,5407
Q5T1B0,AXDND1,126859
Q3SXZ7,TTLL9,164395
Q0VAA5,PLCXD2,257068
P49326,FMO5,2330
Q96LA5,FCRL2,79368
Q96NZ1,FOXN4,121643
Q7Z4H8,KDELC2,143888
Q8WXD2,SCG3,29106
Q2TB10,ZNF800,168850
O15254,ACOX3,8310
Q86TY3,C14orf37,145407
Q6ZNF0,PAPL,390928
Q9Y5E4,PCDHB5,26167
Q5FYB1,ARSI,340075
Q86VV4,RANBP3L,202151
Q0VF96,CGNL1,84952
Q8WVV4,POF1B,79983
Q9UL16,CFAP45,25790
Q6UWW8,CES3,23491
Q9BYB4,GNB1L,54584
Q9NVC3,SLC38A7,55238
Q5VV42,CDKAL1,54901
Q2M3T9,HYAL4,23553
Q8TCD5,NT5C,30833
-,C1orf127,148345
Q502W6,VWA3B,200403
O76082,SLC22A5,6584
Q9P016,THYN1,29087
Q9BWL3,C1orf43,25912
Q9ULK0,GRID1,2894
Q9NRR3,CDC42SE2,56990
Q5VTE6,ANGEL2,90806
P30968,GNRHR,2798
P03951,F11,2160
Q0VAM2,RASGEF1B,153020
Q8IU54,IFNL1,282618
Q96PZ2,FAM111A,63901
O14926,FSCN2,25794
Q5JT25,RAB41,347517
Q8WVZ1,ZDHHC19,131540
Q8NFY4,SEMA6D,80031
Q99424,ACOX2,8309
Q6QAJ8,TMEM220,388335
Q96LW9,ZSCAN31,64288
Q9Y241,HIGD1A,25994
Q8IYS1,PM20D2,135293
Q32MK0,MYLK3,91807
Q9BXU9,CALN1,83698
Q13491,GPM6B,2824
P43251,BTD,686
Q8N6L7,TMEM252,169693
Q496J9,SV2C,22987
Q9H3W5,LRRN3,54674
P56856,CLDN18,51208
Q13505,MTX1,4580
Q5T1Q4,SLC35F1,222553
-,PRAMEF10,343071
Q495N2,SLC36A3,285641
Q6ZVD7,STOX1,219736
Q496F6,CD300E,342510
O00219,HAS3,3038
Q12794,HYAL1,3373
P55344,LIM2,3982
O15444,CCL25,6370
P18405,SRD5A1,6715
O75891,ALDH1L1,10840
Q6UY01,LRRC31,79782
P10153,RNASE2,6036
Q2M3G0,ABCB5,340273
Q96MY7,FAM161B,145483
Q8WU08,STK32A,202374
Q6UWT4,C5orf46,389336
O95754,SEMA4F,10505
Q9HD20,ATP13A1,57130
Q15849,SLC14A2,8170
Q9NP70,AMBN,258
P60153,RNASE9,390443
Q3KP22,C11orf85,283129
P78562,PHEX,5251
Q9P2X3,IMPACT,55364
Q86W67,FAM228A,653140
Q6UX39,AMTN,401138
Q96D03,DDIT4L,115265
Q6P499,NIPAL3,57185
Q9Y5S8,NOX1,27035
Q5SXH7,PLEKHS1,79949
Q6UX40,TMEM107,84314
Q5FVE4,ACSBG2,81616
Q96EX1,SMIM12,113444
Q96A98,PTH2,113091
Q969J5,IL22RA2,116379
Q9HBV1,POPDC3,64208
Q8WWP7,GIMAP1,170575
Q6UWN5,LYPD5,284348
Q9UBX8,B4GALT6,9331
Q86X27,RALGPS2,55103
Q2T9K0,TMEM44,93109
P08567,PLEK,5341
Q5U5Z8,AGBL2,79841
Q9BXI2,SLC25A2,83884
Q8IVF6,ANKRD18A,253650
Q86YT5,SLC13A5,284111
Q96FL8,SLC47A1,55244
Q96S42,NODAL,4838
O94779,CNTN5,53942
P46095,GPR6,2830
Q9Y2D0,CA5B,11238
Q6UB28,METAP1D,254042
Q86UY8,NT5DC3,51559
O15484,CAPN5,726
Q96F83,C14orf79,122616
Q96E66|Q8WZ04,LRTOMT,220074
P57771,RGS8,85397
Q8IW52,SLITRK4,139065
Q7Z7M9,GALNT5,11227
Q9NPH5,NOX4,50507
P24557,TBXAS1,6916
Q9BWV7,TTLL2,83887
Q8N5C1,FAM26E,254228
Q96A49,SYAP1,94056
Q9ULT0,TTC7A,57217
Q8TBZ0,CCDC110,256309
Q9H903,MTHFD2L,441024
Q9NUN5,LMBRD1,55788
Q9ULK6,RNF150,57484
Q96LB4,ATP6V1G3,127124
P14384,CPM,1368
P60602,ROMO1,140823
Q12908,SLC10A2,6555
Q7L0X2,ERICH6,131831
Q9NVN3,RIC8B,55188
Q9NSC7,ST6GALNAC1,55808
Q03395,ROM1,6094
Q5BN46,C9orf116,138162
Q99518,FMO2,2327
Q9Y5K2,KLK4,9622
Q8TEM1,NUP210,23225
Q96A29,SLC35C1,55343
P05089,ARG1,383
Q8NAJ2,C9orf106,414318
Q14410,GK2,2712
Q6URK8,TEPP,374739
Q6P9A3,ZNF549,256051
P36222,CHI3L1,1116
O43280,TREH,11181
Q9BX51,GGTLC1,92086
Q8IZF0,NALCN,259232
Q1EHB4,SLC5A12,159963
Q9NYW2,TAS2R8,50836
Q8N884,MB21D1,115004
A2RU48,SMCO3,440087
Q9NTQ9,GJB4,127534
Q8IZI9,IFNL3,282617
Q96LA6,FCRL1,115350
P26998,CRYBB3,1417
Q15431,SYCP1,6847
Q5SWX8,C1orf27,54953
Q7Z6J2,GRASP,160622
Q6ZVC0,NYAP1,222950
Q9Y6X6,MYO16,23026
P14616,INSRR,3645
Q70EK9,USP51,158880
Q7M4L6,SHF,90525
Q5VW36,FOCAD,54914
Q6ZW76,ANKS3,124401
P62699,YPEL5,51646
Q8TAM2,TTC8,123016
Q96G75,RMND5B,64777
Q3SYG4,BBS9,27241
Q8WVS4,WDR60,55112
Q9Y547,HSPB11,51668
Q96RY7,IFT140,9742
Q9P2L0,WDR35,57539
Q8IVV7,GID4,79018
Q8NEZ3,WDR19,57728
A8MTZ0,BBIP1,92482
O94919,ENDOD1,23052
P51957,NEK4,6787
Q86X02,CDR2L,30850
Q9NRR6,INPP5E,56623
Q9H490,PIGU,128869
-,PTPRQ,374462
Q5VUJ6,LRCH2,57631
Q8TBY8,PMFBP1,83449
O95772,STARD3NL,83930
Q9BVG9,PTDSS2,81490
Q86Y91,KIF18B,146909
Q9HD40,SEPSECS,51091
Q68CZ1,RPGRIP1L,23322
Q8N0X2,SPAG16,79582
Q8NET4,RGAG1,57529
-,GOLGA6L2,283685
Q6NTF9,RHBDD2,57414
Q8TDX7,NEK7,140609
Q6P656,C15orf26,161502
P35326,SPRR2A,6700
Q96AA3,RFT1,91869
O76074,PDE5A,8654
Q9P202,DFNB31,25861
Q7LGC8,CHST3,9469
P48651,PTDSS1,9791
Q9H1B5,XYLT2,64132
Q4G0N8,SLC9C1,285335
Q5VZ89,DENND4C,55667
Q8TEH3,DENND1A,57706
Q9P244,LRFN1,57622
Q5TCZ1,SH3PXD2A,9644
Q8N9M5,TMEM102,284114
Q9HCH0,NCKAP5L,57701
Q4G0A6,FAM188B,84182
Q9Y4F3,KIAA0430,9665
Q9HCD6,TANC2,26115
Q5VZP5,DUSP27,92235
Q96NL8,C8orf37,157657
Q08AD1,CAMSAP2,23271
-,SOWAHA,134548
O95461,LARGE,9215
Q8TBA6,GOLGA5,9950
Q9BZF3,OSBPL6,114880
Q8WXF0,SRSF12,135295
Q5TCX8,KIAA1804,84451
Q5JU85,IQSEC2,23096
Q53SF7,COBLL1,22837
A0PK00,TMEM120B,144404
Q9UHE8,STEAP1,26872
Q86XL3,ANKLE2,23141
Q6P3R8,NEK5,341676
Q8WVC6,DCAKD,79877
Q9UN30,SCML1,6322
Q8NCX0,CCDC150,284992
Q96NH3,TBC1D32,221322
Q9BSF4,C19orf52,90580
Q15063,POSTN,10631
Q8TC76,FAM110B,90362
Q8WV83,SLC35F5,80255
Q6IQ23,PLEKHA7,144100
Q9UPM9,B9D1,27077
Q8TAD7,C12orf75,387882
Q9NYP7,ELOVL5,60481
Q69YU3,ANKRD34A,284615
Q9UPR0,PLCL2,23228
Q96QE5,TEFM,79736
Q9NX61,TMEM161A,54929
Q9HBH1,PDF,64146
Q5TF39,KIAA1919,91749
P01036,CST4,1472
Q96B18,DACT3,147906
Q9C073,FAM117A,81558
Q8NEP3,DNAAF1,123872
Q15738,NSDHL,50814
Q8NEL9,DDHD1,80821
Q86VW0,SESTD1,91404
Q9HAH7,FBRS,64319
Q9H019,MTFR1L,56181
Q86TI0,TBC1D1,23216
Q2KHR3,QSER1,79832
Q9H5Q4,TFB2M,64216
Q6ZV73,FGD6,55785
Q8IZV5,RDH10,157506
Q9BWV3,CDADC1,81602
-,IGHA2,3494
Q6UUV7,CRTC3,64784
Q5T0U0,CCDC122,160857
Q9H4W6,EBF3,253738
O14950,MYL12B,103910
P54803,GALC,2581
Q6ZNA1,ZNF836,162962
-,IGHG4,3503
Q9H4L5,OSBPL3,26031
Q9C0E8,KIAA1715,80856
P12694,BCKDHA,593
O95167,NDUFA3,4696
O14681,EI24,9538
Q9Y256,RCE1,9986
P47974,ZFP36L2,678
Q7Z309,FAM122B,159090
Q14153,FAM53B,9679
Q96K37,SLC35E1,79939
O15014,ZNF609,23060
Q9HD45,TM9SF3,56889
Q9Y2R5,MRPS17,51373
Q9BPU9,B9D2,80776
O60303,KIAA0556,23247
Q86SQ7,SDCCAG8,10806
Q6P0N0,MIS18BP1,55320
Q9NWS1,PARPBP,55010
Q9NWK9,ZNHIT6,54680
Q8TEV9,SMCR8,140775
Q5T1V6,DDX59,83479
Q96CW6,SLC7A6OS,84138
Q13137,CALCOCO2,10241
Q15286,RAB35,11021
P11142,HSPA8,3312
P13473,LAMP2,3920
O15169,AXIN1,8312
Q15303,ERBB4,2066
P30518,AVPR2,554
Q16625,OCLN,100506658
Q9NVI1,FANCI,55215
O60346,PHLPP1,23239
Q96B01,RAD51AP1,10635
Q8TAF3,WDR48,57599
O15357,INPPL1,3636
P56945,BCAR1,9564
Q14145,KEAP1,9817
Q16236,NFE2L2,4780
Q9BXW9,FANCD2,2177
P25205,MCM3,4172
P33992,MCM5,4174
Q13131,PRKAA1,5562
O15360,FANCA,2175
O15287,FANCG,2189
P62805,HIST1H4A,8359
P04908,HIST1H2AB,8335
Q8N2Z9,APITD1,378708
P16234,PDGFRA,5156
Q6UXX9,RSPO2,340419
O75084,FZD7,8324
Q9ULT6,ZNRF3,84133
Q13535,ATR,545
Q8WXE1,ATRIP,84126
Q13616,CUL1,8454
Q86VP6,CAND1,55832
P55211,CASP9,842
O14727,APAF1,317
O14737,PDCD5,9141
Q8IY57,YAF2,10138
Q9BXL6,CARD14,79092
Q76N32,CEP68,23177
P33993,MCM7,4176
Q06330,RBPJ,3516
Q93034,CUL5,8065
Q9Y4K3,TRAF6,7189
Q13002,GRIK2,2898
P17302,GJA1,2697
P37840,SNCA,6622
A4D1B5,GSAP,54103
Q9UI40,SLC24A2,25769
Q9BX63,BRIP1,83990
Q13526,PIN1,5300
Q13158,FADD,8772
P01111,NRAS,4893
P21359,NF1,4763
Q9Y286,SIGLEC7,27036
Q9Y336,SIGLEC9,27180
Q6GTX8,LAIR1,3903
P53350,PLK1,5347
P45984,MAPK9,5601
P49840,GSK3A,2931
P49841,GSK3B,2932
P45983,MAPK8,5599
P49137,MAPKAPK2,9261
Q16539,MAPK14,1432
P06493,CDK1,983
O14757,CHEK1,1111
Q9H4B4,PLK3,1263
Q8IYD8,FANCM,57697
Q7Z5Q5,POLN,353497
Q8N122,RPTOR,57521
P42345,MTOR,2475
Q00597,FANCC,2176
P61006,RAB8A,4218
O00499,BIN1,274
Q8N3D4,EHBP1L1,254102
Q9BV68,RNF126,55658
O95997,PTTG1,9232
P68106,FKBP1B,2281
Q92736,RYR2,6262
Q07912,TNK2,10188
Q13094,LCP2,3937
Q92990,GLMN,11146
Q8WUF5,PPP1R13L,10848
Q07812,BAX,581
Q92843,BCL2L2,599
P03915,ND5,4540
Q16611,BAK1,578
Q9BXL7,CARD11,84433
P48729,CSNK1A1,1452
Q9UDY8,MALT1,10892
O95999,BCL10,8915
P35125,USP6,9098
P05412,JUN,3725
P36406,TRIM23,373
Q8IYW5,RNF168,165918
P21860,ERBB3,2065
Q05086,UBE3A,7337
Q969T9,WBP2,23558
P11362,FGFR1,2260
Q9BZQ6,EDEM3,80267
P53618,COPB1,1315
O14964,HGS,9146
P46527,CDKN1B,1027
Q92905,COPS5,10987
P31153,MAT2A,4144
Q8NEZ4,KMT2C,58508
P55317,FOXA1,3169
Q12888,TP53BP1,7158
P07355,ANXA2,302
P05556,ITGB1,3688
Q9Y490,TLN1,7094
P50402,EMD,2010
P01889|P30466,HLA-B,3106
Q03518,TAP1,6890
P30101,PDIA3,2923
P10721,KIT,3815
P05106,ITGB3,3690
P62304,SNRPE,6635
P14635,CCNB1,891
Q99418,CYTH2,9266
O15379,HDAC3,8841
O60566,BUB1B,701
P51587,BRCA2,675
Q14258,TRIM25,7706
Q9Y5J3,HEY1,23462
P17612,PRKACA,5566
Q86YM7,HOMER1,9456
Q14694,USP10,9100
Q92995,USP13,8975
Q9BXU7,USP26,83844
Q9HBJ7,USP29,57663
Q9H9J4,USP42,84132
Q70EK9,USP51,158880
Q504Q3,PAN2,9924
Q70EK8,USP53,54532
Q70EL1,USP54,159195
P15374,UCHL3,7347
Q96JH7,VCPIP1,80124
P37275,ZEB1,6935
P14859,POU2F1,5451
Q5VVQ6,YOD1,55432
P61088,UBE2N,7334
P21580,TNFAIP3,7128
P61077,UBE2D3,7323
Q96BN8,OTULIN,90268
P49703,ARL4D,379
Q9NZ52,GGA3,23163
P27824,CANX,821
-,MIRLET7A1,406881
P08238,HSP90AB1,3326
Q96EQ8,RNF125,54941
Q6ZNA4,RNF111,54778
P62837,UBE2D2,7322
Q08050,FOXM1,2305
P45974,USP5,8078
P46934,NEDD4,4734
P07359,GP1BA,2811
Q15910,EZH2,2146
Q9HCE7,SMURF1,57154
Q9HAU4,SMURF2,64750
P15056,BRAF,673
Q8IYM9,TRIM22,10346
P33076,CIITA,4261
Q13330,MTA1,9112
Q13283,G3BP1,10146
Q12983,BNIP3,664
Q92570,NR4A3,8013
P14618,PKM,5315
P18848,ATF4,468
Q08499,PDE4D,5144
P00749,PLAU,5328
Q9H7Z6,KAT8,84148
-,LINC01139,339535
Q13882,PTK6,5753
Q5S007,LRRK2,120892
Q96GF1,RNF185,91445
Q8N884,MB21D1,115004
O43463,SUV39H1,6839
Q9H000,MKRN2,23609
O95379,TNFAIP8,25816
O95835,LATS1,9113
P53779,MAPK10,5602
P06213,INSR,3643
Q9NQA5,TRPV5,56302
Q96RL1,UIMC1,51720
Q07021,C1QBP,708
P30279,CCND2,894
P12004,PCNA,5111
O75874,IDH1,3417
O60674,JAK2,3717
P40692,MLH1,4292
P46531,NOTCH1,4851
Q12824,SMARCB1,6598
P17181,IFNAR1,3454
P17706,PTPN2,5771
Q15544,TAF11,6882
P52655,GTF2A1,2957
P52657,GTF2A2,2958
Q15543,TAF13,6884
Q15545,TAF7,6879
P21675,TAF1,6872
Q9UHP3,USP25,29761
P61956,SUMO2,6613
Q8NEM0,MCPH1,79648
P30304,CDC25A,993
P63208,SKP1,6500
O95863,SNAI1,6615
Q9Y5X4,NR2E3,10002
O43186,CRX,1406
P54845,NRL,4901
P20393,NR1D1,9572
Q9UMN6,KMT2B,9757
O14686,KMT2D,8085
O15047,SETD1A,9739
Q9UPS6,SETD1B,23067
Q5EE01,CENPW,387103
Q00839,HNRNPU,3192
P84077,ARF1,375
P56817,BACE1,23621
P51787,KCNQ1,3784
Q96GG9,DCUN1D1,54165
P61081,UBE2M,9040
P51617,IRAK1,3654
O60894,RAMP1,10267
P30550,GRPR,2925
P24666,ACP1,52
Q86XK2,FBXO11,80204
P49327,FASN,2194
P27708,CAD,790
Q8N6T3,ARFGAP1,55738
Q9ULH1,ASAP1,50807
Q9UPQ3,AGAP1,116987
P29353,SHC1,6464
P08648,ITGA5,3678
P49459,UBE2A,7319
Q14739,LBR,3930
Q96PX1,RNF157,114804
P11274,BCR,613
P02671,FGA,2243
P67870,CSNK2B,1460
P19784,CSNK2A2,1459
Q9Y2H1,STK38L,23012
Q15208,STK38,11329
Q9NY59,SMPD3,55512
O75530,EED,8726
Q15011,HERPUD1,9709
Q9H8W5,TRIM45,80263
P25490,YY1,7528
Q9NRM7,LATS2,26524
Q9Y2R0,COA3,28958
Q5JTJ3,COA6,388753
O43819,SCO2,9997
Q99708,RBBP8,5932
Q9H3S7,PTPN23,25930
Q16665,HIF1A,3091
P13010,XRCC5,7520
Q6R6M4,USP17L2,377630
O43623,SNAI2,6591
Q15672,TWIST1,7291
Q9UHL9,GTF2IRD1,9569
Q08828,ADCY1,107
Q9UHV2,SERTAD1,29950
Q96CB8,INTS12,57117
Q8WWY6,MBD3L1,85509
Q6VMQ6,ATF7IP,55729
Q13835,PKP1,5317
Q9NQZ6,ZC4H2,55906
P78347,GTF2I,2969
O14526,FCHO1,23149
Q0JRZ9,FCHO2,115548
Q9BQI5,SGIP1,84251
P42566,EPS15,2060
P35638,DDIT3,1649
O95786,DDX58,23586
Q9H9V4,RNF122,79845
Q9NRC8,SIRT7,51547
P28324,ELK4,2005
Q92681,RSC1A1,6248
Q16763,UBE2S,27338
Q08881,ITK,3702
O76064,RNF8,9025
O00463,TRAF5,7188
P61964,WDR5,11091
P63165,SUMO1,7341
O75475,PSIP1,11168
P11802,CDK4,1019
O14763,TNFRSF10B,8795
O75604,USP2,9099
Q15022,SUZ12,23512
P17844,DDX5,1655
Q6ZN04,MEX3B,84206
Q15040,JOSD1,9929
Q96SW2,CRBN,51185
Q9NYA1,SPHK1,8877
P06730,EIF4E,1977
Q86UE4,MTDH,92140
Q9Y4C4,MFHAS1,9258
O43164,PJA2,9867
O60240,PLIN1,5346
P43246,MSH2,4436
Q02556,IRF8,3394
Q8IXQ6,PARP9,83666
Q9UM54,MYO6,4646
Q8N4S9,MARVELD2,153562
Q9NQW8,CNGB3,54714
Q96PU4,UHRF2,115426
P41002,CCNF,899
Q6PCT2,FBXL19,54620
Q8NHM5,KDM2B,84678
Q9UJT9,FBXL7,23194
Q9UKT7,FBXL3,26224
Q14573,ITPR3,3710
Q5VZM2,RRAGB,10325
Q6IAA8,LAMTOR1,55004
Q9Y2Q5,LAMTOR2,28956
Q0VGL1,LAMTOR4,389541
O43504,LAMTOR5,10542
Q8NBW4,SLC38A9,153129
O95990,FAM107A,11170
Q8N668,COMMD1,150684
Q96EP0,RNF31,55072
Q15025,TNIP1,10318
Q96CV9,OPTN,10133
Q13133,NR1H3,10062
P55055,NR1H2,7376
O75925,PIAS1,8554
Q15466,NR0B2,8431
Q07820,MCL1,4170
P46100,ATRX,546
P35968,KDR,3791
Q86YT6,MIB1,57534
Q9HCM4,EPB41L5,57669
O00548,DLL1,28514
Q99962,SH3GL2,6456
Q99961,SH3GL1,6455
Q99963,SH3GL3,6457
Q969P5,FBXO32,114907
Q9NS91,RAD18,56852
Q9UNE7,STUB1,10273
P14625,HSP90B1,7184
Q6PJF5,RHBDF2,79651
Q13404,UBE2V1,7335
P07550,ADRB2,154
P32927,CSF2RB,1439
Q6ZUT3,FRMD7,90167
Q03135,CAV1,857
Q14644,RASA3,22821
Q6PCD5,RFWD3,55159
P15927,RPA2,6118
P78317,RNF4,6047
Q9ULW0,TPX2,22974
Q7Z569,BRAP,8315
Q13617,CUL2,8453
P09936,UCHL1,7345
Q15365,PCBP1,5093
Q14139,UBE4A,9354
Q9H4P4,RNF41,10193
Q8TAA9,VANGL1,81839
P28347,TEAD1,7003
P08237,PFKM,5213
P46937,YAP1,10413
Q9GZV5,WWTR1,25937
P43243,MATR3,9782
Q8NAP3,ZBTB38,253461
Q99814,EPAS1,2034
P10275,AR,367
Q9NYY3,PLK2,10769
Q9UGI8,TES,26136
P11388,TOP2A,7153
Q8WWY3,PRPF31,26121
P55769,NHP2L1,4809
Q96AQ7,CIDEC,63924
Q15649,ZNHIT3,9326
Q9UHK0,NUFIP1,26747
Q9Y265,RUVBL1,8607
O14893,GEMIN2,8487
Q9UHI6,DDX20,11218
P57678,GEMIN4,50628
Q8WXD5,GEMIN6,79833
Q9NXK8,FBXL12,54850
O75970,MPDZ,8777
P28335,HTR2C,3358
Q9Y5Q3,MAFB,9935
Q5JTW2,CEP78,84131
Q92630,DYRK2,8445
Q16623,STX1A,6804
Q14721,KCNB1,3745
Q00534,CDK6,1021
Q92466,DDB2,1643
Q13216,ERCC8,1161
Q14872,MTF1,4520
P54252,ATXN3,4287
P19838,NFKB1,4790
Q9UMX0,UBQLN1,29979
Q8IX03,WWC1,23286
Q4VCS5,AMOT,154796
Q8IY63,AMOTL1,154810
Q9Y2J4,AMOTL2,51421
Q9H4B6,SAV1,60485
Q93008,USP9X,8239
P49715,CEBPA,1050
P48357,LEPR,3953
O14654,IRS4,8471
P40818,USP8,9101
Q8N1B4,VPS52,6293
Q99608,NDN,4692
P20333,TNFRSF1B,7133
P01375,TNF,7124
Q13905,RAPGEF1,2889
Q96EZ8,MCRS1,10445
O15392,BIRC5,332
Q9NR28,DIABLO,56616
P05549,TFAP2A,7020
P04156|F7VJQ1,PRNP,5621
Q13546,RIPK1,8737
P34931,HSPA1L,3305
Q9UKV5,AMFR,267
P35368,ADRA1B,147
P35348,ADRA1A,148
P25098,ADRBK1,156
P49798,RGS4,5999
Q12879,GRIN2A,2903
Q05586,GRIN1,2902
P51668,UBE2D1,7321
P51965,UBE2E1,7324
Q7Z434,MAVS,57506
Q562E7,WDR81,124997
Q9H3F6,KCTD10,83892
P35613,BSG,682
Q06587,RING1,6015
-,MUC5AC,4586
P16144,ITGB4,3691
Q8NFZ5,TNIP2,79155
Q8NA75,DCAF4L2,138009
Q14524,SCN5A,6331
-,LINC00598,646982
Q92560,BAP1,8314
P60900,PSMA6,5687
Q8IZL9,CDK20,23552
P12755,SKI,6497
Q14247,CTTN,2017
O43683,BUB1,699
Q9ULK5,VANGL2,57216
P46060,RANGAP1,5905
Q86WV1,SKAP1,8631
O94763,URI1,8725
Q13263,TRIM28,10155
Q8TEB1,DCAF11,80344
Q9UBF6,RNF7,9616
O95071,UBR5,51366
Q9ULT8,HECTD1,25831
Q9Y6X2,PIAS3,10401
Q9P0U3,SENP1,29843
O00308,WWP2,11060
Q9H0M0,WWP1,11059
P10909,CLU,1191
O00303,EIF3F,8665
Q13049,TRIM32,22954
Q969Q1,TRIM63,84676
Q8TEB7,RNF128,79589
Q01151,CD83,9308
P10242,MYB,4602
O14867,BACH1,571
O14980,XPO1,7514
Q96NY9,MUS81,80198
Q16531,DDB1,1642
O95155,UBE4B,10277
P98170,XIAP,331
P20700,LMNB1,4001
P63104,YWHAZ,7534
P10644,PRKAR1A,5573
Q92831,KAT2B,8850
Q6P3S6,FBXO42,54455
Q9Y2E6,DTX4,23220
Q9H3D4,TP63,8626
P18847,ATF3,467
O75436,VPS26A,9559
P05981,HPN,3249
Q16584,MAP3K11,4296
Q5TCX8,KIAA1804,84451
P17676,CEBPB,1051
Q13393,PLD1,5337
Q8WVY7,UBLCP1,134510
O95696,BRD1,23774
Q9UBQ0,VPS29,51699
P28223,HTR2A,3356
Q13200,PSMD2,5708
P35998,PSMC2,5701
Q9BRP4,PAAF1,80227
P28070,PSMB4,5692
P54727,RAD23B,5887
O00487,PSMD14,10213
Q9H5I1,SUV39H2,79723
P43364,MAGEA11,4110
Q96QK1,VPS35,55737
Q13155,AIMP2,7965
Q9UKE5,TNIK,23043
O60563,CCNT1,904
O94992,HEXIM1,10614
Q9BYF1,ACE2,59272
-,DLEU2,8847
Q5D1E8,ZC3H12A,80149
Q5XUX0,FBXO31,79791
Q9UK80,USP21,27005
Q9H1Z8,C2orf40,84417
O95319,CELF2,10659
P07910,HNRNPC,3183
Q9P2R3,ANKFY1,51479
Q8N2K1,UBE2J2,118424
P08235,NR3C2,4306
Q6ZVD8,PHLPP2,23035
Q5VIR6,VPS53,55275
Q13114,TRAF3,7187
Q15233,NONO,4841
Q9Y4E1,FAM21C,253725
P34998,CRHR1,1394
O60291,MGRN1,23295
Q8IWA4,MFN1,55669
O95140,MFN2,9927
P04233,CD74,972
Q92934,BAD,572
Q01094,E2F1,1869
O94776,MTA2,9219
Q9H3M7,TXNIP,10628
P28329,CHAT,1103
-,VWFP1,7451
A1A4S6,ARHGAP10,79658
P62330,ARF6,382
Q15027,ACAP1,9744
O75398,DEAF1,10522
Q02447,SP3,6670
P08047,SP1,6667
P36952,SERPINB5,5268
P21266,GSTM3,2947
O75150,RNF40,9810
Q9P2H5,USP35,57558
P31645,SLC6A4,6532
Q9Y4L5,RNF115,27246
P08107,HSPA1A,3303
Q05513,PRKCZ,5590
Q8IVD9,NUDCD3,23386
P31948,STIP1,10963
Q8NEE6,FBXL13,222235
P62753,RPS6,6194
Q9UN86,G3BP2,9908
P55854,SUMO3,6612
P16104,H2AFX,3014
Q9BYX4,IFIH1,64135
Q9UL19,RARRES3,5920
Q5XPI4,RNF123,63891
Q13325,IFIT5,24138
Q92793,CREBBP,1387
P62937,PPIA,5478
Q15554,TERF2,7014
P06748,NPM1,4869
Q13233,MAP3K1,4214
Q01959,SLC6A3,6531
Q9NY64,SLC2A8,29988
Q9NZC7,WWOX,51741
Q9H7D7,WDR26,80232
P31751,AKT2,208
P42338,PIK3CB,5291
Q14CW9,ATXN7L3,56970
P05091,ALDH2,217
Q9NTG7,SIRT3,23410
Q96GX2,ATXN7L3B,552889
Q9NPA8,ENY2,56943
P37088,SCNN1A,6337
P10244,MYBL2,4605
Q58WW2,DCAF6,55827
P34932,HSPA4,3308
Q86X55,CARM1,10498
Q99828,CIB1,10519
P54132,BLM,641
P09958,FURIN,5045
P42768,WAS,7454
Q9NRI5,DISC1,27185
Q92945,KHSRP,8570
-,MIRLET7A3,406883
Q96RG2,PASK,23178
O60331,PIP5K1C,23396
Q9NXL9,MCM9,254394
Q9UJA3,MCM8,84515
Q92878,RAD50,10111
Q86UX7,FERMT3,83706
Q8WXS3,BAALC,79870
O43474,KLF4,9314
P52701,MSH6,2956
O00165,HAX1,10456
Q13936,CACNA1C,775
Q9Y6J6,KCNE2,9992
Q86WV6,TMEM173,340061
Q969V5,MUL1,79594
O75317,USP12,219333
Q9ULZ3,PYCARD,29108
Q9UMW8,USP18,11274
Q460N5,PARP14,54625
O75367,H2AFY,9555
Q53GL7,PARP10,84875
P46940,IQGAP1,8826
Q13576,IQGAP2,10788
Q86VI3,IQGAP3,128239
P0C2W1,FBXO45,200933
Q13625,TP53BP2,7159
Q8TEW0,PARD3,56288
Q9UM13,ANAPC10,10393
P52948,NUP98,4928
P78406,RAE1,8480
-,ERVK-6,64006
Q8TDX7,NEK7,140609
P54274,TERF1,7013
Q9UKT5,FBXO4,26272
Q9BSI4,TINF2,26277
P46734,MAP2K3,5606
Q14676,MDC1,9656
Q13480,GAB1,2549
P49918,CDKN1C,1028
P09067,HOXB5,3215
P54646,PRKAA2,5563
O14929,HAT1,8520
Q16576,RBBP7,5931
P31946,YWHAB,7529
P26678,PLN,5350
Q09013,DMPK,1760
Q9BTP7,C19orf40,91442
Q9Y4R8,TELO2,9894
Q8NCN4,RNF169,254225
O60885,BRD4,23476
O43791,SPOP,8405
P11308,ERG,2078
Q17R98,ZNF827,152485
Q8WXI9,GATAD2B,57459
Q14839,CHD4,1108
Q13620,CUL4B,8450
Q9UNN5,FAF1,11124
Q5VST9,OBSCN,84033
Q8WZ42,TTN,7273
Q92794,KAT6A,7994
Q92785,DPF2,5977
P25686,DNAJB2,3300
P18433,PTPRA,5786
O15350,TP73,7161
Q13257,MAD2L1,4085
Q9Y6D9,MAD1L1,8379
Q14596,NBR1,4077
Q96F24,NRBF2,29982
Q9BUN8,DERL1,79139
Q4U2R8,SLC22A6,9356
Q15118,PDK1,5163
Q92918,MAP4K1,11184
Q04759,PRKCQ,5588
Q96JY0,MAEL,84944
Q9H0C8,ILKAP,80895
Q9HBG4,ATP6V0A4,50617
P23769,GATA2,2624
P20248,CCNA2,890
Q8N163,CCAR2,57805
Q96EB6,SIRT1,23411
O60500,NPHS1,4868
Q96F46,IL17RA,23765
O43734,TRAF3IP2,10758
Q96Q80,DERL3,91319
P02766,TTR,7276
P01009,SERPINA1,5265
P61011,SRP54,6729
Q13422,IKZF1,10320
Q9H334,FOXP1,27086
Q14164,IKBKE,9641
Q9BQ67,GRWD1,83743
Q99741,CDC6,990
Q9H211,CDT1,81620
P55327,TPD52,7163
P51114,FXR1,8087
P14598,NCF1,653361
Q13772,NCOA4,8031
Q86VP1,TAX1BP1,8887
P26927,MST1,4485
P19429,TNNI3,7137
P23945,FSHR,2492
O43597,SPRY2,10253
Q9UQC2,GAB2,9846
P18858,LIG1,3978
Q96KQ7,EHMT2,10919
Q9H9B1,EHMT1,79813
P24394,IL4R,3566
Q9Y4H2,IRS2,8660
Q02156,PRKCE,5581
Q96L91,EP400,57634
Q05195,MXD1,4084
Q9H0U3,MAGT1,84061
Q9UM63,PLAGL1,5325
Q9Y6I4,USP3,9960
P47224,RABIF,5877
P61026,RAB10,10890
O96019,ACTL6A,86
Q9H2F5,EPC1,80314
Q15906,VPS72,6944
Q9NQC3,RTN4,57142
P14866,HNRNPL,3191
O95477,ABCA1,19
P02647,APOA1,335
P61201,COPS2,9318
O75832,PSMD10,5716
P15172,MYOD1,4654
Q6TCH7,PAQR3,152559
Q15051,IQCB1,9657
Q9H992,MARCH7,64844
Q9UBL3,ASH2L,9070
Q96BI3,APH1A,51107
Q92542,NCSTN,23385
P41235,HNF4A,3172
Q8WUI4,HDAC7,51564
Q9UBX2,DUX4,100288687
P24001,IL32,9235
Q9UI95,MAD2L2,10459
Q8TBB1,LNX1,84708
Q8N448,LNX2,222484
Q9UJV3,MID2,11043
P33981,TTK,7272
Q6UWZ7,FAM175A,84142
Q15018,FAM175B,23172
P34896,SHMT1,6470
P34897,SHMT2,6472
P46736,BRCC3,79184
P68431,HIST1H3C,8352
P84243,H3F3A,3020
Q86T82,USP37,57695
Q9Y679,AUP1,550
P22607,FGFR3,2261
P05230,FGF1,2246
Q6NW40,RGMB,285704
P15516,HTN3,3347
Q13451,FKBP5,2289
Q70CQ1,USP49,25862
Q9Y618,NCOR2,9612
Q9NWX5,ASB6,140459
P04150,NR3C1,2908
Q99460,PSMD1,5707
Q16186,ADRM1,11047
P43686,PSMC4,5704
Q9Y5K5,UCHL5,51377
Q8TC59,PIWIL2,55124
Q99426,TBCB,1155
Q9H2C0,GAN,8139
Q3KNV8,PCGF3,10336
Q9UJ41,RABGEF1,27342
Q8N5J2,FAM63A,55793
Q8NBR6,FAM63B,54629
Q969R5,L3MBTL2,83746
P04198,MYCN,4613
Q99873,PRMT1,3276
Q14165,MLEC,9761
P04843,RPN1,6184
P04271,S100B,6285
Q13287,NMI,9111
O43399,TPD52L2,7165
P09038,FGF2,2247
Q15109,AGER,177
Q9UN36,NDRG2,57447
Q9UI14,RABAC1,10567
Q92597,NDRG1,10397
Q9UGV2,NDRG3,57446
Q9ULP0,NDRG4,65009
Q96GD4,AURKB,9212
Q02750,MAP2K1,5604
Q9UBC3,DNMT3B,1789
Q9Y6K1,DNMT3A,1788
P45973,CBX5,23468
P83916,CBX1,10951
Q13185,CBX3,11335
Q96L50,LRR1,122769
Q96IZ0,PAWR,5074
P19474,TRIM21,6737
Q8N441,FGFRL1,53834
O95271,TNKS,8658
Q9H2K2,TNKS2,80351
P61962,DCAF7,10238
O14508,SOCS2,8835
Q9UKT4,FBXO5,26271
Q9NQR1,SETD8,387893
O43524,FOXO3,2309
Q14155,ARHGEF7,8874
Q9NZJ0,DTL,51514
P50591,TNFSF10,8743
Q96IG2,FBXL20,84961
P49736,MCM2,4171
Q9NQB0,TCF7L2,6934
Q9Y3Y4,PYGO1,26108
Q96QV6,HIST1H2AA,221613
O15320,CTAGE5,4253
Q5JRA6,MIA3,375056
Q8N371,KDM8,79831
Q9NUW8,TDP1,55775
Q86UV5,USP48,84196
O15344,MID1,4281
Q71DI3,HIST2H3A,333932
Q53FA7,TP53I3,9540
P16220,CREB1,1385
Q86TM6,SYVN1,84447
Q9UBV2,SEL1L,6400
Q9UBU6,FAM8A1,51439
Q9H1Y0,ATG5,9474
Q9NP66,HMG20A,10363
O60341,KDM1A,23028
P27540,ARNT,405
P60709,ACTB,60
Q00610,CLTC,1213
P57105,SYNJ2BP,55333
Q53GA4,PHLDA2,7262
Q96S59,RANBP9,10048
P42574,CASP3,836
Q13363,CTBP1,1487
Q9H3R0,KDM4C,23081
Q8N2I9,STK40,83931
Q96RU8,TRIB1,10221
Q9H0F6,SHARPIN,81858
Q53G59,KLHL12,59349
O94979,SEC31A,22872
Q9UBV8,PEF1,553115
O75340,PDCD6,10016
Q9C0E8,KIAA1715,80856
Q6NZY4,ZCCHC8,55596
Q9ULV5,HSF4,3299
Q00613,HSF1,3297
P48552,NRIP1,8204
Q8N3C0,ASCC3,10973
Q9BZE9,ASPSCR1,79058
Q5T124,UBXN11,91544
P49754,VPS41,27072
Q8N3P4,VPS8,23355
O75531,BANF1,8815
O75081,CBFA2T3,863
Q9P0S2,COX16,51241
Q9Y584,TIMM22,29928
Q96AY2,EME1,146956
P25445,FAS,355
Q15643,TRIP11,9321
Q9P1Z2,CALCOCO1,57658
P16871,IL7R,3575
Q9NRC1,ST7,7982
Q9NPI5,NMRK2,27231
Q13148,TARDBP,23435
O94762,RECQL5,9400
Q9UBF8,PI4KB,5298
Q9UJY4,GGA2,23062
Q86Z14,KLB,152831
Q04206,RELA,5970
Q12788,TBL3,10607
P21333,FLNA,2316
Q86TI2,DPP9,91039
O00291,HIP1,3092
Q92598,HSPH1,10808
P41180,CASR,846
P85037,FOXK1,221937
P55316,FOXG1,2290
Q16534,HLF,3131
P51812,RPS6KA3,6197
P12956,XRCC6,2547
P78527,PRKDC,5591
Q9NXW9,ALKBH4,54784
Q9Y4C1,KDM3A,55818
P14416,DRD2,1813
P35462,DRD3,1814
Q13362,PPP2R5C,5527
Q02577,NHLH2,4808
Q14469,HES1,3280
Q8TAP4,LMO3,55885
P53041,PPP5C,5536
P06746,POLB,5423
Q12931,TRAP1,10131
O15205,UBD,10537
Q86UA1,PRPF39,55015
P22914,CRYGS,1427
O95619,YEATS4,8089
Q03167,TGFBR3,7049
P02686,MBP,4155
Q15717,ELAVL1,1994
P26599,PTBP1,5725
Q96BT3,CENPT,80152
P07199,CENPB,1059
Q9NSP4,CENPM,79019
Q71U36,TUBA1A,7846
Q9UI46,DNAI1,27019
Q9NQ36,SCUBE2,57758
Q86T13,CLEC14A,161198
Q9NZV6,MSRB1,51734
P05067,APP,351
P21980,TGM2,7052
Q7Z5Q1,CPEB2,132864
P13639,EEF2,1938
P25787,PSMA2,5683
P59044,NLRP6,171389
P53396,ACLY,47
Q8N2W9,PIAS4,51588
P30153,PPP2R1A,5518
Q96EF6,FBXO17,115290
P49716,CEBPD,1052
P35558,PCK1,5105
P22736,NR4A1,3164
Q8NG27,PJA1,64219
Q96HL8,SH3YL1,26751
P16035,TIMP2,7077
P56199,ITGA1,3672
Q96SL4,GPX7,2882
Q15843,NEDD8,4738
Q9UBW7,ZMYM2,7750
Q9UIS9,MBD1,4152
Q86UK7,ZNF598,90850
Q96CX2,KCTD12,115207
Q15121,PEA15,8682
Q9NY33,DPP3,10072
Q9BUR4,WRAP53,55135
Q9C035,TRIM5,85363
O75131,CPNE3,8895
O96018,APBA3,9546
Q9NWT6,HIF1AN,55662
O14656,TOR1A,1861
O75444,MAF,4094
Q9C0C9,UBE2O,63893
Q02878,RPL6,6128
P41250,GARS,2617
Q13564,NAE1,8883
Q70CQ3,USP30,84749
Q9C0D2,CEP295,85459
P09467,FBP1,2203
Q9BZF2,OSBPL7,114881
P09619,PDGFRB,5159
Q96EP1,CHFR,55743
P54198,HIRA,7290
Q9Y3I1,FBXO7,25793
A1YPR0,ZBTB7C,201501
Q14526,HIC1,3090
P04083,ANXA1,301
Q96BA8,CREB3L1,90993
Q9NPG3,UBN1,29855
Q8WXG1,RSAD2,91543
Q15306,IRF4,3662
Q15036,SNX17,9784
Q8IYU2,HACE1,57531
Q9NY99,SNTG2,54221
Q9UNZ2,NSFL1C,55968
Q6ZN18,AEBP2,121536
Q8IXJ9,ASXL1,171023
Q76L83,ASXL2,55252
Q96JN0,LCOR,84458
A6NHQ4,C17orf96,100170841
Q13112,CHAF1B,8208
Q14781,CBX2,84733
O00257,CBX4,8535
O95503,CBX6,23466
O95931,CBX7,23492
Q9HC52,CBX8,57332
Q9H410,DSN1,79980
O75461,E2F6,1876
Q92833,JARID2,3720
Q9Y468,L3MBTL1,26013
Q96JM7,L3MBTL3,84456
Q8NA19,L3MBTL4,91133
Q9Y483,MTF2,22823
Q9BSM1,PCGF1,84759
P35227,PCGF2,7703
Q9BQF6,SENP7,57337
Q9UHJ3,SFMBT1,51460
Q14186,TFDP1,7027
Q14669,TRIP12,9320
Q6AHZ1,ZNF518A,9849
Q5VZL5,ZMYM4,9202
Q13398,ZNF211,10520
Q96JM2,ZNF462,58499
Q86SE9,PCGF5,84333
Q9BYE7,PCGF6,84108
P78364,PHC1,1911
Q8IXK0,PHC2,1912
Q8NDX5,PHC3,80012
O43189,PHF1,5252
Q5T6S3,PHF19,26147
Q09028,RBBP4,5928
Q8N488,RYBP,23429
Q12778,FOXO1,2308
Q99798,ACO2,50
Q9BZZ5,API5,8539
P36894,BMPR1A,657
O14579,COPE,11316
Q13838,DDX39B,7919
Q9H6Z9,EGLN3,112399
Q8NEZ5,FBXO22,26263
Q5U5Q3,MEX3C,51320
P18089,ADRA2B,151
P08913,ADRA2A,150
P11387,TOP1,7150
Q9Y4X5,ARIH1,25820
Q14142,TRIM14,9830
O00743,PPP6C,5537
Q96S55,WRNIP1,56897
P78545,ELF3,1999
Q9H871,RMND5A,64795
Q8IUR7,ARMC8,25852
P35680,HNF1B,6928
P14923,JUP,3728
Q9P2J5,LARS,51520
Q93074,MED12,9968
Q9NWA0,MED9,55090
Q9Y6C9,MTCH2,23788
Q9Y4E5,ZNF451,26036
P28340,POLD1,5424
P53007,SLC25A1,6576
Q7L5Y9,MAEA,10296
P62256,UBE2H,7328
Q712K3,UBE2R2,54926
O60381,HBP1,26959
Q9H1R2,DUSP15,128853
Q9NXH3,PPP1R14D,54866
P47928,ID4,3400
Q13516,OLIG2,10215
Q8N4S7,PAQR4,124222
Q5T011,SZT2,23334
Q5JS54,PSMG4,389362
Q8ND83,SLAIN1,122060
Q8TEW8,PARD3B,117583
Q2TAC6,KIF19,124602
O95817,BAG3,9531
Q8IWZ4,TRIM48,79097
P10599,TXN,7295
O75908,SOAT2,8435
Q13888,GTF2H2,2966
P12830,CDH1,999
O75581,LRP6,4040
O75197,LRP5,4041
Q9NWU2,GID8,54994
P11021,HSPA5,3309
O00629,KPNA4,3840
Q96AC1,FERMT2,10979
Q16526,CRY1,1407
Q8WWF5,ZNRF4,148066
O43353,RIPK2,8767
Q92890,UFD1L,7353
P0CG47,UBB,7314
Q6ZMU5,TRIM72,493829
Q6PJ69,TRIM65,201292
Q5T447,HECTD3,79654
P08F94,PKHD1,5314
Q9UH17,APOBEC3B,9582
Q9HCI7,MSL2,55167
P43268,ETV4,2118
Q13043,STK4,6789
O75928,PIAS2,9063
Q6ZMZ0,RNF19B,127544
Q5M7Z0,RNFT1,51136
Q9H4M9,EHD1,10938
Q9NZN3,EHD3,30845
P52630,STAT2,6773
P48551,IFNAR2,3455
P36402,TCF7,6932
Q9UJ70,NAGK,55577
Q01726,MC1R,4157
P49407,ARRB1,408
P57059,SIK1,150094
Q9BRT9,GINS4,84296
P61086,UBE2K,3093
Q9NVW2,RLIM,51132
Q9H8T0,AKTIP,64400
Q9NXR7,BRE,9577
Q9NQL2,RRAGD,58528
Q7L523,RRAGA,10670
Q9HB90,RRAGC,64121
Q8WTW4,NPRL2,10641
P19419,ELK1,2002
Q6PH85,DCUN1D2,55208
Q8IWE4,DCUN1D3,123879
Q92564,DCUN1D4,23142
Q9BTE7,DCUN1D5,84259
P04629,NTRK1,4914
Q7Z4F1,LRP10,26020
Q96MG7,NDNL2,56160
P61289,PSME3,10197
Q8NI29,FBXO27,126433
Q9H2X6,HIPK2,28996
Q92997,DVL3,1857
P60604,UBE2G2,7327
A0MZ66,KIAA1598,57698
Q96LD8,SENP8,123228
Q8IUQ4,SIAH1,6477
Q96FA3,PELI1,57162
Q53EZ4,CEP55,55165
Q6K0P9,PYHIN1,149628
Q9H040,SPRTN,83932
Q6W2J9,BCOR,54880
Q96A44,SPSB4,92369
Q96BD6,SPSB1,80176
O43255,SIAH2,6478
Q96LT7,C9orf72,203228
Q9NPI8,FANCF,2188
Q8NB91,FANCB,2187
O94782,USP1,7398
Q9H7P9,PLEKHG2,64857
Q13642,FHL1,2273
O95365,ZBTB7A,51341
P78344,EIF4G2,1982
Q86WT6,TRIM69,140691
P56705,WNT4,54361
P56704,WNT3A,89780
P41221,WNT5A,7474
Q9H257,CARD9,64170
Q9NWW5,CLN6,54982
Q96T76,MMS19,64210
O76071,CIAO1,9391
Q9Y3D0,FAM96B,51647
P18074,ERCC2,2068
P62699,YPEL5,51646
P19484,TFEB,7942
Q6VN20,RANBP10,57610
Q8N5A5,ZGPAT,84619
O43395,PRPF3,9129
O43143,DHX15,1665
P15884,TCF4,6925
Q13426,XRCC4,7518
Q96AG3,SLC25A46,91137
Q93038,TNFRSF25,8718
Q96KS0,EGLN2,112398
Q9GZT9,EGLN1,54583
P41227,NAA10,8260
Q16881,TXNRD1,7296
O15027,SEC16A,9919
Q5VT06,CEP350,9857
P43220,GLP1R,2740
Q9Y6X1,SERP1,27230
Q8IY92,SLX4,84464
Q92889,ERCC4,2072
P07992,ERCC1,2067
Q63HN8,RNF213,57674
Q9Y4E8,USP15,9958
Q9NX58,LYAR,55646
Q14192,FHL2,2274
Q13643,FHL3,2275
Q96CJ1,EAF2,55840
Q9Y6J0,CABIN1,23523
P62491,RAB11A,8766
Q96QF0,RAB3IP,117177
Q6P2Q9,PRPF8,10594
Q15029,EFTUD2,9343
Q9Y312,AAR2,25980
Q9NWS0,PIH1D1,55011
Q9Y2Z0,SUGT1,10910
Q6P0N0,MIS18BP1,55320
O95251,KAT7,11143
Q9NYP9,MIS18A,54069
O43482,OIP5,11339
O94822,LTN1,26046
O95376,ARIH2,10425
P50876,RNF144A,9781
Q99755,PIP5K1A,8394
O14986,PIP5K1B,8395
Q92819,HAS2,3037
P16520,GNB3,2784
Q6PD62,CTR9,9646
Q9UKV8,AGO2,27161
Q6PKG0,LARP1,23367
O94972,TRIM37,4591
Q04864,REL,5966
Q8IV38,ANKMY2,57037
Q9ULU4,ZMYND8,23613
P30876,POLR2B,5431
P48730,CSNK1D,1453
Q9P275,USP36,57602
Q01201,RELB,5971
Q00653,NFKB2,4791
P49750,YLPM1,56252
Q7Z5L9,IRF2BP2,359948
P25942,CD40,958
Q92844,TANK,10010
P50542,PEX5,5830
Q15067,ACOX1,51
Q9BY49,PECR,55825
P43699,NKX2-1,7080
Q9BYV2,TRIM54,57159
Q8WZ73,RFFL,117584
P29317,EPHA2,1969
Q9NVP2,ASF1B,55723
Q9BQE4,VIMP,55829
Q9Y6D0,SELK,58515
P52294,KPNA1,3836
O00505,KPNA3,3839
O15131,KPNA5,3841
A9QM74,KPNA7,402569
Q14974,KPNB1,3837
Q9UBU8,MORF4L1,10933
Q99598,TSNAX,7257
Q15014,MORF4L2,9643
Q8N5D0,WDTC1,23038
P55265,ADAR,103
O15182,CETN3,1070
P17813,ENG,2022
Q13873,BMPR2,659
Q9Y2X9,ZNF281,23528
A5A3E0,POTEF,728378
Q12873,CHD3,1107
Q4G0J3,LARP7,51574
Q14241,TCEB3,6924
Q9UM82,SPATA2,9825
Q9NQC7,CYLD,1540
Q9HC29,NOD2,64127
P57075,UBASH3A,53347
Q5VYK3,KIAA0368,23392
P68363,TUBA1B,10376
O94905,ERLIN2,11160
P68036,UBE2L3,7332
P22314,UBA1,7317
P38646,HSPA9,3313
Q9Y605,MRFAP1,93621
Q9Y371,SH3GLB1,51100
Q15691,MAPRE1,22919
Q16401,PSMD5,5711
Q9Y333,LSM2,57819
Q9UPY8,MAPRE3,22924
P23297,S100A1,6271
Q9H5V7,IKZF5,64376
Q8WXW3,PIBF1,10464
A8K8P3,SFI1,9814
Q9Y3B2,EXOSC1,51013
O43805,SSNA1,8636
Q9Y5B8,NME7,29922
P25815,S100P,6286
Q9NQ48,LZTFL1,54585
P62324,BTG1,694
Q96CS2,HAUS1,115106
Q8NHQ1,CEP70,80321
Q5SW96,LDLRAP1,26119
Q13561,DCTN2,10540
P36404,ARL2,402
P14373,TRIM27,5987
Q9HBE1,PATZ1,23598
Q13492,PICALM,8301
Q08999,RBL2,5934
Q92734,TFG,10342
Q9BQE3,TUBA1C,84790
P0C1Z6,TFPT,29844
P63272,SUPT4H1,6827
P17661,DES,1674
O00267,SUPT5H,6829
Q13077,TRAF1,7185
P56589,PEX3,8504
Q9NR46,SH3GLB2,56904
Q08117,AES,166
Q16520,BATF,10538
P35219,CA8,767
Q9BPX1,HSD17B14,51171
Q92530,PSMF1,9491
O14641,DVL2,1856
P51911,CNN1,1264
Q8NA61,SPERT,220082
Q93062,RBPMS,11030
Q96HT8,MRFAP1L1,114932
P62310,LSM3,27258
Q9BWG6,SCNM1,79005
P56279,TCL1A,8115
Q96HA8,WDYHV1,55093
Q5JR59,MTUS2,23281
Q7Z3K3,POGZ,23126
Q08379,GOLGA2,2801
Q13895,BYSL,705
P56545,CTBP2,1488
Q99750,MDFI,4188
P32242,OTX1,5013
O43765,SGTA,6449
P41182,BCL6,604
Q86YD7,FAM90A1,55138
Q96IK5,GMCL1,64395
Q9P0T4,ZNF581,51545
P55273,CDKN2D,1032
P15408,FOSL2,2355
Q8ND90,PNMA1,9240
Q9P0N9,TBC1D7,51256
Q13323,BIK,638
Q3B820,FAM161A,84140
Q96BZ8,LENG1,79165
Q9H1M0,NUP62CL,54830
Q6PF18,MORN3,283385
Q8TD31,CCHCR1,54535
P08579,SNRPB2,6629
Q8IYI8,ZNF440,126070
P38159,RBMX,27316
Q9HBI0,PARVG,64098
Q9BW85,CCDC94,55702
Q96T49,PPP1R16B,26051
P49789,FHIT,2272
O00506,STK25,10494
Q12800,TFCP2,7024
O00560,SDCBP,6386
Q5TAP6,UTP14C,9724
P15622,ZNF250,58500
Q9BUZ4,TRAF4,9618
P23497,SP100,6672
Q9H190,SDCBP2,27111
P57682,KLF3,51274
O75934,BCAS2,10286
Q9NTN9,SEMA4G,57715
Q6UUV7,CRTC3,64784
O60238,BNIP3L,665
Q15561,TEAD4,7004
Q96LI6,HSFY1,86614
P15976,GATA1,2623
Q9HAT0,ROPN1,54763
Q14919,DRAP1,10589
O43561,LAT,27040
P26196,DDX6,1656
Q16656,NRF1,4899
Q14847,LASP1,3927
O43741,PRKAB2,5565
P30281,CCND3,896
Q8IUC0,KRTAP13-1,140258
P06753,TPM3,7170
Q86VK4,ZNF410,57862
Q9Y5V3,MAGED1,9500
Q96ME1,FBXL18,80028
P31947,SFN,2810
P78560,CRADD,8738
Q8TCE9,LGALS14,56891
P24522,GADD45A,1647
Q8IYY4,DZIP1L,199221
Q9BT43,POLR3GL,84265
Q13064,MKRN3,7681
Q96EL3,MRPL53,116540
Q99996,AKAP9,10142
P25800,LMO1,4004
Q99836,MYD88,4615
Q9BUK0,CHCHD7,79145
P49368,CCT3,7203
P50570,DNM2,1785
Q7Z6G3,NECAB2,54550
Q96JC9,EAF1,85403
Q8IYA8,CCDC36,339834
Q96CG3,TIFA,92610
Q6ICB4,FAM109B,150368
Q5TAB7,RIPPLY2,134701
O95848,NUDT14,256281
P57796,CABP4,57010
Q15750,TAB1,10454
Q7L3V2,C22orf29,79680
Q53HC0,CCDC92,80212
O43447,PPIH,10465
Q16718,NDUFA5,4698
O95551,TDP2,51567
O95050,INMT,11185
O76003,GLRX3,10539
Q9NTX7,RNF146,81847
O15160,POLR1C,9533
Q9NRW1,RAB6B,51560
Q96M95,CCDC42,146849
P17152,TMEM11,8834
Q9BSD3,RHNO1,83695
Q9Y3C6,PPIL1,51645
Q9UH92,MLX,6945
Q9BYS1,KRTAP1-5,83895
Q8N0S2,SYCE1,93426
Q9H6L4,ARMC7,79637
Q9NZF1,PLAC8,51316
Q147U7,SMCO1,255798
-,MGC45922,284365
Q96F86,EDC3,80153
Q9BVL2,NUPL1,9818
P62140,PPP1CB,5500
P35268,RPL22,6146
-,SUMO1P1,391257
P31273,HOXC8,3224
Q15038,DAZAP2,9802
Q9Y4X4,KLF12,11278
O95231,VENTX,27287
P09914,IFIT1,3434
Q9NU19,TBC1D22B,55633
Q96HE8,TMEM80,283232
P61421,ATP6V0D1,9114
P63098,PPP3R1,5534
O95500,CLDN14,23562
Q16548,BCL2A1,597
P84101,SERF2,10169
Q9H9S0,NANOG,79923
Q9UQR1,ZNF148,7707
Q15555,MAPRE2,10982
P51570,GALK1,2584
O43307,ARHGEF9,23229
Q8N4L8,CCDC24,149473
Q9H668,OBFC1,79991
Q9Y3B7,MRPL11,65003
Q9NPI6,DCP1A,55802
Q2TAL8,QRICH1,54870
A8MQ03,CYSRT1,375791
Q96L93,KIF16B,55614
Q9NVD7,PARVA,55742
O75414,NME6,10201
B2RUY7,VWC2L,402117
P10916,MYL2,4633
Q6P5S2,C6orf58,352999
P48509,CD151,977
Q15562,TEAD2,8463
Q96FH0,MEF2BNB,729991
Q16589,CCNG2,901
O43660,PLRG1,5356
O14770,MEIS2,4212
Q9Y5X1,SNX9,51429
Q8WWG9,KCNE4,23704
Q8N4G2,ARL14,80117
Q9Y6C2,EMILIN1,11117
Q12774,ARHGEF5,7984
Q15836,VAMP3,9341
P55795,HNRNPH2,3188
Q9Y237,PIN4,5303
Q9UHE8,STEAP1,26872
Q96D03,DDIT4L,115265
Q92993,KAT5,10524
Q7L7V1,DHX32,55760
O43929,ORC4,5000
Q8N2X6,EXOC3-AS1,116349
Q9UH73,EBF1,1879
Q9ULV8,CBLC,23624
Q05048,CSTF1,1477
Q9UK22,FBXO2,26232
P31689,DNAJA1,3301
P48556,PSMD8,5714
O00232,PSMD12,5718
O00231,PSMD11,5717
Q15008,PSMD6,9861
P51665,PSMD7,5713
Q9UNM6,PSMD13,5719
P62191,PSMC1,5700
P62333,PSMC6,5706
P17980,PSMC3,5702
P62195,PSMC5,5705
Q13009,TIAM1,7074
Q9UBT2,UBA2,10054
P25788,PSMA3,5684
P25789,PSMA4,5685
O14818,PSMA7,5688
P28066,PSMA5,5686
P25786,PSMA1,5682
Q99436,PSMB7,5695
P49720,PSMB3,5691
P49721,PSMB2,5690
P20618,PSMB1,5689
Q14997,PSME4,23198
P62979,RPS27A,6233
P62987,UBA52,7311
O43707,ACTN4,81
P15289,ARSA,410
Q99933,BAG1,573
Q96RK4,BBS4,585
P35070,BTC,685
P05155,SERPING1,710
Q16790,CA9,768
P20807,CAPN3,825
P42575,CASP2,835
Q00535,CDK5,1020
P51788,CLCN2,1181
P08123,COL1A2,1278
Q9UBX3,SLC25A10,1468
Q16854,DGUOK,1716
P11161,EGR2,1959
P41212,ETV6,2120
Q12805,EFEMP1,2202
P07954,FH,2271
Q99259,GAD1,2571
P07902,GALT,2592
P49682,CXCR3,2833
P48637,GSS,2937
P55345,PRMT2,3275
P10809,HSPD1,3329
P49441,INPP1,3628
P26440,IVD,3712
P02538,KRT6A,3853
Q13751,LAMB3,3914
P06239,LCK,3932
Q02078,MEF2A,4205
P58340,MLF1,4291
P51948,MNAT1,4331
Q13875,MOBP,4336
P39210,MPV17,4358
Q03426,MVK,4598
P50539,MXI1,4601
O60237,PPP1R12B,4660
P19878,NCF2,4688
P07196,NEFL,4747
O00712,NFIB,4781
O76083,PDE9A,5152
P27918,CFP,5199
O15305,PMM2,5373
Q08209,PPP3CA,5530
Q92733,PRCC,5546
Q9Y252,RNF6,6049
P28702,RXRB,6257
P11686,SFTPC,6440
Q16586,SGCA,6442
P49675,STAR,6770
P09493,TPM1,7168
P98175,RBM10,8241
P56597,NME5,8382
O43639,NCK2,8440
O00203,AP3B1,8546
P54577,YARS,8565
Q9P2R7,SUCLA2,8803
Q9H939,PSTPIP2,9050
O43586,PSTPIP1,9051
Q9BRL7,SEC22C,9117
Q13503,MED21,9412
Q9UBF9,MYOT,9499
O75056,SDC3,9672
Q14677,CLINT1,9685
Q9Y4X0,AMMECR1,9949
O60828,PQBP1,10084
P52756,RBM5,10181
Q8IYB3,SRRM1,10250
Q96PK6,RBM14,10432
O75494,SRSF10,10772
Q9UHD8,SEPT9,10801
O75112,LDB3,11155
O43572,AKAP10,11216
Q9UGP8,SEC63,11231
Q9UPQ8,DOLK,22845
Q7Z7F0,KIAA0907,22889
O94989,ARHGEF15,22899
Q9UNA1,ARHGAP26,23092
Q53HV7,SMUG1,23583
Q9NRD0,FBXO8,26269
Q9Y4P3,TBL2,26608
Q9Y2Y4,ZBTB32,27033
Q14749,GNMT,27232
O15116,LSM1,27257
Q9UHJ9,PGAP2,27315
Q9Y3A5,SBDS,51119
Q9NWZ3,IRAK4,51135
Q9BT78,COPS4,51138
Q9UK41,VPS28,51160
Q9UJW0,DCTN4,51164
Q9P2S6,ANKMY1,51281
Q9NZ94,NLGN3,54413
Q9BSJ6,FAM64A,54478
Q9NWT1,PAK1IP1,55003
Q9H0M4,ZCWPW1,55063
Q9NUQ8,ABCF3,55324
Q96SI9,STRBP,55342
Q8N6G5,CSGALNACT2,55454
Q6UX01,LMBR1L,55716
Q9H019,MTFR1L,56181
Q9ULJ7,ANKRD50,57182
Q96MA1,DMRTB1,63948
Q9H7H0,METTL17,64745
Q9BRX5,GINS3,64785
Q9BTV4,TMEM43,79188
Q8NC06,ACBD4,79777
Q9BTE3,MCMBP,79892
Q9HA47,UCK1,83549
Q8TCZ2,CD99L2,83692
Q9BYI3,FAM126A,84668
Q86WG3,ATCAY,85300
Q969G2,LHX4,89884
Q5VWP3,MLIP,90523
P83436,COG7,91949
Q8WVV9,HNRNPLL,92906
Q96EK2,PHF21B,112885
Q8TDX5,ACMSD,130013
Q8TD10,MIPOL1,145282
P0C7X2,ZNF688,146542
O95045,UPP2,151531
Q5T7W7,TSTD2,158427
Q8WXU2,DYX1C1,161582
Q8IYU8,MICU2,221154
Q8N6V9,TEX9,374618
Q969J2,ZKSCAN4,387032
Q8WWQ0,PHIP,55023
P61619,SEC61A1,29927
O43490,PROM1,8842
P22004,BMP6,654
P18075,BMP7,655
P12643,BMP2,650
Q96A26,FAM162A,26355
Q96CC6,RHBDF1,64285
Q15369,TCEB1,6921
O95628,CNOT4,4850
A5YKK6,CNOT1,23019
Q9UNT1,RABL2B,11158
Q96Q27,ASB2,51676
Q9NUD5,ZCCHC3,85364
Q4G0A6,FAM188B,84182
P50553,ASCL1,429
Q9HCU5,PREB,10113
O60684,KPNA6,23633
Q96D42,HAVCR1,26762
Q9Y242,TCF19,6941
Q92784,DPF3,8110
Q9NZ71,RTEL1,51750
P10914,IRF1,3659
Q70EL2,USP45,85015
Q96EA4,SPDL1,54908
Q2TAY7,SMU1,55234
A8MT69,STRA13,201254
Q99497,PARK7,11315
Q9NRR5,UBQLN4,56893
Q9Y508,RNF114,55905
O95190,OAZ2,4947
P54368,OAZ1,4946
Q8IYX4,DND1,373863
-,TRA,6955
P04234,CD3D,915
Q676U5,ATG16L1,55054
Q99942,RNF5,6048
P05109,S100A8,6279
Q96A61,TRIM52,84851
P35813,PPM1A,5494
Q8TB45,DEPTOR,64798
Q9UBQ5,EIF3K,27335
P23634,ATP2B4,493
Q9NS23,RASSF1,11186
Q86YR5,GPSM1,26086
O14744,PRMT5,10419
P54105,CLNS1A,1207
Q9BQA1,WDR77,79084
Q9BRS2,RIOK1,83732
P19338,NCL,4691
Q8TEY7,USP33,23032
Q9Y6N7,ROBO1,6091
Q9C029,TRIM7,81786
Q15047,SETDB1,9869
Q14315,FLNC,2318
P61978,HNRNPK,3190
Q9Y2L6,FRMD4B,23150
Q92914,FGF11,2256
Q96H15,TIMD4,91937
Q9NQV7,PRDM9,56979
P26022,PTX3,5806
Q8TDB4,MGARP,84709
Q9Y4C4,MFHAS1,9258
Q8IYJ2,C10orf67,256815
P27544,CERS1,10715
Q96NB1,FOPNL,123811
Q96BM1,ANKRD9,122416
P54098,POLG,5428
Q9UQ52,CNTN6,27255
Q96MT1,RNF145,153830
Q9NYP3,DONSON,29980
Q9H808,TLE6,79816
Q6YHK3,CD109,135228
P86791|P86790,CCZ1,51622
Q6ZWJ1,STXBP4,252983
Q9NZM1,MYOF,26509
P25774,CTSS,1520
Q6ZTA4,TRIM67,440730
Q96AW1,VOPP1,81552
O60258,FGF17,8822
Q9NP95,FGF20,26281
Q9HCT0,FGF22,27006
Q18PE1,DOK7,285489
Q14678,KANK1,23189
-,CCAT1,100507056
Q8N9B5,JMY,133746
Q8N386,LRRC25,126364
Q8TDN4,CABLES1,91768
-,PPP1R15B,84919
O15079,SNPH,9751
Q96PX8,SLITRK1,114798
-,DFNB26,23714
Q99102,MUC4,4585
Q15389,ANGPT1,284
Q13316,DMP1,1758
P63252,KCNJ2,3759
Q9NPI9,KCNJ16,3773
Q9NZ56,FMN2,56776
Q9H6E4,CCDC134,79879
-,HIF1A-AS2,100750247
Q9BX26,SYCP2,10388
Q8N7B1,HORMAD2,150280
P61925,PKIA,5569
Q6UXM1,LRIG3,121227
P08779,KRT16,3868
Q6XR72,SLC30A10,55532
-,CRNDE,643911
Q8TCF1,ZFAND1,79752
Q99570,PIK3R4,30849
Q13795,ARFRP1,10139
Q92543,SNX19,399979
-,IGHA1,3493
Q9NYX4,CALY,50632
O75880,SCO1,6341
O75113,N4BP1,9683
Q96DY7,MTBP,27085
Q86V20,FAM35A,54537
Q5JTW2,CEP78,84131
P18510,IL1RN,3557
A6NFN3,RBFOX3,146713
Q8IU57,IFNLR1,163702
Q96NL1,TMEM74,157753
P31941,APOBEC3A,200315
-,C9orf84,158401
-,LINC00470,56651
Q68DU8,KCTD16,57528
Q9NZU0,FLRT3,23767
Q9NZC2,TREM2,54209
Q9H2Y7,ZNF106,64397
Q17R98,ZNF827,152485
Q8IWR0,ZC3H7A,29066
-,ORF1,55354
P01920,HLA-DQB1,3119
O00222,GRM8,2918
Q8TAC9,SCAMP5,192683
Q9P2U7,SLC17A7,57030
Q8NDX2,SLC17A8,246213
Q05940,SLC18A2,6571
Q7L0J3,SV2A,9900
P01233,CGB5,93659
Q96MP8,KCTD7,154881
Q5T9G4,ARMC12,221481
O94851,MICAL2,9645
Q6IQ49,SDE2,163859
Q14159,SPIDR,23514
-,PCAT6,100506696
Q8ND56,LSM14A,26065
Q09MP3,RAD51AP2,729475
Q9Y284,WDR83OS,51398
Q9BTX3,TMEM208,29100
Q13621,SLC12A1,6557
Q8IX29,FBXO16,157574
Q8N9R8,SCAI,286205
P59103,DAOA,267012
Q9UPY5,SLC7A11,23657
P42898,MTHFR,4524
O00468,AGRN,375790
Q9NUE0,ZDHHC18,84243
Q8NCM2,KCNH5,27133
O15037,KHNYN,23351
Q2M3G4,SHROOM1,134549
P08912,CHRM5,1133
Q9UHW9,SLC12A6,9990
P05164,MPO,4353
P15954,COX7C,1350
Q9UBM7,DHCR7,1717
Q5VWZ2,LYPLAL1,127018
Q6NUK1,SLC25A24,29957
Q86U28,ISCA2,122961
Q96I23,PYURF,100996939
Q9NYJ1,COA4,51287
P48728,AMT,275
O15173,PGRMC2,10424
Q96B49,TOMM6,100188893
-,FKBP9P1,360132
Q15031,LARS2,23395
A8MXV4,NUDT19,390916
O95298,NDUFC2,4718
A4D1S5,RAB19,401409
Q9UHQ9,CYB5R1,51706
Q96IX5,USMG5,84833
Q5J8M3,EMC4,51234
P12074,COX6A1,1337
Q5VUE5,C1orf53,388722
Q5JTJ3,COA6,388753
Q9HCU5,PREB,10113
P24311,COX7B,1349
Q5T749,KPRP,448834
P23368,ME2,4200
P61009,SPCS3,60559
Q9UHG3,PCYOX1,51449
Q8N5Z0,AADAT,51166
Q5JTZ9,AARS2,57505
P0C6C1,ANKRD34C,390616
Q9H425,C1orf198,84886
Q16740,CLPP,8192
P43155,CRAT,1384
O94760,DDAH1,23576
Q96S16,JMJD8,339123
Q14767,LTBP2,4053
O60882,MMP20,9313
Q99487,PAFAH2,5051
P11169,SLC2A3,6515
Q6ZMW2,ZNF782,158431
Q96JB1,DNAH8,1769
Q04756,HGFAC,3083
Q16352,INA,9118
Q9UBG0,MRC2,9902
O75781,PALM,5064
A5A3E0,POTEF,728378
Q5GAN6,RNASE10,338879
Q9H1E5,TMX4,56255
-,LINC00839,84856
Q9HCE0,EPG5,57724
P47895,ALDH1A3,220
A8MW95,BECN1P1,441925
Q96QF7,ACRC,93953
Q9BRP0,OVOL2,58495
-,DUXAP9,503638
-,LUCAT1,100505994
Q8TCU5,GRIN3A,116443
P47869,GABRA2,2555
Q5ZPR3,CD276,80381
Q8IY21,DDX60,55601
Q01628,IFITM3,10410
P14316,IRF2,3660
P20591,MX1,4599
Q9Y6K5,OAS3,4940
Q15646,OASL,8638
Q9NQC1,JADE2,23338
Q96A46,SLC25A28,81894
Q86V81,ALYREF,10189
Q9BZR8,BCL2L14,79370
Q9Y251,HPSE,10855
Q53G44,IFI44L,10964
Q92985,IRF7,3665
Q96JQ5,MS4A4A,51338
P43490,NAMPT,10135
Q9H0P0,NT5C3A,51251
Q15077,P2RY6,5031
Q96LD4,TRIM47,91107
Q9UNA4,POLI,11201
Q9UBZ9,REV1,51455
Q13277,STX3,6809
Q12846,STX4,6810
P63027,VAMP2,6844
Q9BV40,VAMP8,8673
P32856,STX2,2054
Q9BWW4,SSBP3,23648
O00220,TNFRSF10A,8797
Q9UH99,SUN2,25777
Q9Y586,MAB21L2,10586
Q9HCE1,MOV10,4343
Q16875,PFKFB3,5209
Q8TCG2,PI4K2B,55300
P28065,PSMB9,5698
Q14108,SCARB2,950
Q8IY34,SLC15A3,51296
Q96GC9,VMP1,81671
Q9Y275,TNFSF13B,10673
Q9H1C4,UNC93B1,81622
Q9H171,ZBP1,81030
P55210,CASP7,840
P55040,GEM,2669
O14732,IMPA2,3613
P54920,NAPA,8775
P51159,RAB27A,5873
Q8WVN6,SECTM1,6398
P05121,SERPINE1,5054
O95183,VAMP5,10791
Q9Y243,AKT3,10000
Q3ZCQ2,ANXA2R,389289
Q9UBI1,COMMD3,23412
O14879,IFIT3,3437
Q29980,MICB,4277
Q9UPU9,SAMD4A,23034
P78540,ARG2,384
Q10589,BST2,684
P21926,CD9,928
Q16678,CYP1B1,1545
Q5JRV8,TMEM255A,55026
P30793,GCH1,2643
Q12796,PNRC1,10957
Q9H223,EHD4,30844
Q9NRD1,FBXO6,26270
Q8IYA7,MKX,283078
Q9H0J9,PARP12,64761
Q96C10,DHX58,79132
Q08380,LGALS3BP,3959
P06454,PTMA,5757
P12814,ACTN1,87
P50406,HTR6,3362
O95411,TIAF1,9220
Q13126,MTAP,4507
Q13224,GRIN2B,2904
O94817,ATG12,9140
Q9Y4P1,ATG4B,23192
Q9NQU5,PAK6,56924
O14807,MRAS,22808
Q8N653,LZTR1,8216
P12277,CKB,1152
Q66K74,MAP1S,55201
P10636,MAPT,4137
P08621,SNRNP70,6625
P49756,RBM25,58517
O95232,LUC7L3,51747
Q9UKT8,FBXW2,26190
P40238,MPL,4352
Q14103,HNRNPD,3184
P59046,NLRP12,91662
Q9NP90,RAB9B,51209
Q9H0U4,RAB1B,81876
P51153,RAB13,5872
Q8WUD1,RAB2B,84932
P20336,RAB3A,5864
P59190,RAB15,376267
P62820,RAB1A,5861
P61106,RAB14,51552
P20340,RAB6A,5870
P20339,RAB5A,5868
P61020,RAB5B,5869
Q9Y5A7,NUB1,51667
P51784,USP11,8237
P17600,SYN1,6853
Q9HAC8,UBTD1,80019
P23942,PRPH2,5961
Q86XT4,TRIM50,135892
O00512,BCL9,607
Q15633,TARBP2,6895
P00750,PLAT,5327
Q9Y282,ERGIC3,51614
Q9P0N8,MARCH2,51257
P00738,HP,3240
Q96RQ1,ERGIC2,51290
Q7Z6M2,FBXO33,254170
Q8WV16,DCAF4,26094
O43283,MAP3K13,9175
P18887,XRCC1,7515
-,GAS5,60674
Q96JA1,LRIG1,26018
Q9NW82,WDR70,55100
Q15075,EEA1,8411
P11279,LAMP1,3916
P07339,CTSD,1509
P23443,RPS6KB1,6198
O75385,ULK1,8408
P00748,F12,2161
Q53H12,AGK,55750
P45844,ABCG1,9619
Q9H172,ABCG4,64137
P21741,MDK,4192
O75553,DAB1,1600
P21554,CNR1,1268
P35346,SSTR5,6755
P42262,GRIA2,2891
O60296,TRAK2,66008
P32119,PRDX2,7001
Q8NBS9,TXNDC5,81567
Q99570,PIK3R4,30849
Q9NX02,NLRP2,55655
Q9NYV6,RRN3,54700
P48995,TRPC1,7220
P54578,USP14,9097
Q9H4L7,SMARCAD1,56916
P04792,HSPB1,3315
Q15257,PPP2R4,5524
O15455,TLR3,7098
P23511,NFYA,4800
O60282,KIF5C,3800
O14497,ARID1A,8289
Q8NFD5,ARID1B,57492
Q15532,SS18,6760
Q9NZM4,GLTSCR1,29998
Q9H8M2,BRD9,65980
Q8TAQ2,SMARCC2,6601
Q969G3,SMARCE1,6605
Q6AI39,GLTSCR1L,23506
Q9C0H9,SRCIN1,80725
Q969U6,FBXW5,54461
Q8TB52,FBXO30,84085
Q2M3G0,ABCB5,340273
Q96B36,AKT1S1,84335
P10398,ARAF,369
P16070,CD44,960
P42772,CDKN2B,1030
Q9UI36,DACH1,1602
Q8NBF1,GLIS1,148979
Q9BZE0,GLIS2,84662
P14210,HGF,3082
P33947,KDELR2,11014
Q13163,MAP2K5,5607
P52564,MAP2K6,5608
P08581,MET,4233
P35240,NF2,4771
P08651,NFIC,4782
P41225,SOX3,6658
Q06945,SOX4,6659
Q92574,TSC1,7248
Q9BSA4,TTYH2,94015
P61981,YWHAG,7532
P24864,CCNE1,898
P08922,ROS1,6098
Q13188,STK3,6788
O14746,TERT,7015
O76090,BEST1,7439
P17301,ITGA2,3673
Q7Z3C6,ATG9A,79065
P51530,DNA2,1763
Q9UPT6,MAPK8IP3,23162
Q9ULW5,RAB26,25837
P08247,SYP,6855
Q9NX55,HYPK,25764
P18124,RPL7,6129
P31483,TIA1,7072
O00429,DNM1L,10059
O95147,DUSP14,11072
Q8NCE2,MTMR14,64419
Q16828,DUSP6,1848
Q16829,DUSP7,1849
Q16667,CDKN3,1033
Q9NRX4,PHPT1,29085
Q9NRW4,DUSP22,56940
Q9UNH5,CDC14A,8556
P15309,ACPP,55
Q9BV47,DUSP26,78986
Q9NYA4,MTMR4,9110
Q05923,DUSP2,1844
O00167,EYA2,2139
O75061,DNAJC6,9829
Q4G0W2,DUSP28,285193
Q86V88,MDP1,145553
O95677,EYA4,2070
Q93096,PTP4A1,7803
Q12974,PTP4A2,8073
Q99956,DUSP9,1852
Q8WYL5,SSH1,54434
Q9Y6J8,STYXL1,51657
P30307,CDC25C,995
Q6B8I1|Q9UII6,DUSP13,51207
Q16690,DUSP5,1847
A2A3K4,PTPDC1,138639
Q15678,PTPN14,5784
P26045,PTPN3,5774
P35236,PTPN7,5778
O95278,EPM2A,7957
Q99952,PTPN18,26469
Q16825,PTPN21,11099
Q9Y216,MTMR7,9108
P56180,TPTE,7179
Q68CZ2,TNS3,64759
-,PTPRH,5794
P28827,PTPRM,5797
P43378,PTPN9,5780
Q9BVJ7,DUSP23,54935
Q16827,PTPRO,5800
Q9H1R2,DUSP15,128853
Q99502,EYA1,2138
Q6XPS3,TPTE2,93492
Q9H596,DUSP21,63904
Q05209,PTPN12,5782
Q92932,PTPRN2,5799
P54829,PTPN5,84867
Q8WUK0,PTPMT1,114971
P30305,CDC25B,994
Q9Y6W6,DUSP10,11221
Q92729,PTPRU,10076
Q13614,MTMR2,8898
Q8WTR2,DUSP19,142679
Q9Y217,MTMR6,9107
Q13496,MTM1,4534
Q96EF0,MTMR8,55613
P51452,DUSP3,1845
P29074,PTPN4,5775
Q9BY84,DUSP16,80824
O75365,PTP4A3,11156
O60942,RNGTT,8732
Q8WUJ0,STYX,6815
Q68J44,DUPD1,338599
Q99504,EYA3,2140
Q13332,PTPRS,5802
Q15256,PTPRR,5801
Q9UNI6,DUSP12,11266
Q13115,DUSP4,1846
P28562,DUSP1,1843
Q4JDL3,PTPN20B,26095
Q9H8S9,MOB1A,55233
Q9Y692,GMEB1,10691
Q8WWQ8,STAB2,55576
Q96QZ7,MAGI1,9223
Q86UL8,MAGI2,9863
Q5TCQ9,MAGI3,260425
P78352,DLG4,1742
Q9HD26,GOPC,57120
Q12959,DLG1,1739
Q12923,PTPN13,5783
Q9HAD4,WDR41,55255
Q96DA2,RAB39B,116442
Q8TEV9,SMCR8,140775
O15439,ABCC4,10257
Q00013,MPP1,4354
Q92622,KIAA0226,9711
Q8TB96,ITFG1,81533
O75916,RGS9,8787
P35609,ACTN2,88
P35637,FUS,2521
P60763,RAC3,5881
Q92804,TAF15,8148
P09234,SNRPC,6631
Q92841,DDX17,10521
-,GHET1,102723099
Q9NWF9,RNF216,54476
P48431,SOX2,6657
Q15013,MAD2L1BP,9587
Q8IYT8,ULK2,9706
Q92973,TNPO1,3842
Q9UMF0,ICAM5,7087
O00206,TLR4,7099
Q9UKA1,FBXL5,26234
P11413,G6PD,2539
Q14527,HLTF,6596
Q9H9Q4,NHEJ1,79840
Q49AN0,CRY2,1408
Q8NHY2,RFWD2,64326
Q7L5Y6,DET1,55070
Q9C0C7,AMBRA1,55626
Q5TAQ9,DCAF8,50717
Q9GZS3,WDR61,80349
Q9UPN4,CEP131,22994
P23258,TUBG1,7283
Q15059,BRD3,8019
Q92686,NRGN,4900
O76050,NEURL1,9148
Q96DC9,OTUB2,78990
P62942,FKBP1A,2280
Q9BYM8,RBCK1,10616
Q13087,PDIA2,64714
P31323,PRKAR2B,5577
Q92847,GHSR,2693
P21728,DRD1,1812
P22001,KCNA3,3738
Q9UK99,FBXO3,26273
Q8NCQ5,FBXO15,201456
Q8NFZ0,FBXO18,84893
Q14209,E2F2,1870
O00716,E2F3,1871
Q70Z35,PREX2,80243
Q9Y2M0,FAN1,22909
A4FU01,MTMR11,10903
Q13615,MTMR3,8897
Q96QG7,MTMR9,66036
Q13613,MTMR1,8776
O95248,SBF1,6305
Q86WG5,SBF2,81846
Q16620,NTRK2,4915
P54762,EPHB1,2047
P08034,GJB1,2705
P21709,EPHA1,2041
Q04912,MST1R,4486
Q99720,SIGMAR1,10280
P08138,NGFR,4804
Q13797,ITGA9,3680
O75143,ATG13,9776
Q6R327,RICTOR,253260
P56962,STX17,55014
O95721,SNAP29,9342
Q96K19,RNF170,81790
Q9NZ09,UBAP1,51271
Q01804,OTUD4,54726
Q12926,ELAVL2,1993
O00425,IGF2BP3,10643
P61371,ISL1,3670
P10827,THRA,7067
Q8IUD6,RNF135,84282
O43491,EPB41L2,2037
Q9NQ66,PLCB1,23236
P09429,HMGB1,3146
P26583,HMGB2,3148
O95255,ABCC6,368
O94925,GLS,2744
Q15637,SF1,7536
Q9NR09,BIRC6,57448
Q9HB71,CACYBP,27101
Q9H300,PARL,55486
Q96HS1,PGAM5,192111
Q99623,PHB2,11331
Q8TEB9,RHBDD1,84236
Q13415,ORC1,4998
Q13416,ORC2,4999
Q9UFC0,LRWD1,222229
Q5W0B1,RNF219,79596
Q9UBD5,ORC3,23595
O43913,ORC5,5001
Q01813,PFKP,5214
Q9H4G0,EPB41L1,2036
P11171,EPB41,2035
Q9Y2J2,EPB41L3,23136
P48058,GRIA4,2893
P42261,GRIA1,2890
P49116,NR2C2,7182
Q7Z6J0,SH3RF1,57630
O43379,WDR62,284403
P33151,CDH5,1003
P19367,HK1,3098
Q99835,SMO,6608
Q13635,PTCH1,5727
Q9Y210,TRPC6,7225
P05023,ATP1A1,476
Q9UJ72,ANXA10,11199
Q96AJ1,CLUAP1,23059
Q8IY31,IFT20,90410
O75563,SKAP2,8935
Q9H3Y6,SRMS,6725
Q5T9C2,FAM102A,399665
P51451,BLK,640
P42685,FRK,2444
P09769,FGR,2268
O15519,CFLAR,8837
Q9NVE5,USP40,55230
Q96DY7,MTBP,27085
P24863,CCNC,892
Q7Z2Z1,TICRR,90381
Q92547,TOPBP1,11073
Q6IWH7,ANO7,50636
Q9NYT0,PLEK2,26499
Q8N565,MREG,55686
P00558,PGK1,5230
O00311,CDC7,8317
P20265,POU3F2,5454
P78337,PITX1,5307
O76070,SNCG,6623
P29966,MARCKS,4082
Q9Y3C4,TPRKB,51002
O95793,STAU1,6780
P61073,CXCR4,7852
Q8TAT6,NPLOC4,55666
O77932,DXO,1797
Q8N531,FBXL6,26233
Q8IX29,FBXO16,157574
P49023,PXN,5829
Q9HD36,BCL2L10,10017
Q68DV7,RNF43,54894
O60353,FZD6,8323
Q8NBM4,UBAC2,337867
Q96CS3,FAF2,23197
O94966,USP19,10869
Q53GS9,USP39,10713
-,LOC101928405,101928405
Q6V0I7,FAT4,79633
Q8IWR1,TRIM59,286827
Q14157,UBAP2L,9898
Q15768,EFNB3,1949
P52799,EFNB2,1948
O60313,OPA1,4976
Q12791,KCNMA1,3778
Q9Y224,C14orf166,51637
Q12986,NFX1,4799
P60896,SHFM1,7979
Q9UJZ1,STOML2,30968
Q9H254,SPTBN4,57731
Q96EV8,DTNBP1,84062
Q8WUM4,PDCD6IP,10015
Q14114,LRP8,7804
Q14814,MEF2D,4209
Q8IZU3,SYCP3,50511
Q9P286,PAK7,57144
Q9ULA0,DNPEP,23549
Q9H773,DCTPP1,79077
Q9H0E2,TOLLIP,54472
Q9NPI1,BRD7,29117
Q96RU7,TRIB3,57761
O43567,RNF13,11342
Q9H0F5,RNF38,152006
Q15811,ITSN1,6453
A6NGB9,WIPF3,644150
Q9P0L2,MARK1,4139
P11532,DMD,1756
O60941,DTNB,1838
Q96PM5,RCHY1,25898
Q9NUU6,FAM105A,54491
Q96L12,CALR3,125972
Q03468,ERCC6,2074
Q9BWF2,TRAIP,10293
P31994,FCGR2B,2213
O60784,TOM1,10043
A0AVT1,UBA6,55236
Q8TBC4,UBA3,9039
Q15819,UBE2V2,7336
O00213,APBB1,322
Q86U44,METTL3,56339
Q16777,HIST2H2AC,8338
P22087,FBL,2091
P19525,EIF2AK2,5610
Q96SB3,PPP1R9B,84687
Q96NW7,LRRC7,57554
Q9UHC6,CNTNAP2,26047
P16870,CPE,1363
Q13950,RUNX2,860
Q9UK17,KCND3,3752
Q96JP5,ZFP91,80829
Q8NBJ4,GOLM1,51280
Q12770,SCAP,22937
P49639,HOXA1,3198
P14652,HOXB2,3212
O43365,HOXA3,3200
O43248,HOXC11,3227
P28358,HOXD10,3236
Q86XK3,SFR1,119392
P21917,DRD4,1815
Q08462,ADCY2,108
P63096,GNAI1,2770
Q9H7E2,TDRD3,81550
O75569,PRKRA,8575
O14786,NRP1,8829
P15692,VEGFA,7422
O00571,DDX3X,1654
Q9BUQ8,DDX23,9416
Q9H2U1,DHX36,170506
P23246,SFPQ,6421
P28370,SMARCA1,6594
P51531,SMARCA2,6595
Q9UNS2,COPS3,8533
Q92499,DDX1,1653
Q9UJV9,DDX41,51428
O43172,PRPF4,9128
Q13435,SF3B2,10992
P27694,RPA1,6117
P35244,RPA3,6119
Q96LW4,PRIMPOL,201973
P78318,IGBP1,3476
Q13627,DYRK1A,1859
Q15393,SF3B3,23450
P26368,U2AF2,11338
Q9Y3B4,SF3B6,51639
Q7RTV0,PHF5A,84844
Q9UPP5,KIAA1107,23285
O43294,TGFB1I1,7041
Q14289,PTK2B,2185
P05107,ITGB2,3689
O95602,POLR1A,25885
Q9GZS1,POLR1E,64425
Q12809,KCNH2,3757
Q9UL68,MYT1L,23040
O43301,HSPA12A,259217
O75152,ZC3H11A,9877
Q8N895,ZNF366,167465
Q9H3S4,TPK1,27010
Q9H175,CSRNP2,81566
Q86W11,ZSCAN30,100101467
Q9BYU1,PBX4,80714
Q7L8L6,FASTKD5,60493
Q9NQQ7,SLC35C2,51006
Q9NP84,TNFRSF12A,51330
O95661,DIRAS3,9077
O43167,ZBTB24,9841
O43147,SGSM2,9905
P51151,RAB9A,9367
P17931,LGALS3,3958
Q03181,PPARD,5467
Q8IXI2,RHOT1,55288
Q9NZI8,IGF2BP1,10642
P54253,ATXN1,6310
P49768,PSEN1,5663
P42704,LRPPRC,10128
Q9NWM3,CUEDC1,404093
Q9H082,RAB33B,83452
Q14088,RAB33A,9363
Q8NAA4,ATG16L2,89849
Q9NT62,ATG3,64422
Q9H0Y0,ATG10,83734
A1A4Y4,IRGM,345611
P11166,SLC2A1,6513
Q9UKZ4,TENM1,10178
P22626,HNRNPA2B1,3181
P29033,GJB2,2706
Q14643,ITPR1,3708
Q9BXS4,TMEM59,9528
Q8WXF8,DEDD2,162989
Q9Y228,TRAF3IP3,80342
O60603,TLR2,7097
Q8N3R9,MPP5,64398
Q15648,MED1,5469
Q15788,NCOA1,8648
O15164,TRIM24,8805
Q9BZR6,RTN4R,65078
P17028,ZNF24,7572
P0C0S5,H2AFZ,3015
Q9H2G4,TSPYL2,64061
Q02790,FKBP4,2288
Q9UL62,TRPC5,7224
Q9UBN4,TRPC4,7223
Q13507,TRPC3,7222
Q9HCX4,TRPC7,57113
Q9BY14,TEX101,83639
Q9H4B8,DPEP3,64180
Q96F44,TRIM11,81559
P13612,ITGA4,3676
Q9NTK5,OLA1,29789
Q9Y512,SAMM50,25813
Q14494,NFE2L1,4779
P51610,HCFC1,3054
P02649,APOE,348
Q9Y279,VSIG4,11326
Q15628,TRADD,8717
Q8IU68,TMC8,147138
Q9HBW1,LRRC4,64101
P02786,TFRC,7037
O95373,IPO7,10527
O15393,TMPRSS2,7113
Q6ZMR5,TMPRSS11A,339967
O60235,TMPRSS11D,9407
O75533,SF3B1,23451
P52292,KPNA2,3838
Q92538,GBF1,8729
P49917,LIG4,3981
Q6NYC1,JMJD6,23210
Q96MS0,ROBO3,64221
P26715,KLRC1,3821
O14798,TNFRSF10C,8794
P25116,F2R,2149
Q96DU3,SLAMF6,114836
P60893,GPR85,54329
O95715,CXCL14,9547
P10586,PTPRF,5792
Q9H0G5,NSRP1,84081
Q9BZW2,SLC13A1,6561
Q8WTS6,SETD7,80854
Q8TDL5,BPIFB1,92747
Q96F85,CNRIP1,25927
P13591,NCAM1,4684
Q9BXY8,BEX2,84707
P25791,LMO2,4005
Q86U70,LDB1,8861
Q9Y5N1,HRH3,11255
O60506,SYNCRIP,10492
E9PAV3|Q13765,NACA,4666
Q9HAW4,CLSPN,63967
Q9GZX5,ZNF350,59348
Q9BZF1,OSBPL8,114882
Q9H6L5,FAM134B,54463
Q6YN16,HSDL2,84263
O75390,CS,1431
Q15119,PDK2,5164
Q9H845,ACAD9,28976
O95571,ETHE1,23474
P32322,PYCR1,5831
P16615,ATP2A2,488
Q9UPQ7,PDZRN3,23024
Q8N695,SLC5A8,160728
Q92963,RIT1,6016
Q9Y5X3,SNX5,27131
O14717,TRDMT1,1787
P49959,MRE11A,4361
Q7KZI7,MARK2,2011
Q6PIJ6,FBXO38,81545
Q5HYM0,ZC3H12B,340554
Q92797,SYMPK,8189
Q8N1G2,CMTR1,23070
Q92730,RND1,27289
Q9H2S6,TNMD,64102
O60762,DPM1,8813
Q8IZE3,SCYL3,57147
Q9NSG2,C1orf112,55732
Q9BTY2,FUCA2,2519
Q6P499,NIPAL3,57185
Q9Y6X5,ENPP4,22875
O00522,KRIT1,889
P28838,LAP3,51056
P19801,AOC1,26
Q76N89,HECW1,23072
Q9Y5W9,SNX11,29916
Q96HP8,TMEM176A,55365
P20645,M6PR,4074
P84085,ARF5,381
Q9Y2S7,POLDIP2,26073
Q9Y4D7,PLXND1,23129
P78332,RBM6,10180
O14559,ARHGAP33,115703
O14561,NDUFAB1,4706
Q16654,PDK4,5166
O75800,ZMYND10,51364
P02730,SLC4A1,6521
P53701,HCCS,3052
P52435,POLR2J,5439
P50221,MEOX1,4222
Q9UPZ6,THSD7A,221981
Q6FI81,CIAPIN1,57019
Q7L5A3,FAM214B,80256
P16383,GCFC2,6936
Q9H977,WDR54,84058
Q8IZD2,KMT2E,55904
Q6NTF9,RHBDD2,57414
Q9NZC3,GDE1,51573
Q96EN9,C19orf60,55049
Q9Y2Y6,TMEM98,26022
P63010,AP2B1,163
O14978,ZNF263,10127
Q9UHR4,BAIAP2L1,55971
P43353,ALDH3B1,221
Q9Y258,CCL26,10344
Q9Y6N9,USH1C,10083
Q9UBU7,DBF4,10926
P21731,TBXA2R,6915
Q8N7H5,PAF1,54623
Q8IVW4,CDKL3,51265
Q96L34,MARK4,57787
Q13183,SLC13A2,9058
O60861,GAS7,8522
O75865,TRAPPC6A,79090
P40259,CD79B,974
P26367,PAX6,5080
Q9NQ29,LUC7L,55692
Q99594,TEAD3,7005
Q9NVH1,DNAJC11,55735
P31513,FMO3,2328
Q8WY64,MYLIP,29116
O76039,CDKL5,6792
Q96NX5,CAMK1G,57172
O95544,NADK,65220
Q7Z6R9,TFAP2D,83741
O43739,CYTH3,9265
Q16563,SYPL1,6856
P49447,CYB561,1534
Q3KR16,PLEKHG6,55200
Q9UHA2,SS18L2,51188
P10620,MGST1,4257
Q14938,NFIX,4784
Q9NPA2,MMP25,64386
O75534,CSDE1,7812
P23759,PAX7,5081
Q9NP79,VTA1,51534
Q8N6R0,METTL13,51603
O95772,STARD3NL,83930
Q9HCP6,HHATL,57467
Q9BWX1,PHF7,51533
Q9NS98,SEMA3G,56920
Q9BT04,FUZ,80199
P98182,ZNF200,7752
Q53EV4,LRRC23,10233
Q96GD3,SCMH1,22955
Q01740,FMO1,2326
O95372,LYPLA2,11313
Q8WTS1,ABHD5,51099
P23352,KAL1,3730
Q9ULX6,AKAP8L,26993
Q6DKK2,TTC19,54902
Q92782,DPF1,8193
Q9NXS2,QPCTL,54814
O43914,TYROBP,7305
Q96B96,TMEM159,57146
P20273,CD22,933
Q13214,SEMA3B,7869
O43909,EXTL3,2137
Q96RI1,NR1H4,9971
Q9NYP7,ELOVL5,60481
P09917,ALOX5,240
Q9Y2E5,MAN2B2,23324
Q8TBB6,SLC7A14,57709
O75508,CLDN11,5010
Q14764,MVP,9961
Q9UIY3,RWDD2A,112611
Q9UBS8,RNF14,9604
Q9Y6A5,TACC3,10460
O94874,UFL1,23376
Q9P219,CCDC88C,440193
P55957,BID,637
Q9H169,STMN4,81551
Q14CN2,CLCA4,22802
P05019,IGF1,3479
Q15311,RALBP1,10928
Q7L099,RUFY3,22902
O00116,AGPS,8540
Q9H5V9,CXorf56,63932
Q9NQV5,PRDM11,56981
Q9UBB6,NCDN,23154
Q96PE1,GPR124,25960
Q9NTW7|Q9NPA5,ZFP64,55734
Q9HDB5|Q9Y4C0,NRXN3,9369
P13489,RNH1,6050
P13196,ALAS1,211
Q9NS18,GLRX2,51022
Q16533,SNAPC1,6617
Q9Y315,DERA,51071
Q9Y3F4,STRAP,11171
Q9H4E7,DEF6,50619
Q53GL0,PLEKHO1,51177
P48507,GCLM,2730
Q8IWV8,UBR2,23304
Q8IWP9,CCDC28A,25901
Q03933,HSF2,3298
P19971,TYMP,1890
Q6IBW4,NCAPH2,29781
P08670,VIM,7431
Q9NRZ5,AGPAT4,56895
P14616,INSRR,3645
P15260,IFNGR1,3459
Q9UBV7,B4GALT7,11285
Q86Y07,VRK2,7444
Q9HBM0,VEZT,55591
P09086,POU2F2,5452
Q13596,SNX1,6642
P62380,TBPL1,9519
Q8WYA1,ARNTL2,56938
Q9NUM3,SLC39A9,55334
P16157,ANK1,286
P21815,IBSP,3381
O15347,HMGB3,3149
Q9UKS7,IKZF2,22807
P28799,GRN,2896
Q7L2Z9,CENPQ,55166
Q9H6Z4,RANBP3,8498
Q53HC9,TSSC1,7260
Q13099,IFT88,8100
Q9BYC5,FUT8,2530
Q93050,ATP6V0A1,535
Q99767,APBA2,321
Q99972,MYOC,4653
Q96C01,FAM136A,84908
P18206,VCL,7414
Q9UIK4,DAPK2,23604
Q9ULZ2,STAP1,26228
Q9NUY8,TBC1D23,55773
Q8IYH5,ZZZ3,26009
P54219,SLC18A1,6570
P55082,MFAP3,4238
Q9BV20,MRI1,84245
Q9UBP6,METTL1,4234
P20933,AGA,175
Q9NZL9,MAT2B,27430
P13611,VCAN,1462
P21757,MSR1,4481
O94993,SOX30,11063
Q8NFU1,BEST2,54831
Q6ZP29,PQLC2,54896
O60931,CTNS,1497
O00194,RAB27B,5874
Q9Y6F1,PARP3,10039
Q8WTV1,THAP3,90326
Q96MK2,FAM65C,140876
Q9BRQ8,AIFM2,84883
Q53S99,C2orf83,56918
P53680,AP2S1,1175
Q9UKQ2,ADAM28,10863
Q9UMQ3,BARX2,8538
Q16661,GUCA2B,2981
P46019,PHKA2,5256
Q9NXG0,CNTLN,54875
Q13491,GPM6B,2824
Q9Y2I8,WDR37,22884
Q9NRF8,CTPS2,56474
Q9UI12,ATP6V1H,51606
Q9UN30,SCML1,6322
Q02223,TNFRSF17,608
P43080,GUCA1A,2978
Q14055,COL9A2,1298
Q9H201,EPN3,55040
Q15293,RCN1,5954
P35250,RFC2,5982
Q96KA5,CLPTM1L,81037
Q9BZS1,FOXP3,50943
P07686,HEXB,3074
Q8WV60,PTCD2,79810
Q9P055,JKAMP,51528
Q9UBP4,DKK3,27122
Q6P1Q0,LETMD1,25875
Q96KP6,TNIP3,79931
Q9NSC5,HOMER3,9454
Q9Y5Z4,HEBP2,23593
Q9HAU0,PLEKHA5,54477
Q9BRV8,SIKE1,80143
Q15800,MSMO1,6307
Q9H161,ALX4,60529
O43488,AKR7A2,8574
Q9NZ43,USE1,55850
Q9BQI9,NRIP2,83714
O43617,TRAPPC3,27095
Q4LE39,ARID4B,51742
Q16849,PTPRN,5798
Q5VTY9,HHAT,55733
Q8WXH0,SYNE2,23224
Q9Y5K1,SPO11,23626
Q6WN34,CHRDL2,25884
Q92567,FAM168A,23201
Q9NRY5,FAM114A2,10827
Q9NU53,GINM1,116254
Q96PX6,CCDC85A,114800
Q8ND82,ZNF280C,55609
Q9Y5X5,NPFFR2,10886
Q96PD2,DCBLD2,131566
Q99959,PKP2,5318
Q9ULS5,TMCC3,57458
Q9Y2G3,ATP11B,23200
Q13554,CAMK2B,816
Q9BVS4,RIOK2,55781
Q9Y548,YIPF1,54432
Q4VC44,FLYWCH1,84256
Q9H9P5,UNKL,64718
P54886,ALDH18A1,5832
Q00537,CDK17,5128
P11169,SLC2A3,6515
Q9H4A3,WNK1,65125
Q8IX12,CCAR1,55749
Q68CJ9,CREB3L3,84699
O15034,RIMBP2,23504
Q9Y5U8,MPC1,51660
P09110,ACAA1,30
P54687,BCAT1,586
Q9Y250,LZTS1,11178
Q9NQX0,PRDM6,93166
Q9NPE6,SPAG4,6676
Q86WP2,GPBP1,65056
Q96JJ3,ELMO2,63916
Q92624,APPBP2,10513
Q53EL9,SEZ6,124925
Q9Y6I3,EPN1,29924
Q9NX70,MED29,55588
O15499,GSC2,2928
Q9NSD4,ZNF275,10838
Q16775,HAGH,3029
O60479,DLX3,1747
Q15506,SPA17,53340
O76076,WISP2,8839
Q9NQL9,DMRT3,58524
Q6P1X5,TAF2,6873
Q9Y5L0,TNPO3,23534
Q02080,MEF2BNB-MEF2B,4207
P10619,CTSA,5476
Q8IX01,SUGP2,10147
Q9Y343,SNX24,28966
Q9H0C5,BTBD1,53339
P28069,POU1F1,5449
P54277,PMS1,5378
Q9P0W2,HMG20B,10362
P36508,ZNF76,7629
P08754,GNAI3,2773
Q7L590,MCM10,55388
Q15046,KARS,3735
Q14554,PDIA5,10954
Q8WU90,ZC3H15,55854
Q9H813,TMEM206,55248
O60641,SNAP91,9892
Q9UMD9,COL17A1,1308
Q9H4Y5,GSTO2,119391
Q9H9S3,SEC61A2,55176
P48163,ME1,4199
Q86TI0,TBC1D1,23216
Q14004,CDK13,8621
P13995,MTHFD2,10797
Q9P0K8,FOXJ2,55810
P27815,PDE4A,5141
Q15172,PPP2R5A,5525
P35590,TIE1,7075
Q96GM5,SMARCD1,6602
Q13952,NFYC,4802
Q9H0C1,ZMYND12,84217
Q9P1U0,ZNRD1,30834
Q15777,MPPED2,744
P56856,CLDN18,51208
Q9H9A6,LRRC40,55631
Q7Z4G4,TRMT11,60487
Q9ULI4,KIF26A,26153
Q68CK6,ACSM2B,348158
Q15390,MTFR1,9650
Q13907,IDI1,3422
O14494,PPAP2A,8611
Q15629,TRAM1,23471
P46020,PHKA1,5255
Q02641,CACNB1,782
O60447,EVI5,7813
Q5QJE6,DNTTIP2,30836
P08048,ZFY,7544
P21579,SYT1,6857
Q9GZN7,ROGDI,79641
Q76G19,PDZD4,57595
Q13951,CBFB,865
Q12891,HYAL2,8692
P80217,IFI35,3430
P19532,TFE3,7030
Q3MII6,TBC1D25,4943
Q14642,INPP5A,3632
Q92917,GPKOW,27238
Q4V328,GRIPAP1,56850
Q9UET6,FTSJ1,24140
Q9H902,REEP1,65055
Q15012,LAPTM4A,9741
Q9UHH9,IP6K2,51447
O00139,KIF2A,3796
P11217,PYGM,5837
O75459,PAGE1,8712
Q8IZF2,GPR116,221395
Q58EX2,SDK2,54549
O60884,DNAJA2,10294
P22466,GAL,51083
Q9UHP7,CLEC2D,29121
P27338,MAOB,4129
O15496,PLA2G10,8399
P54709,ATP1B3,483
Q16659,MAPK6,5597
P09683,SCT,6343
P80303,NUCB2,4925
O15520,FGF10,2255
Q86US8,SMG6,23293
O00471,EXOC5,10640
Q99583,MNT,4335
Q2QGD7,ZXDC,79364
P08243,ASNS,440
P53677,AP3M2,10947
Q9Y6A4,CFAP20,29105
Q9H4L5,OSBPL3,26031
Q9NZQ8,TRPM5,29850
Q9NXJ0,MS4A12,54860
Q15349,RPS6KA2,6196
Q9NXR8,ING3,54556
Q9NZU5,LMCD1,29995
O43709,WBSCR22,114049
Q15645,TRIP13,9319
Q92519,TRIB2,28951
Q96EP5,DAZAP1,26528
O95983,MBD3,53615
Q10570,CPSF1,29894
Q53TN4,CYBRD1,79901
Q16342,PDCD2,5134
Q8TC12,RDH11,51109
Q68DK2,ZFYVE26,23503
Q9UK32,RPS6KA6,27330
O95208,EPN2,22905
Q96FT7,ASIC4,55515
Q15772,SPEG,10290
Q9UHB7,AFF4,27125
Q14683,SMC1A,8243
P49748,ACADVL,37
Q14194,CRMP1,1400
Q9BXS5,AP1M1,8907
P15151,PVR,5817
Q96RD6,PANX2,56666
Q8TC99,FNDC8,54752
O95342,ABCB11,8647
Q9BPW9,DHRS9,10170
P46459,NSF,4905
Q7Z460,CLASP1,23332
Q9UM47,NOTCH3,4854
Q16143,SNCB,6620
Q53F19,C17orf85,55421
Q99685,MGLL,11343
Q9HB63,NTN4,59277
Q14162,SCARF1,8578
Q8WWN9,IPCEF1,26034
Q9HBY0,NOX3,50508
Q969H8,C19orf10,56005
P42681,TXK,7294
P30626,SRI,6717
Q6IC98,GRAMD4,23151
Q9BVV7,TIMM21,29090
Q9UJF2,RASAL2,9462
Q9Y2B5,VPS9D1,9605
Q53EP0,FNDC3B,64778
O94915,FRYL,285527
Q92545,TMEM131,23505
Q96EN8,MOCOS,55034
Q15020,SART3,9733
Q15024,EXOSC7,23016
Q92845,KIFAP3,22920
Q9Y580,RBM7,10179
Q9Y2M5,KLHL20,27252
Q96R06,SPAG5,10615
Q8IZ07,ANKRD13A,88455
P32942,ICAM3,3385
P49902,NT5C2,22978
O75487,GPC4,2239
Q9NUK0,MBNL3,55796
Q9P1Y5,CAMSAP3,57662
Q9HCS7,XAB2,56949
Q8WZ74,CTTNBP2,83992
P10826,RARB,5915
O75914,PAK3,5063
Q9Y6Q1,CAPN6,827
O43602,DCX,1641
P09012,SNRPA,6626
Q9NQT4,EXOSC5,56915
Q13409,DYNC1I2,1781
Q7Z5R6,APBB1IP,54518
O75427,LRCH4,4034
Q5HYJ3,FAM76B,143684
O60478,GPR137B,7107
Q9Y3Q0,NAALAD2,10003
Q6IE81,JADE1,79960
O75344,FKBP6,8468
P23142,FBLN1,2192
P49418,AMPH,273
O76041,NEBL,10529
O75386,TULP3,7289
Q9NWB1,RBFOX1,54715
P31269,HOXA9,3205
P55197,MLLT10,8028
P41586,ADCYAP1R1,117
O43736,ITM2A,9452
O43439,CBFA2T2,9139
A7E2Y1,MYH7B,57644
Q9Y2X8,UBE2D4,51619
Q06455,RUNX1T1,862
Q12864,CDH17,1015
Q96FV9,THOC1,9984
Q9Y680,FKBP7,51661
P43003,SLC1A3,6507
Q9BS40,LXN,56925
Q9BUB5,MKNK1,8569
Q9NR31,SAR1A,56681
O95398,RAPGEF3,10411
Q96RK0,CIC,23152
Q05469,LIPE,3991
P37268,FDFT1,2222
Q15102,PAFAH1B3,5050
O76038,SCGN,10590
Q6UVY6,MOXD1,26002
O15400,STX7,8417
Q9NXZ2,DDX43,55510
P40126,DCT,1638
Q9NQQ7,SLC35C2,51006
P48380,RFX3,5991
Q9NQM4,PIH1D3,139212
Q9NY35,CLDND1,56650
Q9Y2H0,DLGAP4,22839
O14777,NDC80,10403
Q13698,CACNA1S,779
O60729,CDC14B,8555
Q9Y547,HSPB11,51668
Q96JB8,MPP4,58538
Q49AR2,C5orf22,55322
Q53SF7,COBLL1,22837
Q92796,DLG3,1741
P41145,OPRK1,4986
Q6ISB3,GRHL2,79977
Q9Y2P5,SLC27A5,10998
Q9NWS9,ZNF446,55663
O43296,ZNF264,9422
Q96MU7,YTHDC1,91746
Q8WU79,SMAP2,64744
P09211,GSTP1,2950
Q9Y2W2,WBP11,51729
P40222,TXLNA,200081
O14782,KIF3C,3797
Q14397,GCKR,2646
P13987,CD59,966
P27701,CD82,3732
Q9NPC7,MYNN,55892
Q13465|Q03112,MECOM,2122
O15126,SCAMP1,9522
Q9UKJ1,PILRA,29992
Q9P2J2,IGSF9,57549
O14771,ZNF213,7760
P15121,AKR1B1,231
O96014,WNT11,7481
Q5SRH9,TTC39A,22996
Q99735,MGST2,4258
Q8IWX8,CHERP,10523
Q8WZA1,POMGNT1,55624
P15291,B4GALT1,2683
Q9NZZ3,CHMP5,51510
Q13520,AQP6,363
Q9UI26,IPO11,51194
Q04609,FOLH1,2346
Q9UM22,EPDR1,54749
Q9Y5X0,SNX10,29887
P49903,SEPHS1,22929
Q13084,MRPL28,10573
P09105,HBQ1,3049
P40199,CEACAM6,4680
Q9NW64,RBM22,55696
Q6FIF0,ZFAND6,54469
Q15654,TRIP6,7205
P02792,FTL,2512
Q9UBE8,NLK,51701
Q96S52,PIGS,94005
Q9UL52,TMPRSS11E,28983
P08253,MMP2,4313
Q7L5N7,LPCAT2,54947
Q8N543,OGFOD1,55239
P35611,ADD1,118
Q14112,NID2,22795
Q9P2K6,KLHL42,57542
Q96KR7,PHACTR3,116154
Q9NQ75,CASS4,57091
P48378,RFX2,5990
O00204,SULT2B1,6820
O75175,CNOT3,4849
Q8TDY4,ASAP3,55616
Q9NUG6,PDRG1,81572
Q9NXR5,ANKRD10,55608
Q8IZD9,DOCK3,1795
O75208,COQ9,57017
Q9HAQ2,KIF9,64147
Q9H1M4,DEFB127,140850
Q96KQ4,PPP1R13B,23368
Q6P1L6,ZNF343,79175
Q9H0D6,XRN2,22803
Q2M2Z5,KIZ,55857
P63167,DYNLL1,8655
Q99572,P2RX7,5027
O75884,RBBP9,10741
Q9UGH3,SLC23A2,9962
Q96A57,TMEM230,29058
P00973,OAS1,4938
P30086,PEBP1,5037
Q99593,TBX5,6910
P30040,ERP29,10961
Q9NR11,ZNF302,55900
Q96CP6,GRAMD1A,57655
Q14802,FXYD3,5349
Q9H305,CDIP1,29965
Q9P107,GMIP,51291
Q96IZ5,RBM41,55285
P24278,ZBTB25,7597
Q8NC96,NECAP1,25977
Q9NWQ4,GPATCH2L,55668
P30043,BLVRB,645
O75909,CCNK,8812
P61236,YPEL3,83719
O95178,NDUFB2,4708
P05362,ICAM1,3383
Q9Y616,IRAK3,11213
Q01664,TFAP4,7023
Q9NZD8,SPG21,51324
Q9UGM5,FETUB,26998
Q9H2X0,CHRD,8646
P49771,FLT3LG,2323
Q9NNX6,CD209,30835
Q9HA82,CERS4,79603
Q9GZU1,MCOLN1,57192
Q9NV70,EXOC1,55763
Q15319,POU4F3,5459
Q86UW9,DTX2,113878
P07942,LAMB1,3912
P09622,DLD,1738
Q9NX76,CMTM6,54918
Q9NYL2,ZAK,51776
P02787,TF,7018
Q9Y5N6,ORC6,23594
Q9UGC6,RGS17,26575
Q96IK0,TMEM101,84336
Q06323,PSME1,5720
Q969Q6,PPP2R3C,55012
Q96JJ6,JPH4,84502
P12883,MYH7,4625
Q9UHI5,SLC7A8,23428
Q9NPF4,OSGEP,55644
O94842,TOX4,9878
P22735,TGM1,7051
Q06418,TYRO3,7301
Q96SF7,TBX15,6913
P15311,EZR,7430
P60660,MYL6,4637
O43934,MFSD11,79157
Q16555,DPYSL2,1808
Q9NW75,GPATCH2,55105
Q9UKX7,NUP50,10762
O75419,CDC45,8318
P21964,COMT,1312
Q9NTX5,ECHDC1,55862
Q15323,KRT31,3881
Q96BW1,UPRT,139596
Q9UJX2,CDC23,8697
P49366,DHPS,1725
Q96ED9,HOOK2,29911
P48444,ARCN1,372
Q9NVV0,TMEM38B,55151
Q9BYX2,TBC1D2,55357
Q9P202,DFNB31,25861
Q69YN2,CWF19L1,55280
Q9NQ79,CRTAC1,55118
Q13145,BAMBI,25805
P20809,IL11,3589
Q9BTA9,WAC,51322
Q03060,CREM,1390
Q9Y5Y2,NUBP2,10101
P15822,HIVEP1,3096
P54108,CRISP3,10321
Q9Y6G1,TMEM14A,28978
Q5JVL4,EFHC1,114327
P12872,MLN,4295
Q99459,CDC5L,988
Q96LB3,IFT74,80173
O00154,ACOT7,11332
Q92824,PCSK5,5125
O00767,SCD,6319
O14639,ABLIM1,3983
Q7Z2K6,ERMP1,79956
Q9NP72,RAB18,22931
Q9NRG1,PRTFDC1,56952
Q9NP74,PALMD,54873
O95858,TSPAN15,23555
Q9P0M6,H2AFY2,55506
P61266,STX1B,112755
Q9H2F3,HSD3B7,80270
O15479,MAGEB2,4113
Q14011,CIRBP,1153
P30049,ATP5D,513
Q8N350,C19orf26,255057
Q99218,AMELY,266
P52272,HNRNPM,4670
P17568,NDUFB7,4713
Q9NZ01,TECR,9524
Q9Y5L4,TIMM13,26517
Q8IVT2,MISP,126353
Q9Y4F5,CEP170B,283638
P19388,POLR2E,5434
O75293,GADD45B,4616
Q9HBH9,MKNK2,2872
Q8IZ69,TRMT2A,27037
Q9BXK5,BCL2L13,23786
Q9BXI6,TBC1D10A,83874
Q9UGT4,SUSD2,56241
Q69YQ0,SPECC1L,23384
P62318,SNRPD3,6634
Q6ICL7,SLC35E4,339665
O95985,TOP3B,8940
P26998,CRYBB3,1417
Q9UIA0,CYTH4,27128
Q96DF8,DGCR14,8220
Q9BWT7,CARD10,29775
P05162,LGALS2,3957
Q9UJY5,GGA1,26088
Q9Y3L3,SH3BP1,23616
Q9BYH1,SEZ6L,23544
Q96FE7,PIK3IP1,113791
Q9UBB9,TFIP11,24144
Q14390,GGTLC2,91227
P53674,CRYBB1,1414
Q9Y262,EIF3L,51386
P56693,SOX10,6663
Q9H6E4,CCDC134,79879
O75140,DEPDC5,9681
Q9UH03,SEPT3,55964
Q9NY91,SLC5A4,6527
O43731,KDELR3,11015
Q14565,DMC1,11144
Q9Y3M2,CBY1,25776
Q9UHP6,RSPH14,27156
P17861,XBP1,7494
O00178,GTPBP1,9567
Q9BY77,POLDIP3,84271
O95755,RAB36,9609
P00387,CYB5R3,1727
O96015,DNAL4,10126
Q9BU23,LMF2,91289
Q9UNF0,PACSIN2,11252
Q92737,RASL10A,10633
Q10567,AP1B1,162
Q9UGU5,HMGXB4,10042
P09601,HMOX1,3162
P30536,TSPO,706
Q14166,TTLL12,23170
P01127,PDGFB,5155
Q86V35,CABP7,164633
Q9UDW3,ZMAT5,55954
O43251,RBFOX2,23543
O43759,SYNGR1,9145
Q9H1I8,ASCC2,84164
Q9NQG6,MIEF1,54471
Q99757,TXN2,25828
O15371,EIF3D,8664
Q6ICG6,KIAA0930,23313
O43808,SLC25A17,10478
O75631,UPK3A,7380
Q9NWS6,FAM118A,55007
Q8N5Z5,KCTD17,79734
Q9Y535,POLR3H,171568
Q92871,PMM1,5372
Q6ICB0,DESI1,27351
Q8TCT0,CERK,64781
Q8TB40,ABHD4,63874
O15037,KHNYN,23351
P08311,CTSG,1511
Q86U06,RBM23,55147
P56282,POLE2,5427
Q9H867,VCPKMT,79609
P06737,PYGL,5836
Q9C026,TRIM9,114088
Q96EK6,GNPNAT1,64841
Q8NEL9,DDHD1,80821
O95406,CNIH1,10175
Q99675,CGRRF1,10668
Q9Y5K8,ATP6V1D,51382
Q9NVL8,C14orf105,55195
Q9UEU0,VTI1B,10490
Q6PL24,TMED8,283578
Q6H9L7,ISM2,145501
Q14973,SLC10A1,6554
Q96BD0,SLCO4A1,28231
Q9BYT1,SLC17A9,63910
Q8IVV8,NKAIN4,128414
Q9UKD1,GMEB2,26205
Q9Y225,RNF24,11237
Q9NUG4,CCM2L,140706
Q6IQ32,ADNP2,22850
P52179,MYOM1,8736
Q9NP73,ALG13,79868
Q9UJG1,MOSPD1,56180
-,PPP1R2P9,80316
-,OPN1LW,5956
Q8TCZ2,CD99L2,83692
Q92613,JADE3,9767
Q9H237,PORCN,64840
Q6UXX5,ITIH6,347365
Q96MV8,ZDHHC15,158866
Q5VYS4,MEDAG,84935
Q9UEG4,ZNF629,23361
-,LOC100507577,100507577
Q92536,SLC7A6,9057
Q7L5A8,FA2H,79152
Q9NRP2,CMC2,56942
O95822,MLYCD,23417
O60304,ZNF500,26048
P51798,CLCN7,1186
O75808,CAPN15,6650
O94778,AQP8,343
O15405,TOX3,27324
Q96L33,RHOV,171177
Q9HDC5,JPH1,56704
Q15043,SLC39A14,23516
O95214,LEPROTL1,23484
Q86X53,ERICH1,157697
P01229,LHB,3972
O75864,PPP1R37,284352
P11049,CD37,951
O60499,STX10,8677
Q9H0K4,RSPH6A,81492
Q86YV0,RASAL3,64926
Q99687,MEIS3,56917
Q9BYD5,CNFN,84518
P62955,CACNG7,59284
Q92952,KCNN1,3780
P05981,HPN,3249
Q9HCQ7,NPVF,64111
O95859,TSPAN12,23554
O75127,PTCD1,26024
O75425,MOSPD3,64598
P78424,POU6F2,11281
Q01449,MYL7,58498
Q7Z591,AKNA,80709
P04808,RLN1,6013
Q9H7M9,C10orf54,64115
Q5T8D3,ACBD5,91452
Q9H008,LHPP,64077
Q92615,LARP4B,23185
Q96IG2,FBXL20,84961
P09919,CSF3,1440
O76014,KRT37,8688
Q14532,KRT32,3882
P01298,PPY,5539
Q15546,MMD,23531
Q9Y3S2,ZNF330,27309
P08294,SOD3,6649
Q9UHL0,DDX25,29118
A6NMT0,DBX1,120237
Q9H2W1,MS4A6A,64231
Q96JQ5,MS4A4A,51338
P41439,FOLR3,2352
Q96PE2,ARHGEF17,9828
-,APOA4,337
P01258|P06881,CALCA,796
Q16378,PRR4,11272
O60519,CREBL2,1389
Q6QNK2,GPR133,283383
Q8WUD6,CHPT1,56994
Q5SZL2,CEP85L,387119
Q7Z4H3,HDDC2,51020
Q5TGU0,TSPO2,222642
Q96FX8,PERP,64065
Q8TF71,SLC16A10,117247
Q86WB7,UNC93A,54346
Q9H3U7,SMOC2,64094
Q9UMX6,GUCA1B,2979
Q6AI39,GLTSCR1L,23506
O95935,TBX18,9096
Q9Y5E6,PCDHB3,56132
Q8WUF8,FAM172A,83989
Q9Y666,SLC12A7,10723
Q16877,PFKFB4,5210
Q9UM44,HHLA2,11148
Q9Y5R4,HEMK1,51409
Q9Y6A9,SPCS1,28972
Q9NZQ0,DNAJC27,51277
Q53HI1,UNC50,25972
Q9NWW7,C2orf42,54980
Q9HB20,PLEKHA3,65977
Q6UXG2,KIAA1324,57535
Q96BU1,S100PBP,64766
O95886,DLGAP3,58512
P23109,AMPD1,270
Q9BXI3,NT5C1A,84618
O60635,TSPAN1,10103
Q9NR34,MAN1C1,57134
Q9H0D2,ZNF541,84215
Q5TFG8,ZC2HC1B,153918
O60669,SLC16A7,9194
Q9H8G1,ZNF430,80264
O14917,PCDH17,27253
Q9H1Z8,C2orf40,84417
Q9H7Z3,NRDE2,55051
Q3ZCW2,LGALSL,29094
Q9NRU3,CNNM1,26507
Q9Y2P8,RCL1,10171
Q8IYT3,CCDC170,80129
Q9Y5F1,PCDHB12,56124
Q9UNG2,TNFSF18,8995
Q96JY6,PDLIM2,64236
Q9NYW0,TAS2R10,50839
-,PRB2,653247
Q15842,KCNJ8,3764
P48165,GJA8,2703
Q9BSY9,DESI2,51029
O95452,GJB6,10804
Q9GZU3,TMEM39B,55116
Q9UID6,ZNF639,51193
Q9H2K0,MTIF3,219402
Q8N2U9,PQLC1,80148
P0CE72,OCM,654231
Q9BSE4,HERPUD2,64224
Q9UPV7,KIAA1045,23349
Q8NFP7,NUDT10,170685
Q9HD90,NEUROD4,58158
Q53FV1,ORMDL2,29095
P09172,DBH,1621
Q7Z2G1,H2BFWT,158983
Q6PEV8,FAM199X,139231
Q7Z2H8,SLC36A1,206358
Q96KR6,FAM210B,116151
Q8IUB2,WFDC3,140686
Q9H1P6,C20orf85,128602
Q13410,BTN1A1,696
Q2TBC4,PRICKLE4,29964
Q99766,ATP5S,27109
Q13536,C1orf61,10485
Q8NDY6,BHLHE23,128408
Q9BSY4,CHCHD5,84269
Q9NPR9,GPR108,56927
Q9H2Z4,NKX2-4,644524
Q8WUT4,LRRN4,164312
Q9H503,BANF2,140836
Q96LM9,C20orf173,140873
-,GPR42,2866
Q9H7N4,SCAF1,58506
P02808,STATH,6779
Q9BQI0,AIF1L,83543
O75638,CTAG2,30848
Q9HAB8,PPCS,79717
P19075,TSPAN8,7103
Q9NYW4,TAS2R5,54429
Q9UHX3,EMR2,30817
O43761,SYNGR3,9143
Q9BV81,EMC6,83460
Q9Y2P0,ZNF835,90485
Q09327,MGAT3,4248
O95236,APOL3,80833
Q6UXY1,BAIAP2L2,80115
P15814,IGLL1,3543
P15018,LIF,3976
Q6ZTQ4,CDHR3,222256
A0PJY2,FEZF1,389549
P03999,OPN1SW,611
O43795,MYO1B,4430
Q9BV29,C15orf57,90416
Q8NFM4,ADCY4,196883
Q92913,FGF13,2258
F8WCM5,INS-IGF2,723961
Q9NY28,GALNT8,26290
Q96SZ4,ZSCAN10,84891
Q96G42,KLHDC7B,113730
Q5T5Y3,CAMSAP1,157922
Q8NC74,RBBP8NL,140893
Q8N539,FIBCD1,84929
Q9NX00,TMEM160,54958
Q9UL36,ZNF236,7776
O14668,PRRG1,5638
Q9BZM5,ULBP2,80328
Q96DR5,BPIFA2,140683
O60895,RAMP2,10266
Q96HA4,C1orf159,54991
Q8N567,ZCCHC9,84240
O76011,KRT34,3885
Q9Y5J6,TIMM10B,26515
P60059,SEC61G,23480
Q9BXU8,FTHL17,53940
Q9NWF4,SLC52A1,55065
Q9Y2F9,BTBD3,22903
Q13733,ATP1A4,480
Q9GZV7,HAPLN2,60484
Q96MP5,ZSWIM3,140831
Q9UBM1,PEMT,10400
Q8IVJ1,SLC41A1,254428
Q9NWW9,HRASLS2,54979
P30990,NTS,4922
Q96IM9,DYDC2,84332
Q8TBM7,TMEM254,80195
Q01432,AMPD3,272
Q9UKR5,C14orf1,11161
Q9H8Y1,VRTN,55237
Q9P0S2,COX16,51241
O43310,CTIF,9811
Q08AE8,SPIRE1,56907
Q9ULH0,KIDINS220,57498
Q2TAA2,IAH1,285148
P0DJI9,SAA2,6289
P07492,GRP,2922
Q9Y4D2,DAGLA,747
O95864,FADS2,9415
Q86YF9,DZIP1,22873
Q86UB2,BIVM,54841
Q5VZE5,NAA35,60560
P20132,SDS,10993
Q9BU79,TMEM243,79161
Q9H2L4,TMEM60,85025
Q4VXA5,KHDC1,80759
P78386,KRT85,3891
Q12999,TSPAN31,6302
Q9C010,PKIB,5570
Q05215,EGR4,1961
Q6GMV2,SMYD5,10322
Q86W47,KCNMB4,27345
A6NKB5,PCNXL2,80003
Q9BZV2,SLC19A3,80704
Q969X1,TMBIM1,64114
Q9Y5Y3,GPR45,11250
A6QL64,ANKRD36,375248
O75829,LECT1,11061
Q9NPG8,ZDHHC4,55146
P28039,AOAH,313
Q8IY49,MMD2,221938
Q9C0A1,ZFHX2,85446
Q9BZW5,TM6SF1,53346
Q14119,VEZF1,7716
Q96DX8,RTP4,64108
Q8WWZ1,IL1F10,84639
O60243,HS6ST1,9394
P04921,GYPC,2995
Q5T7W7,TSTD2,158427
Q96BT7,ALKBH8,91801
Q9BX79,STRA6,64220
Q8TCB0,IFI44,10561
Q9C0D9,EPT1,85465
O95992,CH25H,9023
P52954,LBX1,10660
Q8WWZ8,OIT3,170392
Q9NRN9,METTL5,29081
O95843,GUCA1C,9626
Q3SXP7,KIAA1644,85352
Q96DN0,ERP27,121506
Q5BKT4,ALG10,84920
O75747,PIK3C2G,5288
Q9HBU6,ETNK1,55500
Q9BQT9,CLSTN3,9746
Q96HH6,TMEM19,55266
Q86XJ1,GAS2L3,283431
Q9BVW6,SMIM2,79024
A7MD48,SRRM4,84530
Q8IYK8,REM2,161253
Q9BUY7,EFCAB11,90141
Q8N8N7,PTGR2,145482
Q8IV50,LYSMD2,256586
Q9H1K6,MESDC1,59274
P29122,PCSK6,5046
Q8N1W2,ZNF710,374655
Q96C12,ARMC5,79798
Q969G9,NKD1,85407
Q8WYQ9,ZCCHC14,23174
Q13433,SLC39A6,25800
Q13336,SLC14A1,6563
Q9BRT3,MIEN1,84299
P11086,PNMT,5409
Q96PE6,ZIM3,114026
P56557,TMEM50B,757
P54852,EMP3,2014
O14894,TM4SF5,9032
O00622,CYR61,3491
Q9NY43,BARHL2,343472
Q99795,GPA33,10223
O60806,TBX19,9095
Q9BW92,TARS2,80222
Q9BUN1,C1orf56,54964
Q96PS8,AQP10,89872
Q9P003,CNIH4,29097
Q8TBE1,CNIH3,149111
O14904,WNT9A,7483
Q9Y2H5,PLEKHA6,22874
Q96BM9,ARL8A,127829
Q8N9V6,ANKRD53,79998
Q9UHE5,NAT8,9027
Q96JF0,ST6GAL2,84620
Q8N1E2,LYG1,129530
Q9UIK5,TMEFF2,23671
Q6ZVH7,ESPNL,339768
Q9Y267,SLC22A14,9389
Q6AZW8,ZNF660,285349
P57738,TCTA,6988
Q96DZ7,TM4SF19,116211
Q9Y5Q5,CORIN,10699
Q96EP9,SLC10A4,201780
Q3KNW5,SLC10A6,345274
Q9NZF1,PLAC8,51316
Q9NUU6,FAM105A,54491
Q6ZUX7,LHFPL2,10184
Q8N485,LIX1,167410
P23415,GLRA1,2741
Q96RE9,ZNF300,91975
Q7L0R7,RNF44,22838
Q6Q6R5,CRIP3,401262
Q6DKI1,RPL7L1,285855
Q5VVH5,IRAK1BP1,134728
Q5SYC1,CLVS2,134829
Q9NYW8,RBAK,57786
Q8WTU2,SSC4D,136853
Q7Z7C7,STRA8,346673
Q9ULE3,DENND2A,27147
Q9HBJ8,TMEM27,57393
Q9BQJ4,TMEM47,83604
P36021,SLC16A2,6567
Q8TDV5,GPR119,139760
O15231,ZNF185,7739
Q9NYZ2,SLC25A37,51312
Q8NEB5,PPAPDC1B,84513
O00559,EBAG9,9166
Q5JTY5|Q5RIA9,CBWD5,220869
Q5SR56,HIATL1,84641
Q5VUB5,FAM171A1,221061
Q9H2I8,C10orf11,83938
Q15847,ADIRF,10974
Q5SQQ9,VAX1,11023
Q8IWB1,ITPRIP,85450
Q6PF15,KLHL35,283212
Q6N022,TENM4,26011
O94964,SOGA1,140710
Q8WV07,ORAOV1,220064
Q9BRQ3,NUDT22,84304
O76062,TM7SF2,7108
Q5T2T1,MPP7,143098
Q86T90,KIAA1328,57536
Q8NI32,LYPD6B,130576
Q9BXU0,TEX12,56158
Q96LR7,C2orf50,130813
Q8TC29,ENKUR,219670
Q8N2M4,TMEM86A,144110
Q8NFU5,IPMK,253430
Q96QE2,SLC2A13,114134
Q96B42,TMEM18,129787
A6NI15,MSGN1,343930
Q9H0C2,SLC25A31,83447
Q07326,PIGF,5281
Q6ZSS7,MFSD6,54842
Q8N6R1,SERP2,387923
Q8TBY0,RBM46,166863
Q96MV1,TMEM56,148534
A1KXE4,FAM168B,130074
Q8N954,GPATCH11,253635
Q13370,PDE3B,5140
Q8TAS1,UHMK1,127933
Q08629,SPOCK1,6695
Q8IVP9,ZNF547,284306
Q6PK81,ZNF773,374928
Q68DI1,ZNF776,284309
Q96EG3,ZNF837,116412
Q96E17,RAB3C,115827
Q96N16,JAKMIP1,152789
Q96FZ5,CMTM7,112616
Q2M3C7,SPHKAP,80309
Q96NL3,ZNF599,148103
Q5QJ74,TBCEL,219899
Q8WXH2,JPH3,57338
Q8IU89,CERS3,204219
Q9H9P2,CHODL,140578
Q6ZU15,SEPT14,346288
Q9UBU2,DKK2,27123
Q8N271,PROM2,150696
Q8N4L2,TMEM55A,55529
Q9NUQ2,AGPAT5,55326
Q7Z3K6,MIER3,166968
Q8N371,KDM8,79831
Q5VY80,RAET1L,154064
O15247,CLIC2,1193
O15072,ADAMTS3,9508
Q9BSU3,NAA11,84779
P41732,TSPAN7,7102
Q9H8U3,ZFAND3,60685
Q8NFL0,B3GNT7,93010
Q8N0W3,FUK,197258
Q6ZMJ4,IL34,146433
Q4G0P3,HYDIN,54768
Q8TBF8,FAM81A,145773
O14972,DSCR3,10311
Q8TB61,SLC35B2,347734
Q8N434,SVOPL,136306
Q96L94,SNX22,79856
Q53RY4,KRTCAP3,200634
Q9NVQ4,FAIM,55179
Q8WWT9,SLC13A3,64849
Q8WV92,MITD1,129531
Q9NVL1,FAM86C1,55199
Q9BZM2,PLA2G2F,64600
Q8IUW3,SPATA2L,124044
P02747,C1QC,714
Q8N4L8,CCDC24,149473
O95500,CLDN14,23562
Q9NYA3,GOLGA6A,342096
P78412,IRX6,79190
O14633,LCE2B,26239
Q96PF1,TGM7,116179
Q96LX7,CCDC17,149483
Q5SWH9,TMEM69,51249
Q8IY82,DRC7,84229
Q96N76,UROC1,131669
Q9BUD6,SPON2,10417
Q3ZAQ7,VMA21,203547
P56182,RRP1,8568
Q9NSI2,FAM207A,85395
P58505,C21orf58,54058
Q8NHS1,CLDND2,125875
Q969X2,ST6GALNAC6,30815
Q6YFQ2,COX6B2,125965
Q86YT9,AMICA1,120425
Q86SG6,NEK8,284086
Q96CP7,TLCD1,116238
Q6TCH4,PAQR6,79957
Q16553,LY6E,4061
Q8IYK2,CCDC105,126402
Q6NTE8,C5orf45,51149
Q6NUT3,MFSD12,126321
Q96AN5,TMEM143,55260
Q6PIF2,SYCE2,256126
P0CG20,PRR35,146325
A2IDD5,CCDC78,124093
Q6PJ21,SPSB3,90864
Q96R05,RBP7,116362
A0PJX8,TMEM82,388595
Q6ZVT0,TTLL10,254173
Q9BRK3,MXRA8,54587
Q8N126,CADM3,57863
Q92806,KCNJ9,3765
Q96LT6,C1orf74,148304
Q96M89,CCDC138,165055
Q16585,SGCB,6443
Q8TC71,SPATA18,132671
Q8N7B6,PACRGL,133015
Q96S90,LYSMD1,388695
Q9BYE3,LCE3D,84648
A0PJW8,DAPL1,92196
Q9Y5L5,LENEP,55891
Q86VF2,IGFN1,91156
Q8N4E4,PDCL2,132954
O95936,EOMES,8320
Q8NDH6,ICA1L,130026
P58418,CLRN1,7401
Q13609,DNASE1L3,1776
Q9NRY7,PLSCR2,57047
Q7RTU1,TCF23,150921
O95789,ZMYM6,9204
Q8NHU3,SGMS2,166929
P53582,METAP1,23173
Q9ULC0,EMCN,51705
Q86UD5,SLC9B2,133308
Q8N114,SHISA5,51246
Q96LM5,C4orf45,152940
Q6S9Z5,ZNF474,133923
Q96DR4,STARD4,134429
P53609,PGGT1B,5229
P00995,SPINK1,6690
Q9NQ30,ESM1,11082
Q6PIY7,PAPD4,167153
Q6UXB8,PI16,221476
Q8NCG7,DAGLB,221955
P17014,ZNF12,7559
Q9UKG4,SLC13A4,26266
O95415,BRI3,25798
Q8NEG2,C7orf57,136288
Q6PDA7|Q08648,SPAG11B,10407
Q8IY33,MICALL2,79778
Q8N2R0,OSR2,116039
Q8N5L8,RPP25L,138716
Q6P5X7,TMEM71,137835
Q86VH2,KIF27,55582
Q7Z353,HDX,139324
O14520,AQP7,364
O94991,SLITRK5,26050
Q96P66,GPR101,83550
Q96KN3,PKNOX2,63876
Q8TD91,MAGEC3,139081
Q99633,PRPF18,8559
Q8IW00,VSTM4,196740
Q5JUK2,SOHLH1,402381
Q96F45,ZNF503,84858
Q969J3,LOH12CR1,118426
Q9NP94,SLC39A2,29986
Q6UXG8,BTNL9,153579
Q8WW14,C10orf82,143379
Q86TV6,TTC7B,145567
Q08289,CACNB2,783
Q8N6Q1,TMCO5A,145942
O43278,SPINT1,6692
Q9P2F9,ZNF319,57567
Q9NX94,WBP1L,54838
Q9H987,SYNPO2L,79933
Q5H9K5,ZMAT1,84460
Q8N3G9,TMEM130,222865
Q8WXI8,CLEC4D,338339
P47211,GALR1,2587
A6NH52,TVP23A,780776
Q08AH1,ACSM1,116285
Q6ZRY4,RBPMS2,348093
Q9Y6H3,XRCC6BP1,91419
O60565,GREM1,26585
Q96DS6,MS4A6E,245802
Q96JA4,MS4A14,84689
Q96DN6,MBD6,114785
Q2NKQ1,SGSM1,129049
Q8NHY0,B4GALNT2,124872
Q5T9C2,FAM102A,399665
Q6UXK2,ISLR2,57611
Q96LL3,C16orf92,146378
Q504T8,MIDN,90007
Q53HC5,KLHL26,55295
-,SGK494,124923
Q2NL68,PROSER3,148137
Q7Z404,TMC4,147798
Q7Z3H0,ANKRD33,341405
-,PSCA,8000
Q6P531,GGT6,124975
Q6KB66,KRT80,144501
Q9NPB3,CABP2,51475
Q969V4,TEKT1,83659
Q6PEY1,TMEM88,92162
Q96QA5,GSDMA,284110
Q2M2I5,KRT24,192666
A6NC98,CCDC88B,283234
Q9GZM3,POLR2J3,548644
P49238,CX3CR1,1524
Q4L180,FILIP1L,11259
Q8NA29,MFSD2A,84879
Q17RG1,KCTD19,146212
Q8WWY7,WFDC12,128488
O95183,VAMP5,10791
Q6UWI2,PARM1,25849
Q6UXU4,GSG1L,146395
Q5JQS6,GCSAML,148823
Q5VZ18,SHE,126669
Q8WYQ4,C22orf15,150248
Q9UPX6,KIAA1024,23251
P35321,SPRR1A,6698
Q08AI6,SLC38A11,151258
P07438,MT1B,4490
P04732,MT1E,4493
Q9H4S2,GSX1,219409
Q8TD86,CALML6,163688
Q96LI6,HSFY2,159119
Q9H5H4,ZNF768,79724
Q69YG0,TMEM42,131616
Q6P9G4,TMEM154,201799
O60883,GPR37L1,9283
Q7RTP0,NIPA1,123606
O15375,SLC16A5,9121
Q96N64,PWWP2A,114825
Q96IV6,FAXDC2,10826
Q8IZV2,CMTM8,152189
Q3B8N2,LGALS9B,284194
Q8N1N4,KRT78,196374
O95678,KRT75,9119
P48668,KRT6C,286887
Q7RTS7,KRT74,121391
Q14CN4,KRT72,140807
Q9H5J4,ELOVL6,79071
Q0VAQ4,SMAGP,57228
P58743,SLC26A5,375611
Q8N2F6,ARMC10,83787
Q8N3Y7,SDR16C5,195814
P20396,TRH,7200
Q8NCY6,MSANTD4,84437
P40198,CEACAM3,1084
Q499Z4,ZNF672,79894
Q96D05,C10orf35,219738
Q969W1,ZDHHC16,84287
Q96LR2,LURAP1,541468
Q9BYR3,KRTAP4-4,84616
Q7Z3Y8,KRT27,342574
Q16134,ETFDH,2110
Q5XKR4,OTP,23440
Q8WXG8,S100Z,170591
Q6NUJ5,PWWP2B,170394
Q9UKY0,PRND,23627
Q9NYZ1,TVP23B,51030
Q9H069,LRRC48,83450
Q86TJ5,ZNF554,115196
Q9NPI7,KRCC1,51315
Q5T752,LCE1D,353134
Q9BXJ3,C1QTNF4,114900
Q6ZMG9,CERS6,253782
Q9Y534,CSDC2,27254
Q9H172,ABCG4,64137
O14523,C2CD2L,9854
Q8N7B9,EFCAB3,146779
P21549,AGXT,189
Q0D2K0,NIPAL4,348938
Q8TBE3,FNDC9,408263
Q8TCA0,LRRC20,55222
Q00444,HOXC5,3222
Q8WU58,FAM222B,55731
Q9BQC6,MRPL57,78988
Q8TDV0,GPR151,134391
Q9Y5R5,DMRT2,10655
Q6P9G9,ZNF449,203523
Q8TDV2,GPR148,344561
P46094,XCR1,2829
P41440,SLC19A1,6573
A6NHP3,SPDYE2B,100310812
Q7Z3Y7,KRT28,162605
P14652,HOXB2,3212
Q9BXJ1,C1QTNF1,114897
Q8NEK8,FAM46D,169966
Q6UX98,ZDHHC24,254359
Q6BDI9,REP15,387849
P51504,ZNF80,7634
Q03828,EVX2,344191
Q7RTY0,SLC16A13,201232
Q8NBF1,GLIS1,148979
B2RUY7,VWC2L,402117
Q8N6F7,GCSAM,257144
Q6ZVE7,GOLT1A,127845
Q8N609,TRAM1L1,133022
Q8NG98,OR7D4,125958
O95070,YIF1A,10897
Q6PI25,CNIH2,254263
Q8NH19,OR10AG1,282770
O60844,ZG16,653808
-,HIGD2B,123346
Q8N2Z9,APITD1-CORT,100526739
Q9UPQ8,DOLK,22845
Q8TDT2,GPR152,390212
Q8IYU4,UBQLNL,143630
P04553,PRM1,5619
Q15935,ZNF77,58492
-,LINC00521,256369
Q8NAX2,KDF1,126695
A6NMX2,EIF4E1B,253314
Q7Z769,SLC35E3,55508
P10092,CALCB,797
Q8IVQ6,ZDHHC21,340481
Q6PF04,ZNF613,79898
Q8IZ20,ZNF683,257101
Q6NVU6,UFSP1,402682
Q86VE0,MYPOP,339344
Q96E16,SMIM19,114926
P52742,ZNF135,7694
Q8NFK1,GJC3,349149
Q9UIG8,SLCO3A1,28232
Q86XF7,ZNF575,284346
Q4G176,ACSF3,197322
Q8N0T1,C8orf59,401466
P81534,DEFB103A,414325
Q96HE8,TMEM80,283232
Q8NCN2,ZBTB34,403341
Q96KN9,GJD4,219770
Q8N7P3,CLDN22,53842
Q9Y584,TIMM22,29928
Q9H322,VCX2,51480
Q02577,NHLH2,4808
Q6ZNG0,ZNF620,253639
Q14656,TMEM187,8269
Q52MB2,CCDC184,387856
Q96PU9,ODF3,113746
A8MYP8,ODF3B,440836
Q5D0E6,DALRD3,55152
Q8N3X6,LCORL,254251
Q8NCW6,GALNT11,63917
A0PJX4,SHISA3,152573
Q8N6M9,ZFAND2A,90637
Q8NHW6,OTOS,150677
Q7Z429,GRINA,2907
Q86UV7,TRIM73,375593
O14841,OPLAH,26873
Q6ZTI6,FAM101A,144347
Q8N7U7,TPRX1,284355
P47929,LGALS7B,653499
Q9H707,ZNF552,79818
Q8N1H7,C14orf39,317761
Q86VI1,EXOC3L1,283849
Q8N9E0,FAM133A,286499
Q86UU5,GGN,199720
Q8N3J9,ZNF664,144348
Q5JXX7,TMEM31,203562
Q86YW7,GPHB5,122876
Q8N100,ATOH7,220202
Q96PB8,LRRC3B,116135
Q8NCA9,ZNF784,147808
Q5T619,ZNF648,127665
Q9NWQ9,C14orf119,55017
Q96MX3,ZNF48,197407
Q8N661,TMEM86B,255043
Q92619,HMHA1,23526
Q11130,FUT7,2529
Q30KQ8,DEFB112,245915
Q9NWM3,CUEDC1,404093
Q8NEP4,C17orf47,284083
Q86VD7,SLC25A42,284439
Q86WA9,SLC26A11,284129
Q7Z7K2,ZNF467,168544
Q9NWC5,TMEM45A,55076
Q8NEW7,TMIE,259236
Q8NFU4,FDCSP,260436
Q53GA4,PHLDA2,7262
Q96EC8,YIPF6,286451
Q8N127,OR5AS1,219447
Q8TC94,ACTL9,284382
O00258,WRB,7485
O95424,DEXI,28955
Q9Y2W6,TDRKH,11022
Q96JK4,HHIPL1,84439
Q86SH2,ZAR1,326340
Q9NV39,PRR34,55267
Q5HY92,FIGN,55137
Q8NA77,TEX19,400629
Q86WI0,LHFPL1,340596
Q9H320,VCX,26609
Q6UX34,C2orf82,389084
Q86WC6,PPP1R27,116729
Q6PL45,BRICD5,283870
Q7RTV2,GSTA5,221357
Q52LG2,KRTAP13-2,337959
Q63HM9,PLCXD3,345557
Q86Y34,GPR97,222487
Q3KNT9,TMEM95,339168
Q9H1K4,SLC25A18,83733
P57055,RIPPLY3,53820
Q4V9L6,TMEM119,338773
A6NJZ7,RIMBP3C,150221
A6NLX3,SPDYE4,388333
Q86Z20,CCDC125,202243
Q9H3K6,BOLA2,552900
Q7Z4V0,ZNF438,220929
Q8IUC2,KRTAP8-1,337879
O95807,TMEM50A,23585
Q6QHK4,FIGLA,344018
Q9NT22,EMILIN3,90187
Q9UL41,PNMA3,29944
O15393,TMPRSS2,7113
Q6ZPD8,DGAT2L6,347516
P09758,TACSTD2,4070
Q86SG5,S100A7A,338324
Q8IUB9,KRTAP19-1,337882
Q9NU39,FOXD4L1,200350
Q8N111,CEND1,51286
Q8N912,C14orf180,400258
Q3LI64,KRTAP6-1,337966
Q6ZSC3,RBM43,375287
Q9BTD3,TMEM121,80757
Q96A25,TMEM106A,113277
Q01546,KRT76,51350
A6NDP7,MYADML2,255275
Q99880,HIST1H2BL,8340
A6NM10,AQP12B,653437
Q96JC4,ZNF479,90827
Q01629,IFITM2,10581
Q6P988,NOTUM,147111
Q8IUH8,SPPL2C,162540
O14581,OR7A17,26333
Q7Z7N9,TMEM179B,374395
Q8IXW0,LMNTD2,256329
Q5XKE5,KRT79,338785
O14994,SYN3,8224
Q9H7X3,ZNF696,79943
Q6NUJ2,C11orf87,399947
Q8TB03,CXorf38,159013
P34910,EVI2B,2124
O14843,FFAR3,2865
Q5TA76,LCE3A,353142
Q68G75,LEMD1,93273
Q86Y46,KRT73,319101
Q5VWK0,NBPF6,653149
Q86W74,ANKRD46,157567
Q53SZ7,PRR30,339779
Q8N7F7,UBL4B,164153
Q86UD0,SAPCD2,89958
Q86UW2,SLC51B,123264
Q5TCM9,LCE5A,254910
Q5T753,LCE1E,353135
P17021,ZNF17,7565
Q7Z3Y9,KRT26,353288
Q7Z6I5,SPATA12,353324
Q9H0R3,TMEM222,84065
P51800,CLCNKA,1187
O60548,FOXD2,2306
P59797,SELV,348303
Q5T7P2,LCE1A,353131
Q9BYP8,KRTAP17-1,83902
Q3MIV0,KRTAP22-1,337979
Q3LI70,KRTAP19-6,337973
Q3LI66,KRTAP6-2,337967
Q3LHN2,KRTAP19-2,337969
Q3LI73,KRTAP19-4,337971
Q3LI76,KRTAP15-1,254950
Q3LI77,KRTAP13-4,284827
Q3LI72,KRTAP19-5,337972
A1A580,KRTAP23-1,337963
Q3LI59,KRTAP21-2,337978
O75093,SLIT1,6585
Q75WM6,H1FNT,341567
Q5TA81,LCE2C,353140
Q5TA77,LCE3B,353143
Q8IZT9,FAM9C,171484
Q9BYQ0,KRTAP9-8,83901
P35212,GJA4,2701
Q6VB84,FOXD4L3,286380
Q6W0C5,DPPA3,359787
Q96NU1,SAMD11,148398
Q969S6,TMEM203,94107
Q16572,SLC18A3,6572
Q5TBE3,C9orf153,389766
Q7RTT5,SSX7,280658
A0PK05,TMEM72,643236
A6NFD8,HELT,391723
Q6XD76,ASCL4,121549
Q6ZS10,CLEC17A,388512
Q8NFT8,DNER,92737
Q8WW36,ZCCHC13,389874
Q3MJ62,ZSCAN23,222696
Q6ZUI0,TPRG1,285386
Q14D33,RTP5,285093
B3EWG5|B3EWG6|B3EWG4|B3EWG3,FAM25A,643161
P29400,COL4A5,1287
P60371,KRTAP10-6,386674
Q6ZT21,TMPPE,643853
A2RU49,HYKK,123688
Q8NA42,ZNF383,163087
A6NJB7,PRR19,284338
Q1MX18,INSC,387755
Q5TZ20,OR2G6,391211
Q07627,KRTAP1-1,81851
Q86X60,FAM72B,653820
Q658L1,FAM154B,283726
Q2TAL6,VWC2,375567
Q6ZSJ9,SHISA6,388336
Q5SNT2,TMEM201,199953
P34972,CNR2,1269
O75712,GJB3,2707
Q4G0X4,KCTD21,283219
Q6UX27,VSTM1,284415
B3EWG5|B3EWG6|B3EWG4|B3EWG3,FAM25G,100133093
Q5M9Q1,NKAPL,222698
Q7Z794,KRT77,374454
Q68EN5,KIAA0895L,653319
Q58EX7,PLEKHG4,25894
Q6L8H2,KRTAP5-3,387266
P0DMP2,SRGAP2B,647135
Q6NX45,ZNF774,342132
Q9BXN6,SPANXD,64648
Q8N1Q8,THEM5,284486
Q7L2R6,ZNF765,91661
Q9ULD5,ZNF777,27153
Q96BV0,ZNF775,285971
-,LINC00238,440184
Q8N0U8,VKORC1L1,154807
Q6A163,KRT39,390792
Q8IYN0,ZNF100,163227
Q8N8Z8,ZNF441,126068
Q92764,KRT35,3886
Q5T751,LCE1C,353133
P68431,HIST1H3J,8356
A6NJL1,ZSCAN5B,342933
Q02747,GUCA2A,2980
Q7Z4F1,LRP10,26020
A6NHJ4,ZNF860,344787
P68431,HIST1H3D,8351
Q5EBL2,ZNF628,89887
Q9BQ51,PDCD1LG2,80380
A6NEM1,GOLGA6L9,440295
P51523,ZNF84,7637
Q5HYK9,ZNF667,63934
Q8NBD8,TMEM229B,161145
Q9BRH9,ZNF251,90987
Q8NBQ5,HSD17B11,51170
Q9BYR2,KRTAP4-5,85289
Q8NCK3,ZNF485,220992
Q8WW34,TMEM239,100288797
Q6UWW9,TMEM207,131920
Q9BYQ7,KRTAP4-1,85285
Q5QGT7,RTP2,344892
Q8N130,SLC34A3,142680
Q9NZV6,MSRB1,51734
Q8WV19,SFT2D1,113402
Q5VUG0,SFMBT2,57713
Q96DD7,SHISA4,149345
Q9P0B6,CCDC167,154467
Q5VUJ9,EFCAB2,84288
Q4G0N7,FAM229B,619208
Q5T871,LELP1,149018
Q5JRM2,CXorf66,347487
Q5T700,LDLRAD1,388633
Q8N2H4,SYS1,90196
Q8N5G2,TMEM57,55219
Q99946,PRRT1,80863
A1L162,ERICH2,285141
Q6UX15,LAYN,143903
P0CI26,TRIM49C,642612
Q9UIG4,PSORS1C2,170680
Q6L8G4,KRTAP5-11,440051
Q16653,MOG,4340
Q5W0N0,C9orf57,138240
Q9BYQ3,KRTAP9-3,83900
Q7Z3Z0,KRT25,147183
P86478|P86479|P86481|P86480|P86496,PRR20B,729233
Q6ZMS7,ZNF783,100289678
Q5J8X5,MS4A13,503497
A8MT33,SYCE1L,100130958
Q4LDR2,CTXN3,613212
Q96RD3,OR52E6,390078
P60328,KRTAP12-3,386683
Q3MIN7,RGL3,57139
O75920,SERF1B,728492
Q8IY26,PPAPDC2,403313
Q6L8G9,KRTAP5-6,440023
Q701N4,KRTAP5-2,440021
Q6L8H4,KRTAP5-1,387264
A8MV65,VGLL3,389136
Q8IZ63,PRR22,163154
P59542,TAS2R19,259294
Q9BYQ6,KRTAP4-11,653240
Q9BYR9|P0C7H8,KRTAP2-3,730755
Q17RB0,FAM127C,441518
-,KRTAP6-3,337968
O95562,SFT2D2,375035
Q8N5W8,FAM24B,196792
O15243,LEPROT,54741
Q99500,S1PR3,1903
A8MZ59,LEUTX,342900
Q9BZW4,TM6SF2,53345
A8MTQ0,NOTO,344022
Q8N1W1,ARHGEF28,64283
P0CL81|P0CL80|O76087|P0CL82,GAGE12G,645073
Q9NRX6,TMEM167B,56900
Q6P5S7,RNASEK,440400
Q9BYS1,KRTAP1-5,83895
P60014,KRTAP10-10,353333
Q8IUG1,KRTAP1-3,81850
Q9BXS9,SLC26A6,65010
Q15415,RBMY1J,378951
P86478|P86479|P86481|P86480|P86496,PRR20D,729246
P86478|P86479|P86481|P86480|P86496,PRR20C,729240
Q6IEY1,OR4F3,26683
P08686,CYP21A2,1589
-,JRK,8629
B2RUZ4,SMIM1,388588
Q5T754,LCE1F,353137
Q6L8H1,KRTAP5-4,387267
P43631|Q8N743,KIR3DL3,115653
O60831,PRAF2,11230
Q6L8G8,KRTAP5-7,440050
Q8IYE1,CCDC13,152206
Q494R4,CCDC153,283152
Q3ZCT1,ZNF260,339324
Q96FH0,MEF2BNB,729991
P0CB47,UBTFL1,642623
Q9BZL3,SMIM3,85027
-,LOC100131303,100131303
P78358,CTAG1A,246100
Q5HYN5,CT45A1,541466
Q5MJ10,SPANXN2,494119
Q6NSH3,CT45A10,102723631
Q8NHY3,GAS2L2,246176
B2RXH8,HNRNPCL2,440563
Q8NHW4,CCL4L2,9560
P02489,LOC102724652,102724652
Q6P1M0,SLC27A4,10999
Q9BXN1,ASPN,54829
-,DARS-AS1,101928243
Q4ZG55,GREB1,9687
P82279,CRB1,23418
-,LINC01198,101929344
O15374,SLC16A4,9122
Q9NR22,PRMT8,56341
P06870,KLK1,3816
P35372,OPRM1,4988
Q15291,RBBP5,5929
O94759,TRPM2,7226
O60858,TRIM13,10206
Q8IXB1,DNAJC10,54431
Q9ULH0,KIDINS220,57498
Q9NPG2,NGB,58157
Q15431,SYCP1,6847
Q8TAA3,PSMA8,143471
Q8N1H7,C14orf39,317761
A1L190,SYCE3,644186
Q9BXU0,TEX12,56158
Q13042,CDC16,8881
A8MPS7,YDJC,150223
Q96J87,CELF6,60677
Q8WXH4,ASB11,140456
P25208,NFYB,4801
Q96BM1,ANKRD9,122416
Q8WXJ9,ASB17,127247
Q8WVJ2,NUDCD2,134492
Q16204,CCDC6,8030
P29373,CRABP2,1382
Q13098,GPS1,2873
Q15370,TCEB2,6923
Q96AX9,MIB2,142678
Q8NBF2,NHLRC2,374354
P30968,GNRHR,2798
Q8IYB4,PEX5L,51555
Q9NZM3,ITSN2,50618
Q9NRA0,SPHK2,56848
O75122,CLASP2,23122
Q5VV41,ARHGEF16,27237
O14908,GIPC1,10755
Q9UQB8,BAIAP2,10458
Q9Y566,SHANK1,50944
O15409,FOXP2,93986
Q8IVH2,FOXP4,116113
O76081,RGS20,8601
Q5VW36,FOCAD,54914
Q9BUF5,TUBB6,84617
Q13509,TUBB3,10381
P23560,BDNF,627
Q99523,SORT1,6272
P98155,VLDLR,7436
A6NFN3,RBFOX3,146713
P00441,SOD1,6647
O95782,AP2A1,160
O75843,AP1G2,8906
Q8IUC6,TICAM1,148022
Q8N8I0,SAMD12,401474
O95180,CACNA1H,8912
P42226,STAT6,6778
O43364,HOXA2,3199
Q14134,TRIM29,23650
Q9UF56,FBXL17,64839
O75460,ERN1,2081
Q9NX47,MARCH5,54708
Q9HC16,APOBEC3G,60489
Q9NSN8,SNTG1,54212
Q9HB21,PLEKHA1,59338
Q6PKX4,DOK6,220164
Q13636,RAB31,11031
O95197,RTN3,10313
P09496,CLTA,1211
P09497,CLTB,1212
O75146,HIP1R,9026
Q15849,SLC14A2,8170
P27930,IL1R2,7850
P11474,ESRRA,2101
Q99700,ATXN2,6311
Q8N3Y1,FBXW8,26259
Q96LA8,PRMT6,55170
Q06710,PAX8,7849
P08865,RPSA,3921
Q15078,CDK5R1,8851
Q99719,SEPT5,5413
-,PVT1,5820
-,MEG3,55384
-,LOC284930,284930
-,LINC01554,202299
P25705,ATP5A1,498
Q96A70,AZIN2,113451
-,DANCR,57291
-,PCBP2-OT1,102157401
-,MIRLET7A2,406882
-,MIRLET7B,406884
-,MIRLET7C,406885
-,MIRLET7D,406886
-,MIRLET7E,406887
-,MIRLET7F1,406888
-,MIRLET7F2,406889
-,MIRLET7G,406890
-,MIRLET7I,406891
-,MIR98,407054
-,MIR1-1,406904
-,MIR1-2,406905
-,MIR7-1,407043
-,MIR7-2,407044
-,MIR7-3,407045
-,MIR9-1,407046
-,MIR9-2,407047
-,MIR9-3,407051
-,MIR10B,406903
-,MIR15A,406948
-,MIR15B,406949
-,MIR16-1,406950
-,MIR16-2,406951
-,MIR17,406952
-,MIR18A,406953
-,MIR18B,574033
-,MIR19A,406979
-,MIR19B1,406980
-,MIR19B2,406981
-,MIR20A,406982
-,MIR20B,574032
-,MIR21,406991
-,MIR25,407014
-,MIR29A,407021
-,MIR29B1,407024
-,MIR29B2,407025
-,MIR29C,407026
-,MIR31,407035
-,MIR34A,407040
-,MIR34B,407041
-,MIR34C,407042
-,MIR92A1,407048
-,MIR92A2,407049
-,MIR93,407050
-,MIR106A,406899
-,MIR106B,406900
-,MIR107,406901
-,MIR122,406906
-,MIR128-1,406915
-,MIR128-2,406916
-,MIR138-1,406929
-,MIR138-2,406930
-,MIR140,406932
-,MIR141,406933
-,MIR143,406935
-,MIR145,406937
-,MIR155,406947
-,MIR199A1,406976
-,MIR199A2,406977
-,MIR200A,406983
-,MIR200B,406984
-,MIR200C,406985
-,MIR205,406988
-,MIR206,406989
-,MIR214,406996
-,MIR221,407006
-,MIR222,407007
-,MIR363,574031
-,MIR429,554210
-,MIR451A,574411
Q9UL40,ZNF346,23567
Q9H9Z2,LIN28A,79727
P16989,YBX3,8531
Q12849,GRSF1,2926
P09651,HNRNPA1,3178
Q92879,CELF1,10658
Q8TB72,PUM2,23369
Q5T280,C9orf114,51490
Q86Y13,DZIP3,9666
-,MIR100,406892
-,ADAMTS9-AS2,100507098
Q8N1E6,FBXL14,144699
Q14444,CAPRIN1,4076
Q16288,NTRK3,4916
Q13424,SNTA1,6640
P20020,ATP2B1,490
Q14940,SLC9A5,6553
P32754,HPD,3242
A6NLP5,TTC36,143941
Q9BYT3,STK33,65975
Q9NRY4,ARHGAP35,2909
Q9Y385,UBE2J1,51465
Q96PQ7,KLHL5,51088
O43896,KIF1C,10749
P11441,UBL4A,8266
Q86UT8,CCDC84,338657
Q9H0A0,NAT10,55226
Q9NRZ9,HELLS,3070
-,LOC102723729,102723729
O43829,ZBTB14,7541
Q8NFP4,MDGA1,266727
P35225,IL13,3596
P27348,YWHAQ,10971
Q8TD17,ZNF398,57541
Q9Y2H9,MAST1,22983
Q9NP71,MLXIPL,51085
Q9BYV6,TRIM55,84675
Q8IWV7,UBR1,197131
O95260,ATE1,11101
Q96AB6,NTAN1,123803
Q9ULG1,INO80,54617
Q9P2J3,KLHL9,55958
Q9P2N7,KLHL13,90293
Q6J9G0,STYK1,55359
P48059,LIMS1,3987
Q13418,ILK,3611
-,LOC100505817,100505817
P13640,MT1G,4495
Q7Z739,YTHDF3,253943
Q9Y2X7,GIT1,28964
Q96AV8,E2F7,144455
A0AVK6,E2F8,79733
P43121,MCAM,4162
Q9NXI6,RNF186,54546
P58004,SESN2,83667
P47989,XDH,7498
P51513,NOVA1,4857
P07197,NEFM,4741
Q8NI60,ADCK3,56997
P78509,RELN,5649
P43354,NR4A2,4929
Q5VYV7,SLX4IP,128710
-,KRT19P3,442114
Q9UBW8,COPS7A,50813
Q04771,ACVR1,90
Q13705,ACVR2B,93
P35579,MYH9,4627
Q9NZQ7,CD274,29126
Q8NDF8,PAPD5,64282
Q9P1W9,PIM2,11040
Q8TDM6,DLG5,9231
P26651,ZFP36,7538
P23771,GATA3,2625
O75962,TRIO,7204
Q96PX8,SLITRK1,114798
Q8N2Q7,NLGN1,22871
Q9ULB1|P58400,NRXN1,9378
Q16572,SLC18A3,6572
P48681,NES,10763
Q9Y2K7,KDM2A,22992
A1L020,MEX3A,92312
Q13045,FLII,2314
Q15596,NCOA2,10499
Q149N8,SHPRH,257218
-,PCAT1,100750225
P62913,RPL11,6135
Q9P2N6,KANSL3,55683
Q6ZVX9,PAQR9,344838
-,NEAT1,283131
Q13829,TNFAIP1,7126
Q9C030,TRIM6,117854
P78543,BTG2,7832
P51955,NEK2,4751
Q8WYK2,JDP2,122953
Q9GZV3,SLC5A7,60482
Q92503,SEC14L1,6397
O15198,SMAD9,4093
Q99717,SMAD5,4090
P13807,GYS1,2997
Q02410,APBA1,320
Q86VM9,ZC3H18,124245
Q9Y467,SALL2,6297
P09681,GIP,2695
P01138,NGF,4803
Q8IZP0,ABI1,10006
P30530,AXL,558
P51813,BMX,660
P51636,CAV2,858
O14901,KLF11,8462
P36507,MAP2K2,5605
Q13164,MAPK7,5598
Q9H1R3,MYLK2,85366
O15530,PDPK1,5170
P41743,PRKCI,5584
Q15139,PRKD1,5587
P11234,RALB,5899
Q15418,RPS6KA1,6195
Q8N5H7,SH2D3C,10044
O75368,SH3BGRL,6451
Q9UQ13,SHOC2,8036
P15531,NME1,4830
P22392,NME1-NME2,654364
O95816,BAG2,9532
P60891,PRPS1,5631
P11908,PRPS2,5634
Q16612,NREP,9315
P55884,EIF3B,8662
P32418,SLC8A1,6546
Q96RL7,VPS13A,23230
P35612,ADD2,119
P29475,NOS1,4842
Q8TCU6,PREX1,57580
O60242,BAI3,577
Q5VWW1,C1QL3,389941
Q96D59,RNF183,138065
Q8N766,EMC1,23065
Q15006,EMC2,9694
Q5J8M3,EMC4,51234
Q8N4V1,MMGT1,93380
Q9H5J0,ZBTB3,79842
O60391,GRIN3B,116444
P49674,CSNK1E,1454
-,UQCRHL,440567
A0AVI2,FER1L5,90342
A0PJX8,TMEM82,388595
A2RTY3,HEATR9,256957
A2RUS2,DENND3,22898
A3KN83,SBNO1,55206
A4D126,ISPD,729920
A4FU69,EFCAB5,374786
A4UGR9,XIRP2,129446
A5D8W1,CFAP69,79846
A6NCI8,C2orf78,388960
A6NG13,MGAT4D,152586
A8K855,EFCAB7,84455
A8MT65,ZNF891,101060200
A8MTL0,IQCF5,389124
A8MTZ0,BBIP1,92482
B2RXH8,HNRNPCL2,440563
B4DX44,ZNF736,728927
B5ME19,EIF3CL,728689
-,CCDC168,643677
-,CEBPZOS,100505876
-,CROCCP2,84809
-,ENO4,387712
P49914,MTHFS,10588
-,KIAA2018,205717
-,GGTA1P,2681
-,HIST2H3PS2,440686
-,PMS2CL,441194
P12532,CKMT1A,548596
Q9GZN2,TGIF2,60436
P18621,RPL17,6139
-,DNAH17,8632
-,GOLGA6L2,283685
-,GOLGA8DP,100132979
-,GUCY1B2,2974
-,H1FX-AS1,339942
H3BMG3,SMKR1,100287482
-,HIST2H2BC,337873
-,HSPA7,3311
-,IGHG1,3500
-,IQCA1P1,392843
-,LINC00471,151477
-,NBR2,10230
-,NEXN-AS1,374987
O00287,RFXAP,5994
O00327,ARNTL,406
O00533,CHL1,10752
O00585,CCL21,6366
O00625,PIR,8544
O14626,GPR171,29909
O14647,CHD2,1106
O14649,KCNK3,3777
O14709,ZNF197,10168
O14776,TCERG1,10915
O14958,CASQ2,845
O14974,PPP1R12A,4659
O14979,HNRNPDL,9987
O15015,ZNF646,9726
O15021,MAST4,375449
O15056,SYNJ2,8871
O15066,KIF3B,9371
O15083,ERC2,26059
O15123,ANGPT2,285
O15213,WDR46,9277
O15226,NKRF,55922
O15231,ZNF185,7739
O15394,NCAM2,4685
O15460,P4HA2,8974
O15498,YKT6,10652
O43148,RNMT,8731
O43151,TET3,200424
O43184,ADAM12,8038
O43290,SART1,9092
O43314,PPIP5K2,23262
O43505,B4GAT1,11041
O43795,MYO1B,4430
O43903,GAS2,2620
O43915,FIGF,2277
O60216,RAD21,5885
O60231,DHX16,8449
O60264,SMARCA5,8467
O60343,TBC1D4,9882
O60383,GDF9,2661
O60488,ACSL4,2182
O60610,DIAPH1,1729
O60645,EXOC3,11336
O60662,KLHL41,10324
O60673,REV3L,5980
O60832,DKC1,1736
O60869,EDF1,8721
O60870,KIN,22944
O75054,IGSF3,3321
O75356,ENTPD5,957
O75396,SEC22B,9554
O75417,POLQ,10721
O75477,ERLIN1,10613
O75509,TNFRSF21,27242
O75554,WBP4,11193
O75691,UTP20,27340
O75718,CRTAP,10491
O75771,RAD51D,5892
O75807,PPP1R15A,23645
O75947,ATP5H,10476
O75955,FLOT1,10211
O76021,RSL1D1,26156
O76074,PDE5A,8654
O76100,OR7A10,390892
O94804,STK10,6793
O94811,TPPP,11076
O94964,SOGA1,140710
O95025,SEMA3D,223117
O95139,NDUFB6,4712
O95153,BZRAP1,9256
O95202,LETM1,3954
O95236,APOL3,80833
O95239,KIF4A,24137
O95279,KCNK5,8645
O95299,NDUFA10,4705
O95347,SMC2,10592
O95425,SVIL,6840
O95450,ADAMTS2,9509
O95456,PSMG1,8624
O95470,SGPL1,8879
O95563,MPC2,25874
O95573,ACSL3,2181
O95613,PCNT,5116
O95672,ECEL1,9427
O95741,CPNE6,9362
O95831,AIFM1,9131
O95922,TTLL1,25809
-,OFCC1,266553
-,OR8U8,504189
P00751,CFB,629
P01730,CD4,920
P03951,F11,2160
P04053,DNTT,1791
P04070,PROC,5624
P05114,HMGN1,3150
P05141,SLC25A5,292
P05154,SERPINA5,5104
P05166,PCCB,5096
P05204,HMGN2,3151
P05387,RPLP2,6181
P05455,SSB,6741
P05783,KRT18,3875
P05787,KRT8,3856
P06576,ATP5B,506
P06733,ENO1,2023
P07237,P4HB,5034
P07305,H1F0,3005
P07814,EPRS,2058
P08133,ANXA6,309
P08637,FCGR3A,2214
P08686,CYP21A2,1589
P09661,SNRPA1,6627
P0C7V8,DCAF8L2,347442
P0CF75,EBLN1,340900
P10243,MYBL1,4603
P10412,HIST1H1E,3008
P10600,TGFB3,7043
P11277,SPTB,6710
P11717,IGF2R,3482
P12109,COL6A1,1291
P12270,TPR,7175
P13073,COX4I1,1327
P13674,P4HA1,5033
P14314,PRKCSH,5589
P14678,SNRPB,6628
P15088,CPA3,1359
P16401,HIST1H1B,3009
P16402,HIST1H1D,3007
P16403,HIST1H1C,3006
P17096,HMGA1,3159
P17275,JUNB,3726
P17812,CTPS1,1503
P17947,SPI1,6688
P18077,RPL35A,6165
P20929,NEB,4703
P20930,FLG,2312
P22492,HIST1H1T,3010
P23229,ITGA6,3655
P23284,PPIB,5479
P23396,RPS3,6188
P23458,JAK1,3716
P23467,PTPRB,5787
P23763,VAMP1,6843
P23946,CMA1,1215
P24043,LAMA2,3908
P24539,ATP5F1,515
P24723,PRKCH,5583
P26640,VARS,7407
P26641,EEF1G,1937
P27816,MAP4,4134
P29320,EPHA3,2042
P30050,RPL12,6136
P30084,ECHS1,1892
P30519,HMOX2,3163
P31040,SDHA,6389
P31942,HNRNPH3,3189
P32969,RPL9,6133
P34969,HTR7,3363
P35580,MYH10,4628
P35658,NUP214,8021
P35659,DEK,7913
P37108,SRP14,6727
P39023,RPL3,6122
P40306,PSMB10,5699
P40926,MDH2,4191
P40937,RFC5,5985
P42766,RPL35,11224
P43155,CRAT,1384
P45880,VDAC2,7417
P46013,MKI67,4288
P46776,RPL27A,6157
P46778,RPL21,6144
P46781,RPS9,6203
P46782,RPS5,6193
P46783,RPS10,6204
P46821,MAP1B,4131
P47902,CDX1,1044
P48047,ATP5O,539
P48634,PRRC2A,7916
P49411,TUFM,7284
P49454,CENPF,1063
P50454,SERPINH1,871
P50914,RPL14,9045
P51991,HNRNPA3,220988
P52597,HNRNPF,3185
P53582,METAP1,23173
P53671,LIMK2,3985
P53985,SLC16A1,6566
P55145,MANF,7873
P55157,MTTP,4547
P55160,NCKAP1L,3071
P56385,ATP5I,521
P56715,RP1,6101
P57053,LOC102724334,102724334
P62807|P58876,HIST1H2BD,3017
P60903,S100A10,6281
P61160,ACTR2,10097
P61163,ACTR1A,10121
P61313,RPL15,6138
P61353,RPL27,6155
P61769,B2M,567
P62081,RPS7,6201
P62241,RPS8,6202
P62263,RPS14,6208
P62424,RPL7A,6130
P62701,RPS4X,6191
P62826,RAN,5901
P62829,RPL23,9349
P62841,RPS15,6209
P62851,RPS25,6230
P62888,RPL30,6156
P62917,RPL8,6132
P68104,EEF1A1,1915
P84098,RPL19,6143
Q00341,HDLBP,3069
Q01432,AMPD3,272
Q02218,OGDH,4967
Q02539,HIST1H1A,3024
Q02543,RPL18A,6142
Q02809,PLOD1,5351
Q03188,CENPC,1060
Q03701,CEBPZ,10153
Q04656,ATP7A,538
Q05682,CALD1,800
Q05707,COL14A1,7373
Q05901,CHRNB3,1142
Q05BV3,EML5,161436
Q07020,RPL18,6141
Q07065,CKAP4,10970
Q07092,COL16A1,1307
Q07864,POLE,5426
Q08945,SSRP1,6749
Q09161,NCBP1,4686
Q09666,AHNAK,79026
Q0ZGT2,NEXN,91624
Q12830,BPTF,2186
Q12874,SF3A3,10946
Q12996,CSTF3,1479
Q13123,IK,3550
Q13151,HNRNPA0,10949
Q13217,DNAJC3,5611
Q13219,PAPPA,5069
Q13268,DHRS2,10202
Q13310,PABPC4,8761
Q13428,TCOF1,6949
Q13439,GOLGA4,2803
Q13740,ALCAM,214
Q13822,ENPP2,5168
Q14141,SEPT6,23157
Q14191,WRN,7486
Q14690,PDCD11,22984
Q14789,GOLGB1,2804
Q14978,NOLC1,9221
Q15050,RRS1,23212
Q15084,PDIA6,10130
Q15149,PLEC,5339
Q15155,NOMO1,23420
Q15428,SF3A2,8175
Q15459,SF3A1,10291
Q15651,HMGN3,9324
Q15669,RHOH,399
Q15746,MYLK,4638
Q15785,TOMM34,10953
Q15878,CACNA1E,777
Q16181,SEPT7,989
Q16635,TAZ,6901
Q16658,FSCN1,6624
Q16695,HIST3H3,8290
Q16760,DGKD,8527
Q16778,HIST2H2BE,8349
Q2M1P5,KIF7,374654
Q2NKX9,C2orf68,388969
Q2VIQ3,KIF4B,285643
Q32P51,HNRNPA1L2,144983
Q3MIN7,RGL3,57139
Q494V2,CCDC37,348807
Q53GQ0,HSD17B12,51144
Q56VL3,OCIAD2,132299
Q5JSZ5,PRRC2B,84726
Q5QNW6,HIST2H2BF,440689
Q5SSJ5,HP1BP3,50809
Q5TDH0,DDI2,84301
Q5VT25,CDC42BPA,8476
Q5VUA4,ZNF318,24149
Q5W041,ARMC3,219681
Q68BL8,OLFML2B,25903
Q68D86,CCDC102B,79839
Q6AI12,ANKRD40,91369
Q6IA69,NADSYN1,55191
Q6IQ21,ZNF770,54989
Q6NYC8,PPP1R18,170954
Q6NZI2,PTRF,284119
Q6P1W5,C1orf94,84970
Q6P6C2,ALKBH5,54890
Q6UWV2,MPZL3,196264
Q6ZNL6,FGD5,152273
Q6ZV73,FGD6,55785
Q7KZ85,SUPT6H,6830
Q7L014,DDX46,9879
Q7Z2Q7,LRRC70,100130733
Q7Z3B4,NUP54,53371
Q7Z4V5,HDGFRP2,84717
Q7Z7K0,CMC1,152100
Q86UP2,KTN1,3895
Q86VQ6,TXNRD3,114112
Q86XD8,ZFAND4,93550
Q86XX4,FRAS1,80144
Q86YF9,DZIP1,22873
Q8IUD2,ERC1,23085
Q8IUE6,HIST2H2AB,317772
Q8IV48,ERI1,90459
Q8IWT3,CUL9,23113
Q8IY81,FTSJ3,117246
Q8IYS2,KIAA2013,90231
Q8N7Z5,ANKRD31,256006
Q8N998,CCDC89,220388
Q8NBI5,SLC43A3,29015
Q8NC60,NOA1,84273
Q8NF91,SYNE1,23345
Q8NFH4,NUP37,79023
Q8NGI9,OR5A2,219981
Q8TAD8,SNIP1,79753
Q8TAV0,FAM76A,199870
Q8TB73,NDNF,79625
Q8TDN4,CABLES1,91768
Q8TE73,DNAH5,1767
Q8WWN8,ARAP3,64411
Q8WXG6,MADD,8567
Q8WYA6,CTNNBL1,56259
Q92522,H1FX,8971
Q92954,PRG4,10216
Q93079,HIST1H2BH,8345
Q96AG4,LRRC59,55379
Q96BR5,COA7,65260
Q96CW1,AP2M1,1173
Q96EB1,ELP4,26610
Q96HE7,ERO1L,30001
Q96KK5,HIST1H2AH,85235
Q96L73,NSD1,64324
Q96L96,ALPK3,57538
Q96Q40,CDK15,65061
Q96ST2,IWS1,55677
Q99832,CCT7,10574
Q99878,HIST1H2AJ,8331
Q99879,HIST1H2BM,8342
Q99880,HIST1H2BL,8340
Q9BTF0,THUMPD2,80745
Q9BV73,CEP250,11190
Q9BVC5,C2orf49,79074
Q9BXM0,PRX,57716
Q9H078,CLPB,81570
Q9H3H1,TRIT1,54802
Q9NPZ5,B3GAT2,135152
Q9P281,BAHCC1,57597
-,LOC728637,728637
A1L0T0,ILVBL,10994
A1L4K1,FSD2,123722
A1Z1Q3,MACROD2,140733
A2RRP1,NBAS,51594
A2RU49,HYKK,123688
A5PLK6,RGSL1,353299
A6H8Y1,BDP1,55814
A6NCS4,NKX2-6,137814
A6ND48,OR14I1,401994
A6NGE7,URAD,646625
A6NIV6,LRRIQ4,344657
A6NMZ7,COL6A6,131873
A6PVY3,FAM177B,400823
A8MQB3,C17orf51,339263
-,ARHGAP28,79822
-,C7orf72,100130988
-,CMAHP,8418
-,ERVK-19,100862685
-,LOC100128274,100128274
-,LEKR1,389170
Q9Y2D5,PALM2-AKAP2,445815
Q9NR80,ARHGEF4,50649
-,GDF5OS,554250
P52815,MRPL12,6182
-,CHCHD2P9,645345
Q13360,ZNF177,7730
P35520,CBS,875
O14599,BPY2,9083
-,FAM86JP,100125556
P35544,FAU,2197
-,GK3P,2713
-,HSP90B2P,7190
-,LRRC9,341883
-,MPTX1,649458
-,MROH2A,339766
-,MYH16,84176
-,NEMF,9147
O00141,SGK1,6446
O00411,POLRMT,5442
O00469,PLOD2,5352
O00507,USP9Y,8287
O00567,NOP56,10528
O14525,ASTN1,460
O14638,ENPP3,5169
O14764,GABRD,2563
O14905,WNT9B,7484
O14917,PCDH17,27253
O14967,CLGN,1047
O14981,BTAF1,9044
O15049,N4BP3,23138
O15068,MCF2L,23263
O15143,ARPC1B,10095
O15173,PGRMC2,10424
O15195,VILL,50853
O15382,BCAT2,587
O15541,RNF113A,7737
O43526,KCNQ2,3785
O43529,CHST10,9486
O43592,XPOT,11260
O43663,PRC1,9055
O43776,NARS,4677
O43852,CALU,813
O43865,AHCYL1,10768
O43908,KLRC4,8302
O60218,AKR1B10,57016
O60437,PPL,5493
O60568,PLOD3,8985
O60669,SLC16A7,9194
O60716,CTNND1,1500
O60760,HPGDS,27306
O60763,USO1,8615
O60841,EIF5B,9669
O60909,B4GALT2,8704
O75083,WDR1,9948
O75165,DNAJC13,23317
O75190,DNAJB6,10049
O75290,ZNF780A,284323
O75309,CDH16,1014
O75311,GLRA3,8001
O75323,GBAS,2631
O75391,SPAG7,9552
O75521,ECI2,10455
O75526,RBMXL2,27288
O75586,MED6,10001
O75592,MYCBP2,23077
O75683,SURF6,6838
O75746,SLC25A12,8604
O75781,PALM,5064
O75821,EIF3G,8666
O75822,EIF3J,8669
O75844,ZMPSTE24,10269
O75912,DGKI,9162
O75915,ARL6IP5,10550
O75937,DNAJC8,22826
O75940,SMNDC1,10285
O76061,STC2,8614
O76080,ZFAND5,7763
O94850,DDN,23109
O94854,KIAA0754,643314
O94868,FCHSD2,9873
O94901,SUN1,23353
O94913,PCF11,51585
O94923,GLCE,26035
O95013,OR4F21,441308
O95182,NDUFA7,4701
O95238,SPDEF,25803
O95292,VAPB,9217
O95447,LCA5L,150082
O95478,NSA2,10412
O95498,VNN2,8875
O95622,ADCY5,111
O95810,SDPR,8436
O95819,MAP4K4,9448
O95864,FADS2,9415
O95932,TGM6,343641
O96020,CCNE2,9134
-,OR6J1,79549
P02549,SPTA1,6708
P02679,FGG,2266
P02741,CRP,1401
P04181,OAT,4942
P04275,VWF,7450
P01892|P30443|P30450|P04439,HLA-A,3105
P05164,MPO,4353
P05177,CYP1A2,1544
P07476,IVL,3713
P08195,SLC3A2,6520
P09016,HOXD4,3233
P09341,CXCL1,2919
P09382,LGALS1,3956
P09486,SPARC,6678
P0C7P3,SLFN14,342618
P0CG42,FAM157B,100132403
P0DJH9,RD3L,647286
P0DM35,MT1HL1,645745
P10606,COX5B,1329
P11117,ACP2,53
P11137,MAP2,4133
P11216,PYGB,5834
P11310,ACADM,34
P11712,CYP2C9,1559
P12110,COL6A2,1292
P12236,SLC25A6,293
P12694,BCKDHA,593
P13667,PDIA4,9601
P14060,HSD3B1,3283
P14324,FDPS,2224
P14410,SI,6476
P14651,HOXB3,3213
P14927,UQCRB,7381
P15529,CD46,4179
P17066,HSPA6,3310
P17540,CKMT2,1160
P17752,TPH1,7166
P18859,ATP5J,522
P20042,EIF2S2,8894
P21397,MAOA,4128
P23528,CFL1,1072
P24593,IGFBP5,3488
P25398,RPS12,6206
P26373,RPL13,6137
P26885,FKBP2,2286
P27695,APEX1,328
P30044,PRDX5,25824
P30533,LRPAP1,4043
P35270,SPR,6697
P36542,ATP5C1,509
P36578,RPL4,6124
P36888,FLT3,2322
P36957,DLST,1743
P38435,GGCX,2677
P39019,RPS19,6223
P39656,DDOST,1650
P39748,FEN1,2237
P40227,CCT6A,908
P40429,RPL13A,23521
P40925,MDH1,4190
P40939,HADHA,3030
P43146,DCC,1630
P47756,CAPZB,832
P48061,CXCL12,6387
P48167,GLRB,2743
P48200,IREB2,3658
P48643,CCT5,22948
P49419,ALDH7A1,501
P49761,CLK3,1198
P49821,NDUFV1,4723
P50219,MNX1,3110
P51164,ATP4B,496
P51398,DAP3,7818
P51671,CCL11,6356
P51790,CLCN3,1182
P51970,NDUFA8,4702
P52788,SMS,6611
P54136,RARS,5917
P54819,AK2,204
P55084,HADHB,3032
P55809,OXCT1,5019
P56181,NDUFV3,4731
P56192,MARS,4141
P56645,PER3,8863
P56937,HSD17B7,51478
P60468,SEC61B,10952
P61009,SPCS3,60559
P61224,RAP1B,5908
P61247,RPS3A,6189
P61254,RPL26,6154
P61604,HSPE1,3336
P62072,TIMM10,26519
P62249,RPS16,6217
P62269,RPS18,6222
P62495,ETF1,2107
P62847,RPS24,6229
P62906,RPL10A,4736
P68032,ACTC1,70
P78368,CSNK1G2,1455
P78371,CCT2,10576
P82914,MRPS15,64960
P82933,MRPS9,64965
P83111,LACTB,114294
P83731,RPL24,6152
P99999,CYCS,54205
-,PRR36,80164
Q00765,REEP5,7905
Q02040,AKAP17A,8227
Q07617,SPAG1,6674
Q0P6D2,FAM69C,125704
Q0VF96,CGNL1,84952
Q12816,TRO,7216
Q12906,ILF3,3609
Q12912,LRMP,4033
Q13003,GRIK3,2899
Q13201,MMRN1,22915
Q13459,MYO9B,4650
Q13823,GNL2,29889
Q14008,CKAP5,9793
Q14152,EIF3A,8661
Q14197,ICT1,3396
Q14324,MYBPC2,4606
Q14696,MESDC2,23184
Q15031,LARS2,23395
Q15413,RYR3,6263
Q16630,CPSF6,11052
Q16643,DBN1,1627
Q16795,NDUFA9,4704
Q16891,IMMT,10989
Q1X8D7,LRRC36,55282
Q2V2M9,FHOD3,80206
Q3KNW5,SLC10A6,345274
Q3KQU3,MAP7D1,55700
Q4VC31,CCDC58,131076
Q53GD3,SLC44A4,80736
Q5JTC6,AMER1,139285
Q5RI15,COX20,116228
Q5T200,ZC3H13,23091
Q5T6C5,ATXN7L2,127002
Q5UIP0,RIF1,55183
Q63HQ0,AP1AR,55435
Q64ET8,FRG2,448831
Q6DD88,ATL3,25923
Q6NSJ5,LRRC8E,80131
Q6PI48,DARS2,55157
Q6UB98,ANKRD12,23253
Q6UXH9,PAMR1,25891
Q6V9R5,ZNF562,54811
Q6ZR37,PLEKHG7,440107
Q70UQ0,IKBIP,121457
Q70YC4|Q70YC5,ZNF365,22891
Q7Z3B0,SMIM15,643155
Q7Z401,DENND4A,10260
Q7Z6K3,PTAR1,375743
Q7Z745,MROH2B,133558
Q86SQ0,PHLDB2,90102
Q86TS9,MRPL52,122704
Q86V59,PNMAL1,55228
Q86VF7,NRAP,4892
Q86XP3,DDX42,11325
Q86Y82,STX12,23673
Q8IWI9,MGA,23269
Q8IYT3,CCDC170,80129
Q8N393,ZNF786,136051
Q8N8E2,ZNF513,130557
Q8NBX0,SCCPDH,51097
Q8NC51,SERBP1,26135
Q8NCR3,C11orf65,160140
Q8NF64,ZMIZ2,83637
Q8NFC6,BOD1L1,259282
Q8NG31,CASC5,57082
Q8TCJ2,STT3B,201595
Q8TCS8,PNPT1,87178
Q8TEM1,NUP210,23225
Q8WV41,SNX33,257364
Q8WXF0,SRSF12,135295
Q8WZA2,RAPGEF4,11069
Q969M2,GJA10,84694
Q96A33,CCDC47,57003
Q96CG8,CTHRC1,115908
Q96FZ7,CHMP6,79643
Q96IZ6,METTL2A,339175
Q96JK2,DCAF5,8816
Q96K49,TMEM87B,84910
Q96K83,ZNF521,25925
Q96M89,CCDC138,165055
Q96PE2,ARHGEF17,9828
Q96T55,KCNK16,83795
Q99550,MPHOSPH9,10198
Q99665,IL12RB2,3595
Q9BQK8,LPIN3,64900
Q9BQS8,FYCO1,79443
Q9BRQ6,CHCHD6,84303
Q9BT09,CNPY3,10695
Q9BT49,THAP7,80764
Q9BW71,HIRIP3,8479
Q9BYB0,SHANK3,85358
Q9BZE4,GTPBP4,23560
Q9BZG1,RAB34,83871
Q9H7B4,SMYD3,64754
Q96M83|Q9H943,CCDC7,79741
Q9NQX4,MYO5C,55930
Q9NRC6,SPTBN5,51332
Q9NX62,IMPAD1,54928
Q9NYU1,UGGT2,55757
Q9NYU2,UGGT1,56886
Q9NZ08,ERAP1,51752
Q9P0L0,VAPA,9218
Q9P2B7,CFAP97,57587
Q9UBC2,EPS15L1,58513
Q9UFE4,CCDC39,339829
Q9UHG3,PCYOX1,51449
Q9UKN1,MUC12,10071
Q9ULV4,CORO1C,23603
A1A4G5,LNP1,348801
A1X283,SH3PXD2B,285590
A4D1E1,ZNF804B,219578
A6NCI4,VWA3A,146177
A6NEE1,PLEKHD1,400224
A6NHR9,SMCHD1,23347
A6NKN8,PCP4L1,654790
A6NLU5,VSTM2B,342865
A6PVS8,LRRIQ3,127255
A7E2U8,C4orf47,441054
A7E2V4,ZSWIM8,23053
A8K979,ERI2,112479
-,ANKRD20A12P,100874392
-,ASCL5,647219
B1AJZ9,FHAD1,114827
B2RTY4,MYO9A,4649
B2RV13,C17orf105,284067
B4DS77,SHISA9,729993
C9J3I9,C5orf58,133874
C9JE40,PATL2,197135
C9JN71,ZNF878,729747
C9JQI7,TMEM232,642987
-,CCDC180,100499483
-,CFAP54,144535
-,ERVK13-1,100507321
O95073,FSBP,100861412
-,GNN,253724
P08107,HSPA1B,3304
-,TTLL13,440307
B7ZAQ6|P0CG08,GPR89B,51463
A2BFH1,PPIAL4C,653598
-,LOC728763,728763
-,FER1L4,80307
-,FSIP2,401024
-,HECTD4,283450
-,HILS1,373861
I1YAP6,TRIM77,390231
-,IDI2-AS1,55853
-,LINC01556,729583
-,MYO15B,80022
O00148,DDX39A,10212
O00151,PDLIM1,9124
O00160,MYO1F,4542
O00186,STXBP3,6814
O00391,QSOX1,5768
O00422,SAP18,10284
O00541,PES1,23481
O00750,PIK3C2B,5287
O14513,NCKAP5,344148
O14523,C2CD2L,9854
O14529,CUX2,23316
O14545,TRAFD1,10906
O14576,DYNC1I1,1780
O14862,AIM2,9447
O14960,LECT2,3950
O14972,DSCR3,10311
O15013,ARHGEF10,9639
O15042,U2SURP,23350
O15090,ZNF536,9745
O15265,ATXN7,6314
O15354,GPR37,2861
O15403,SLC16A6,9120
O15417,TNRC18,84629
O15440,ABCC5,10057
O15481,MAGEB4,4115
O15553,MEFV,4210
O43150,ASAP2,8853
O43293,DAPK3,1613
O43316,PAX4,5078
O43390,HNRNPR,10236
O43422,PRKRIR,5612
O43581,SYT7,9066
O43680,TCF21,6943
O43818,RRP9,9136
O43823,AKAP8,10270
O43847,NRD1,4898
O43895,XPNPEP2,7512
O60256,PRPSAP2,5636
O60258,FGF17,8822
O60284,ST18,9705
O60293,ZFC3H1,196441
O60318,MCM3AP,8888
O60423,ATP8B3,148229
O60519,CREBL2,1389
O60883,GPR37L1,9283
O60927,PPP1R11,6992
O75027,ABCB7,22
O75044,SRGAP2,23380
O75094,SLIT3,6586
O75116,ROCK2,9475
O75132,ZBED4,9889
O75151,PHF2,5253
O75152,ZC3H11A,9877
O75167,PHACTR2,9749
O75179,ANKRD17,26057
O75185,ATP2C2,9914
O75348,ATP6V1G1,9550
O75351,VPS4B,9525
O75379,VAMP4,8674
O75431,MTX2,10651
O75446,SAP30,8819
O75570,MTRF1,9617
O75602,SPAG6,9576
O75643,SNRNP200,23020
O75676,RPS6KA4,8986
O75762,TRPA1,8989
O75830,SERPINI2,5276
O75943,RAD17,5884
O75995,SASH3,54440
O76096,CST7,8530
O94761,RECQL4,9401
O94876,TMCC1,23023
O94933,SLITRK3,22865
O95149,SNUPN,10073
O95235,KIF20A,10112
O95391,SLU7,10569
O95433,AHSA1,10598
O95466,FMNL1,752
O95754,SEMA4F,10505
O95785,WIZ,58525
-,OR5H8,79289
P00451,F8,2157
P01563,IFNA2,3440
P02533,KRT14,3861
P05997,COL5A2,1290
P06340,HLA-DOA,3111
P08908,HTR1A,3350
P09758,TACSTD2,4070
P0C671,C6orf222,389384
P0C7W6,CCDC172,374355
P10720,PF4V1,5197
P11182,DBT,1629
P11226,MBL2,4153
P11586,MTHFD1,4522
P11940,PABPC1,26986
P12036,NEFH,4744
P12882,MYH1,4619
P13521,SCG2,7857
P13682,ZNF35,7584
P13727,PRG2,5553
P13805,TNNT1,7138
P13994,CCDC130,81576
P14778,IL1R1,3554
P15313,ATP6V1B1,525
P15880,RPS2,6187
P15918,RAG1,5896
P15924,DSP,1832
P17029,ZKSCAN1,7586
P17342,NPR3,4883
P17480,UBTF,7343
P19883,FST,10468
P20585,MSH3,4437
P20594,NPR2,4882
P20701,ITGAL,3683
P20742,PZP,5858
P20851,C4BPB,725
P20908,COL5A1,1289
P21941,MATN1,4146
P22307,SCP2,6342
P22694,PRKACB,5567
P23588,EIF4B,1975
P25391,LAMA1,284217
P27635,RPL10,6134
P28330,ACADL,33
P28332,ADH6,130
P29536,LMOD1,25802
P29692,EEF1D,1936
P30711,GSTT1,2952
P33240,CSTF2,1478
P34910,EVI2B,2124
P35251,RFC1,5981
P35499,SCN4A,6329
P35663,CYLC1,1538
P35749,MYH11,4629
P38606,ATP6V1A,523
P42679,MATK,4145
P42695,NCAPD3,23310
P43361,MAGEA8,4107
P45378,TNNT3,7140
P46087,NOP2,4839
P47712,PLA2G4A,5321
P47914,RPL29,6159
P48668,KRT6C,286887
P49458,SRP9,6726
P49758,RGS6,9628
P49796,RGS3,5998
P50747,HLCS,3141
P51828,ADCY7,113
P52952,NKX2-5,1482
P54315,PNLIPRP1,5407
P55198,MLLT6,4302
P55209,NAP1L1,4673
P56202,CTSW,1521
P57058,HUNK,30811
P62068,USP46,64854
P62266,RPS23,6228
P62280,RPS11,6205
P62314,SNRPD1,6632
P62316,SNRPD2,6633
P62714,PPP2CB,5516
P62750,RPL23A,6147
P62899,RPL31,6160
P67812,SEC11A,23478
P78312,FAM193A,8603
P78345,RPP38,10557
P78363,ABCA4,24
P80192,MAP3K9,4293
P82094,TMF1,7110
P84090,ERH,2079
Q01082,SPTBN1,6711
Q01968,OCRL,4952
Q02297,NRG1,3084
Q02413,DSG1,1828
Q03001,DST,667
Q03252,LMNB2,84823
Q04637,EIF4G1,1981
Q04695,KRT17,3872
Q04743,EMX2,2018
Q05193,DNM1,1759
Q08477,CYP4F3,4051
Q08752,PPID,5481
Q09MP3,RAD51AP2,729475
Q0VAF6,SYCN,342898
Q12955,ANK3,288
Q12988,HSPB3,8988
Q13206,DDX10,1662
Q13523,PRPF4B,8899
Q13573,SNW1,22938
Q13585,GPR50,9248
Q13609,DNASE1L3,1776
Q13825,AUH,549
Q13868,EXOSC2,23404
Q13889,GTF2H3,2967
Q14151,SAFB2,9667
Q14202,ZMYM3,9203
Q14254,FLOT2,2319
Q14320,FAM50A,9130
Q14674,ESPL1,9700
Q14692,BMS1,9790
Q14807,KIF22,3835
Q14964,RAB39A,54734
Q14966,ZNF638,27332
Q14980,NUMA1,4926
Q15041,ARL6IP1,23204
Q15345,LRRC41,10489
Q15398,DLGAP5,9787
Q15424,SAFB,6294
Q16720,ATP2B3,492
Q2M2H8,LOC93432,93432
Q2MKA7,RSPO1,284654
Q2NKJ3,CTC1,80169
Q2NKX8,ERCC6L,54821
Q2TAZ0,ATG2A,23130
Q2TB90,HKDC1,80201
Q32NC0,C18orf21,83608
Q3SXZ3,ZNF718,255403
Q3YBR2,TBRG1,84897
Q4AC94,C2CD3,26005
Q4L235,AASDH,132949
Q567U6,CCDC93,54520
Q569K4,ZNF385B,151126
Q5HYL7,TMEM196,256130
Q5T0F9,CC2D1B,200014
Q5T1B0,AXDND1,126859
Q5T5C0,STXBP5,134957
Q5T7V8,GORAB,92344
Q5T8P6,RBM26,64062
Q5TID7,CCDC181,57821
Q5TZA2,CROCC,9696
Q5U623,ATF7IP2,80063
Q5VU43,PDE4DIP,9659
Q5VZ46,KIAA1614,57710
Q5XXA6,ANO1,55107
Q68D51,DENND2C,163259
Q68DD2,PLA2G4F,255189
Q68DH5,LMBRD2,92255
Q69YH5,CDCA2,157313
Q6BDS2,UHRF1BP1,54887
Q6NSX1,CCDC70,83446
Q6P1N0,CC2D1A,54862
Q6P3V2,ZNF585A,199704
Q6P6B1,ERICH5,203111
Q6PGP7,TTC37,9652
Q6PJP8,DCLRE1A,9937
Q6WCQ1,MPRIP,23164
Q70Z53,FRA10AC1,118924
Q71UI9,H2AFV,94239
Q7L311,ARMCX2,9823
Q7Z406,MYH14,79784
Q7Z422,SZRD1,26099
Q7Z443,PKD1L3,342372
Q7Z4N2,TRPM1,4308
Q7Z4S6,KIF21A,55605
Q7Z5J4,RAI1,10743
Q7Z5M8,ABHD12B,145447
Q86UF4,C1orf110,339512
Q86UP3,ZFHX4,79776
Q86X29,LSR,51599
Q86XP1,DGKH,160851
Q86Y22,COL23A1,91522
Q8IUR5,TMTC1,83857
Q8IVF4,DNAH10,196385
Q8IVT5,KSR1,8844
Q8IXQ5,KLHL7,55975
Q8IXS2,CCDC65,85478
Q8IZ21,PHACTR4,65979
Q8IZF6,GPR112,139378
Q8IZJ3,CPAMD8,27151
Q8IZL8,PELP1,27043
Q8N1E2,LYG1,129530
Q8N3U4,STAG2,10735
Q8N3Z0,PRSS35,167681
Q8N4N8,KIF2B,84643
Q8N6Q1,TMCO5A,145942
Q8N715,CCDC185,164127
Q8N823,ZNF611,81856
Q8N8D1,PDCD7,10081
Q8N8E3,CEP112,201134
Q8N9T8,KRI1,65095
Q8NA47,CCDC63,160762
Q8ND76,CCNY,219771
Q8NDV3,SMC1B,27127
Q8NEF9,SRFBP1,153443
Q8NEJ9,NGDN,25983
Q8NH01,OR2T11,127077
Q8NHW3,MAFA,389692
Q8TDI8,TMC1,117531
Q8TDR0,TRAF3IP1,26146
Q8WVM7,STAG1,10274
Q8WWQ2,HPSE2,60495
Q8WX93,PALLD,23022
Q8WXX7,AUTS2,26053
Q8WYH8,ING5,84289
Q92576,PHF3,23469
Q96AA8,JAKMIP2,9832
Q96DI7,SNRNP40,9410
Q96GA3,LTV1,84946
Q96GQ7,DDX27,55661
Q96I27,ZNF625,90589
Q96J88,EPSTI1,94240
Q96JG9,ZNF469,84627
Q96LQ0,PPP1R36,145376
Q96QE3,ATAD5,79915
Q96SU4,OSBPL9,114883
Q99877,HIST1H2BN,8341
Q99958,FOXC2,2303
Q9BR39,JPH2,57158
Q9BY71,LRRC3,81543
Q9H2K8,TAOK3,51347
Q9H307,PNN,5411
Q9H6F5,CCDC86,79080
Q9NPE3,NOP10,55505
Q9NQZ2,UTP3,57050
Q9NR30,DDX21,9188
Q9NTI5,PDS5B,23047
Q9NY61,AATF,26574
Q9P2H0,KIAA1377,57562
Q9Y5J1,UTP18,51096
A4D1F6,LRRD1,401387
A4D2H0,CTAGE15,441294
A6NHN0,OTOL1,131149
B3KS81,SRRM5,100170229
P59998,ARPC4,10093
O00321,ETV2,2116
O00763,ACACB,32
O14662,STX16,8675
O14678,ABCD4,5826
O14874,BCKDK,10295
O15072,ADAMTS3,9508
O15533,TAPBP,6892
O43155,FLRT2,23768
O43306,ADCY6,112
O43402,EMC8,10328
O43711,TLX3,30012
O60831,PRAF2,11230
O94812,BAIAP3,8938
O95171,SCEL,8796
O95243,MBD4,8930
O95363,FARS2,10667
O95881,TXNDC12,51060
P00568,AK1,203
P07384,CAPN1,823
P07951,TPM2,7169
P09525,ANXA4,307
P10155,TROVE2,6738
P13942,COL11A2,1302
P17174,GOT1,2805
P21583,KITLG,4254
P22059,OSBP,5007
P30405,PPIF,10105
P30622,CLIP1,6249
P30837,ALDH1B1,219
P43308,SSR2,6746
P49207,RPL34,6164
P49753,ACOT2,10965
P50150,GNG4,2786
P50452,SERPINB8,5271
P50991,CCT4,10575
P51170,SCNN1G,6340
P51825,AFF1,4299
P82650,MRPS22,56945
P82970,HMGN5,79366
Q02224,CENPE,1062
Q12887,COX10,1352
Q13395,TARBP1,6894
Q2M3W8,ZNF181,339318
Q3SYG4,BBS9,27241
Q6UW60,PCSK4,54760
Q6Y1H2,PTPLB,201562
Q6ZNG2,DBX2,440097
Q86WZ6,ZNF227,7770
Q8TED1,GPX8,493869
Q92817,EVPL,2125
Q969V6,MKL1,57591
Q96A29,SLC35C1,55343
Q96SK2,TMEM209,84928
Q9C0G6,DNAH6,1768
Q9H0I2,ENKD1,84080
Q9H2M9,RAB3GAP2,25782
Q9NRN5,OLFML3,56944
Q9NX63,CHCHD3,54927
Q9NZB2,FAM120A,23196
Q9P2E9,RRBP1,6238
Q9UNL2,SSR3,6747
A0FGR9,ESYT3,83850
A2VCK2,DCDC2B,149069
A4D1E9,GTPBP10,85865
A6NJL1,ZSCAN5B,342933
Q9NVU0,POLR3E,55718
-,PPIAL4F,728945
F5H4B4,FAM227A,646851
-,FAM90A27P,646508
-,GOLGA8CP,729786
-,LINC00173,100287569
O00479,HMGN4,10473
O15054,KDM6B,23135
O15230,LAMA5,3911
O43295,SRGAP3,9901
O43824,GTPBP6,8225
O60522,TDRD6,221400
O60902,SHOX2,6474
O75038,PLCH2,9651
O75674,TOM1L1,10040
O76075,DFFB,1677
O94810,RGS11,8786
O95084,PRSS23,11098
O95822,MLYCD,23417
-,OR2AJ1,127608
P09913,IFIT2,3433
P15169,CPN1,1369
P16471,PRLR,5618
P26447,S100A4,6275
P32246,CCR1,1230
P33897,ABCD1,215
P35249,RFC4,5984
P42677,RPS27,6232
P46199,MTIF2,4528
P50993,ATP1A2,477
P51178,PLCD1,5333
P55081,MFAP1,4236
P62834,RAP1A,5906
P67809,YBX1,4904
P78559,MAP1A,4130
P98171,ARHGAP4,393
Q01973,ROR1,4919
Q03989,ARID5A,10865
Q06265,EXOSC9,5393
Q13127,REST,5978
Q14146,URB2,9816
Q14680,MELK,9833
Q14684,RRP1B,23076
Q15058,KIF14,9928
Q15361,TTF1,7270
Q3SY52,ZIK1,284307
Q496A3,SPATS1,221409
Q52LJ0,FAM98B,283742
Q5BKZ1,ZNF326,284695
Q5F1R6,DNAJC21,134218
Q5H9M0,MUM1L1,139221
Q5JXX5,GLRA4,441509
Q5KSL6,DGKK,139189
Q5VTL8,PRPF38B,55119
Q5VUJ6,LRCH2,57631
Q6ZVC0,NYAP1,222950
Q86W92,PPFIBP1,8496
Q86YN1,DOLPP1,57171
Q8IUX8,EGFL6,25975
Q8IWU5,SULF2,55959
Q8NE71,ABCF1,23
Q8NHP7,EXD1,161829
Q8TE59,ADAMTS19,171019
Q8WYB5,KAT6B,23522
Q8WYJ6,SEPT1,1731
Q92765,FRZB,2487
Q96FJ2,DYNLL2,140735
Q96G25,MED8,112950
Q96H12,MSANTD3,91283
Q96QB1,DLC1,10395
Q99729,HNRNPAB,3182
Q9BVP2,GNL3,26354
Q9BYG3,NIFK,84365
Q562R1,ACTBL2,345651
P41146,OPRL1,4987
Q719H9,KCTD1,284252
P16066,NPR1,4881
O43684,BUB3,9184
Q10571,MN1,4330
Q969W9,PMEPA1,56937
Q6N021,TET2,54790
P55347,PKNOX1,5316
P49770,EIF2B2,8892
O14948,TFEC,22797
Q8WYQ9,ZCCHC14,23174
P17482,HOXB9,3219
O95905,ECD,11319
O43670,ZNF207,7756
Q75N03,CBLL1,79872
Q3KP44,ANKRD55,79722
P07437,TUBB,203068
P17936,IGFBP3,3486
P43005,SLC1A1,6505
O43464,HTRA2,27429
Q96E52,OMA1,115209
Q96LU5,IMMP1L,196294
Q96T52,IMMP2L,83943
Q96TA2,YME1L1,10730
P02511,CRYAB,1410
Q92887,ABCC2,1244
Q96PX9,PLEKHG4B,153478
O15085,ARHGEF11,9826
Q9NZN5,ARHGEF12,23365
Q9Y2L9,LRCH1,23143
Q96II8,LRCH3,84859
Q8N4T4,ARHGEF39,84904
Q5JSP0,FGD3,89846
Q9Y3M8,STARD13,90627
Q8TER5,ARHGEF40,55701
Q8N264,ARHGAP24,83478
Q8N1W1,ARHGEF28,64283
Q7Z6J4,FGD2,221472
Q92888,ARHGEF1,9138
Q14185,DOCK1,1793
Q7Z6I6,ARHGAP30,257106
Q68EM7,ARHGAP17,55114
Q92608,DOCK2,1794
Q8NF50,DOCK8,81704
P09912,IFI6,2537
Q9NX61,TMEM161A,54929
O95070,YIF1A,10897
Q5BJH7,YIF1B,90522
P05026,ATP1B1,481
Q6ZMG9,CERS6,253782
Q08AM6,VAC14,55697
Q9H3P2,NELFA,7469
P30542,ADORA1,134
Q9NPA3,MID1IP1,58526
P55085,F2RL1,2150
P25105,PTAFR,5724
Q13639,HTR4,3360
P29274,ADORA2A,135
Q96KG7,MEGF10,84466
Q9Y6I9,TEX264,51368
Q99442,SEC62,7095
Q9Y478,PRKAB1,5564
Q9UGJ0,PRKAG2,51422
P54619,PRKAG1,5571
Q9UGI9,PRKAG3,53632
Q96C92,SDCCAG3,10807
Q7L3T8,PARS2,25973
Q96SD1,DCLRE1C,64421
O15245,SLC22A1,6580
O15244,SLC22A2,6582
Q7Z5K2,WAPAL,23063
Q29RF7,PDS5A,23244
Q96FF9,CDCA5,113130
Q6KC79,NIPBL,25836
Q9Y6X3,MAU2,23383
Q9HBH7,BEX1,55859
P08183,ABCB1,5243
P02751,FN1,2335
Q9UIQ6,LNPEP,4012
Q07954,LRP1,4035
P14867,GABRA1,2554
Q9UBR4,LHX3,8022
P35498,SCN1A,6323
Q9P021,CRIPT,9419
P30872,SSTR1,6751
Q14894,CRYM,1428
P32239,CCKBR,887
O60664,PLIN3,10226
O75923,DYSF,8291
P52179,MYOM1,8736
O15273,TCAP,8557
P21399,ACO1,48
Q15327,ANKRD1,27063
O15084,ANKRD28,23243
P0C862,C1QTNF9,338872
Q9Y376,CAB39,51719
Q9UHD1,CHORDC1,26973
Q8N3C7,CLIP4,79745
Q8N3K9,CMYA5,202333
O75953,DNAJB5,25822
Q9BZ29,DOCK9,23348
P13929,ENO3,2027
Q9UKP3,ITGB1BP2,26548
Q9HDC5,JPH1,56704
O60333,KIF1B,23095
Q6P0Q8,MAST2,23139
Q15773,MLF2,8079
Q13203,MYBPH,4608
P54296,MYOM2,9172
Q53GG5,PDLIM3,27295
Q9Y244,POMP,51371
Q86XI6,PPP1R3B,79660
Q15435,PPP1R7,5510
O94806,PRKD3,23683
P35241,RDX,5962
Q96D71,REPS1,85021
Q9H6Y7,RNF167,26001
P55042,RRAD,6236
Q16585,SGCB,6443
Q92629,SGCD,6444
Q13326,SGCG,6445
O95295,SNAPIN,23557
Q9C0K7,STRADB,55437
P0DI81|P0DI82,TRAPPC2,6399
O00401,WASL,8976
P29323,EPHB2,2048
P12235,SLC25A4,291
Q9H165,BCL11A,53335
P36873,PPP1CC,5501
Q16821,PPP1R3A,5506
Q9ULJ8,PPP1R9A,55607
Q9Y4I1,MYO5A,4644
Q13972,RASGRF1,5923
Q9UBS5,GABBR1,2550
O75899,GABBR2,9568
O43761,SYNGR3,9143
Q8IWL3,HSCB,150274
Q5U5X0,LYRM7,90624
P47985,UQCRFS1,7386
Q9NP73,ALG13,79868
Q6P2H3,CEP85,64793
Q9NZN8,CNOT2,4848
Q96LI5,CNOT6L,246175
Q9UIV1,CNOT7,29883
Q92600,RQCD1,9125
Q17RY0,CPEB4,80315
O43310,CTIF,9811
Q92904,DAZL,1618
Q9UMR2,DDX19B,11269
P60842,EIF4A1,1973
Q14240,EIF4A2,1974
P38919,EIF4A3,9775
Q9NRA8,EIF4ENIF1,56478
Q01780,EXOSC10,5394
Q9NX05,FAM120C,54954
Q96I24,FUBP3,8939
P51116,FXR2,9513
Q53GS7,GLE1,2733
-,HELZ,9931
Q9Y6M1,IGF2BP2,10644
O15063,KIAA0355,9710
Q69YN4,KIAA1429,25962
Q92615,LARP4B,23185
Q3MHD2,LSM12,124801
Q8ND56,LSM14A,26065
Q9Y4Z0,LSM4,25804
Q9BRK4,LZTS2,84445
Q9Y4F3,KIAA0430,9665
P52298,NCBP2,22916
Q7Z417,NUFIP2,57532
Q9H074,PAIP1,10605
Q9BPZ3,PAIP2,51247
O95453,PARN,5073
Q86TB9,PATL1,219988
Q9UMS4,PRPF19,27339
Q14671,PUM1,9698
Q9Y2K5,R3HDM2,22864
A0AV96,RBM47,54502
P29558,RBMS1,5937
Q5TC82,RC3H1,149041
Q9HBD1,RC3H2,54542
Q8ND24,RNF214,257160
Q5PRF9,SAMD4B,55095
Q92540,SMG7,9887
Q8NDV7,TNRC6A,27327
Q9UPQ9,TNRC6B,23112
Q9HCJ0,TNRC6C,57690
Q9BRZ2,TRIM56,81844
Q9C0B0,UNK,85451
Q8IZH2,XRN1,54464
Q9BYJ9,YTHDF1,54915
Q9Y5A9,YTHDF2,51441
Q8IWR0,ZC3H7A,29066
Q7Z2W4,ZC3HAV1,56829
Q5TAX3,ZCCHC11,23318
P51957,NEK4,6787
P35221,CTNNA1,1495
Q9UHC1,MLH3,27030
P54278,PMS2,5395
Q8NFG4,FLCN,201163
P45985,MAP2K4,6416
P23508,MCC,4163
Q9UIF7,MUTYH,4595
Q15198,PDGFRL,5157
Q9Y2T1,AXIN2,8313
Q96HF1,SFRP2,6423
Q6FHJ7,SFRP4,6424
Q6UY01,LRRC31,79782
Q9HCX3,ZNF304,57343
P07949,RET,5979
P39905,GDNF,2668
O43812|Q96PT3,DUX1,26584
-,DUX4L9,100288711
O14578,CIT,11113
O15218,GPR182,11318
P35348,ADRA1A,148
P46663,BDKRB1,623
P51685,CCR8,1237
P51686,CCR9,10803
P35367,HRH1,3269
Q13639,HTR4,3360
P32245,MC4R,4160
Q6W5P4,NPSR1,387129
P30559,OXTR,5021
Q96RJ0,TAAR1,134864
Q9ULD4,BRPF3,27154
Q6RI45,BRWD3,254065
Q9BXF3,CECR2,27443
Q13342,SP140,11262
O15016,TRIM66,9866
Q8WZ64,ARAP2,116984
Q6P4F7,ARHGAP11A,9824
Q3KRB8,ARHGAP11B,89839
Q9P2F6,ARHGAP20,57569
Q5T5U3,ARHGAP21,57584
Q9P227,ARHGAP23,57636
Q9C0H5,ARHGAP39,80728
A6NI28,ARHGAP42,143872
Q9HCE6,ARHGEF10L,55160
Q8IW93,ARHGEF19,128272
Q8IZD9,DOCK3,1795
Q96HP0,DOCK6,57572
Q008S8,ECT2L,345930
Q9NYF5,FAM13B,51306
Q9Y4F1,FARP1,10160
Q5JSP0,FGD3,89846
B2RTY4,MYO9A,4649
Q9ULL1,PLEKHG1,57480
A1L390,PLEKHG3,26030
Q96PX9,PLEKHG4B,153478
Q6ZR37,PLEKHG7,440107
Q92502,STARD8,9754
Q5VT97,SYDE2,84144
-,ARHGAP40,343578
Q6P1X6,C8orf82,414919
Q9BUR5,APOO,79135
P46199,MTIF2,4528
O75570,MTRF1,9617
Q96CM3,RPUSD4,84881
Q9H1U9,SLC25A51,92014
A3KMH1,VWA8,23078
P22362,CCL1,6346
Q16663,CCL15,6359
O15467,CCL16,6360
Q92583,CCL17,6361
O00175,CCL24,6369
Q9Y4X3,CCL27,10850
P13236|Q8NHW4,CCL4L1,388372
P80075,CCL8,6355
P02778,CXCL10,3627
Q6UXB2,CXCL17,284340
P19876,CXCL3,2921
P10720,PF4V1,5197
P80162,CXCL6,6372
Q16740,CLPP,8192
P01308,INS,3630
Q13162,PRDX4,10549
Q96B02,UBE2W,55284
Q9C0B9,ZCCHC2,54877
P55212,CASP6,839
Q9Y277,VDAC3,7419
P29083,GTF2E1,2960
Q6PI26,SHQ1,55164
Q8NG06,TRIM58,25893
Q8N720,ZNF655,79027
Q9HBL8,NMRAL1,57407
Q9Y253,POLH,5429
Q9Y5U5,TNFRSF18,8784
P15036,ETS2,2114
Q15326,ZMYND11,10771
Q96A49,SYAP1,94056
P24588,AKAP5,9495
P13861,PRKAR2A,5576
P01100,FOS,2353
Q06830,PRDX1,5052
O75382,TRIM3,10612
Q9Y3C5,RNF11,26994
Q86YJ7,ANKRD13B,124930
Q6ZTN6,ANKRD13D,338692
Q96LC9,BMF,90427
Q8TE49,OTUD7A,161725
O95994,AGR2,10551
P30838,ALDH3A1,218
-,HULC,728655
P00338,LDHA,3939
Q9NVF7,FBXO28,23219
Q9BZV1,UBXN6,80700
P54725,RAD23A,5886
O95229,ZWINT,11130
-,CASC9,101805492
Q8NB14,USP38,84640
Q9P212,PLCE1,51196
Q8N4S7,PAQR4,124222
Q7RTP6,MICAL3,57553
Q6ULP2,AFTPH,54812
O43747,AP1G1,164
Q9P2D3,HEATR5B,54497
Q9UMZ2,SYNRG,11276
Q7Z6B0,CCDC91,55297
O60356,NUPR1,26471
Q8IUH3,RBM45,129831
P02771,AFP,174
Q96DM3,C18orf8,29919
P17858,PFKL,5211
O15118,NPC1,4864
P51149,RAB7A,7879
Q14627,IL13RA2,3598
Q92743,HTRA1,5654
P63151,PPP2R2A,5520
-,SPAG5-AS1,100506436
P10997,IAPP,3375
Q8N9N2,ASCC1,51008
Q15650,TRIP4,9325
P17787,CHRNB2,1141
P32297,CHRNA3,1136
P43681,CHRNA4,1137
Q9UBL9,P2RX2,22953
Q14168,MPP2,4355
Q9H9Q2,COPS7B,64708
Q99627,COPS8,10920
Q8WXC6,MYEOV2,150678
Q02880,TOP2B,7155
P25025,CXCR2,3579
P41143,OPRD1,4985
Q86VZ6,JAZF1,221895
Q9Y2I2,NTNG1,22854
Q96CW9,NTNG2,84628
Q05BQ5,MBTD1,54799
Q86X51,CXorf67,340602
Q96DB2,HDAC11,79885
Q9NVQ4,FAIM,55179
-,L1RE1,4029
O43236,SEPT4,5414
Q14534,SQLE,6713
O60337,MARCH6,10299
Q9Y6H1,CHCHD2,51142
Q8WYQ3,CHCHD10,400916
Q9Y2U5,MAP3K2,10746
Q99759,MAP3K3,4215
Q9UMX1,SUFU,51684
Q9UHY1,NRBP1,29959
Q9NQX7,ITM2C,81618
Q9Y287,ITM2B,9445
O75787,ATP6AP2,10159
Q15904,ATP6AP1,537
Q3ZAQ7,VMA21,203547
Q5T0N5,FNBP1L,54874
Q5VVJ2,MYSM1,114803
O00762,UBE2C,11065
Q86Y01,DTX1,1840
Q8TDB6,DTX3L,151636
P55199,ELL,8178
Q58A45,PAN3,255967
-,LOC100133669,100133669
Q3ZCQ8,TIMM50,92609
Q6UXZ4,UNC5D,137970
Q8IZJ1,UNC5B,219699
Q9NZU0,FLRT3,23767
Q8TF40,FNIP1,96459
Q9P278,FNIP2,57600
Q9NPY3,CD93,22918
P07204,THBD,7056
Q9H0E7,USP44,84101
O94888,UBXN7,26043
Q4ZIN3,TMEM259,91304
Q9NY72,SCN3B,55800
Q99490,AGAP2,116986
-,SLC7A11-AS1,641364
Q6VVB1,NHLRC1,378884
O14775,GNB5,10681
P62879,GNB2,2783
Q9HAV0,GNB4,59345
P34741,SDC2,6383
Q96DE0,NUDT16,131870
Q9BRJ7,NUDT16L1,84309
Q15049,MLC1,23209
P63146,UBE2B,7320
Q8NDZ4,C3orf58,205428
P51809,VAMP7,6845
O15457,MSH4,4438
Q07973,CYP24A1,1591
P08962,CD63,967
P18146,EGR1,1958
Q12837,POU4F2,5458
P42658,DPP6,1804
P10070,GLI2,2736
P18065,IGFBP2,3485
O14730,RIOK3,8780
O43187,IRAK2,3656
Q8N8N0,RNF152,220441
O43181,NDUFS4,4724
-,LINC00511,400619
O00233,PSMD9,5715
Q00975,CACNA1B,774
Q7Z4K8,TRIM46,80128
P54652,HSPA2,3306
Q14498,RBM39,9584
P18850,ATF6,22926
Q9NZR2,LRP1B,53353
P56539,CAV3,859
Q14500,KCNJ12,3768
P63252,KCNJ2,3759
Q9BVT8,TMUB1,83590
Q15465,SHH,6469
P23025,XPA,7507
Q6NUN9,ZNF746,155061
Q9UQD0,SCN8A,6334
Q6P589,TNFAIP8L2,79626
Q96HU8,DIRAS2,54769
P01023,A2M,2
-,LINC00467,84791
P09884,POLA1,5422
P19086,GNAZ,2781
Q8WZ60,KLHL6,89857
P80723,BASP1,10409
Q05329,GAD2,2572
P11215,ITGAM,3684
P01024,C3,718
Q96LR5,UBE2E2,7325
Q969T4,UBE2E3,10477
P52823,STC1,6781
P24821,TNC,3371
Q9H4F8,SMOC1,64093
P55287,CDH11,1009
Q9UHC7,MKRN1,23608
Q8IY95,TMEM192,201931
O00182,LGALS9,3965
Q86WJ1,CHD1L,9557
Q8NHG8,ZNRF2,223082
O43809,NUDT21,11051
P16284,PECAM1,5175
Q9BZR9,TRIM8,81603
P04350,TUBB4A,10382
Q92953,KCNB2,9312
Q6UVK1,CSPG4,1464
Q96RR4,CAMKK2,10645
P15336,ATF2,1386
O95747,OXSR1,9943
Q9UEW8,STK39,27347
Q9UNX4,WDR3,10885
Q9NNW5,WDR6,11180
Q9Y3D2,MSRB2,22921
P61587,RND3,390
O14618,CCS,9973
Q5T2D3,OTUD3,23252
Q9HC35,EML4,27436
Q9HC98,NEK6,10783
Q9Y446,PKP3,11187
P55196,MLLT4,4301
Q96RE7,NACC1,112939
Q9H2P0,ADNP,23394
P14780,MMP9,4318
Q15582,TGFBI,7045
O14525,ASTN1,460
P83110,HTRA3,94031
Q9H0X6,RNF208,727800
Q9Y5N1,HRH3,11255
Q9UQB3,CTNND2,1501
P35498,SCN1A,6323
-,LOC100506753,100506753
Q9C0D2,CEP295,85459
O94986,CEP152,22995
Q8NDL9,AGBL5,60509
-,HOTTIP,100316868
Q8IXL6,FAM20C,56975
Q9Y6H8,GJA3,2700
P59910,DNAJB13,374407
Q8WWF6,DNAJB3,414061
Q7Z6W7,DNAJB7,150353
Q9Y2G8,DNAJC16,23341
Q9H819,DNAJC18,202052
Q8N4W6,DNAJC22,79962
Q6P3W2,DNAJC24,120526
Q9H1X3,DNAJC25,548645
Q9UF47,DNAJC5B,85479
Q8N7S2,DNAJC5G,285126
Q9H9V9,JMJD4,65094
Q5VT52,RPRD2,23248
P0C0S8,HIST1H2AI,8329
Q9NQV5,PRDM11,56981
Q96EK2,PHF21B,112885
Q5D862,FLG2,388698
Q5T750,C1orf68,100129271
Q96P63,SERPINB12,89777
Q9Y6F7,CDY2A,9426
P11182,DBT,1629
P62807|P58876,HIST1H2BD,3017
Q96RQ3,MCCC1,56922
Q8N136,DAW1,164781
Q6ZU65,UBN2,254048
-,HMGB1P1,10357
Q96K75,ZNF514,84874
P22528,SPRR1B,6699
P0C870,JMJD7,100137047
P54296,MYOM2,9172
P02810,PRH1,5554
Q9Y2V0,C15orf41,84529
-,CHCHD2P9,645345
Q7Z3Z4,PIWIL4,143689
Q96DG6,CMBL,134147
Q86YZ3,HRNR,388697
Q8NAT2,TDRD5,163589
P22532,SPRR2D,6703
P12273,PIP,5304
Q9P2N6,KANSL3,55683
Q9H4Q3,PRDM13,59336
Q9Y2U8,LEMD3,23592
A6NHQ4,C17orf96,100170841
Q9BXU1,STK31,56164
C9JQI7,TMEM232,642987
Q9UPT8,ZC3H4,23211
Q9UNK9,ANGEL1,23357
Q9NZT1,CALML5,51806
O00479,HMGN4,10473
Q9ULD9,ZNF608,57507
Q6N043,ZNF280D,54816
P46977,STT3A,3703
P20930,FLG,2312
Q99865,SPIN2A,54466
Q8TAV0,FAM76A,199870
P04908,HIST1H2AE,3012
Q5JUX0,SPIN3,169981
P82921,MRPS21,54460
P59923,ZNF445,353274
Q9UJV8,PURG,29942
Q8TCC3,MRPL30,51263
Q68CP4,HGSNAT,138050
Q15072,ZNF146,7705
Q8N6M3,FITM2,128486
O95073,FSBP,100861412
P16402,HIST1H1D,3007
O15269,SPTLC1,10558
O60281,ZNF292,23036
Q8WUU4,ZNF296,162979
P22531,SPRR2E,6704
Q5T2N8,ATAD3C,219293
Q8NGY3,OR6K3,391114
Q86XI8,C19orf68,374920
Q96SL8,FIZ1,84922
Q92576,PHF3,23469
Q01650,SLC7A5,8140
Q13367,AP3B2,8120
Q5VTL8,PRPF38B,55119
Q13129,RLF,6018
O43556,SGCE,8910
Q8IZP6,RNF113B,140432
Q9BXT8,RNF17,56163
-,KCNQ1OT1,10984
Q8N7C7,RNF148,378925
Q5M7Z0,RNFT1,51136
Q4ZIN3,TMEM259,91304
Q13445,TMED1,11018
O94874,UFL1,23376
Q96D42,HAVCR1,26762
-,LINC00669,647946
-,LINC01485,101928154
Q8WXF7,ATL1,51062
-,LINC00624,100289211
-,LINC00452,643365
-,LINC00152,112597
Q9C0H6,KLHL4,56062
Q8IWF6,DENND6A,201627
Q86XF0,DHFRL1,200895
Q96RQ1,ERGIC2,51290
P62807,HIST1H2BG,8339
Q9H8H3,METTL7A,25840
Q99442,SEC62,7095
Q6ZMZ3,SYNE3,161176
-,SLC26A4-AS1,286002
Q9UNQ0,ABCG2,9429
-,UCA1,652995
-,LOC441178,441178
Q96GC9,VMP1,81671
A7E2V4,ZSWIM8,23053
-,LINC01232,102725509
Q7Z2D5,LPPR4,9890
Q9Y6F8,CDY1,9085
O60829,PAGE4,9506
-,DANCR,57291
-,BGLT3,103344929
Q6ZV65,FAM47E,100129583
-,MALAT1,378938
Q5XXA6,ANO1,55107
O60403,OR10H2,26538
Q96DU9,PABPC5,140886
Q8NCU7,C2CD4A,145741
Q5VYY1,ANKRD22,118932
Q8NGD1,OR4N2,390429
O15266,SHOX,6473
P0C2L3,FAM163B,642968
-,PPP4R1L,55370
Q9P1W3,TMEM63C,57156
Q30KQ9,DEFB110,245913
Q6ZV70,LANCL3,347404
Q9BYE2,TMPRSS13,84000
-,NUP210P1,255330
Q96SF2,CCT8L2,150160
-,IGHD,3495
Q9H313,TTYH1,57348
Q5TIA1,MEI1,150365
Q8NC42,RNF149,284996
Q9H015,SLC22A4,6583
Q8N349,OR2L13,284521
P0C5Z0,H2AFB2,474381
Q96HH4,TMEM169,92691
Q8IVL0,NAV3,89795
Q96CK0,ZNF653,115950
Q9H772,GREM2,64388
P52961,ART1,417
Q9Y5F3,PCDHB1,29930
Q9UK00,C3orf18,51161
-,BAGE2,85319
Q6ZU35,KIAA1211,57482
Q5TYW2,ANKRD20A1,84210
Q96P50,ACAP3,116983
Q9NRC1,ST7,7982
Q9HAE3,EFCAB1,79645
Q13361,MFAP5,8076
Q8IV16,GPIHBP1,338328
Q9Y5E3,PCDHB6,56130
Q9UHA2,SS18L2,51188
P31997,CEACAM8,1088
O95047,OR2A4,79541
Q9NS67,GPR27,2850
Q5JTD7,LRRC73,221424
Q96I82,KAZALD1,81621
Q8NGA1,OR1M1,125963
Q8NBI6,XXYLT1,152002
Q5VZQ5,TEX36,387718
Q8TAP9,MPLKIP,136647
Q9BRY0,SLC39A3,29985
Q8IV77,CNGA4,1262
Q9NPA1,KCNMB3,27094
P0CE71,OCM2,4951
-,AKR7L,246181
P10966,CD8B,926
P17787,CHRNB2,1141
P98153,DGCR2,9993
-,CTAGE7P,119437
O15041,SEMA3E,9723
O95427,PIGN,23556
Q96PQ0,SORCS2,57537
Q86XE3,MICU3,286097
Q8IUS5,EPHX4,253152
Q9NUS5,AP5S1,55317
-,GBAP1,2630
Q8TF63,DCANP1,140947
P0C5Z0,H2AFB3,83740
B2RNN3,C1QTNF9B,387911
Q2M329,CCDC96,257236
Q9BXJ2,C1QTNF7,114905
Q9Y2Y6,TMEM98,26022
P52798,EFNA4,1945
P0DJI8,SAA1,6288
-,RPSAP58,388524
P55083,MFAP4,4239
Q8IZD6,SLC22A15,55356
Q9H7F0,ATP13A3,79572
Q8WX39,LCN9,392399
Q6UWM7,LCTL,197021
Q9Y3D5,MRPS18C,51023
-,GOLGA8G,283768
Q9HC73,CRLF2,64109
Q9HC23,PROK2,60675
Q8IZ57,NRSN1,140767
O75394,MRPL33,9553
O43766,LIAS,11019
Q9Y289,SLC5A6,8884
P68431,HIST1H3G,8355
O00398,P2RY10,27334
Q8N688,DEFB123,245936
Q52WX2,SBK1,388228
Q9H1H1,GTSF1L,149699
Q2HXU8,CLEC12B,387837
P62807,HIST1H2BE,8344
Q9Y2T7,YBX2,51087
Q6ZSA7,LRRC55,219527
Q30KP8,DEFB136,613210
Q8NHC4,OR10J5,127385
-,TRAV20,28663
Q9Y264,ANGPT4,51378
Q1HG44,DUOXA2,405753
Q5T7M9,FAM69A,388650
Q96MF4,CCDC140,151278
P29371,TACR3,6870
Q96MR6,CFAP57,149465
Q5H8A3,NMS,129521
P11230,CHRNB1,1140
Q8TF62,ATP8B4,79895
Q9Y4A9,OR10H1,26539
P59538,TAS2R31,259290
Q8N268,C20orf197,284756
Q71RC9,SMIM5,643008
Q02509,OC90,729330
P60673,PFN3,345456
Q9H649,NSUN3,63899
Q8IWU5,SULF2,55959
Q9UNK4,PLA2G2D,26279
O14513,NCKAP5,344148
P10075,GLI4,2738
Q5VXU3,CHIC1,53344
P60606,CTXN1,404217
Q8IZA3,H1FOO,132243
Q9UPZ3,HPS5,11234
P68431,HIST1H3F,8968
O95264,HTR3B,9177
Q96L11,C7orf34,135927
Q12872,SFSWAP,6433
Q96PD4,IL17F,112744
P35504,UGT1A5,54579
Q2VY69,ZNF284,342909
Q8N5U1,MS4A15,219995
A6NP61,ZAR1L,646799
Q9P2G4,MAP10,54627
Q9H4D0,CLSTN2,64084
Q14957,GRIN2C,2905
Q9BTM1,H2AFJ,55766
Q9Y5Z0,BACE2,25825
Q9Y5F7,PCDHGC4,56098
Q9Y3X0,CCDC9,26093
Q8NGM8,OR6M1,390261
P0C0S8,HIST1H2AM,8336
Q5TYW1,ZNF658,26149
Q7Z7M8,B3GNT8,374907
P01275,GCG,2641
Q96MD7,C9orf85,138241
Q96PL2,TECTB,6975
Q96BM0,IFI27L1,122509
Q969E3,UCN3,114131
Q96GR4,ZDHHC12,84885
Q9Y2C3,B3GALT5,10317
P55000,SLURP1,57152
Q86TB3,ALPK2,115701
Q8IZP9,GPR64,10149
Q9UJT1,TUBD1,51174
Q9ULE6,PALD1,27143
Q14641,INSL4,3641
O00763,ACACB,32
A6NEL2,SOWAHB,345079
P55289,CDH12,1010
Q2T9L4,C15orf59,388135
Q9NR97,TLR8,51311
-,HSD17B7P2,158160
Q4KMZ8,NKAIN1,79570
P55008,AIF1,199
Q8TBB6,SLC7A14,57709
Q717R9,CYS1,192668
Q9NS25,SPANXB1,728695
Q8IZ41,RASEF,158158
Q9H061,TMEM126A,84233
Q6NVV3,NIPAL1,152519
Q9NZB2,FAM120A,23196
Q7Z5A7,FAM19A5,25817
Q8WXF5,CRYGN,155051
P57058,HUNK,30811
Q99674,CGREF1,10669
Q8NGN2,OR10S1,219873
Q8N350,C19orf26,255057
Q3YBM2,TMEM176B,28959
Q96A19,CCDC102A,92922
Q5VWW1,C1QL3,389941
P62805,HIST1H4B,8366
Q8WWQ2,HPSE2,60495
P22674,CCNO,10309
Q96N06,SPATA33,124045
Q9GZS9,CHST5,23563
Q8WWF1,C1orf54,79630
Q5JPI9,METTL10,399818
O75911,DHRS3,9249
Q8TCB6,OR51E1,143503
O95497,VNN1,8876
Q96PS1,FANCD2OS,115795
P62807,HIST1H2BI,8346
O15504,NUPL2,11097
P30926,CHRNB4,1143
Q8N967,LRTM2,654429
-,LOC338797,338797
Q13106,ZNF154,7710
Q6ZWE6,PLEKHM3,389072
Q8NG81,OR2M7,391196
Q8TDI8,TMC1,117531
Q63HQ2,EGFLAM,133584
Q5JTZ5,C9orf152,401546
O14604,TMSB4Y,9087
A6XGL0,YJEFN3,374887
A8MVS5,C19orf38,255809
O15239,NDUFA1,4694
Q9Y5G2,PCDHGB2,56103
Q8WX77,IGFBPL1,347252
Q5VU69,C1orf189,388701
-,TMEM75,641384
P49788,RARRES1,5918
Q0VAF6,SYCN,342898
Q9BQI7,PSD2,84249
Q8IZK6,MCOLN2,255231
Q147X3,NAA30,122830
Q7RTX0,TAS1R3,83756
Q9HC58,SLC24A3,57419
Q96PE5,OPALIN,93377
Q6ZRR5,TMEM136,219902
Q8NGT2,OR13J1,392309
O60609,GFRA3,2676
Q9UMR7,CLEC4A,50856
P01833,PIGR,5284
A2RRH5,WDR27,253769
O75838,CIB2,10518
Q9NVM1,EVA1B,55194
Q9NZH8,IL36G,56300
Q6UXB1,IGFL3,388555
Q8TE69,CXorf40A,91966
-,WHAMMP3,339005
Q8NBJ9,SIDT2,51092
Q9UHF3,NAT8B,51471
Q9HAT1,LMAN1L,79748
Q9H0X4,ITFG3,83986
Q8NGS6,OR13C3,138803
P60827,C1QTNF8,390664
P42127,ASIP,434
-,LOC440570,440570
O60704,TPST2,8459
Q9BRU2,TCEAL7,56849
P68431,HIST1H3I,8354
Q14507,EDDM3A,10876
Q8N3E9,PLCD3,113026
-,RPL23AP32,56969
Q5T036,FAM120AOS,158293
Q9H3Q3,GAL3ST2,64090
-,GUSBP5,441046
-,SSX6,280657
Q5EBN2,TRIM61,391712
P40145,ADCY8,114
Q6TGC4,PADI6,353238
P56181,NDUFV3,4731
Q9HAK2,EBF2,64641
Q17RM4,CCDC142,84865
P47901,AVPR1B,553
Q6ZS82,RGS9BP,388531
-,LOC100506688,100506688
Q8IZF5,GPR113,165082
-,LOC388882,388882
A0PK11,CLRN2,645104
P61366,OSTN,344901
Q5TBK1,N4BP2L1,90634
Q8NGN1,OR6T1,219874
Q5MJ08,SPANXN4,441525
Q86VH4,LRRTM4,80059
Q9H3Z7,ABHD16B,140701
Q7Z2X7,PAGE2,203569
-,LOC100288778,100288778
Q6NUK4,REEP3,221035
Q9UKR0,KLK12,43849
O60676,CST8,10047
Q9Y5G6,PCDHGA7,56108
Q8IYS8,BOD1L2,284257
Q96PX6,CCDC85A,114800
Q9BUE6,ISCA1,81689
Q9Y2E8,SLC9A8,23315
-,LILRA6,79168
Q96DL1,NXPE2,120406
Q0VGL1,LAMTOR4,389541
Q9Y5I1,PCDHA11,56138
Q07444,KLRC3,3823
P21815,IBSP,3381
Q5MJ07,SPANXN5,494197
O75556,SCGB2A1,4246
Q8WUR7,C15orf40,123207
P62805,HIST1H4K,8362
Q9UI43,FTSJ2,29960
Q5XLA6,CARD17,440068
Q6JVE9,LCN8,138307
Q96PE3,INPP4A,3631
O43614,HCRTR2,3062
Q76LX8,ADAMTS13,11093
Q96M60,FAM227B,196951
A0PJE2,DHRS12,79758
Q13938,CAPS,828
Q3KNS1,PTCHD3,374308
Q8N3A8,PARP8,79668
A2RU37,C9orf170,401535
P35225,IL13,3596
Q8NDG6,TDRD9,122402
Q9H114,CSTL1,128817
-,RPS14P3,644068
Q9NX57,RAB20,55647
Q8N8J7,C4orf32,132720
Q8NH05,OR4Q3,441669
P62502,LCN6,158062
Q9HCB6,SPON1,10418
Q96N28,SLMO1,10650
Q7RTW8,OTOA,146183
Q8NEB7,ACRBP,84519
P39877,PLA2G5,5322
Q6ZTW0,TPGS1,91978
Q8IXL9,IQCF2,389123
Q8WTR8,NTN5,126147
Q9P2E7,PCDH10,57575
Q9NUN7,ACER3,55331
Q9BQQ7,RTP3,83597
Q9UBM4,OPTC,26254
O95970,LGI1,9211
Q9BXX3,ANKRD30A,91074
Q9Y672,ALG6,29929
P14138,EDN3,1908
P01034,CST3,1471
-,PRAMEF12,390999
Q8NGU9,GPR150,285601
Q99731,CCL19,6363
Q96PH6,DEFB118,117285
O14521,SDHD,6392
Q7Z442,PKD1L2,114780
-,DUXAP10,503639
O00748,CES2,8824
Q8NGK6,OR52I1,390037
O14960,LECT2,3950
-,GK3P,2713
Q6P1K2,PMF1-BGLAP,100527963
Q9H5Y7,SLITRK6,84189
Q5SRR4,LY6G5C,80741
Q8N3H0,FAM19A2,338811
Q9H0M4,ZCWPW1,55063
Q8NH76,OR56B4,196335
Q1XH10,SKIDA1,387640
Q5VVC0,C1orf146,388649
Q86SR1,GALNT10,55568
-,EMR4P,326342
Q16696,CYP2A13,1553
Q9NY91,SLC5A4,6527
Q12864,CDH17,1015
Q9Y5H6,PCDHA8,56140
A6NM11,LRRC37A2,474170
Q99985,SEMA3C,10512
A6NKK0,OR5H1,26341
Q96ST8,CEP89,84902
Q9Y5M6,OCLM,10896
A6NFY7,SDHAF1,644096
Q9Y5G9,PCDHGA4,56111
Q5FYA8,ARSH,347527
Q99788,CMKLR1,1240
P04745,AMY1C,278
Q9UEU5,GAGE8,100101629
-,GDF5OS,554250
P56179,DLX6,1750
O43908,KLRC4,8302
Q9UBP8,KAAG1,353219
-,KIR2DS5,3810
Q9Y4C5,CHST2,9435
-,A2ML1,144568
Q06033,ITIH3,3699
Q7Z5A4,PRSS42,339906
A8MTA8,FAM166B,730112
Q5VU57,AGBL4,84871
P48307,TFPI2,7980
-,PI4KAP1,728233
Q5SY80,C1orf101,257044
Q9Y4I5,MTL5,9633
Q02846,GUCY2D,3000
Q8IXQ3,C9orf40,55071
P47972,NPTX2,4885
Q9Y5R2,MMP24,10893
P0C5Y9,H2AFB1,474382
Q9UKR8,TSPAN16,26526
O95803,NDST3,9348
Q9ULS5,TMCC3,57458
P02818,BGLAP,632
Q9UHF5,IL17B,27190
Q96MK2,FAM65C,140876
Q9UHG2,PCSK1N,27344
Q8N687,DEFB125,245938
O43511,SLC26A4,5172
-,BTN2A3P,54718
Q6S8J7,POTEA,340441
Q6WQI6,HEPN1,641654
P08861,CELA3B,23436
Q6A555,TXNDC8,255220
Q9P0G3,KLK14,43847
A6H8M9,CDHR4,389118
Q5TH74,STPG1,90529
Q86V88,MDP1,145553
Q9HCQ5,GALNT9,50614
O94933,SLITRK3,22865
P0DJD0,RGPD1,400966
Q6ZQN7,SLCO4C1,353189
Q9NQ03,SCRT2,85508
Q9NYY1,IL20,50604
O94967,WDR47,22911
Q9Y5G7,PCDHGA6,56109
-,IGHG3,3502
O95007,OR6B1,135946
O75845,SC5D,6309
Q8IYJ1,CPNE9,151835
Q9Y5G0,PCDHGB5,56101
Q8NGK3,OR52K2,119774
O60503,ADCY9,115
Q8N4C9,C17orf78,284099
Q6E213,AWAT2,158835
P33947,KDELR2,11014
Q8NDX9,LY6G5B,58496
Q96D31,ORAI1,84876
Q8N1D5,C1orf158,93190
Q8TDG2,ACTRT1,139741
P0C671,C6orf222,389384
Q8N699,MYCT1,80177
-,RPL23AP64,649946
P18627,LAG3,3902
-,SPDYE7P,441251
P98169,ZXDB,158586
P08620,FGF4,2249
Q68CJ6,NUGGC,389643
Q8IUE1,TGIF2LX,90316
Q96RD2,OR52B2,255725
Q5W041,ARMC3,219681
Q8N7M0,TCTEX1D1,200132
Q9Y5G4,PCDHGA9,56107
Q92545,TMEM131,23505
Q6ZS11,RINL,126432
-,PIP5K1P1,206426
Q4ZHG4,FNDC1,84624
Q9HAW7,UGT1A7,54577
A1A4G5,LNP1,348801
Q8WXD0,RXFP2,122042
Q5JVG2,ZNF484,83744
P20264,POU3F3,5455
-,SLC45A1,50651
Q8N141,ZFP82,284406
Q8IY85,EFCAB13,124989
Q9NZP6,NPAP1,23742
Q96A99,PTX4,390667
Q9UPC5,GPR34,2857
Q8N1N0,CLEC4F,165530
Q9Y6S9,RPS6KL1,83694
-,S100A7L2,645922
-,POM121L1P,25812
Q495C1,RNF212,285498
Q9UBC7,GALP,85569
Q15283,RASA2,5922
Q7L5N7,LPCAT2,54947
O43868,SLC28A2,9153
Q6UWF3,SCIMP,388325
Q9Y646,CPQ,10404
Q8WXS5,CACNG8,59283
-,TPM3P9,147804
Q86V48,LUZP1,7798
Q76NI1,KNDC1,85442
Q9Y661,HS3ST4,9951
Q14952,KIR2DS3,3808
Q8WVZ7,RNF133,168433
O75474,FRAT2,23401
P10643,C7,730
Q9BWW7,SCRT1,83482
Q8NAA6,C15orf53,400359
Q8TBP6,SLC25A40,55972
Q8TD33,SCGB1C1,147199
Q8N6Y2,LRRC17,10234
-,SDHAP2,727956
Q9BXU2,TEX13B,56156
Q8TC99,FNDC8,54752
Q8WTQ7,GRK7,131890
Q6UX46,FAM150B,285016
P42658,DPP6,1804
Q9NPB0,SAYSD1,55776
A6NDY0,PABPN1L,390748
Q8N104,DEFB106A,245909
Q96PX1,RNF157,114804
Q9H3R1,NDST4,64579
Q14549,GBX1,2636
P0C7V8,DCAF8L2,347442
O75074,LRP3,4037
Q96EF9,ZHX1-C8orf76,100533106
Q01954,BNC1,646
Q30KP9,DEFB135,613209
Q8TCT6,SPPL3,121665
Q2M3R5,SLC35G1,159371
Q9H1X3,DNAJC25-GNG10,552891
P59942,MCCD1,401250
O94772,LY6H,4062
Q8NGZ3,OR13G1,441933
Q6ZNG2,DBX2,440097
Q7RTS9,DYM,54808
A6NLJ0,C2CD4B,388125
Q9GZT5,WNT10A,80326
Q9Y3Q7,ADAM18,8749
P13164,IFITM1,8519
P58417,NXPH1,30010
Q92539,LPIN2,9663
Q5SQ64,LY6G6F,259215
-,DNAH17,8632
O75443,TECTA,7007
Q9NY37,ASIC5,51802
-,LINC00346,283487
P20382,PMCH,5367
Q5VZ03,NXNL2,158046
Q86VH5,LRRTM3,347731
Q5R3F8,ELFN2,114794
P08217,CELA2A,63036
Q9NW75,GPATCH2,55105
Q14003,KCNC3,3748
Q15620,OR8B8,26493
Q6PK04,CCDC137,339230
Q15198,PDGFRL,5157
Q07092,COL16A1,1307
Q13117,DAZ2,57055
Q2WEN9,CEACAM16,388551
Q86UP8,GTF2IRD2,84163
-,LOC613266,613266
-,OR1D4,653166
Q9BQ08,RETNLB,84666
Q9NPZ5,B3GAT2,135152
Q7Z4Q2,HEATR3,55027
Q8IVC4,ZNF584,201514
Q8TAD1,SPANXC,64663
Q6ZSI9,CAPN12,147968
Q8TEQ0,SNX29,92017
Q8N0V4,LGI2,55203
Q9NS84,CHST7,56548
P59282,TPPP2,122664
Q8IY21,DDX60,55601
Q12870,TCF15,6939
Q5SVZ6,ZMYM1,79830
-,GEMIN8P4,492303
Q9BS92,NIPSNAP3B,55335
E9PJ23,NPIPB6,728741
Q5VXM1,CDCP2,200008
O43405,COCH,1690
Q8TAC1,RFESD,317671
Q8TE56,ADAMTS17,170691
Q8N8Q9,NIPA2,81614
Q9H6X4,TMEM134,80194
Q9H1J5,WNT8A,7478
-,NBR2,10230
Q9BRQ8,AIFM2,84883
-,PRAMEF9,343070
Q6ZQY3,GADL1,339896
O95907,SLC16A8,23539
Q96B45,C10orf32,119032
Q9BUM1,G6PC3,92579
Q14679,TTLL4,9654
Q96KC2,ARL5B,221079
P04090,RLN2,6019
Q96KR4,LMLN,89782
Q53EV4,LRRC23,10233
-,TAS2R42,353164
Q8NER5,ACVR1C,130399
Q86WD7,SERPINA9,327657
Q6L9W6,B4GALNT3,283358
Q5DID0,UMODL1,89766
Q5T1B1,C10orf91,170393
Q765P7,MTSS1L,92154
-,IGHG2,3501
Q8NGZ9,OR2T10,127069
Q9NZK7,PLA2G2E,30814
Q86XU0,ZNF677,342926
Q8IZS8,CACNA2D3,55799
Q6ZN28,MACC1,346389
Q3MJ13,WDR72,256764
Q8IZN7,DEFB107A,245910
Q9GZU0,C6orf62,81688
Q9UJU3,ZNF112,7771
Q32M45,ANO4,121601
Q5GH76,XKR4,114786
Q8IYQ7,THNSL1,79896
Q6UXB3,LYPD2,137797
Q32M92,C15orf32,145858
Q8NGS8,OR13C5,138799
Q6FI13,HIST2H2AA4,723790
Q9UJQ1,LAMP5,24141
O96002,TMEM257,9142
Q6IC83,C22orf42,150297
Q5TF21,SOGA3,387104
Q8N945,PRELID2,153768
Q96M86,DNHD1,144132
P78333,GPC5,2262
Q3SYF9,KRTAP19-7,337974
Q99969,RARRES2,5919
O60299,LZTS3,9762
Q12889,OVGP1,5016
P29973,CNGA1,1259
Q9UL01,DSE,29940
Q96PG2,MS4A10,341116
Q96HY7,DHTKD1,55526
Q99542,MMP19,4327
O75290,ZNF780A,284323
Q9HBT7,ZNF287,57336
A7E2F4,GOLGA8A,23015
Q93098,WNT8B,7479
P07358,C8B,732
O95759,TBC1D8,11138
O15544,LINC01565,23434
-,LOC100128554,100128554
Q5H9L2,TCEAL5,340543
Q13519,PNOC,5368
Q30KQ6,DEFB114,245928
Q86SX3,C14orf80,283643
Q5JUR7,TEX30,93081
-,DEFB109P1B,641517
-,C3orf49,132200
O43692,PI15,51050
-,TRIM6-TRIM34,445372
Q9H999,PANK3,79646
Q9H209,OR10A4,283297
Q30KQ4,DEFB116,245930
O95502,NPTXR,23467
Q6PDA7,SPAG11A,653423
Q7Z4J2,GLT6D1,360203
Q8TCU3,SLC7A13,157724
O75951,LYZL6,57151
Q96QE4,LRRC37B,114659
P23942,PRPH2,5961
Q580R0,C2orf27A,29798
Q14865,ARID5B,84159
Q6UXC1,MAMDC4,158056
P33261,CYP2C19,1557
Q96A28,SLAMF9,89886
Q2M3X9,ZNF674,641339
Q8N584,TTC39C,125488
P61626,LYZ,4069
Q8N8D7,NKAIN3,286183
O00587,MFNG,4242
P22466,GAL,51083
Q9HBA9,FOLH1B,219595
Q12918,KLRB1,3820
Q8NFD2,ANKK1,255239
Q9HBH5,RDH14,57665
P01567,IFNA7,3444
Q8TAQ9,SUN3,256979
Q96JQ2,CLMN,79789
Q9C075,KRT23,25984
Q9H098,FAM107B,83641
Q8NFA2,NOXO1,124056
Q14515,SPARCL1,8404
Q6W3E5,GDPD4,220032
Q96QI5,HS3ST6,64711
Q9NXP7,GIN1,54826
Q5JS37,NHLRC3,387921
Q8N103,TAGAP,117289
Q5VWT5,C1orf168,199920
Q96DE0,NUDT16,131870
Q8IYN6,UBALD2,283991
P48739,PITPNB,23760
Q96ID5,IGSF21,84966
Q08AF3,SLFN5,162394
Q96MZ4,FAM218A,152756
O95672,ECEL1,9427
Q9UKI9,POU2F3,25833
Q9Y3R5,DOPEY2,9980
Q8NFZ8,CADM4,199731
O95868,LY6G6D,58530
Q16651,PRSS8,5652
Q9UDX5,MTFP1,51537
Q8TDP1,RNASEH2C,84153
Q8N3Y3,GYLTL1B,120071
Q8IV32,CCDC71,64925
Q8IXU6,SLC35F2,54733
Q9Y6M0,PRSS21,10942
Q8NET6,CHST13,166012
Q9Y5H0,PCDHGA3,56112
P17039,ZNF30,90075
Q8TDY8,IGDCC4,57722
Q92508,PIEZO1,9780
Q96FE7,PIK3IP1,113791
P50607,TUB,7275
Q9Y651,SOX21,11166
Q5JU69|Q8N2E6,TOR2A,27433
Q8N1P7,AIM1L,55057
Q9BV35,SLC25A23,79085
O95263,PDE8B,8622
-,RNF216P1,441191
-,ZNF767P,79970
Q6UXQ4,C2orf66,401027
Q8NGR4,OR5C1,392391
Q9NQ89,C12orf4,57102
P00739,HPR,3250
Q8N7C0,LRRC52,440699
Q3SXZ3,ZNF718,255403
Q8NET8,TRPV3,162514
Q96K31,C8orf76,84933
P24310,COX7A1,1346
Q3ZCV2,C1orf177,163747
A0PG75,PLSCR5,389158
P17019,ZNF708,7562
Q8IYW4,ENTHD1,150350
Q6ZWH5,NEK10,152110
Q96AX2,RAB37,326624
Q9UBX1,CTSF,8722
Q9H9A5,CNOT10,25904
P52951,GBX2,2637
Q8IVY1,C1orf210,149466
Q8TAY7,FAM110D,79927
Q9Y662,HS3ST3B1,9953
Q8N8E3,CEP112,201134
Q8ND82,ZNF280C,55609
Q6PII3,CCDC174,51244
Q5T2S8,ARMC4,55130
P24462,CYP3A7,1551
P41159,LEP,3952
O96007|O96033,MOCS2,4338
Q9NP56,PDE7B,27115
Q9BQY6,WFDC6,140870
Q9BXT2,CACNG6,59285
Q8N4T8,CBR4,84869
Q496H8,NRN1L,123904
Q6PCB8,EMB,133418
Q6UW32,IGFL1,374918
Q8N2A8,PLD6,201164
-,CES1P1,51716
Q9NTU4,TEX40,25858
Q8NDW4,ZNF248,57209
A6NC42,DPPA5,340168
Q9UHL3,FAM153A,285596
Q8IYS5,OSCAR,126014
Q9Y6F7,CDY2B,203611
Q9UEY8,ADD3,120
A8MXD5,GRXCR1,389207
P51795,CLCN5,1184
Q9H0C1,ZMYND12,84217
Q6S5H5,POTEG,404785
Q8NBI5,SLC43A3,29015
Q6EBC2,IL31,386653
Q5VXJ0,LIPK,643414
Q9H1A3,METTL9,51108
Q9BX74,TM2D1,83941
Q6PXP3,SLC2A7,155184
P30953,OR1E1,8387
Q5JPH6,EARS2,124454
Q9UL52,TMPRSS11E,28983
Q8IUA0,WFDC8,90199
Q9Y6F9,WNT6,7475
Q69YW2,C1orf95,375057
Q68BL8,OLFML2B,25903
Q9NZK5,CECR1,51816
Q3SXY7,LRIT3,345193
Q9BYG8,GSDMC,56169
Q5SQ80,ANKRD20A2,441430
P56177,DLX1,1745
-,RPL13AP3,645683
O75123,ZNF623,9831
Q8NGP4,OR5M3,219482
Q5T197,DCST1,149095
Q9GZZ6,CHRNA10,57053
Q96PT4,DUX3,26582
Q9UGF7,OR12D3,81797
Q96F81,DISP1,84976
O60486,PLXNC1,10154
Q9BXP2,SLC12A9,56996
Q6UWY0,ARSK,153642
P49619,DGKG,1608
Q9NWD9,BEX4,56271
Q8NEX6,WFDC11,259239
Q8TED9,AFAP1L1,134265
Q2M1V0,ISX,91464
Q674R7,ATG9B,285973
Q8N5H3,FAM89B,23625
Q8ND94,LRRN4CL,221091
Q8NG76,OR2T33,391195
Q6IE38,SPINK14,408187
Q13461,FOXE3,2301
P98187,CYP4F8,11283
-,HMGB3P1,128872
-,SBDSP1,155370
P52849,NDST2,8509
Q8NGE1,OR6C4,341418
Q8TB73,NDNF,79625
P35913,PDE6B,5158
P14651,HOXB3,3213
Q8WUH6,TMEM263,90488
Q8NH56,OR52N5,390075
Q6MZM9,PRR27,401137
-,RPS2P32,256355
Q9UL58,ZNF215,7762
Q8ND24,RNF214,257160
Q5MJ68,SPDYC,387778
Q8IVW1,ARL17A,51326
A1L4L8,PLAC8L1,153770
O75648,TRMU,55687
Q9H3S1,SEMA4A,64218
Q8WU49,C7orf33,202865
Q8TET4,GANC,2595
O75354,ENTPD6,955
Q5EG05,CARD16,114769
Q8IVB5,LIX1L,128077
Q9Y2M2,SSUH2,51066
Q9BXR5,TLR10,81793
P51688,SGSH,6448
O75054,IGSF3,3321
Q86Y38,XYLT1,64131
Q9NZV5,SEPN1,57190
-,OR4E2,26686
P23610,F8A1,8263
Q5SQH8,C6orf136,221545
Q9BYH1,SEZ6L,23544
P33908,MAN1A1,4121
O95390,GDF11,10220
Q8N5S3,C2orf73,129852
Q9Y5U8,MPC1,51660
Q68D10,SPTY2D1,144108
P57768,SNX16,64089
Q2VPA4,CR1L,1379
Q5C9Z4,NOM1,64434
Q2M3M2,SLC5A9,200010
A6NMB9,FIGNL2,401720
P59544,TAS2R50,259296
Q86W26,NLRP10,338322
Q9Y585,OR1A2,26189
Q8N139,ABCA6,23460
Q9Y2P5,SLC27A5,10998
Q6UY27,PATE2,399967
Q9Y693,LHFP,10186
Q9NY64,SLC2A8,29988
P42681,TXK,7294
Q8IUY3,GRAMD2,196996
P58294,PROK1,84432
-,RPLP0P2,113157
Q96NZ8,WFIKKN1,117166
P17098,ZNF8,7554
Q00056,HOXA4,3201
Q9NR63,CYP26B1,56603
-,ZNF738,148203
Q8N807,PDILT,204474
Q9NPD5,SLCO1B3,28234
Q96IW2,SHD,56961
Q9GZN0,GPR88,54112
Q27J81,INF2,64423
Q5T0D9,TPRG1L,127262
Q9NYJ7,DLL3,10683
Q5QJ38,TCHHL1,126637
P31275,HOXC12,3228
Q8IYR2,SMYD4,114826
Q6IMI4,SULT6B1,391365
Q71RH2,FAM57B,83723
O60292,SIPA1L3,23094
P56703,WNT3,7473
P0CV98|Q01534,TSPY3,728137
-,STAG3L4,64940
Q5BKX6,SLC45A4,57210
Q56UQ5,FLJ44635,392490
Q0P5N6,ARL16,339231
Q9BR10,SPATA25,128497
Q96SK2,TMEM209,84928
Q96PD6,MOGAT1,116255
-,NSUN5P1,155400
Q96JT2,SLC45A3,85414
Q8WWZ4,ABCA10,10349
Q58EX2,SDK2,54549
Q6UWH4,FAM198B,51313
Q9NUB4,C20orf141,128653
Q96P44,COL21A1,81578
P59861,DEFB131,644414
A6NNF4,ZNF726,730087
B1AK53,ESPN,83715
Q6UW63,KDELC1,79070
Q2M2D7,TBC1D28,254272
Q05996,ZP2,7783
Q9NS40,KCNH7,90134
Q8IZP7,HS6ST3,266722
O14529,CUX2,23316
Q7L1T6,CYB5R4,51167
Q53EL9,SEZ6,124925
Q9UQ05,KCNH4,23415
Q32P41,TRMT5,57570
Q8IY95,TMEM192,201931
Q9H611,PIF1,80119
Q96RB7,OR5M11,219487
Q9NTJ4,MAN2C1,4123
Q9H339,OR51B5,282763
-,IGLV6-57,28778
P22004,BMP6,654
Q6P4H8,FAM173B,134145
P10082,PYY,5697
A7E2U8,C4orf47,441054
Q969E1,LEAP2,116842
Q9BXC0,HCAR1,27198
A0PJK1,SLC5A10,125206
Q9BY64,UGT2B28,54490
Q9UJ42,GPR160,26996
Q14833,GRM4,2914
Q86W28,NLRP8,126205
-,IGKV1D-13,28902
-,LINC00266-1,140849
Q9H4F1,ST6GALNAC4,27090
Q96PC5,MIA2,117153
Q8NC60,NOA1,84273
Q6ZP82,CCDC141,285025
Q6F5E7,TXNRD3NB,645840
Q9H4Q4,PRDM12,59335
P84550,SKOR1,390598
Q9ULH4,LRFN2,57497
Q9BTX7,TTPAL,79183
Q96Q07,BTBD9,114781
Q5SQS8,C10orf120,399814
Q96QR1,SCGB3A1,92304
Q7Z3E1,TIPARP,25976
Q9NX62,IMPAD1,54928
Q9H0N0,RAB6C,84084
Q96J65,ABCC12,94160
Q9BZF2,OSBPL7,114881
Q5FWE3,PRRT3,285368
P51508,ZNF81,347344
O14771,ZNF213,7760
Q9BZF1,OSBPL8,114882
Q9NYR8,RDH8,50700
P59095,STARD6,147323
Q8N3S3,PHTF2,57157
P34096,RNASE4,6038
Q96P47,AGAP3,116988
A6NNB3,IFITM5,387733
Q7RTM1,OTOP1,133060
Q14184,DOC2B,8447
Q9NVV4,MTPAP,55149
Q9Y4X1,UGT2A1,10941
A5D8W1,CFAP69,79846
Q9P241,ATP10D,57205
P54107,CRISP1,167
-,LOC646938,646938
Q9P1Q5,OR1A1,8383
A1A4F0,PQLC2L,152078
Q6S8J3,POTEE,445582
Q8IUH2,CREG2,200407
-,BLOC1S5-TXNDC5,100526836
O14638,ENPP3,5169
A4D2G3,OR2A25,392138
Q9BZM3,GSX2,170825
-,TPI1P2,286016
Q9BSK1,ZNF577,84765
Q8N8A8,FAM169B,283777
A6NKQ9,CGB1,114335
O94923,GLCE,26035
Q96KN4,FAM84A,151354
Q8NGL2,OR5L1,219437
Q6IF00,OR2T2,401992
Q8NFQ6,BPIFC,254240
A6NE02,BTBD17,388419
O43508,TNFSF12-TNFSF13,407977
O60312,ATP10A,57194
-,CCDC144B,284047
A6NI73,LILRA5,353514
Q96G79,SLC35A4,113829
Q96PB1,CASD1,64921
P55056,APOC4,346
Q8N436,CPXM2,119587
Q8NGF9,OR4X2,119764
Q9UIL4,KIF25,3834
Q96QV1,HHIP,64399
O60755,GALR3,8484
A6NHZ5,LRRC14B,389257
Q9H2U9,ADAM7,8756
Q6P2I3,FAHD2B,151313
A1Z1Q3,MACROD2,140733
Q13214,SEMA3B,7869
E5RJM6,ANKRD65,441869
Q9HBI5,C3orf14,57415
Q96JI7,SPG11,80208
O95918,OR2H2,7932
Q5TD94,RSPH4A,345895
O60393,NOBOX,135935
Q8N8V2,GBP7,388646
Q6P2D8,XRRA1,143570
Q5T2R2,PDSS1,23590
-,PI4KAP2,375133
P69849,NOMO3,408050
Q9Y5K1,SPO11,23626
Q9Y238,DLEC1,9940
Q9BYD9,ACTRT3,84517
Q8IY45,AMN1,196394
Q8NCT3,KIAA0895,23366
Q9NYK1,TLR7,51284
Q9NRJ4,TULP4,56995
Q8N6V4,C10orf53,282966
P83881,RPL36A,6173
Q6F5E8,RLTPR,146206
Q9H9R9,DBNDD1,79007
Q0VAA2,LRRC74A,145497
-,PMS2P3,5387
-,PDXDC2P,283970
-,STAG3L3,442578
P54317,PNLIPRP2,5408
P11678,EPX,8288
Q8IWG1,WDR63,126820
Q6PRD7,CEMP1,752014
Q9NYV8,TAS2R14,50840
Q9Y4K1,AIM1,202
Q9UIR0,BTNL2,56244
Q5SRH9,TTC39A,22996
Q9H1U4,MEGF9,1955
Q8TDW4,ST7L,54879
Q9HAW9,UGT1A8,54576
Q9P255,ZNF492,57615
Q6XYB7,LBX2,85474
P59894,DCDC1,341019
Q16661,GUCA2B,2981
Q86XP6,GKN2,200504
Q9NR71,ASAH2,56624
Q8WV60,PTCD2,79810
P0C7Q2,ARMS2,387715
Q56A73,SPIN4,139886
Q7Z4T8,GALNTL5,168391
O43612,HCRT,3060
A0PJZ3,GXYLT2,727936
Q8NGP6,OR5M8,219484
Q6DKJ4,NXN,64359
Q92485,SMPDL3B,27293
Q8NEX9,SDR9C7,121214
Q9NZP8,C1RL,51279
Q8TAM1,BBS10,79738
Q9Y5F9,PCDHGB6,56100
Q6P6B1,ERICH5,203111
P35503,UGT1A3,54659
P31213,SRD5A2,6716
Q96I76,GPATCH3,63906
P29120,PCSK1,5122
Q8TC17,GRAPL,400581
O14603,PRY,9081
P02100,HBE1,3046
Q8NGI2,OR52N4,390072
Q15828,CST6,1474
Q12887,COX10,1352
Q8N123,CPXCR1,53336
Q5UE93,PIK3R6,146850
Q8NEM8,AGBL3,340351
Q6T311,ARL9,132946
-,IGHV4-31,28396
P23610,F8A2,474383
Q86VD9,PIGZ,80235
Q9UKF5,ADAM29,11086
-,ZNF321P,399669
P58180,OR4D2,124538
O43869,OR2T1,26696
-,FUNDC2P2,388965
Q9UHD0,IL19,29949
P78414,IRX1,79192
Q5TGS1,HES3,390992
Q5K130,CLLU1OS,574016
Q8TCG5,CPT1C,126129
Q5XKL5,BTBD8,284697
Q9Y2B5,VPS9D1,9605
Q8WWR9,C8orf22,492307
Q8NGC1,OR11G2,390439
Q8NGR1,OR13A1,79290
P56277,CMC4,100272147
Q96RV3,PCNX,22990
Q68CK6,ACSM2B,348158
Q9Y2V3,RAX,30062
Q5FWF4,ZRANB3,84083
-,DUX4L8,26583
Q8N3R3,TCAIM,285343
O14598,VCY,9084
Q99935,PROL1,58503
Q6GMV1,ALG1L,200810
P59533,TAS2R38,5726
-,LOC146880,146880
Q8WUY8,NAT14,57106
Q6JVE5,LCN12,286256
Q7Z3T1,OR2W3,343171
P22310,UGT1A4,54657
Q8N4M1,SLC44A3,126969
Q6NUI2,GPAT2,150763
Q9UI17,DMGDH,29958
A6NDV4,TMEM8B,51754
Q8NCL8,TMEM116,89894
Q8NGS0,OR1N1,138883
-,OVOS2,144203
Q7Z6R9,TFAP2D,83741
P59025,RTP1,132112
Q8NFP4,MDGA1,266727
Q2VIQ3,KIF4B,285643
Q86TP1,PRUNE,58497
Q96P56,CATSPER2,117155
-,TEKT4P2,100132288
-,PRR5-ARHGAP8,553158
Q9UGF5,OR14J1,442191
Q17R60,IMPG1,3617
Q9Y2U2,KCNK7,10089
A6NKF2,ARID3C,138715
Q969M2,GJA10,84694
Q6J9G0,STYK1,55359
-,SMTNL1,219537
P05013,IFNA6,3443
P31277,HOXD11,3237
Q86V35,CABP7,164633
Q8NDZ6,TMEM161B,153396
P58317,ZNF121,7675
Q13520,AQP6,363
Q14D04,VEPH1,79674
Q6ZNG9,KRBA2,124751
Q6T310,RASL11A,387496
Q9BZW2,SLC13A1,6561
Q9H4A4,RNPEP,6051
Q96MT4,C6orf195,154386
Q96E52,OMA1,115209
Q5TID7,CCDC181,57821
Q6UXY8,TMC5,79838
Q6ZTR7,FAM92B,339145
P51811,XK,7504
Q96I13,ABHD8,79575
Q96MH6,TMEM68,137695
Q9H246,C1orf21,81563
Q8N859,ZNF713,349075
-,TTC6,319089
Q6RUI8,C19orf48,84798
Q8NBL3,TMEM178A,130733
Q8IUA7,ABCA9,10350
P01286,GHRH,2691
Q9NVP4,DZANK1,55184
Q6IF42,OR2A2,442361
Q96S07,PRR25,388199
Q9P109,GCNT4,51301
Q8TAD2,IL17D,53342
Q9Y2C4,EXOG,9941
Q8TDY3,ACTRT2,140625
Q8N8G6,C15orf54,400360
Q9Y6U7,RNF215,200312
O75677,RFPL1,5988
Q2QD12,RPEL1,729020
Q8NEE8,TTC16,158248
P0DJD8,PGA3,643834
Q8NBE8,KLHL23,151230
Q14002,CEACAM7,1087
Q9BVV7,TIMM21,29090
Q6UWX4,HHIPL2,79802
A1L170,C1orf226,400793
Q9HCP6,HHATL,57467
Q14146,URB2,9816
Q7Z4Y8,ATP5L2,267020
Q6ZVF9,GPRIN3,285513
Q9Y5W7,SNX14,57231
-,LOC283788,283788
O14986,PIP5K1B,8395
Q49AG3,ZBED5,58486
Q5JRK9,PAGE2B,389860
P59534,TAS2R39,259285
-,TBC1D3B,414059
Q3B7S5,SMIM21,284274
O15528,CYP27B1,1594
Q96I45,TMEM141,85014
-,GAS8-AS1,750
Q9HC10,OTOF,9381
Q6IFN5,OR7E24,26648
Q7L513,FCRLA,84824
Q15390,MTFR1,9650
Q9BWW9,APOL5,80831
Q9UJQ7,SCP2D1,140856
Q8NFQ5,BPIFB6,128859
-,PRM3,58531
P56750,CLDN17,26285
-,PMS2P5,5383
-,PLEKHA8P1,51054
Q9UQQ1,NAALADL1,10004
Q9GZZ0,HOXD1,3231
Q9H2C8,OR51V1,283111
O95528,SLC2A10,81031
-,TBC1D3F,84218
Q8NGY5,OR6N1,128372
A2RUG3,XKRY2,353515
O75467,ZNF324,25799
Q86UB9,TMEM135,65084
Q86XR5,PRIMA1,145270
Q9H3T2,SEMA6C,10500
P48539,PCP4,5121
Q6AI14,SLC9A4,389015
O95222,OR6A2,8590
Q5SZJ8,BEND6,221336
Q6NUQ4,TMEM214,54867
A6NDU8,C5orf51,285636
Q5THK1,PRR14L,253143
Q8TAA9,VANGL1,81839
-,OR10G2,26534
Q8WUB2,FAM216A,29902
Q9BY07,SLC4A5,57835
Q9C0B5,ZDHHC5,25921
Q9HB55,CYP3A43,64816
O14842,FFAR1,2864
Q9UKJ0,PILRB,29990
Q8N7P1,PLD5,200150
Q96BQ5,CCDC127,133957
-,TRGV3,6976
Q8N9P6|Q96NJ1,C9orf163,158055
Q8TDU6,GPBAR1,151306
Q92186,ST8SIA2,8128
Q9NVV0,TMEM38B,55151
-,ZNF252P-AS1,286103
Q8NEG4,FAM83F,113828
P68431,HIST1H3H,8357
Q9NUV7,SPTLC3,55304
Q969T7,NT5C3B,115024
Q8TAL6,FIBIN,387758
Q6P6B7,ANKRD16,54522
Q6UW15,REG3G,130120
Q6P2I7,EBLN2,55096
O43826,SLC37A4,2542
Q6ZS86,GK5,256356
Q96IK0,TMEM101,84336
Q9UM22,EPDR1,54749
Q8TCW9,PROKR1,10887
Q9H6R6,ZDHHC6,64429
Q8N9B8,RASGEF1A,221002
Q9BSN7,TMEM204,79652
Q9NQW5,PRDM7,11105
Q5VWK5,IL23R,149233
Q9H2B4,SLC26A1,10861
Q6P4A7,SFXN4,119559
Q8N159,NAGS,162417
Q7L4S7,ARMCX6,54470
Q8WVE7,TMEM170A,124491
O43286,B4GALT5,9334
P38571,LIPA,3988
O43299,AP5Z1,9907
Q8IWX5,SGPP2,130367
Q5T9L3,WLS,79971
Q9H1M3,DEFB129,140881
Q96KF7,SMIM8,57150
Q8NCS4,ZMYM6NB,100506144
Q8IYL2,TRMT44,152992
Q8WU39,MZB1,51237
Q8TAI1,TYMSOS,494514
P26436,ACRV1,56
Q6UE05,WBSCR28,135886
Q96LA9,MRGPRX4,117196
Q6J272,FAM166A,401565
Q969I3,GLYATL1,92292
Q8N9Y4,FAM181A,90050
Q6SA08,TSSK4,283629
Q9H1N7,SLC35B3,51000
Q8TF08,COX7B2,170712
O75952,CABYR,26256
Q99712,KCNJ15,3772
Q5U4P2,ASPHD1,253982
Q96G91,P2RY11,5032
Q0VDG4,SCRN3,79634
Q9NYM4,GPR83,10888
Q9Y6I8,PXMP4,11264
Q8IYL9,GPR65,8477
Q6TDP4,KLHL17,339451
Q9HA82,CERS4,79603
Q3SY17,SLC25A52,147407
Q5GH73,XKR6,286046
P47881,OR3A1,4994
Q7Z3D4,LYSMD3,116068
Q86Y22,COL23A1,91522
-,RPSAP52,204010
P35410,MAS1L,116511
O14626,GPR171,29909
Q15319,POU4F3,5459
Q6U736,OPN5,221391
Q7Z5W3,BCDIN3D,144233
-,LRRC75A-AS1,125144
Q6P4D5,FAM122C,159091
O94911,ABCA8,10351
P59543,TAS2R20,259295
O60308,CEP104,9731
Q3SXM5,HSDL1,83693
Q9NXB9,ELOVL2,54898
Q14894,CRYM,1428
Q8NAV2,C8orf58,541565
Q8NG68,TTL,150465
A2RU54,HMX2,3167
O95473,SYNGR4,23546
Q9HAB3,SLC52A2,79581
Q9H0V1,TMEM168,64418
O95825,CRYZL1,9946
Q96CB5,C8orf44,56260
Q8IXH8,CDH26,60437
P15088,CPA3,1359
P50440,GATM,2628
Q01668,CACNA1D,776
Q9NVE5,USP40,55230
Q7Z7L1,SLFN11,91607
Q5EBL4,RILPL1,353116
Q9NP59,SLC40A1,30061
Q6IEG0,SNRNP48,154007
A2PYH4,HFM1,164045
Q7Z5Q1,CPEB2,132864
Q8TE04,PANK1,53354
Q71H61,ILDR2,387597
Q9HCM9,TRIM39,56658
Q9UPT8,ZC3H4,23211
O00584,RNASET2,8635
P01903,HLA-DRA,3122
Q9NRM6,IL17RB,55540
Q86T96,RNF180,285671
Q9H0A8,COMMD4,54939
P33778,HIST1H2BB,3018
Q66K64,DCAF15,90379
O43557,TNFSF14,8740
P36941,LTBR,4055
Q92956,TNFRSF14,8764
Q04724,TLE1,7088
Q05925,EN1,2019
-,FECD3,100380873
P20023,CR2,1380
P15144,ANPEP,290
P27487,DPP4,1803
Q86T26,TMPRSS11B,132724
P07711,CTSL,1514
P07858,CTSB,1508
P13164,IFITM1,8519
P25774,CTSS,1520
Q8WXI8,CLEC4D,338339
Q9NRS4,TMPRSS4,56649
Q9ULY5,CLEC4E,26253
Q5VV17,OTUD1,220213
O14925,TIMM23,100287932
Q96JP0,FEM1C,56929
P54764,EPHA4,2043
-,AIRN,100271873
P33316,DUT,1854
Q5VY09,IER5,51278
Q9Y6G5,COMMD10,51397
P06734,FCER2,2208
Q02952,AKAP12,9590
Q8N6M0,OTUD6B,51633
Q9UL18,AGO1,26523
Q5VTB9,RNF220,55182
Q9H3Y8,PPDPF,79144
Q53H47,SETMAR,6419
Q9Y6E7,SIRT4,23409
Q9H4I2,ZHX3,23051
P40189,IL6ST,3572
P13693,TPT1,7178
Q9H857,NT5DC2,64943
Q96AE4,FUBP1,8880
Q14149,MORC3,23515
Q01860,POU5F1,5460
Q9Y572,RIPK3,11035
O95156,NXPH2,11249
Q9Y5Q9,GTF3C3,9330
Q92611,EDEM1,9695
Q96BF3,TMIGD2,126259
-,BGLT3,103344929
Q9NRF9,POLE3,54107
Q9BR09,NEURL2,140825
Q13541,EIF4EBP1,1978
P30291,WEE1,7465
Q9UPY5,SLC7A11,23657
P49815,TSC2,7249
O14640,DVL1,1855
Q2WGJ6,KLHL38,340359
P41134,ID1,3397
Q96KB5,PBK,55872
P43403,ZAP70,7535
Q12899,TRIM26,7726
Q9H816,DCLRE1B,64858
Q96IF1,AJUBA,84962
Q9BZY9,TRIM31,11074
Q6X9E4,FBXW12,285231
Q15546,MMD,23531
Q8IUX4,APOBEC3F,200316
Q6NTF7,APOBEC3H,164668
P31941,APOBEC3A,200315
Q12829,RAB40B,10966
Q9UQ84,EXO1,9156
Q9NY74,ETAA1,54465
Q38SD2,LRRK1,79705
Q9UBP5,HEY2,23493
Q9UP52,TFR2,7036
Q99801,NKX3-1,4824
Q8WUY3,PRUNE2,158471
Q8N6T7,SIRT6,51548
P08134,RHOC,389
Q92633,LPAR1,1902
Q99973,TEP1,7011
P10071,GLI3,2737
Q9BTC0,DIDO1,11083
Q8IVP5,FUNDC1,139341
Q96I51,WBSCR16,81554
P51659,HSD17B4,3295
P41226,UBA7,7318
Q9UK73,FEM1B,10116
Q8IVV7,GID4,79018
Q86XI2,NCAPG2,54892
P60002,ELOF1,84337
Q7L5D6,GET4,51608
Q15475,SIX1,6495
Q6IA17,SIGIRR,59307
Q9BTK6,PAGR1,79447
Q7Z7J5,DPPA2,151871
A8MW95,BECN1P1,441925
Q5JY77,GPRASP1,9737
O15304,SIVA1,10572
Q9BZQ8,FAM129A,116496
Q9NYD6,HOXC10,3226
Q13443,ADAM9,8754
Q13438,OS9,10956
Q969S3,ZNF622,90441
P49915,GMPS,8833
P78395,PRAME,23532
Q9NUM4,TMEM106B,54664
Q9UKV0,HDAC9,9734
Q96RQ9,IL4I1,259307
Q9BYE2,TMPRSS13,84000
P41161,ETV5,2119
Q9C0K0,BCL11B,64919
Q8WW24,TEKT4,150483
P30273,FCER1G,2207
Q96RQ9,IL4I1,259307
Q9Y4P3,TBL2,26608
Q69YH5,CDCA2,157313
P48546,GIPR,2696
O00408,PDE2A,5138
O15178,T,6862
Q99581,FEV,54738
O75764,TCEA3,6920
P22362,CCL1,6346
O75153,CLUH,23277
Q96L92,SNX27,81609
P18085,ARF4,378
Q9H6U6,BCAS3,54828
Q96DX7,TRIM44,54765
P37023,ACVRL1,94
Q9C019,TRIM15,89870
A6NDU8,C5orf51,285636
O00214,LGALS8,3964
P50548,ERF,2077
Q86YD1,PTOV1,53635
Q9H8X9,ZDHHC11,79844
Q92575,UBXN4,23190
Q9H237,PORCN,64840
Q9Y448,KNSTRN,90417
Q9C000,NLRP1,22861
Q9NPP4,NLRC4,58484
Q9NQ88,C12orf5,57103
Q7Z333,SETX,23064
Q8TEK3,DOT1L,84444
P84095,RHOG,391
Q9H4E5,RHOJ,57381
P17081,RHOQ,23433
P15153,RAC2,5880
P53621,COPA,1314
P62745,RHOB,388
O00212,RHOD,29984
Q9HBH0,RHOF,54509
Q7L0Q8,RHOU,58480
Q96L33,RHOV,171177
O94844,RHOBTB1,9886
Q9BYZ6,RHOBTB2,23221
P52198,RND2,8153
Q9HCE5,METTL14,57721
Q14681,KCTD2,23510
Q9NXV2,KCTD5,54442
Q9NV72,ZNF701,55762
Q96F15,GIMAP5,55340
Q9C0D3,ZYG11B,79699
Q7Z7L7,ZER1,10444
Q9UBT6,POLK,51426
Q8TF76,GSG2,83903
Q9NWV8,BABAM1,29086
P36896,ACVR1B,91
Q86XJ1,GAS2L3,283431
Q53HL2,CDCA8,55143
P00367,GLUD1,2746
O75164,KDM4A,9682
O15550,KDM6A,7403
Q9GZX7,AICDA,57379
Q9NSC2,SALL1,6299
Q9C0F0,ASXL3,80816
P48764,SLC9A3,6550
Q05D32,CTDSPL2,51496
Q8N165,PDIK1L,149420
Q8TDR2,STK35,140901
P14921,ETS1,2113
Q9BYK8,HELZ2,85441
-,USP41,373856
O75496,GMNN,51053
Q9Y5X2,SNX8,29886
Q96EX3,WDR34,89891
P06756,ITGAV,3685
Q9Y383,LUC7L2,51631
P51522,ZNF83,55769
Q9UQ80,PA2G4,5036
Q03431,PTH1R,5745
Q13516,OLIG2,10215
Q9UKK6,NXT1,29107
Q9NPJ8,NXT2,55916
Q4G163,FBXO43,286151
Q8N806,UBR7,55148
O15427,SLC16A3,9123
P31943,HNRNPH1,3187
-,CCAT1,100507056
O60811,PRAMEF2,65122
Q9NSI2,FAM207A,85395
Q8IV32,CCDC71,64925
Q96NW4,ANKRD27,84079
Q8NB46,ANKRD52,283373
Q6NXT1,ANKRD54,129138
Q8N392,ARHGAP18,93663
Q9BVV8,C19orf24,55009
Q9UNZ5,C19orf53,28974
Q5VT25,CDC42BPA,8476
Q8N5B7,CERS5,91012
Q8IYA6,CKAP2L,150468
Q5JSL3,DOCK11,139818
Q5UCC4,EMC10,284361
Q53EU6,AGPAT9,84803
Q92664,GTF3A,2971
P82970,HMGN5,79366
Q8IZA0,KIAA0319L,79932
O60476,MAN1A2,10905
Q9NRP0,OSTC,58505
Q8NEN9,PDZD8,118987
O75417,POLQ,10721
Q6P2P2,PRMT9,90826
Q969E2,SCAMP4,113178
Q86SK9,SCD5,79966
Q92503,SEC14L1,6397
Q6ZVN7,C7orf76,401388
Q8N697,SLC15A4,121260
Q6NT16,SLC18B1,116843
P43003,SLC1A3,6507
Q96NT5,SLC46A1,113235
Q9BRV3,SLC50A1,55974
O15270,SPTLC2,9517
Q17R31,TATDN3,128387
Q8IWA0,WDR75,84128
Q9Y485,DMXL1,1657
O94759,TRPM2,7226
Q9H3Y8,PPDPF,79144
Q14050,COL9A3,1299
A8TX70,COL6A5,256076
Q86VE9,SERINC5,256987
Q96BZ4,PLD4,122618
Q8IY17,PNPLA6,10908
O15321,TM9SF1,10548
Q9Y305,ACOT9,23597
Q5T848,GPR158,57512
Q6PJF5,RHBDF2,79651
Q6ZS72,C19orf35,374872
-,LOC101929977,101929977
Q9P1Y5,CAMSAP3,57662
Q9NXB0,MKS1,54903
-,LOC100130075,100130075
-,HOXC-AS3,100874365
-,BDNF-AS,497258
Q9UEF7,KL,9365
Q5MNV8,FBXO47,494188
Q96MG8,PCMTD1,115294
-,TUG1,55000
P40616,ARL1,400
P36405,ARL3,403
P56559,ARL4C,10123
Q9Y689,ARL5A,26225
Q96KC2,ARL5B,221079
Q9H0F7,ARL6,84100
Q96BM9,ARL8A,127829
Q9NVJ2,ARL8B,55207
Q8N8L6,ARL10,285598
Q969Q4,ARL11,115761
Q3SXY8,ARL13B,200894
Q9NXU5,ARL15,54622
Q0P5N6,ARL16,339231
Q13795,ARFRP1,10139
P08727,KRT19,3880
P57737,CORO7,79585
Q6P1J9,CDC73,79577
Q9UBZ4,APEX2,27301
O43521,BCL2L11,10018
-,LINC01420,550643
A1X283,SH3PXD2B,285590
A5PLK6,RGSL1,353299
A6ND36,FAM83G,644815
O14594,NCAN,1463
O15021,MAST4,375449
O15327,INPP4B,8821
-,NEMF,9147
O75391,SPAG7,9552
O76054,SEC14L2,23541
P0CG39,POTEJ,653781
P30046,DDT,1652
P30414,NKTR,4820
P50135,HNMT,3176
P51692,STAT5B,6777
P51808,DYNLT3,6990
P51858,HDGF,3068
P51946,CCNH,902
P52434,POLR2H,5437
P52566,ARHGDIB,397
P52732,KIF11,3832
P52735,VAV2,7410
P52747,ZNF143,7702
P52758,HRSP12,10247
P52789,HK2,3099
P52888,THOP1,7064
P52895,AKR1C2,1646
P52907,CAPZA1,829
P52926,HMGA2,8091
P52943,CRIP2,1397
P53004,BLVRA,644
P53367,ARFIP1,27236
P53384,NUBP1,4682
P53567,CEBPG,1054
P53597,SUCLG1,8802
P53602,MVD,4597
P53609,PGGT1B,5229
P53611,RABGGTB,5876
P53634,CTSC,1075
P53778,MAPK12,6300
P53801,PTTG1IP,754
P53803,POLR2K,5440
P53990,IST1,9798
P53992,SEC24C,9632
P53999,SUB1,10923
P55010,EIF5,1983
P55039,DRG2,1819
P55060,CSE1L,1434
P55263,ADK,132
P55735,SEC13,6396
P55786,NPEPPS,9520
P55789,GFER,2671
P55822,SH3BGR,6450
P56159,GFRA1,2674
P56211,ARPP19,10776
P56270,MAZ,4150
P56377,AP1S2,8905
P56381,ATP5E,514
P56537,EIF6,3692
P57071,PRDM15,63977
P57076,C21orf59,56683
P57081,WDR4,10785
P57723,PCBP4,57060
P57764,GSDMD,79792
P57772,EEFSEC,60678
P58107,EPPK1,83481
P60033,CD81,975
P60174,TPI1,7167
P60228,EIF3E,3646
P60510,PPP4C,5531
P60866,RPS20,6224
P60981,DSTN,11034
P60983,GMFB,2764
P61018,RAB4B,53916
P61019,RAB2A,5862
P61024,CKS1B,1163
P61129,ZC3H6,376940
P61158,ACTR3,10096
P61221,ABCE1,6059
P61599,NAA20,51126
P61758,VBP1,7411
P61764,STXBP1,6812
P61916,NPC2,10577
P61923,COPZ1,22818
P61927,RPL37,6167
P61966,AP1S1,1174
P61970,NUTF2,10204
P62070,RRAS2,22800
P62244,RPS15A,6210
P62306,SNRPF,6636
P62312,LSM6,11157
P62328,TMSB4X,7114
P62487,POLR2G,5436
P62633,CNBP,7555
P62857,RPS28,6234
P62995,TRA2B,6434
P63173,RPL38,6169
P63220,RPS21,6227
P63241,EIF5A,1984
P63261,ACTG1,71
P63302,SEPW1,6415
P67936,TPM4,7171
P68133,ACTA1,58
P68366,TUBA4A,7277
P68371,TUBB4B,10383
P78316,NOP14,8602
P78346,RPP30,10556
P78417,GSTO1,9446
P80188,LCN2,3934
P80297,MT1X,4501
P80404,ABAT,18
P82909,MRPS36,92259
P82979,SARNP,84324
P84103,SRSF3,6428
P86791|P86790,CCZ1B,221960
P98179,RBM3,5935
Q00059,TFAM,7019
Q00169,PITPNA,5306
Q00526,CDK3,1018
Q00536,CDK16,5127
Q00577,PURA,5813
Q01130,SRSF2,6427
Q01433,AMPD2,271
Q01459,CTBS,1486
Q01469,FABP5,2171
Q01518,CAP1,10487
Q01581,HMGCS1,3157
Q01970,PLCB3,5331
Q01995,TAGLN,6876
Q02241,KIF23,9493
Q02252,ALDH6A1,4329
Q02818,NUCB1,4924
Q03154,ACY1,95
Q04446,GBE1,2632
Q04726,TLE3,7090
Q04837,SSBP1,6742
Q04917,YWHAH,7533
Q05639,EEF1A2,1917
Q06203,PPAT,5471
Q07157,TJP1,7082
Q07866,KLC1,3831
Q07889,SOS1,6654
Q08170,SRSF4,6429
Q08257,CRYZ,1429
Q08345,DDR1,780
Q08378,GOLGA3,2802
Q08AD1,CAMSAP2,23271
Q08J23,NSUN2,54888
Q10713,PMPCA,23203
Q12765,SCRN1,9805
Q12768,KIAA0196,9897
Q12789,GTF3C1,2975
Q12792,TWF1,5756
Q12802,AKAP13,11214
Q12872,SFSWAP,6433
Q12882,DPYD,1806
Q12893,TMEM115,11070
Q12904,AIMP1,9255
Q12905,ILF2,3608
Q12965,MYO1E,4643
Q12968,NFATC3,4775
Q12972,PPP1R8,5511
Q13011,ECH1,1891
Q13033,STRN3,29966
Q13057,COASY,80347
Q13085,ACACA,31
Q13111,CHAF1A,10036
Q13144,EIF2B5,8893
Q13177,PAK2,5062
Q13227,GPS2,2874
Q13228,SELENBP1,8991
Q13242,SRSF9,8683
Q13243,SRSF5,6430
Q13247,SRSF6,6431
Q13303,KCNAB2,8514
Q13308,PTK7,5754
Q13367,AP3B2,8120
Q13371,PDCL,5082
Q13404|A5PLL7,TMEM189-UBE2V1,387522
Q13427,PPIG,9360
Q13442,PDAP1,11333
Q13464,ROCK1,6093
Q13510,ASAH1,427
Q13586,STIM1,6786
Q13595,TRA2A,29896
Q13630,TSTA3,7264
Q13685,AAMP,14
Q13753,LAMC2,3918
Q13769,THOC5,8563
Q13867,BLMH,642
Q14019,COTL1,23406
Q14061,COX17,10063
Q14116,IL18,3606
Q14118,DAG1,1605
Q14119,VEZF1,7716
Q14123,PDE1C,5137
Q14160,SCRIB,23513
Q14181,POLA2,23649
Q14204,DYNC1H1,1778
Q14232,EIF2B1,1967
Q14244,MAP7,9053
Q14318,FKBP8,23770
Q14331,FRG1,2483
Q14353,GAMT,2593
Q14376,GALE,2582
Q14558,PRPSAP1,5635
Q14566,MCM6,4175
Q14651,PLS1,5357
Q14657,LAGE3,8270
Q14686,NCOA6,23054
Q14687,GSE1,23199
Q14691,GINS1,9837
Q14697,GANAB,23193
Q14738,PPP2R5D,5528
Q14746,COG2,22796
Q14914,PTGR1,22949
Q14C86,GAPVD1,26130
Q14CX7,NAA25,80018
Q15003,NCAPH,23397
Q15004,KIAA0101,9768
Q15007,WTAP,9589
Q15019,SEPT2,4735
Q15021,NCAPD2,9918
Q15042,RAB3GAP1,22930
Q15054,POLD3,10714
Q15056,EIF4H,7458
Q15057,ACAP2,23527
Q15120,PDK3,5165
Q15126,PMVK,10654
Q15181,PPA1,5464
Q15334,LLGL1,3996
Q15366,PCBP2,5094
Q15375,EPHA7,2045
Q15382,RHEB,6009
Q15417,CNN3,1266
Q15427,SF3B4,10262
Q15434,RBMS2,5939
Q15436,SEC23A,10484
Q15437,SEC23B,10483
Q15631,TSN,7247
Q15642,TRIP10,9322
Q15653,NFKBIB,4793
Q15738,NSDHL,50814
Q15742,NAB2,4665
Q15813,TBCE,6905
Q15833,STXBP2,6813
Q15911,ZFHX3,463
Q16512,PKN1,5585
Q16537,PPP2R5E,5529
Q16543,CDC37,11140
Q16629,SRSF7,6432
Q16644,MAPKAPK3,7867
Q16719,KYNU,8942
Q16762,TST,7263
Q16774,GUK1,2987
Q16798,ME3,10873
Q16799,RTN1,6252
Q16822,PCK2,5106
Q16831,UPP1,7378
Q16836,HADH,3033
Q16878,CDO1,1036
Q1KMD3,HNRNPUL2,221092
Q1L5Z9,LONRF2,164832
Q2KHR3,QSER1,79832
Q2M389,KIAA1033,23325
Q2NL82,TSR1,55720
Q2TAA2,IAH1,285148
Q32MZ4,LRRFIP1,9208
Q32P41,TRMT5,57570
Q3B726,TWISTNB,221830
Q3KRA6,C2orf76,130355
Q3LXA3,DAK,26007
Q3MIT2,PUS10,150962
Q3YEC7,RABL6,55684
Q3ZCM7,TUBB8,347688
Q3ZCW2,LGALSL,29094
Q495W5,FUT11,170384
Q4G0F5,VPS26B,112936
Q4G0N4,NADK2,133686
Q4G148,GXYLT1,283464
Q4KWH8,PLCH1,23007
Q4LDG9,DNAL1,83544
Q4VC05,BCL7A,605
Q52LW3,ARHGAP29,9411
Q53H54,TRMT12,55039
Q53H82,LACTB2,51110
Q53T59,HS1BP3,64342
Q56P03,EAPP,55837
Q5BKY9,FAM133B,257415
Q5GLZ8,HERC4,26091
Q5H9R7,PPP6R3,55291
Q5HYK7,SH3D19,152503
Q5JPI9,METTL10,399818
Q5JRX3,PITRM1,10531
Q5JSH3,WDR44,54521
Q5JTV8,TOR1AIP1,26092
Q5JTZ9,AARS2,57505
Q5K651,SAMD9,54809
Q5MIZ7,SMEK2,57223
Q5SRE5,NUP188,23511
Q5T0W9,FAM83B,222584
Q5T1M5,FKBP15,23307
Q5T2E6,C10orf76,79591
Q5T2T1,MPP7,143098
Q5T4S7,UBR4,23352
Q5T6V5,C9orf64,84267
Q5TBB1,RNASEH2B,79621
Q5TC12,ATPAF1,64756
Q5TEA3,C20orf194,25943
Q5TEU4,NDUFAF5,79133
Q5VSL9,STRIP1,85369
Q5VT52,RPRD2,23248
Q5VUM1,C6orf57,135154
Q5VW32,BROX,148362
Q5VWZ2,LYPLAL1,127018
Q5VZE5,NAA35,60560
Q5VZF2,MBNL2,10150
Q5VZK9,LRRC16A,55604
Q5SNT6|Q641Q2,FAM21A,387680
Q68CP9,ARID2,196528
Q68E01,INTS3,65123
Q6AI08,HEATR6,63897
Q6DHV7,ADAL,161823
Q6DT37,CDC42BPG,55561
Q6I9Y2,THOC7,80145
Q6IA86,ELP2,55250
Q6ICL3,TANGO2,128989
Q6IN85,SMEK1,55671
Q6IQ22,RAB12,201475
Q6JBY9,RCSD1,92241
Q6L8Q7,PDE12,201626
Q6N069,NAA16,79612
Q6NXG1,ESRP1,54845
Q6P161,MRPL54,116541
Q6P1K8|Q13888,GTF2H2C,728340
Q6P1L8,MRPL14,64928
Q6P1M3,LLGL2,3993
Q6P1R4,DUS1L,64118
Q6P2E9,EDC4,23644
Q6P2P2,PRMT9,90826
Q6P3W7,SCYL2,55681
Q6P4I2,WDR73,84942
Q6P587,FAHD1,81889
Q6P996,PDXDC1,23042
Q6P9B6,TLDC1,57707
Q6PII3,CCDC174,51244
Q6PJG2,ELMSAN1,91748
Q6UB35,MTHFD1L,25902
Q6UUV9,CRTC1,23373
Q6UX04,CWC27,10283
Q6UXH1,CRELD2,79174
Q6UXN9,WDR82,80335
Q6WKZ4,RAB11FIP1,80223
Q6XQN6,NAPRT,93100
Q6Y288,B3GALTL,145173
Q6Y7W6,GIGYF2,26058
Q6ZMI0,PPP1R21,129285
Q6ZRS2,SRCAP,10847
Q6ZSZ5,ARHGEF18,23370
Q6ZVK8,NUDT18,79873
Q6ZW49,PAXIP1,22976
Q70IA6,MOB2,81532
Q70J99,UNC13D,201294
Q71DI3,HIST2H3C,126961
Q71RC2,LARP4,113251
Q7KZF4,SND1,27044
Q7L0Y3,TRMT10C,54931
Q7L1Q6,BZW1,9689
Q7L266,ASRGL1,80150
Q7L273,KCTD9,54793
Q7L2H7,EIF3M,10480
Q7L576,CYFIP1,23191
Q7L775,EPM2AIP1,9852
Q7L8L6,FASTKD5,60493
Q7L8W6,DPH6,89978
Q7L9L4,MOB1B,92597
Q7LBC6,KDM3B,51780
Q7LBR1,CHMP1B,57132
Q7LG56,RRM2B,50484
Q7RTS9,DYM,54808
Q7Z2T5,TRMT1L,81627
Q7Z2Z2,EFTUD1,79631
Q7Z392,TRAPPC11,60684
Q7Z3J2,C16orf62,57020
Q7Z4H3,HDDC2,51020
Q7Z4W1,DCXR,51181
Q7Z589,C11orf30,56946
Q7Z6M1,RABEPK,10244
Q7Z7F7,MRPL55,128308
Q86SX6,GLRX5,51218
Q86TU7,SETD3,84193
Q86U42,PABPN1,8106
Q86U86,PBRM1,55193
Q86U90,YRDC,79693
Q86UY8,NT5DC3,51559
Q86V21,AACS,65985
Q86V48,LUZP1,7798
Q86VN1,VPS36,51028
Q86VS8,HOOK3,84376
Q86WR0,CCDC25,55246
Q86X83,COMMD2,51122
Q86YP4,GATAD2A,54815
Q86YS6,RAB43,339122
Q8IU81,IRF2BP1,26145
Q8IUI8,CRLF3,51379
Q8IUZ5,PHYKPL,85007
Q8IV36,HID1,283987
Q8IVF2,AHNAK2,113146
Q8IWB7,WDFY1,57590
Q8IWC1,MAP7D3,79649
Q8IWZ3,ANKHD1,54882
Q8IWZ8,SUGP1,57794
Q8IX18,DHX40,79665
Q8IXH7,NELFCD,51497
Q8IXW5,RPAP2,79871
Q8IY67,RAVER1,125950
Q8IYB1,MB21D2,151963
Q8IYB7,DIS3L2,129563
Q8IYB8,SUPV3L1,6832
Q8IYD1,GSPT2,23708
Q8IYI6,EXOC8,149371
Q8IYL3,C1orf174,339448
Q8IYQ7,THNSL1,79896
Q8IYT2,CMTR2,55783
Q8IYT4,KATNAL2,83473
Q8IZ83,ALDH16A1,126133
Q8IZQ5,C11orf31,280636
Q8N0T1,C8orf59,401466
Q8N0Z6,TTC5,91875
Q8N108,MIER1,57708
Q8N1F7,NUP93,9688
Q8N392,ARHGAP18,93663
Q8N465,D2HGDH,728294
Q8N4C8,MINK1,50488
Q8N4P2,TTC30B,150737
Q8N4P3,HDDC3,374659
Q8N4W9,ZNF808,388558
Q8N5F7,NKAP,79576
Q8N5I2,ARRDC1,92714
Q8N5I9,C12orf45,121053
Q8N5M1,ATPAF2,91647
Q8N5M4,TTC9C,283237
Q8N684,CPSF7,79869
Q8N6H7,ARFGAP2,84364
Q8N8N7,PTGR2,145482
Q8N8R7,ARL14EP,120534
Q8NAF0,ZNF579,163033
Q8NB78,KDM1B,221656
Q8NBF6,AVL9,23080
Q8NBJ5,COLGALT1,79709
Q8NBJ7,SUMF2,25870
Q8NBK3,SUMF1,285362
Q8NBL1,POGLUT1,56983
Q8NBT2,SPC24,147841
Q8NCF5,NFATC2IP,84901
Q8NCM8,DYNC2H1,79659
Q8NCN5,PDPR,55066
Q8NDH3,NPEPL1,79716
Q8NEM2,SHCBP1,79801
Q8NEZ2,VPS37A,137492
Q8NFF5,FLAD1,80308
Q8NFW8,CMAS,55907
Q8NG68,TTL,150465
Q8NHU6,TDRD7,23424
Q8NI27,THOC2,57187
Q8NI35,INADL,10207
Q8TA86,RP9,6100
Q8TAA5,GRPEL2,134266
Q8TAG9,EXOC6,54536
Q8TBB5,KLHDC4,54758
Q8TBE9,NANP,140838
Q8TBX8,PIP4K2C,79837
Q8TBZ6,TRMT10A,93587
Q8TCF1,ZFAND1,79752
Q8TD06,AGR3,155465
Q8TDQ7,GNPDA2,132789
Q8TE04,PANK1,53354
Q8TE68,EPS8L1,54869
Q8TE77,SSH3,54961
Q8TEA1,NSUN6,221078
Q8TEA7,TBCK,93627
Q8TEQ6,GEMIN5,25929
Q8TET4,GANC,2595
Q8TEX9,IPO4,79711
Q8TF05,PPP4R1,9989
Q8TF42,UBASH3B,84959
Q8TF68,ZNF384,171017
Q8WTW3,COG1,9382
Q8WUA2,PPIL4,85313
Q8WUA4,GTF3C2,2976
Q8WUB8,PHF10,55274
Q8WUD4,CCDC12,151903
Q8WUH2,TGFBRAP1,9392
Q8WUP2,FBLIM1,54751
Q8WV24,PHLDA1,22822
Q8WV93,LACE1,246269
Q8WVC0,LEO1,123169
Q8WVM8,SCFD1,23256
Q8WWH5,TRUB1,142940
Q8WWM7,ATXN2L,11273
Q8WX92,NELFB,25920
Q8WXF1,PSPC1,55269
Q8WY54,PPM1E,22843
Q8WYA0,IFT81,28981
Q92485,SMPDL3B,27293
Q92506,HSD17B8,7923
Q92541,RTF1,23168
Q92552,MRPS27,23107
Q92572,AP3S1,1176
Q92599,SEPT8,23176
Q92609,TBC1D5,9779
Q92616,GCN1L1,10985
Q92620,DHX38,9785
Q92621,NUP205,23165
Q92623,TTC9,23508
Q92665,MRPS31,10240
Q92696,RABGGTA,5875
Q92747,ARPC1A,10552
Q92754,TFAP2C,7022
Q92766,RREB1,6239
Q92820,GGH,8836
Q92823,NRCAM,4897
Q92896,GLG1,2734
Q92900,UPF1,5976
Q92925,SMARCD2,6603
Q92974,ARHGEF2,9181
Q969E4,TCEAL3,85012
Q969F1,GTF3C6,112495
Q969G6,RFK,55312
Q969S9,GFM2,84340
Q969T7,NT5C3B,115024
Q969Y2,GTPBP3,84705
Q96A65,EXOC4,60412
Q96A72,MAGOHB,55110
Q96A73,KIAA1191,57179
Q96AY3,FKBP10,60681
Q96B23,C18orf25,147339
Q96B26,EXOSC8,11340
Q96B54,ZNF428,126299
Q96BJ3,AIDA,64853
Q96BX8,MOB3A,126308
Q96C19,EFHD2,79180
Q96C86,DCPS,28960
Q96C90,PPP1R14B,26472
Q96CF2,CHMP4C,92421
Q96CN7,ISOC1,51015
Q96CP2,FLYWCH2,114984
Q96CT7,CCDC124,115098
Q96DB5,RMDN1,51115
Q96DG6,CMBL,134147
Q96EE3,SEH1L,81929
Q96EI5,TCEAL4,79921
Q96EK5,KIAA1279,26128
Q96EK9,KTI12,112970
Q96EY5,MVB12A,93343
Q96EY7,PTCD3,55037
Q96F07,CYFIP2,26999
Q96FN9,DTD2,112487
Q96FQ6,S100A16,140576
Q96FV2,SCRN2,90507
Q96FX7,TRMT61A,115708
Q96FZ2,HMCES,56941
Q96G03,PGM2,55276
Q96GC5,MRPL48,51642
Q96GY0,ZC2HC1A,51101
Q96H20,SNF8,11267
Q96HC4,PDLIM5,10611
Q96HR8,NAF1,92345
Q96HY6,DDRGK1,65992
Q96HY7,DHTKD1,55526
Q96I15,SCLY,51540
Q96I25,RBM17,84991
Q96I59,NARS2,79731
Q96IU4,ABHD14B,84836
Q96J01,THOC3,84321
Q96JB2,COG3,83548
Q96JG6,CCDC132,55610
Q96JM3,CHAMP1,283489
Q96K76,USP47,55031
Q96KG9,SCYL1,57410
Q96KP1,EXOC2,55770
Q96KP4,CNDP2,55748
Q96KR1,ZFR,51663
Q96M27,PRRC1,133619
Q96MW5,COG8,84342
Q96N67,DOCK7,85440
Q96P16,RPRD1A,55197
Q96P70,IPO9,55705
Q96Q05,TRAPPC9,83696
Q96Q15,SMG1,23049
Q96QR8,PURB,5814
Q96RQ3,MCCC1,56922
Q96RS6,NUDCD1,84955
Q96SB4,SRPK1,6732
Q96ST3,SIN3A,25942
Q96T23,RSF1,51773
Q96T51,RUFY1,80230
Q96T58,SPEN,23013
Q96TA1,FAM129B,64855
Q99439,CNN2,1265
Q99471,PFDN5,5204
Q99536,VAT1,10493
Q99547,MPHOSPH6,10200
Q99567,NUP88,4927
Q99575,POP1,10940
Q99611,SEPHS2,22928
Q99613,EIF3C,8663
Q99615,DNAJC7,7266
Q99715,COL12A1,1303
Q99733,NAP1L4,4676
Q99747,NAPG,8774
Q99797,MIPEP,4285
Q99856,ARID3A,1820
Q9BPU6,DPYSL5,56896
Q9BPX3,NCAPG,64151
Q9BPY3,FAM118B,79607
Q9BQ04,RBM4B,83759
Q9BQ69,MACROD1,28992
Q9BQ70,TCF25,22980
Q9BQG2,NUDT12,83594
Q9BQL6,FERMT1,55612
Q9BR76,CORO1B,57175
Q9BRF8,CPPED1,55313
Q9BRP8,WIBG,84305
Q9BSH4,TACO1,51204
Q9BSR8,YIPF4,84272
Q9BSV6,TSEN34,79042
Q9BTE1,DCTN5,84516
Q9BTT0,ANP32E,81611
Q9BTW9,TBCD,6904
Q9BUB4,ADAT1,23536
Q9BUI4,POLR3C,10623
Q9BUJ2,HNRNPUL1,11100
Q9BUL8,PDCD10,11235
Q9BUP3,HTATIP2,10553
Q9BV57,ADI1,55256
Q9BV79,MECR,51102
Q9BV86,NTMT1,28989
Q9BVG4,PBDC1,51260
Q9BW83,IFT27,11020
Q9BW92,TARS2,80222
Q9BWJ5,SF3B5,83443
Q9BWS9,CHID1,66005
Q9BWU0,SLC4A1AP,22950
Q9BX40,LSM14B,149986
Q9BXJ9,NAA15,80155
Q9BXP5,SRRT,51593
Q9BXS6,NUSAP1,51203
Q9BY32,ITPA,3704
Q9BY42,RTFDC1,51507
Q9BY43,CHMP4A,29082
Q9BY89,KIAA1671,85379
Q9BYC8,MRPL32,64983
Q9BYG5,PARD6B,84612
Q9BYT8,NLN,57486
Q9BZD4,NUF2,83540
Q9BZH6,WDR11,55717
Q9BZI7,UPF3B,65109
Q9BZJ0,CRNKL1,51340
Q9BZK7,TBL1XR1,79718
Q9C0C2,TNKS1BP1,85456
Q9GZN1,ACTR6,64431
Q9GZN8,C20orf27,54976
Q9GZP8,C19orf33,64073
Q9GZZ9,UBA5,79876
Q9H0B6,KLC2,64837
Q9H0E3,SAP130,79595
Q9H0E9,BRD8,10902
Q9H0R6,QRSL1,55278
Q9H147,DNTTIP1,116092
Q9H173,SIL1,64374
Q9H1A4,ANAPC1,64682
Q9H1D9,POLR3F,10621
Q9H1E3,NUCKS1,64710
Q9H1J1,UPF3A,65110
Q9H270,VPS11,55823
Q9H2G2,SLK,9748
Q9H2K0,MTIF3,219402
Q9H2W6,MRPL46,26589
Q9H3P7,ACBD3,64746
Q9H3U1,UNC45A,55898
Q9H444,CHMP4B,128866
Q9H477,RBKS,64080
Q9H4A5,GOLPH3L,55204
Q9H4A6,GOLPH3,64083
Q9H501,ESF1,51575
Q9H6A0,DENND2D,79961
Q9H6Q4,NARFL,64428
Q9H6S3,EPS8L2,64787
Q9H6T0,ESRP2,80004
Q9H6T3,RPAP3,79657
Q9H7L9,SUDS3,64426
Q9H814,PHAX,51808
Q9H875,PRKRIP1,79706
Q9H8W4,PLEKHF2,79666
Q9H8Y8,GORASP2,26003
Q9H9A5,CNOT10,25904
Q9H9E3,COG4,25839
Q9H9F9,ACTR5,79913
Q9HAB8,PPCS,79717
Q9HAU5,UPF2,26019
Q9HAV4,XPO5,57510
Q9HB40,SCPEP1,59342
Q9HCC0,MCCC2,64087
Q9HCD6,TANC2,26115
Q9HCH5,SYTL2,54843
Q9HCK8,CHD8,57680
Q9HD15,SRA1,10011
Q9HD40,SEPSECS,51091
Q9HD42,CHMP1A,5119
Q9NPD3,EXOSC4,54512
Q9NPF5,DMAP1,55929
Q9NPJ3,ACOT13,55856
Q9NQ50,MRPL40,64976
Q9NQG5,RPRD1B,58490
Q9NQH7,XPNPEP3,63929
Q9NQT5,EXOSC3,51010
Q9NR12,PDLIM7,9260
Q9NR50,EIF2B3,8891
Q9NRG0,CHRAC1,54108
Q9NRL2,BAZ1A,11177
Q9NRX1,PNO1,56902
Q9NSD9,FARSB,10056
Q9NSE4,IARS2,55699
Q9NSK0,KLC4,89953
Q9NTJ3,SMC4,10051
Q9NTM9,CUTC,51076
Q9NUX5,POT1,25913
Q9NV56,MRGBP,55257
Q9NVA2,SEPT11,55752
Q9NVE7,PANK4,55229
Q9NVG8,TBC1D13,54662
Q9NVM6,DNAJC17,55192
Q9NW08,POLR3B,55703
Q9NWH9,SLTM,79811
Q9NX08,COMMD8,54951
Q9NX20,MRPL16,54948
Q9NXH9,TRMT1,55621
Q9NY27,PPP4R2,151987
Q9NYB0,TERF2IP,54386
Q9NYB9,ABI2,10152
Q9NYF8,BCLAF1,9774
Q9NYK5,MRPL39,54148
Q9NZ63,C9orf78,51759
Q9NZC9,SMARCAL1,50485
Q9NZD2,GLTP,51228
Q9NZQ3,NCKIPSD,51517
Q9P013,CWC15,51503
Q9P0V9,SEPT10,151011
Q9P215,POGK,57645
Q9P258,RCC2,55920
Q9P287,BCCIP,56647
Q9P289,STK26,51765
Q9P2K3,RCOR3,55758
Q9P2K5,MYEF2,50804
Q9UBB4,ATXN10,25814
Q9UBE0,SAE1,10055
Q9UBR2,CTSZ,1522
Q9UDY2,TJP2,9414
Q9UEY8,ADD3,120
Q9UGP4,LIMD1,8994
Q9UGR2,ZC3H7B,23264
Q9UHA4,LAMTOR3,8649
Q9UHB6,LIMA1,51474
Q9UHF7,TRPS1,7227
Q9UHV9,PFDN2,5202
Q9UHX1,PUF60,22827
Q9UI08,EVL,51466
Q9UI10,EIF2B4,8890
Q9UJU6,DBNL,28988
Q9UJX3,ANAPC7,51434
Q9UJX4,ANAPC5,51433
Q9UK45,LSM7,51690
Q9UKL0,RCOR1,23186
Q9UKM9,RALY,22913
Q9UKN8,GTF3C4,9329
Q9UKU7,ACAD8,27034
Q9UKV3,ACIN1,22985
Q9UL33,TRAPPC2L,51693
Q9UL46,PSME2,5721
Q9ULC4,MCTS1,28985
Q9ULR3,PPM1H,57460
Q9UNH7,SNX6,58533
Q9UNW1,MINPP1,9562
Q9UP83,COG5,10466
Q9UPN9,TRIM33,51592
Q9UQ35,SRRM2,23524
Q9UQN3,CHMP2B,25978
Q9Y230,RUVBL2,10856
Q9Y2A7,NCKAP1,10787
Q9Y2K2,SIK3,23387
Q9Y2W1,THRAP3,9967
Q9Y399,MRPS2,51116
Q9Y3C0,CCDC53,51019
Q9Y3P9,RABGAP1,23637
Q9Y4Y9,LSM5,23658
Q9Y5Q8,GTF3C5,9328
Q9Y5T5,USP16,10600
Q9Y608,LRRFIP2,9209
Q53H80,AKIRIN2,55122
Q9H9L7,AKIRIN1,79647
Q8TF61,FBXO41,150726
Q96K30,RITA1,84934
P16562,CRISP2,7180
O95164,UBL3,5412
Q9BWK5,C7orf49,78996
Q9BUH6,C9orf142,286257
O75717,WDHD1,11169
Q96PY6,NEK1,4750
P11498,PC,5091
Q9C040,TRIM2,23321
Q5T0T0,MARCH8,220972
Q15034,HERC3,8916
Q9Y6U3,SCIN,85477
Q9UK76,HN1,51155
P43694,GATA4,2626
O14503,BHLHE40,8553
P49773,HINT1,3094
Q8WVD3,RNF138,51444
Q9H1B7,IRF2BPL,64207
Q96C12,ARMC5,79798
P27707,DCK,1633
Q9C098,DCLK3,85443
P10747,CD28,940
Q8N6D2,RNF182,221687
Q9Y5E9,PCDHB14,56122
P41236,PPP1R2,5504
P46977,STT3A,3703
P04844,RPN2,6185
O94766,B3GAT3,26229
O00562,PITPNM1,9600
P25685,DNAJB1,3337
P53667,LIMK1,3984
Q8WVD5,RNF141,50862
O14512,SOCS7,30837
A6NLX3,SPDYE4,388333
Q96C36,PYCR2,29920
O15503,INSIG1,3638
Q8WVZ7,RNF133,168433
Q2KHN1,RNF151,146310
Q6GPH4,XAF1,54739
Q96EH8,NEURL3,93082
Q8N9I9,DTX3,196403
O43175,PHGDH,26227
Q6PJ61,FBXO46,23403
Q9H469,FBXL15,79176
P98168,ZXDA,7789
O43432,EIF4G3,8672
Q96G74,OTUD5,55593
Q9UPU5,USP24,23358
Q96MP8,KCTD7,154881
O75503,CLN5,1203
Q9BRP0,OVOL2,58495
Q9HCP0,CSNK1G1,53944
Q9Y6M4,CSNK1G3,1456
Q8WYP5,AHCTF1,25909
Q9HB75,PIDD1,55367
Q9C037,TRIM4,89122
Q6DKJ4,NXN,64359
Q32MQ0,ZNF750,79755
-,MALAT1,378938
Q03519,TAP2,6891
Q5T9L3,WLS,79971
Q9Y4A5,TRRAP,8295
P50238,CRIP1,1396
O75936,BBOX1,8424
O96013,PAK4,10298
Q9NXA8,SIRT5,23408
Q9UHE5,NAT8,9027
Q9BVW5,TIPIN,54962
Q9UNS1,TIMELESS,8914
Q14CZ0,C16orf72,29035
Q13571,LAPTM5,7805
Q5JVS0,HABP4,22927
Q9BRX2,PELO,53918
P78539,SRPX,8406
Q12894,IFRD2,7866
Q7L8S5,OTUD6A,139562
Q86VY4,TSPYL5,85453
Q9UIG0,BAZ1B,9031
O00255,MEN1,4221
Q9UBP0,SPAST,6683
Q9HD67,MYO10,4651
Q13555,CAMK2G,818
Q969G5,PRKCDBP,112464
Q96G01,BICD1,636
Q9Y4K0,LOXL2,4017
Q9NYL9,TMOD3,29766
Q96JB5,CDK5RAP3,80279
O60507,TPST1,8460
O60704,TPST2,8459
P04062,GBA,2629
Q5FBB7,SGOL1,151648
P05161,ISG15,9636
Q9GZV8,PRDM14,63978
-,HSP90AA2P,3324
Q9NQ86,TRIM36,55521
Q7Z419,RNF144B,255488
Q49A26,GLYR1,84656
Q8NFU7,TET1,80312
O14493,CLDN4,1364
P25713,MT3,4504
P05388,RPLP0,6175
O95273,CCNDBP1,23582
Q08043,ACTN3,89
P02489,CRYAA,1409
O00418,EEF2K,29904
O14936,CASK,8573
O15075,DCLK1,9201
O15264,MAPK13,5603
O43781,DYRK3,8444
O60285,NUAK1,9891
O75716,STK16,8576
O94768,STK17B,9262
O95382,MAP3K6,9064
P00540,MOS,4342
P07332,FES,2242
P0C263,SBK2,646643
P11801,PSKH1,5681
P15735,PHKG2,5261
P20794,MAK,4117
P22612,PRKACG,5568
P27448,MARK3,4140
P31152,MAPK4,5596
P32298,GRK4,2868
P42680,TEC,7006
P43250,GRK6,2870
P49760,CLK2,1196
P49842,STK19,8859
P51817,PRKX,5613
P51956,NEK3,4752
-,RIPK4,54101
Q00532,CDKL1,8814
Q02779,MAP3K10,4294
Q05823,RNASEL,6041
Q07002,CDK18,5129
Q13470,TNK1,8711
Q13557,CAMK2D,817
Q13976,PRKG1,5592
Q14012,CAMK1,8536
Q14296,FASTK,10922
Q15131,CDK10,8558
Q15569,TESK1,7016
Q16513,PKN2,5586
Q16566,CAMK4,814
Q2M2I8,AAK1,22848
Q504Y2,PKDCC,91461
Q59H18,TNNI3K,51086
Q6P5Z2,PKN3,29941
Q6PHR2,ULK3,25989
Q6VAB6,KSR2,283455
Q6ZWH5,NEK10,152110
Q76MJ5,ERN2,10595
Q7RTN6,STRADA,92335
Q7Z695,ADCK2,90956
Q7Z7A4,PXK,54899
Q86TW2,ADCK1,57143
Q86UE8,TLK2,11011
Q86UX6,STK32C,282974
Q86V86,PIM3,415116
Q86YV6,MYLK4,340156
Q8IU85,CAMK1D,57118
Q8IV63,VRK3,51231
Q8IVH8,MAP4K3,8491
Q8IW41,MAPKAPK5,8550
Q8IWB6,TEX14,56155
Q8IWQ3,BRSK2,9024
Q8IY84,NIM1K,167359
Q8N568,DCLK2,166614
Q8N5S9,CAMKK1,84254
Q8NB16,MLKL,197259
Q8NCB2,CAMKV,79012
Q8NE63,HIPK4,147746
Q8NFD2,ANKK1,255239
Q8NG66,NEK11,79858
Q8TAS1,UHMK1,127933
Q8TD08,MAPK15,225689
Q8TDC3,BRSK1,84446
Q8WTQ7,GRK7,131890
Q8WU08,STK32A,202374
Q8WXR4,MYO3B,140469
Q92772,CDKL2,8999
Q96BR1,SGK3,23678
Q96C45,ULK4,54986
Q96D53,ADCK4,79934
Q96PF2,TSSK2,23617
Q96PN8,TSSK3,81629
Q96QS6,PSKH2,85481
Q96S53,TESK2,10420
Q99640,PKMYT1,9088
Q9BQI3,EIF2AK1,27102
Q9BWU1,CDK19,23097
Q9BXA6,TSSK6,83983
Q9BXA7,TSSK1B,83942
Q9BYP7,WNK3,65267
Q9BZL6,PRKD2,25865
Q9H093,NUAK2,81788
Q9H5K3,POMK,84197
Q9HAZ1,CLK4,57396
Q9HBY8,SGK2,10110
Q9NR20,DYRK4,8798
Q9NRH2,SNRK,54861
Q9NRP7,STK36,27148
Q9NSY0,NRBP2,340371
Q9NY57,STK32B,55351
Q9UBS0,RPS6KB2,6199
Q9UJY1,HSPB8,26353
Q9UKI8,TLK1,9874
Q9UL54,TAOK2,9344
Q9UPE1,SRPK3,26576
Q9UPZ9,ICK,22858
Q9UQ88,CDK11A,728642
Q9UQB9,AURKC,6795
Q9Y463,DYRK1B,9149
Q9Y4K4,MAP4K5,11183
Q9Y6E0,STK24,8428
Q9Y6S9,RPS6KL1,83694
P98177,FOXO4,4303
Q08AI8,C2orf54,79919
P49321,NASP,4678
Q96QP1,ALPK1,80216
A6NNY8,USP27X,389856
P36776,LONP1,9361
P00439,PAH,5053
Q9H081,MIS12,79003
Q14159,SPIDR,23514
Q9Y6R4,MAP3K4,4216
Q9UNF1,MAGED2,10916
Q16832,DDR2,4921
P29322,EPHA8,2046
Q9UF33,EPHA6,285220
P29376,LTK,4058
P54756,EPHA5,2044
P02452,COL1A1,1277
Q05DH4,FAM160A1,729830
Q8N612,FAM160A2,84067
Q5W0V3,FAM160B1,57700
Q86V87,FAM160B2,64760
Q9UJC3,HOOK1,51361
Q99638,RAD9A,5883
Q9NQC8,IFT46,56912
Q93052,LPP,4026
Q14190,SIM2,6493
O43502,RAD51C,5889
P20849,COL9A1,1297
Q8NHV4,NEDD1,121441
O15119,TBX3,6926
-,LINC00239,145200
Q86UT6,NLRX1,79671
Q969E1,LEAP2,116842
O15197,EPHB6,2051
Q5EBL8,PDZD11,51248
Q9NSD7,RXFP3,51289
Q00688,FKBP3,2287
P06401,PGR,5241
Q6PML9,SLC30A9,10463
Q9Y4G2,PLEKHM1,9842
P35398,RORA,6095
Q16676,FOXD1,2297
Q96MT1,RNF145,153830
Q9NVC3,SLC38A7,55238
Q8WYQ5,DGCR8,54487
O00189,AP4M1,9179
Q86YJ5,MARCH9,92979
-,LINC00941,100287314
Q9BQ15,NABP2,79035
P07203,GPX1,2876
Q96NB3,ZNF830,91603
Q13356,PPIL2,23759
Q15116,PDCD1,5133
Q9Y6X8,ZHX2,22882
Q6ZN17,LIN28B,389421
Q16877,PFKFB4,5210
Q86T24,ZBTB33,10009
O43156,TTI1,9675
Q7Z3E1,TIPARP,25976
Q8IUW3,SPATA2L,124044
Q02763,TEK,7010
Q8IWU2,LMTK2,22853
Q12866,MERTK,10461
P34925,RYK,6259
Q01974,ROR2,4920
Q96Q04,LMTK3,114783
Q5JZY3,EPHA10,284656
O15146,MUSK,4593
P54760,EPHB4,2050
P35916,FLT4,2324
Q6ZMQ8,AATK,9625
P17948,FLT1,2321
P04004,VTN,7448
-,LOC389895,389895
P09919,CSF3,1440
P04141,CSF2,1437
P08700,IL3,3562
P05113,IL5,3567
P15248,IL9,3578
P40933,IL15,3600
Q9HBE4,IL21,59067
P40225,THPO,7066
Q6EBC2,IL31,386653
P29459,IL12A,3592
P01241,GH1,2688
P01242,GH2,2689
P01236,PRL,5617
P41159,LEP,3952
P22301,IL10,3586
Q9NYY1,IL20,50604
Q9GZX6,IL22,50616
Q9NPH9,IL26,55801
P05000,IFNW1,3467
P01574,IFNB1,3456
P01588,EPO,2056
P13725,OSM,5008
P26441,CNTF,1270
Q16619,CTF1,1489
Q9UBD9,CLCF1,23529
Q8N461,FBXL16,146330
O75381,PEX14,5195
P50552,VASP,7408
Q96LW7,C9orf89,84270
Q7Z6J8,UBE3D,90025
-,LOC400043,400043
P49591,SARS,6301
Q2Q1W2,TRIM71,131405
Q8IY33,MICALL2,79778
Q9H3C7,GGNBP2,79893
Q8IWE5,PLEKHM2,23207
Q9Y6G9,DYNC1LI1,51143
Q6ZTA4,TRIM67,440730
Q8IZD4,DCP1B,196513
Q969M7,UBE2F,140739
-,WEE2-AS1,285962
A6NGJ6,TRIM64,120146
P41970,ELK3,2004
P07737,PFN1,5216
Q9P267,MBD5,55777
Q96DN6,MBD6,114785
Q8NBU5,ATAD1,84896
-,PWARSN,347746
P04839,CYBB,1536
Q9NPH5,NOX4,50507
P13498,CYBA,1535
P05198,EIF2S1,1965
Q9UK58,CCNL1,57018
Q8IW03,SIAH3,283514
Q96BD5,PHF21A,51317
P09471,GNAO1,2775
P00742,F10,2159
P01589,IL2RA,3559
Q9H8V3,ECT2,1894
Q70E73,RAPH1,65059
O60245,PCDH7,5099
-,LINC00624,100289211
P36969,GPX4,2879
Q01543,FLI1,2313
Q9NWN3,FBXO34,55030
P41229,KDM5C,8242
Q8NFV5,SPDYE1,285955
Q5MJ68,SPDYC,387778
Q5MJ70,SPDYA,245711
O95163,IKBKAP,8518
Q0PNE2,ELP6,54859
-,LINC00857,439990
A6NHT5,HMX3,340784
Q86Y56,DNAAF5,54919
O43933,PEX1,5189
Q6JQN1,ACAD10,80724
Q86WI3,NLRC5,84166
Q9BY78,RNF26,79102
Q9Y613,FHOD1,29109
Q5VU57,AGBL4,84871
Q9UKR5,C14orf1,11161
Q99743,NPAS2,4862
Q9NRR4,DROSHA,29102
Q9NR97,TLR8,51311
P52803,EFNA5,1946
Q9UL03,INTS6,26512
Q5TA45,CPSF3L,54973
P05120,SERPINB2,5055
Q8WTU0,DDI1,414301
Q16820,MEP1B,4225
Q8N961,ABTB2,25841
O43157,PLXNB1,5364
Q9Y4W2,LAS1L,81887
Q9H4L4,SENP3,26168
Q9BV38,WDR18,57418
Q9Y3Y2,CHTOP,26097
P54821,PRRX1,5396
Q9HC62,SENP2,59343
P29972,AQP1,358
P10966,CD8B,926
O15554,KCNN4,3783
Q9BQQ3,GORASP1,64689
Q969L2,MAL2,114569
P78396,CCNA1,8900
O00482,NR5A2,2494
Q9UN42,ATP1B4,23439
O95257,GADD45G,10912
Q9NVX7,KBTBD4,55709
Q13794,PMAIP1,5366
O94921,CDK14,5218
Q96HZ4,HES6,55502
O60443,DFNA5,1687
P78563,ADARB1,104
Q13505,MTX1,4580
Q96TC7,RMDN3,55177
Q99727,TIMP4,7079
Q99661,KIF2C,11004
Q9UPY3,DICER1,23405
Q99543,DNAJC2,27000
Q8TEC5,SH3RF2,153769
P48735,IDH2,3418
Q5FWF4,ZRANB3,84083
Q9NTI7,FAM212B,55924
Q9P0P0,RNF181,51255
Q5TA31,RNF187,149603
-,SNHG1,23642
-,UCA1,652995
Q8IV42,PSTK,118672
Q8N1G0,ZNF687,57592
O75956,CDK2AP2,10263
-,CRNDE,643911
P08603,CFH,3075
Q9UGL1,KDM5B,10765
Q96J92,WNK4,65266
Q9NSY1,BMP2K,55589
Q7Z2Y5,NRK,203447
Q9C098,DCLK3,85443
-,MIR217,406999
Q9P243,ZFAT,57623
Q9UPU3,SORCS3,22986
-,HOXA11-AS,221883
Q6NXT6,TAPT1,202018
Q9NV72,ZNF701,55762
-,LINC01537,101928555
P35789,ZNF93,81931
-,SOX21-AS1,100507533
-,LINC00491,285708
-,PVT1,5820
-,USP2-AS1,100499227
-,LINC01468,101928687
Q9BQI4,CCDC3,83643
Q9BRJ9,MESP1,55897
O75362,ZNF217,7764
Q15758,SLC1A5,6510
O75030,MITF,4286
Q9BVG3,TRIM62,55223
Q9UJQ4,SALL4,57167
Q96D15,RCN3,57333
P56703,WNT3,7473
P09104,ENO2,2026
Q86WB0,ZC3HC1,51530
Q5QP82,DCAF10,79269
Q5T6F0,DCAF12,25853
Q9NV06,DCAF13,25879
Q9NXF7,DCAF16,54876
Q5H9S7,DCAF17,80067
Q9BW61,DDA1,79016
Q9BVA0,KATNB1,10300
Q9NVX2,NLE1,54475
Q13610,PWP1,11137
Q04725,TLE2,7089
Q8NFQ8|Q9H496,TOR1AIP2,163590
Q86VZ2,WDR5B,54554
Q9GZL7,WDR12,55759
Q7Z5U6,WDR53,348793
Q6PJI9,WDR59,79726
Q9H967,WDR76,79968
Q9Y6I7,WSB1,26118
Q9NYS7,WSB2,55884
Q9UJP4,KLHL21,9903
Q8NFA0,USP32,84669
P51861,CDR1,1038
P36575,ARR3,407
Q08431,MFGE8,4240
-,LINC00629,100506757
Q9UQQ2,SH2B3,10019
Q9Y314,NOSIP,51070
P07996,THBS1,7057
-,LINC00632,286411
Q8WV44,TRIM41,90933
Q96BH1,RNF25,64320
Q96IW7,SEC22A,26984
-,SLC25A21-AS1,100129794
O95758,PTBP3,9991
Q96JC1,VPS39,23339
Q92759,GTF2H4,2968
Q9UNZ5,C19orf53,28974
Q2KHT3,CLEC16A,23274
Q9H981,ACTR8,93973
Q8TF72,SHROOM3,57619
Q8WXI2,CNKSR2,22866
Q9NS73,MBIP,51562
Q96PU8,QKI,9444
P60568,IL2,3558
Q9UHD0,IL19,29949
O14924,RGS12,6002
Q96MV8,ZDHHC15,158866
Q9BVC4,MLST8,64223
P26038,MSN,4478
Q504T8,MIDN,90007
Q9H765,ASB8,140461
P51608,MECP2,4204
Q9H2X3,CLEC4M,10332
Q96GS4,C17orf59,54785
Q6ZRF8,RNF207,388591
Q9BY11,PACSIN1,29993
Q12962,TAF10,6881
Q9NXC5,MIOS,54468
Q96S15,WDR24,84219
Q8WTX7,GATSL3,652968
Q9UDV6,ZNF212,7988
O43924,PDE6D,5147
P47736,RAP1GAP,5909
Q86XS8,RNF130,55819
Q8NC42,RNF149,284996
P35557,GCK,2645
Q9Y232,CDYL,9425
P39086,GRIK1,2897
Q16099,GRIK4,2900
Q9BSJ8,ESYT1,23344
A0FGR8,ESYT2,57488
Q8NEN9,PDZD8,118987
Q8IWB9,TEX2,55852
Q5JXC2,MIIP,60672
Q13683,ITGA7,3679
Q96G23,CERS2,29956
Q8IY18,SMC5,23137
Q8IX21,FAM178A,55719
Q8NDZ2,SIMC1,375484
Q9NRN9,METTL5,29081
O75469,NR1I2,8856
Q9NNX1,TUFT1,7286
Q9GZM3,POLR2J2,246721
Q9Y2S0,POLR1D,51082
Q9Y239,NOD1,10392
-,SOX2-OT,347689
Q9NQW6,ANLN,54443
Q7L0R7,RNF44,22838
Q96JB3,HIC2,23119
Q9Y3D8,AK6,102157402
Q9Y2K6,USP20,10868
Q15061,WDR43,23160
Q86YI8,PHF13,148479
Q9NP98,MYOZ1,58529
Q9UKT6,FBXL21,26223
O75694,NUP155,9631
Q5M775,SPECC1,92521
Q9H0K1,SIK2,23235
O96004,HAND1,9421
-,LINC00460,728192
O60469,DSCAM,1826
O43918,AIRE,326
Q9Y5Z0,BACE2,25825
Q9NSI6,BRWD1,54014
Q14201,BTG3,10950
P30042,C21orf33,8209
P16152,CBR1,873
O75828,CBR3,874
Q96NY7,CLIC6,54102
Q9Y3R5,DOPEY2,9980
P56555,DSCR4,10281
P57055,RIPPLY3,53820
-,DSCR9,257203
O95954,FTCD,10841
P48723,HSPA13,6782
P48051,KCNJ6,3763
O43426,SYNJ1,8867
P48539,PCP4,5121
P57054,PIGP,51227
P57052,RBM11,54033
P53805,RCAN1,1827
Q8WYR4,RSPH1,89765
Q9H0A9,SPATC1L,84221
P53804,TTC3,7267
Q14849,STARD3,10948
Q8NHP6,MOSPD2,158747
Q9BXW6,OSBPL1A,114876
A2A2Y4,FRMD3,257019
Q16594,TAF9,6880
O75529,TAF5L,27097
O75528,TADA3,10474
O75478,TADA2A,6871
Q86TJ2,TADA2B,93624
Q8NEM7,SUPT20H,55578
P48029,SLC6A8,6535
O60749,SNX2,6643
P46063,RECQL,5965
Q9UGP5,POLL,27343
Q9BXC9,BBS2,583
Q13156,RPA4,29935
Q6VY07,PACS1,55690
Q86VP3,PACS2,23241
Q6AZZ1,TRIM68,55128
Q96BY2,MOAP1,64112
-,MGC16025,85009
P22415,USF1,7391
Q8NFJ9,BBS1,582
Q8N3I7,BBS5,129880
Q8IWZ6,BBS7,55212
Q8TAM2,TTC8,123016
Q9H6S0,YTHDC2,64848
-,LINC00963,100506190
Q9NPB8,GPCPD1,56261
-,TRAV38-2DV8,28643
Q8IVB4,SLC9A9,285195
Q8N283,ANKRD35,148741
Q8WUJ3,CEMIP,57214
A6NJG6,ARGFX,503582
A6NFQ7,DPRX,503834
A6NLW8,DUXA,503835
-,DUXB,100033411
P56915,GSC,145258
Q6W0C5,DPPA3,359787
-,DUXB,100033411
P32243,OTX2,5015
Q99697,PITX2,5308
Q9UPW6,SATB2,23314
Q8N7U7,TPRX1,284355
-,TPRX2P,503627
Q8NAM6,ZSCAN4,201516
O15144,ARPC2,10109
P13726,F3,2152
Q8IV61,RASGRP3,25780
Q5JX71,FAM209A,200232
Q02930,CREB5,9586
Q9BYR3,KRTAP4-4,84616
Q5T752,LCE1D,353134
Q8NEC5,CATSPER1,117144
Q5TA76,LCE3A,353142
Q5TCM9,LCE5A,254910
Q5TA82,LCE2D,353141
Q9BYQ0,KRTAP9-8,83901
Q07627,KRTAP1-1,81851
Q9BYQ3,KRTAP9-3,83900
Q5T754,LCE1F,353137
Q9BYR5,KRTAP4-2,85291
Q14973,SLC10A1,6554
Q04941,PLP2,5355
Q9Y342,PLLP,51090
O43169,CYB5B,80777
O14735,CDIPT,10423
Q71SY5,MED25,81857
P11912,CD79A,973
Q16617,NKG7,4818
Q9BVK8,TMEM147,10430
Q9BYU1,PBX4,80714
Q9HD20,ATP13A1,57130
O76014,KRT37,8688
O14653,GOSR2,9570
Q9Y272,RASD1,51655
Q14532,KRT32,3882
Q5BJF2,TMEM97,27346
Q86X02,CDR2L,30850
Q01453,PMP22,5376
Q9UKJ5,CHIC2,26511
Q9P0S9,TMEM14C,51522
Q5TGU0,TSPO2,222642
Q08426|Q9NY65,EHHADH,1962
Q9NPL8,TIMMDC1,51300
Q5BVD1,C3orf52,79669
O75841,UPK1B,7348
Q96HR9,REEP6,92840
Q9GZR5,ELOVL4,6785
Q9Y5Z9,UBIAD1,29914
P48165,GJA8,2703
Q9Y5Y5,PEX16,9409
Q53FV1,ORMDL2,29095
Q96KR6,FAM210B,116151
Q8WVV5,BTN2A2,10385
Q9Y5U4,INSIG2,51141
Q12934,BFSP1,631
Q9UPG8,PLAGL2,5326
-,GPR42,2866
O15552,FFAR2,2867
O76013,KRT36,8689
Q96JN2,CCDC136,64753
Q8N6Y0,USHBP1,83878
P02008,HBZ,3050
Q92982,NINJ1,4814
O76011,KRT34,3885
Q14525,KRT33B,3884
P84243,H3F3B,3021
Q96IQ9,ZNF414,84330
Q9BU79,TMEM243,79161
Q9H2L4,TMEM60,85025
P78386,KRT85,3891
Q9UIL8,PHF11,51131
Q9NUH8,TMEM14B,81853
Q8IXM6,NRM,11270
Q9H0Q3,FXYD6,53826
P54710,FXYD2,486
Q3SY84,KRT71,112802
Q96GQ5,C16orf58,64755
Q9BVG8,KIFC3,3801
Q6UY14,ADAMTSL4,54507
Q96HB5,CCDC120,90060
A2RU14,TMEM218,219854
Q8N2M4,TMEM86A,144110
Q8N6R1,SERP2,387923
Q8TBY0,RBM46,166863
Q03014,HHEX,3087
Q5T9G4,ARMC12,221481
O14633,LCE2B,26239
O75031,HSF2BP,11077
Q8NHS1,CLDND2,125875
Q9NSB4,KRT82,3888
Q9H2A7,CXCL16,58191
Q7Z5V6,PPP1R32,220004
Q8TDS5,OXER1,165140
Q9BYE3,LCE3D,84648
P49901,SMCP,4184
O95393,BMP10,27302
P05187,ALPP,250
O43609,SPRY1,10252
Q8WVX3,C4orf3,401152
Q6S9Z5,ZNF474,133923
Q86VY9,TMEM200A,114801
Q8WWF3,SSMEM1,136263
Q8N7W2,BEND7,222389
Q4KMG9,TMEM52B,120939
Q9NP94,SLC39A2,29986
Q9NRQ5,SMCO4,56935
Q86XR8,CEP57,9702
Q96DZ9,CMTM5,116173
Q7Z5B4,RIC3,79608
Q5H9K5,ZMAT1,84460
Q9Y5A6,ZSCAN21,7589
Q7Z7G2,CPLX4,339302
Q6IQ23,PLEKHA7,144100
P40426,PBX3,5090
Q96N21,ENTHD2,146705
Q8NI38,NFKBID,84807
Q6KB66,KRT80,144501
P04264,KRT1,3848
Q2M2I5,KRT24,192666
A5D8V6,VPS37C,55048
Q6EMK4,VASN,114990
Q9H6H4,REEP4,80346
P10153,RNASE2,6036
Q9UGL9,CRCT1,54544
Q9BTL3,FAM103A1,83640
Q8N1N4,KRT78,196374
O95678,KRT75,9119
-,KRT4,3851
Q7RTS7,KRT74,121391
Q14CN4,KRT72,140807
Q7Z5P4,HSD17B13,345275
P78385,KRT83,3889
Q8N2F6,ARMC10,83787
Q5BKX8,MURC,347273
Q8N3Y7,SDR16C5,195814
Q8N5M9,JAGN1,84522
Q8NDP4,ZNF439,90594
P19012,KRT15,3866
O76015,KRT38,8687
P13646,KRT13,3860
P35900,KRT20,54474
Q9UBY5,LPAR3,23566
P56470,LGALS4,3960
P42568,MLLT3,4300
Q14005,IL16,3603
Q8N9I5,FADS6,283985
P35908,KRT2,3849
Q8N8X9,MAB21L3,126868
O60232,SSSCA1,10534
Q8TAU3,ZNF417,147687
Q7Z3Y7,KRT28,162605
Q6NVH7,SWSAP1,126074
O75971,SNAPC5,10302
Q6ZNH5,ZNF497,162968
Q8TBB0,THAP6,152815
O75360,PROP1,5626
Q3SY00,TSGA10IP,254187
Q8TDT2,GPR152,390212
Q8IYU4,UBQLNL,143630
-,LINC00521,256369
Q86VE0,MYPOP,339344
Q8N8B7,TCEANC,170082
Q8IZU0,FAM9B,171483
Q7RTU3,OLIG3,167826
Q8N8L2,ZNF491,126069
Q9BU61,NDUFAF3,25915
Q9NVR0,KLHL11,55175
Q8NHW6,OTOS,150677
Q86UV7,TRIM73,375593
Q9H707,ZNF552,79818
Q8N9E0,FAM133A,286499
Q8TAE8,GADD45GIP1,90480
Q5JXX7,TMEM31,203562
Q96CN9,GCC1,79571
A1L4H1,SSC5D,284297
Q92619,HMHA1,23526
Q96EC8,YIPF6,286451
O95471,CLDN7,1366
Q52LG2,KRTAP13-2,337959
Q9UI47,CTNNA3,29119
Q8IZU1,FAM9A,171482
Q71DI3,HIST2H3D,653604
Q7Z4V0,ZNF438,220929
Q8IUC2,KRTAP8-1,337879
Q9UL41,PNMA3,29944
Q9NU39,FOXD4L1,200350
Q3LI64,KRTAP6-1,337966
Q01546,KRT76,51350
Q7Z7N9,TMEM179B,374395
P04259,KRT6B,3854
P15941,MUC1,4582
Q5XKE5,KRT79,338785
P27449,ATP6V0C,527
Q5T5B0,LCE3E,353145
Q86Y46,KRT73,319101
Q15916,ZBTB6,10773
Q5T753,LCE1E,353135
P12035,KRT3,3850
P08779,KRT16,3868
P59797,SELV,348303
Q5T7P2,LCE1A,353131
Q3LHN2,KRTAP19-2,337969
Q3LI76,KRTAP15-1,254950
Q5TA78,LCE4A,199834
Q5TA79,LCE2A,353139
P59990,KRTAP12-1,353332
Q5TA81,LCE2C,353140
Q5TA77,LCE3B,353143
Q494U1,PLEKHN1,84069
Q9HBT8,ZNF286A,57335
P60410,KRTAP10-8,386681
Q9NRY6,PLSCR3,57048
Q3MJ62,ZSCAN23,222696
Q9ULM2,ZNF490,57474
P60371,KRTAP10-6,386674
Q1MX18,INSC,387755
Q5BKX5,C19orf54,284325
Q9UHB4,NDOR1,27158
Q2TAL6,VWC2,375567
Q6ZSJ9,SHISA6,388336
Q99732,LITAF,9516
Q5M9Q1,NKAPL,222698
Q7Z794,KRT77,374454
Q674X7,KAZN,23254
A6NK89,RASSF10,644943
Q02548,PAX5,5079
Q6L8H2,KRTAP5-3,387266
Q9GZT8,NIF3L1,60491
Q6NX45,ZNF774,342132
Q15973,ZNF124,7678
Q96BV0,ZNF775,285971
O75400,PRPF40A,55660
Q5T7P3,LCE1B,353132
P52744,ZNF138,7697
Q5T751,LCE1C,353133
P49910,ZNF165,7718
Q96PV0,SYNGAP1,8831
Q8N7K0,ZNF433,163059
Q96EQ0,SGTB,54557
Q9NQZ8,ZNF71,58491
Q9NP55,BPIFA1,51297
Q9BYR2,KRTAP4-5,85289
Q8N4B1,FAM109A,144717
P09017,HOXC4,3221
Q9BYQ7,KRTAP4-1,85285
Q8NB15,ZNF511,118472
-,RORB,6096
Q5T871,LELP1,149018
Q5T749,KPRP,448834
P28062,PSMB8,5696
O95870,ABHD16A,7920
Q6L8G4,KRTAP5-11,440051
P79522,PRR3,80742
Q7Z3Z0,KRT25,147183
A8MT33,SYCE1L,100130958
Q6L8G9,KRTAP5-6,440023
Q701N4,KRTAP5-2,440021
Q6L8H4,KRTAP5-1,387264
Q6B0K9,HBM,3042
Q9BYQ6,KRTAP4-11,653240
Q9BYR9|P0C7H8,KRTAP2-3,730755
-,KRTAP6-3,337968
Q8IYR0,C6orf165,154313
Q9BQ66,KRTAP4-12,83755
Q9BYR9|P0C7H8,KRTAP2-4,85294
Q9Y4H4,GPSM3,63940
Q8IW40,CCDC103,388389
P60331,KRTAP10-1,386677
P60411,KRTAP10-9,386676
P60014,KRTAP10-10,353333
P59991,KRTAP12-2,353323
Q9BYQ4,KRTAP9-2,83899
-,KRTAP10-5,386680
Q6L8H1,KRTAP5-4,387267
P60412|P60411,KRTAP10-11,386678
P26371,KRTAP5-9,3846
O00592,PODXL,5420
P28039,AOAH,313
Q5VX71,SUSD4,55061
P52824,DGKQ,1609
Q8IWZ5,TRIM42,287015
Q96A37,RNF166,115992
Q9NP91,SLC6A20,54716
Q01524,DEFA6,1671
P05408,SCG5,6447
P14222,PRF1,5551
Q8ND25,ZNRF1,84937
Q86WX3,RPS19BP1,91582
Q9H7B2,RPF2,84154
Q8N5G2,TMEM57,55219
Q14533,KRT81,3887
Q9BYR8,KRTAP3-1,83896
P60329,KRTAP12-4,386684
Q9BW11,MXD3,83463
Q8IUG1,KRTAP1-3,81850
Q5T5A8,LCE3C,353144
Q7Z3S9,NOTCH2NL,388677
-,NBPF19,101060226
Q92835,INPP5D,3635
Q9NQ25,SLAMF7,57823
Q9NR48,ASH1L,55870
P01033,TIMP1,7076
Q13542,EIF4EBP2,1979
Q8IU60,DCP2,167227
Q8N474,SFRP1,6422
Q4FZB7,SUV420H1,51111
-,LOC100132735,100132735
P23515,OMG,4974
P54826,GAS1,2619
P59510,ADAMTS20,80070
-,CCDC144CP,348254
P0CG41|Q8IX94,CTAGE8,100142659
Q9P225,DNAH2,146754
Q8TD57,DNAH3,55567
Q9C0G6,DNAH6,1768
Q5JWR5,DOPEY1,23033
P62807,HIST1H2BC,8347
Q6P6C2,ALKBH5,54890
-,EEF1A1P5,158078
-,LRRC9,341883
Q93079,HIST1H2BH,8345
Q93077,HIST1H2AC,8334
-,ST13P4,145165
P57053,LOC102724334,102724334
-,HSP90B2P,7190
Q9P2P6,STARD9,57519
Q9Y6M7,SLC4A7,9497
-,ST13P5,144106
P05997,COL5A2,1290
Q5H9U9,DDX60L,91351
Q6ZR08,DNAH12,201625
Q99250,SCN2A,6326
Q9BXX2,ANKRD30B,374860
Q7Z7A1,CNTRL,11064
Q9H5I5,PIEZO2,63895
Q8IWJ2,GCC2,9648
Q9NQW8,CNGB3,54714
Q5QGS0,KIAA2022,340533
Q8N7X0,ADGB,79747
Q9C0D6,FHDC1,85462
Q5JQF8,PABPC1L2A,340529
Q76M96,CCDC80,151887
Q5QNW6,HIST2H2BF,440689
-,GVINP1,387751
-,HSP90AB4P,664618
P30042,LOC102724023,102724023
-,NME2P1,283458
Q9Y233,PDE10A,10846
Q9P2D7,DNAH1,25981
Q8WU43,C2orf15,150590
-,HECTD4,283450
Q3L8U1,CHD9,80205
Q86WI1,PKHD1L1,93035
-,RP1L1,94137
Q9BZA7,PCDH11X,27328
-,FSIP2,401024
Q9Y291,MRPS33,51650
-,GOLGA8Q,727909
Q5VU97,CACHD1,57685
-,CCDC180,100499483
Q4AC94,C2CD3,26005
Q7L266,ASRGL1,80150
A8MVX0,ARHGEF33,100271715
A6NE01,FAM186A,121006
Q8IZC6,COL27A1,85301
P35663,CYLC1,1538
-,ANXA2P2,304
P25940,COL5A3,50509
Q5T9S5,CCDC18,343099
Q6V0I7,FAT4,79633
Q7Z5J8,ANKAR,150709
Q8IUX7,AEBP1,165
A6NGG8,C2orf71,388939
Q5TAT6,COL13A1,1305
Q99715,COL12A1,1303
-,ANKRD18B,441459
Q56UN5,MAP3K19,80122
Q92954,PRG4,10216
Q8NEV4,MYO3A,53904
Q15651,HMGN3,9324
Q9Y3E1,HDGFRP3,50810
Q14651,PLS1,5357
Q7RTP6,MICAL3,57553
Q17RW2,COL24A1,255631
O75151,PHF2,5253
Q5BJE1,CCDC178,374864
Q14093,CYLC2,1539
-,ANKRD36C,400986
Q8IYM0,FAM186B,84070
A6NEE1,PLEKHD1,400224
P12111,COL6A3,1293
Q68DQ2,CRYBG3,131544
Q5T0N1,CFAP70,118491
A6NMZ7,COL6A6,131873
Q7Z2K8,GPRIN1,114787
Q2LD37,KIAA1109,84162
Q13319,CDK5R2,8941
Q9P2D3,HEATR5B,54497
Q14571,ITPR2,3709
Q8ND07,CCDC176,80127
-,PRR36,80164
Q5W0A0,ERICH6B,220081
Q7Z7M0,MEGF8,1954
Q5SZK8,FREM2,341640
Q8WXS8,ADAMTS14,140766
Q96NL6,SCLT1,132320
Q9UKN7,MYO15A,51168
-,ANKRD20A8P,729171
O15417,TNRC18,84629
O00591,GABRP,2568
-,CTGLF11P,653259
Q06889,EGR3,1960
Q8NEN0,ARMC2,84071
Q9ULE4,FAM184B,27146
Q71DI3,HIST2H3A,333932
Q0VF49,KIAA2012,100652824
Q5VVW2,GARNL3,84253
Q9UFE4,CCDC39,339829
-,L1RE1,4029
Q8IVF4,DNAH10,196385
Q96M83|Q9H943,CCDC7,79741
A8MQT2,GOLGA8B,440270
-,CFAP54,144535
A6NEK1,ARRDC5,645432
-,LINC00240,100133205
-,MIR24-1,407012
-,MIR223,407008
-,MIR145,406937
Q14C87,TMEM132D,121256
P04183,TK1,7083
Q5JU85,IQSEC2,23096
Q96S82,UBL7,84993
A7MCY6,TBKBP1,9755
P16671,CD36,948
-,LINC01137,728431
Q5T2N8,ATAD3C,219293
Q5T9A4,ATAD3B,83858
Q7Z3E2,CCDC186,55088
Q8TCG1,KIAA1524,57650
Q92614,MYO18A,399687
Q9BVC6,TMEM109,79073
Q9BZF9,UACA,55075
Q9NS87,KIF15,56992
Q9NWS8,RMND1,55005
Q9NWU5,MRPL22,29093
Q9Y697,NFS1,9054
O60271,SPAG9,9043
O60493,SNX3,8724
O60814,HIST1H2BK,85236
P02458,COL2A1,1280
P09669,COX6C,1345
P0C0S8,HIST1H2AI,8329
P27105,STOM,2040
P30048,PRDX3,10935
P33176,KIF5B,3799
P39060,COL18A1,80781
P42126,ECI1,1632
P50213,IDH3A,3419
P50502,ST13,6767
A1L167,UBE2QL1,134111
A2VDF0,FUOM,282969
A4D1P6,WDR91,29062
A6NE01,FAM186A,121006
A6NFQ2,FAM115C,285966
A6QL64,ANKRD36,375248
A8K7I4,CLCA1,1179
A8MT70,ZBBX,79740
A8MUV8,ZNF727,442319
E9PQ53,NDUFC2-KCTD14,100532726
O00159,MYO1C,4641
O00192,ARVCF,421
O00217,NDUFS8,4728
O00410,IPO5,3843
O00442,RTCA,8634
O00566,MPHOSPH10,10199
O00744,WNT10B,7480
O14530,TXNDC9,10190
O14531,DPYSL4,10570
O14548,COX7A2L,9167
O14602,EIF1AY,9086
O14617,AP3D1,8943
O14681,EI24,9538
O14802,POLR3A,11128
O14949,UQCRQ,27089
O14950,MYL12B,103910
O15020,SPTBN2,6712
O15031,PLXNB2,23654
O15121,DEGS1,8560
O15145,ARPC3,10094
O15212,PFDN6,10471
O15269,SPTLC1,10558
O15355,PPM1G,5496
O15372,EIF3H,8667
O15511,ARPC5,10092
O15514,POLR2D,5433
O43159,RRP8,23378
O43511,SLC26A4,5172
O43520,ATP8B1,5205
O43566,RGS14,10636
O43674,NDUFB5,4711
O43676,NDUFB3,4709
O43678,NDUFA2,4695
O43681,ASNA1,439
O43837,IDH3B,3420
O43920,NDUFS5,4725
O60220,TIMM8A,1678
O60268,KIAA0513,9764
O60307,MAST3,23031
O60476,MAN1A2,10905
O60783,MRPS14,63931
O60826,CCDC22,28952
O60925,PFDN1,5201
O75037,KIF21B,23046
O75251,NDUFS7,374291
O75306,NDUFS2,4720
O75347,TBCA,6902
O75369,FLNB,2317
O75380,NDUFS6,4726
O75489,NDUFS3,4722
O75525,KHDRBS3,10656
-,JRK,8629
O75578,ITGA10,8515
O75792,RNASEH2A,10535
O76024,WFS1,7466
O76062,TM7SF2,7108
O76094,SRP72,6731
O94832,MYO1D,4642
O94887,FARP2,9855
O94906,PRPF6,24148
O95059,RPP14,11102
O95169,NDUFB8,4714
O95210,STBD1,8987
O95395,GCNT3,9245
O95405,ZFYVE9,9372
O95757,HSPA4L,22824
O95926,SYF2,25949
P00403,COX2,4513
P04035,HMGCR,3156
P04075,ALDOA,226
P05386,RPLP1,6176
P06396,GSN,2934
P07195,LDHB,3945
P08574,CYC1,1537
P0CW22|P08708,RPS17,6218
P09848,LCT,3938
Q8N5U6,RNF10,9921
O14939,PLD2,5338
P05231,IL6,3569
P0C869,PLA2G4B,100137049
P0CG38,POTEI,653269
P62158,CALM3,808
P10768,ESD,2098
P11766,ADH5,128
P12268,IMPDH2,3615
P13051,UNG,7374
P13796,LCP1,3936
P13797,PLS3,5358
P14649,MYL6B,140465
P14868,DARS,1615
P16949,STMN1,3925
P17655,CAPN2,824
P18669,PGAM1,5223
P18754,RCC1,1104
P19022,CDH2,1000
P19105,MYL12A,10627
P20290,BTF3,689
P20338,RAB4A,5867
P20671,HIST1H2AD,3013
P21281,ATP6V1B2,526
P21810,BGN,633
P21912,SDHB,6390
P22033,MUT,4594
P22102,GART,2618
P22223,CDH3,1001
P22392,NME2,4831
P22760,AADAC,13
P23378,GLDC,2731
P23434,GCSH,2653
P24311,COX7B,1349
P24534,EEF1B2,1933
P28289,TMOD1,7111
P30041,PRDX6,9588
P30566,ADSL,158
P31350,RRM2,6241
P31629,HIVEP2,3097
P32456,GBP2,2634
P32780,GTF2H1,2965
P33991,MCM4,4173
P35606,COPB2,9276
P36871,PGM1,5236
P37198,NUP62,23636
P37802,TAGLN2,8407
P41091,EIF2S3,1968
P41219,PRPH,5630
P41223,BUD31,8896
P42166|P42167,TMPO,7112
P42285,SKIV2L2,23517
P42696,RBM34,23029
P43304,GPD2,2820
P46779,RPL28,6158
P47813,EIF1AX,1964
P47870,GABRB2,2561
P47897,QARS,5859
P48146,NPBWR2,2832
P49190,PTH2R,5746
P49406,MRPL19,9801
P50748,KNTC1,9735
P50990,CCT8,10694
P54098,POLG,5428
P56182,RRP1,8568
P61326,MAGOH,4116
P61513,RPL37A,6168
P62273,RPS29,6235
P62277,RPS13,6207
P62736,ACTA2,59
P62854,RPS26,6231
P62910,RPL32,6161
P63267,ACTG2,72
P82673,MRPS35,60488
P82912,MRPS11,64963
P82921,MRPS21,54460
P82930,MRPS34,65993
P82932,MRPS6,64968
Q04760,GLO1,2739
Q09328,MGAT5,4249
Q10471,GALNT2,2590
Q12841,FSTL1,11167
Q12981,BNIP1,662
Q13405,MRPL49,740
Q13601,KRR1,11103
Q14257,RCN2,5955
Q14CZ7,FASTKD3,79072
Q15147,PLCB4,5332
Q15269,PWP2,5822
Q15363,TMED2,10959
Q15782,CHI3L2,1117
Q2LD37,KIAA1109,84162
Q2M329,CCDC96,257236
Q2TAA5,ALG11,440138
Q53EU6,AGPAT9,84803
Q5JTH9,RRP12,23223
Q5PSV4,BRMS1L,84312
Q5VV67,PPRC1,23082
Q68CQ4,DIEXF,27042
Q6DHV5,CC2D2B,387707
Q6DKI1,RPL7L1,285855
Q6FI13,HIST2H2AA3,8337
Q6IQ55,TTBK2,146057
Q6NT76,HMBOX1,79618
Q6NXT2,H3F3C,440093
Q6P9F5,TRIM40,135644
Q6PEV8,FAM199X,139231
Q6PIW4,FIGNL1,63979
Q6ZNJ1,NBEAL2,23218
Q6ZS17,FAM65A,79567
Q6ZSB9,ZBTB49,166793
Q6ZSJ8,C1orf122,127687
Q6ZT12,UBR3,130507
Q709C8,VPS13C,54832
Q76FK4,NOL8,55035
Q7L9B9,EEPD1,80820
Q7Z7H8,MRPL10,124995
Q86TV6,TTC7B,145567
Q86U38,NOP9,161424
Q8IUG5,MYO18B,84700
Q8IZT6,ASPM,259266
Q8N103,TAGAP,117289
Q8N1A0,KRT222,125113
Q8N1S5,SLC39A11,201266
Q8N983,MRPL43,84545
Q8NAT2,TDRD5,163589
Q8NAV1,PRPF38A,84950
Q8NCA5,FAM98A,25940
Q8NDD1,C1orf131,128061
Q8NFZ6,VN1R2,317701
Q8NI36,WDR36,134430
Q8TCC3,MRPL30,51263
Q8TCU4,ALMS1,7840
Q8TDD1,DDX54,79039
Q8TDN6,BRIX1,55299
Q8TED0,UTP15,84135
Q8WTT2,NOC3L,64318
Q8WV22,NSMCE1,197370
Q93077,HIST1H2AC,8334
Q969R2,OSBP2,23762
Q96A35,MRPL24,79590
Q96BN2,TADA1,117143
Q96CU9,FOXRED1,55572
Q96DE5,ANAPC16,119504
Q96DV4,MRPL38,64978
Q96IY1,NSL1,25936
Q96JB1,DNAH8,1769
Q96LY2,CCDC74B,91409
Q96MX6,WDR92,116143
Q96QD9,FYTTD1,84248
Q99549,MPHOSPH8,54737
Q99848,EBNA1BP2,10969
Q99871,HAUS7,55559
Q9BQ39,DDX50,79009
Q9BQC6,MRPL57,78988
Q9BRT2,UQCC2,84300
Q9BS16,CENPK,64105
Q9BVJ6,UTP14A,10813
Q9BYD2,MRPL9,65005
Q9H6R4,NOL6,65083
Q9H9L3,ISG20L2,81875
Q9NQ84,GPRC5C,55890
Q9NQW7,XPNPEP1,7511
Q9NZJ6,COQ3,51805
Q9UJS0,SLC25A13,10165
Q9Y296,TRAPPC4,51399
Q9Y2Q9,MRPS28,28957
Q9Y3U8,RPL36,25873
Q9Y5J9,TIMM8B,26521
P26012,ITGB8,3696
Q9UEF7,KL,9365
P28074,PSMB5,5693
P28072,PSMB6,5694
Q6Q0C0,TRAF7,84231
Q9UJU2,LEF1,51176
Q00994,NGFRAP1,27018
-,SNHG6,641638
Q86Y97,SUV420H2,84787
P19235,EPOR,2057
Q7Z5J1,HSD11B1L,374875
P00734,F2,2147
Q86W26,NLRP10,338322
Q8WUY9,DEPDC1B,55789
P04632,CAPNS1,826
O15484,CAPN5,726
Q9Y6W3,CAPN7,23473
Q9HC96,CAPN10,11132
Q6MZZ7,CAPN13,92291
O75808,CAPN15,6650
Q6ZSG1,RNF165,494470
-,LINC00113,54088
Q96MF7,NSMCE2,286053
Q9GZR1,SENP6,26054
Q8TAT5,NEIL3,55247
Q9NS56,TOPORS,10210
P27544,CERS1,10715
O96028,WHSC1,7468
P35790,CHKA,1119
Q5XX13,FBXW10,10517
Q9NXF1,TEX10,54881
Q01085,TIAL1,7073
Q9Y577,TRIM17,51127
P06703,S100A6,6277
Q12772,SREBF2,6721
O14558,HSPB6,126393
Q16478,GRIK5,2901
O94916,NFAT5,10725
P46695,IER3,8870
P81877,SSBP2,23635
Q9NRY2,INIP,58493
Q9NX24,NHP2,55651
Q17RN3,FAM98C,147965
Q9Y678,COPG1,22820
Q5RKV6,EXOSC6,118460
O75794,CDC123,8872
Q9NV96,TMEM30A,55754
O14795,UNC13B,10497
Q13885,TUBB2A,7280
Q5VWQ0,RSBN1,54665
Q9NVR5,DNAAF2,55172
P04920,SLC4A2,6522
P36551,CPOX,1371
Q86W24,NLRP14,338323
Q16254,E2F4,1874
Q9NSB8,HOMER2,9455
Q9Y6D6,ARFGEF1,10565
P31150,GDI1,2664
Q9H7S9,ZNF703,80139
A1A5B4,ANO9,338440
Q9NWZ8,GEMIN8,54960
O60678,PRMT3,10196
P14174,MIF,4282
Q13425,SNTB2,6645
Q96BD8,SKA1,220134
Q9BU89,DOHH,83475
P41567,EIF1,10209
Q9GZU8,FAM192A,80011
Q8N201,INTS1,26173
Q9NQS1,AVEN,57099
Q14161,GIT2,9815
Q9Y295,DRG1,4733
P02768,ALB,213
Q96PY5,FMNL2,114793
Q9P0K7,RAI14,26064
Q9Y5S2,CDC42BPB,9578
P43357,MAGEA3,4102
P43360,MAGEA6,4105
O14933,UBE2L6,9246
Q03113,GNA12,2768
-,KCNQ1OT1,10984
Q9P2K8,EIF2AK4,440275
O60315,ZEB2,9839
Q9P126,CLEC1B,51266
Q9H6E5,TUT1,64852
O95760,IL33,90865
Q8NCW0,KREMEN2,79412
Q96B67,ARRDC3,57561
Q8TCQ1,MARCH1,55016
Q9P2E8,MARCH4,57574
P29474,NOS3,4846
Q8N9B5,JMY,133746
Q8WWM9,CYGB,114757
Q9BXB1,LGR4,55366
Q01101,INSM1,3642
Q15583,TGIF1,7050
Q86VR2,FAM134C,162427
Q53GT1,KLHL22,84861
Q9UL25,RAB21,23011
Q9NSB2,KRT84,3890
Q9BRS8,LARP6,55323
Q96LB4,ATP6V1G3,127124
Q92626,PXDN,7837
Q8N257,HIST3H2BB,128312
Q8N228,SCML4,256380
Q7L7L0,HIST3H2A,92815
Q6P1M0,SLC27A4,10999
Q5SW24,DACT2,168002
Q5M9N0,CCDC158,339965
Q1ED39,KNOP1,400506
Q16842,ST3GAL2,6483
Q13319,CDK5R2,8941
P78562,PHEX,5251
P62891,RPL39,6170
P58335,ANTXR2,118429
P51523,ZNF84,7637
P47755,CAPZA2,830
P34947,GRK5,2869
P28331,NDUFS1,4719
P25440,BRD2,6046
P23527,HIST1H2BO,8348
P22674,CCNO,10309
P19404,NDUFV2,4729
P14317,HCLS1,3059
P13647,KRT5,3852
P13631,RARG,5916
P13535,MYH8,4626
P13533,MYH6,4624
P11055,MYH3,4621
P09430,TNP1,7141
P06899,HIST1H2BJ,8970
O95670,ATP6V1G2,534
O95625,ZBTB11,27107
O95562,SFT2D2,375035
O95361,TRIM16,10626
O95168,NDUFB4,4710
O94973,AP2A2,161
O60812,HNRNPCL1,343069
O60281,ZNF292,23036
O43435,TBX1,6899
O14810,CPLX1,10815
B7ZW38,HNRNPCL3,649330
A6NF36,CCDC182,101927581
A2A3L6,TTC24,164118
Q9UHW9,SLC12A6,9990
Q9NSV4,DIAPH3,81624
Q99456,KRT12,3859
Q96PC5,MIA2,117153
Q96DZ1,ERLEC1,27248
Q96A08,HIST1H2BA,255626
Q8WUN7,UBTD2,92181
Q8TD23,ZNF675,171392
Q8NA70,FAM47B,170062
P36639,NUDT1,4521
Q8N309,LRRC43,254050
Q8IX94,CTAGE4,100128553
Q86UF2,CTAGE6,340307
Q6ZVD7,STOX1,219736
Q6UXX5,ITIH6,347365
Q6NSI8,KIAA1841,84542
Q5VUG0,SFMBT2,57713
Q2M243,CCDC27,148870
Q13061,TRDN,10345
Q0VF49,KIAA2012,100652824
P48039,MTNR1A,4543
P35914,HMGCL,3155
P23743,DGKA,1606
P23141,CES1,1066
P15170,GSPT1,2935
P13645,KRT10,3858
P11177,PDHB,5162
P0CG41|Q8IX94,CTAGE8,100142659
P08729,KRT7,3855
P04085,PDGFA,5154
O94956,SLCO2B1,11309
O75689,ADAP1,11033
O75264,SMIM24,284422
A6NEN9,CXorf65,158830
Q9BWH2,FUNDC2,65991
Q8NBS3,SLC4A11,83959
Q5T0J7,TEX35,84066
P42701,IL12RB1,3594
P24390,KDELR1,10945
P15259,PGAM2,5224
O75838,CIB2,10518
O14983,ATP2A1,487
O14715,RGPD8,727851
Q9NRD8,DUOX2,50506
Q8NGN4,OR10G9,219870
Q8NGN3,OR10G4,390264
Q8NG57,TCEB3C,162699
Q8N1C3,GABRG1,2565
Q8IYF1,TCEB3B,51224
Q8IXQ4,GPALPP1,55425
Q8IWW6,ARHGAP12,94134
Q86SE5,RALYL,138046
Q6IAN0,DHRS7B,25979
Q4VXU2,PABPC1L,80336
Q49MG5,MAP9,79884
Q3SY89,TCEB3CL,728929
Q15697,ZNF174,7727
P83881,RPL36A,6173
P51795,CLCN5,1184
P51793,CLCN4,1183
P48506,GCLC,2729
P43088,PTGFR,5737
P42892,ECE1,1889
O75884,RBBP9,10741
C9J302,C4orf51,646603
A6NLF2,TCEB3CL2,100506888
A6NJT0,UNCX,340260
A4FU69,EFCAB5,374786
P21108,PRPS1L1,221823
A4FU49,SH3D21,79729
O76009,KRT33A,3883
O43435,TBX1,6899
Q96KK5,HIST1H2AH,85235
O94823,ATP10B,23120
O75879,GATB,5188
P0DMB2,C8orf88,100127983
O95185,UNC5C,8633
Q9NRD8,DUOX2,50506
P0CG33,GOLGA6D,653643
A6NDN3,GOLGA6B,55889
A6NDK9,GOLGA6C,653641
A6NCK2,TRIM43B,653192
Q7Z3J3,RGPD4,285190
Q6ZNB6,NFXL1,152518
P0DJD1,RGPD2,729857
O14715,RGPD8,727851
A6NKT7,RGPD3,653489
P51805,PLXNA3,55558
-,UQCRHL,440567
P16499,PDE6A,5145
P0CG38,POTEI,653269
Q8NCU4,KIAA1407,57577
P19827,ITIH1,3697
Q9NQ38,SPINK5,11005
Q99456,KRT12,3859
-,MIR34A,407040
Q5XX13,FBXW10,10517
-,MIR130A,406919
-,FAM13A-AS1,285512
-,H19,283120
Q9ULX5,RNF112,7732
-,SLC7A11-AS1,641364
Q96PQ7,KLHL5,51088
-,NRON,641373
Q15834,CCDC85B,11007
Q6NVU6,UFSP1,402682
Q02363,ID2,3398
P36544,CHRNA7,1139
P78410,BTN3A2,11118
O00481,BTN3A1,11119
O00478,BTN3A3,10384
Q9NUL5,C19orf66,55337
Q9H2H8,PPIL3,53938
Q9UKS6,PACSIN3,29763
-,LINC01197,400456
Q9NZ56,FMN2,56776
P40424,PBX1,5087
Q9UM07,PADI4,23569
P09972,ALDOC,230
O14646,CHD1,1105
O43237,DYNC1LI2,1783
-,EEF1A1P5,158078
-,LOC255308,255308
P52594,AGFG1,3267
Q6GYQ0,RALGAPA1,253959
Q7L2J0,MEPCE,56257
P04179,SOD2,6648
Q9BTE6,AARSD1,80755
Q96P47,AGAP3,116988
P08758,ANXA5,308
Q9UL15,BAG5,9529
Q96K17,BTF3L4,91408
P05165,PCCA,5095
Q9UPN3,MACF1,23499
Q5JV73,FRMPD3,84443
Q9H2U2,PPA2,27068
P49642,PRIM1,5557
Q969Q0,RPL36AL,6166
O15061,SYNM,23336
Q96QC0,PPP1R10,5514
Q71UM5,RPS27L,51065
Q96IZ7,RSRC1,51319
Q15005,SPCS2,9789
Q9H9S4,CAB39L,81617
P11488,GNAT1,2779
Q93045,STMN2,11075
-,PI4KA,5297
P07108,DBI,1622
-,HSP90AB3P,3327
P41252,IARS,3376
Q9Y617,PSAT1,29968
P26639,TARS,6897
P62805,HIST1H4I,8294
Q96L21,RPL10L,140801
-,POTEKP,440915
Q9BPX5,ARPC5L,81873
P21127,CDK11B,984
-,NME2P1,283458
P40121,CAPG,822
Q9Y5P3,RAI2,10742
Q9Y5B9,SUPT16H,11198
Q9Y520,PRRC2C,23215
Q9Y4G6,TLN2,83660
Q9Y3E1,HDGFRP3,50810
Q9Y3C8,UFC1,51506
Q9Y3A6,TMED5,50999
Q9Y2T7,YBX2,51087
Q9Y2S6,TMA7,51372
Q9Y2L8,ZKSCAN5,23660
Q9Y281,CFL2,1073
Q9Y266,NUDC,10726
Q9UQ16,DNM3,26052
Q9UPW8,UNC13A,23025
Q9UPV9,TRAK1,22906
Q9UPT5,EXOC7,23265
Q9UNX3,RPL26L1,51121
Q9UN66,PCDHB8,56128
Q9ULK0,GRID1,2894
Q9UL58,ZNF215,7762
Q9UKA9,PTBP2,58155
Q9UJW8,ZNF180,7733
Q9UH65,SWAP70,23075
Q9UGM6,WARS2,10352
Q9UEW3,MARCO,8685
Q9UBC5,MYO1A,4640
Q9P2P6,STARD9,57519
Q9P2N5,RBM27,54439
Q9P2L0,WDR35,57539
Q9P2E3,ZNFX1,57169
Q9NZL3,ZNF224,7767
Q9NZ72,STMN3,50861
Q9NYK1,TLR7,51284
Q9NYC9,DNAH9,1770
Q9NWW6,NMRK1,54981
Q9NVS2,MRPS18A,55168
Q9NV58,RNF19A,25897
Q9NUQ3,TXLNG,55787
Q9NUA8,ZBTB40,9923
Q9NRV9,HEBP1,50865
Q9NP80,PNPLA8,50640
Q9HCM1,KIAA1551,55196
Q9H8H2,DDX31,64794
Q9H7V2,SYNDIG1,79953
Q9H361,PABPC3,5042
Q9H2Y7,ZNF106,64397
Q9H2L5,RASSF4,83937
Q9H1H9,KIF13A,63971
Q9H0N0,RAB6C,84084
Q9H0C2,SLC25A31,83447
Q9C0J8,WDR33,55339
Q9C0G0,ZNF407,55628
Q9C0D5,TANC1,85461
Q9C0B5,ZDHHC5,25921
Q9C0A1,ZFHX2,85446
Q9C093,SPEF2,79925
Q9BZW7,TSGA10,80705
Q9BYN8,MRPS26,64949
Q9BXT5,TEX15,56154
Q9BW91,NUDT9,53343
Q9BW04,C1orf116,79098
Q9BVA1,TUBB2B,347733
Q9BRT6,LLPH,84298
Q9BPW8,NIPSNAP1,8508
Q99829,CPNE1,8904
Q99525,HIST1H4G,8369
Q96Q06,PLIN4,729359
Q96NR8,RDH12,145226
Q96MW7,TIGD1,200765
Q96MM3,ZFP42,132625
Q96LC7,SIGLEC10,89790
Q96JE9,MAP6,4135
Q96J94,PIWIL1,9271
Q96HW7,INTS4,92105
Q96E39,RBMXL1,494115
Q96DU9,PABPC5,140886
Q96D70,R3HDM4,91300
Q96D46,NMD3,51068
Q96AT1,KIAA1143,57456
Q8WXI7,MUC16,94025
Q8WXA3,RUFY2,55680
Q8WUS8,SDR42E1,93517
Q8TF71,SLC16A10,117247
Q8TF46,DIS3L,115752
Q8NEZ3,WDR19,57728
Q8NES8,DEFB124,245937
Q8NDW8,TTC21A,199223
Q8NDH6,ICA1L,130026
Q8NB66,UNC13C,440279
Q8N9V7,TOPAZ1,375337
Q8N987,NECAB1,64168
Q8N7M0,TCTEX1D1,200132
Q8N4P6,LRRC71,149499
Q8N3L3,TXLNB,167838
Q8N0Z9,VSIG10,54621
Q8N0Y7,PGAM4,441531
Q8IZQ8,MYOCD,93649
Q8IYM0,FAM186B,84070
Q8IXS6,PALM2,114299
Q8IWU9,TPH2,121278
Q8IVL0,NAV3,89795
Q86YH6,PDSS2,57107
Q86YA3,ZGRF1,55345
Q86XH1,IQCA1,79781
Q86XE0,SNX32,254122
Q86VD7,SLC25A42,284439
Q86VD1,MORC1,27136
Q86UW6,N4BP2,55728
Q86SH2,ZAR1,326340
Q7Z7H5,TMED4,222068
Q7Z7G8,VPS13B,157680
Q7Z570,ZNF804A,91752
Q7Z465,BNIPL,149428
Q7Z3J3,RGPD4,285190
Q7RTR2,NLRC3,197358
Q7L4I2,RSRC2,65117
Q7L0J3,SV2A,9900
Q6ZS86,GK5,256356
Q6ZRQ5,MMS22L,253714
Q6ZQQ6,WDR87,83889
Q6ZN79,ZNF705A,440077
Q6ZMW2,ZNF782,158431
Q6ZMR3,LDHAL6A,160287
Q6S8J3,POTEE,445582
Q6PCE3,PGM2L1,283209
Q6P3R8,NEK5,341676
Q6P2C0,WDR93,56964
Q6NXT6,TAPT1,202018
Q6NW29,RWDD4,201965
Q6NT04,TIGD7,91151
Q6N043,ZNF280D,54816
Q6IBS0,TWF2,11344
Q63HK5,TSHZ3,57616
Q5VYS8,ZCCHC6,79670
Q5THR3,EFCAB6,64800
Q5TFQ8|O00241,SIRPB1,10326
Q5T7W0,ZNF618,114991
Q5T1R4,HIVEP3,59269
Q5SZK8,FREM2,341640
Q5SXM2,SNAPC4,6621
Q5JXB2,UBE2NL,389898
Q4KMP7,TBC1D10B,26000
Q2PPJ7,RALGAPA2,57186
Q2M3C7,SPHKAP,80309
Q2M1K9,ZNF423,23090
Q16851,UGP2,7360
Q16739,UGCG,7357
Q16527,CSRP2,1466
Q16206,ENOX2,10495
Q15907,RAB11B,9230
Q15111,PLCL1,5334
Q14DG7,TMEM132B,114795
Q147U1,ZNF846,162993
Q14571,ITPR2,3709
Q14195,DPYSL3,1809
Q14156,EFR3A,23167
Q14135,VGLL4,9686
Q14031,COL4A6,1288
Q13433,SLC39A6,25800
Q13370,PDE3B,5140
Q08357,SLC20A2,6575
Q05481,ZNF91,7644
Q01118,SCN7A,6332
Q00796,SORD,6652
P68402,PAFAH1B2,5049
P63313,TMSB10,9168
P57721,PCBP3,54039
P53675,CLTCL1,8218
P53420,COL4A4,1286
P52209,PGD,5226
P51854,TKTL1,8277
P51160,PDE6C,5146
P51003,PAPOLA,10914
P50897,PPT1,5538
P50395,GDI2,2665
P49790,NUP153,9972
P49448,GLUD2,2747
P49006,MARCKSL1,65108
P48739,PITPNB,23760
P48382,RFX5,5993
P43487,RANBP1,5902
P42330,AKR1C3,8644
P31949,S100A11,6282
P31930,UQCRC1,7384
P31321,PRKAR1B,5575
P29401,TKT,7086
P23193,TCEA1,6917
P22695,UQCRC2,7385
P22234,PAICS,10606
P22105,TNXB,7148
P22090,RPS4Y1,6192
P22061,PCMT1,5110
P20062,TCN2,6948
P17516,AKR1C4,1109
P17014,ZNF12,7559
P17010,ZFX,7543
P16083,NQO2,4835
P15559,NQO1,1728
P13637,ATP1A3,478
P12757,SKIL,6498
P12532,CKMT1B,1159
P11047,LAMC1,3915
P0DME0,SETSIP,646817
P0DJD1,RGPD2,729857
P0DJD0,RGPD1,400966
P0CG39,POTEJ,653781
P08240,SRPR,6734
P07205,PGK2,5232
P06744,GPI,2821
P04908,HIST1H2AE,3012
P02144,MB,4151
P00966,ASS1,445
P00505,GOT2,2806
P00491,PNP,4860
O95980,RECK,8434
O95873,C6orf47,57827
O95789,ZMYM6,9204
O95340,PAPSS2,9060
O95298,NDUFC2,4718
O75935,DCTN3,11258
O75449,KATNA1,11104
O75147,OBSL1,23363
O60658,PDE8A,5151
O60422,ONECUT3,390874
O60229,KALRN,8997
O43897,TLL1,7092
O43768,ENSA,2029
O15353,FOXN1,8456
O15014,ZNF609,23060
O14604,TMSB4Y,9087
O14598,VCY,9084
O14594,NCAN,1463
O14562,UBFD1,56061
O00515,LAD1,3898
O00476,SLC17A3,10786
O00330,PDHX,8050
B1ANS9,WDR64,128025
A8MUZ8|P0CI00,ZNF705G,100131980
A6NKT7,RGPD3,653489
A6NF89,OR6C6,283365
A6NCK2,TRIM43B,653192
A2RUB6,CCDC66,285331
A2RTX5,TARSL2,123283
O95154,AKR7A3,22977
O43324,EEF1E1,9521
P36543,ATP6V1E1,529
Q9BVK6,TMED9,54732
Q9Y5K6,CD2AP,23607
Q9UDY4,DNAJB4,11080
Q9H0L4,CSTF2T,23283
P40123,CAP2,10486
Q9Y5J7,TIMM9,26520
O00400,SLC33A1,9197
P49590,HARS2,23438
Q969Q5,RAB24,53917
Q5H9L2,TCEAL5,340543
Q99538,LGMN,5641
Q96JM4,LRRIQ1,84125
P15502,ELN,2006
Q6IS14,EIF5AL1,143244
P07919,UQCRH,7388
O76054,SEC14L2,23541
Q9HBA0,TRPV4,59341
Q6ZQQ2,SPATA31D1,389763
Q6ZU15,SEPT14,346288
Q9HC58,SLC24A3,57419
Q86VQ3,TXNDC2,84203
Q96HA1,POM121,9883
Q9UHB9,SRP68,6730
Q6UXY8,TMC5,79838
A0JNW5,UHRF1BP1L,23074
Q8TBZ2,MYCBPAP,84073
Q86WA8,LONP2,83752
P11509,CYP2A6,1548
Q9H0D2,ZNF541,84215
P0DKV0,SPATA31C1,441452
Q96NJ6,ZFP3,124961
Q13467,FZD5,7855
Q9Y2K9,STXBP5L,9515
Q99590,SCAF11,9169
Q9Y2C2,UST,10090
Q8IVG5,SAMD9L,219285
P20592,MX2,4600
Q8NBP0,TTC13,79573
Q86UR5,RIMS1,22999
Q13621,SLC12A1,6557
O76000,OR2B3,442184
Q6P9F7,LRRC8B,23507
-,LOC388849,388849
Q13796,SHROOM2,357
Q8N3Z6,ZCCHC7,84186
Q6PF05,TTC23L,153657
O95218,ZRANB2,9406
Q6ZN11,ZNF793,390927
E7EU14,PPP5D1,100506012
A8MXY4,ZNF99,7652
Q9NX65,ZSCAN32,54925
Q16560,SNRNP35,11066
Q6UXI7,VIT,5212
P09960,LTA4H,4048
Q8NET4,RGAG1,57529
P22897,MRC1,4360
P58753,TIRAP,114609
O43493,TGOLN2,10618
Q9Y5G9,PCDHGA4,56111
Q5VTH9,WDR78,79819
O94892,ZNF432,9668
Q6ZUI0,TPRG1,285386
O75845,SC5D,6309
Q92783,STAM,8027
Q96LW9,ZSCAN31,64288
Q9NQW1,SEC31B,25956
Q9H582,ZNF644,84146
P49848,TAF6,6878
O60504,SORBS3,10174
Q9BTD8,RBM42,79171
Q9P217,ZSWIM5,57643
O60721,SLC24A1,9187
Q6P4A8,PLBD1,79887
P04080,CSTB,1476
Q9HCE3,ZNF532,55205
Q9UBS9,SUCO,51430
Q15063,POSTN,10631
Q5QGS0,KIAA2022,340533
P29762,CRABP1,1381
Q13454,TUSC3,7991
Q9P016,THYN1,29087
Q6ZRK6,CCDC73,493860
Q9HBI1,PARVB,29780
P12107,COL11A1,1301
P17098,ZNF8,7554
Q99551,MTERF1,7978
P33402,GUCY1A2,2977
Q9ULV0,MYO5B,4645
P10523,SAG,6295
P48454,PPP3CC,5533
O95057,DIRAS1,148252
Q15397,KIAA0020,9933
O75920,SERF1A,8293
Q14679,TTLL4,9654
Q6ECI4,ZNF470,388566
Q86VW0,SESTD1,91404
Q8TDC0,MYOZ3,91977
P52738,ZNF140,7699
Q8NDW4,ZNF248,57209
P18564,ITGB6,3694
Q8TE76,MORC4,79710
Q8N3A8,PARP8,79668
Q6ZS81,WDFY4,57705
Q6Q759,SPAG17,200162
P13928|Q5VT79,ANXA8L1,728113
Q86W50,METTL16,79066
Q8NEH6,MNS1,55329
Q9Y5W8,SNX13,23161
Q96IJ6,GMPPA,29926
Q8IVI9,NOSTRIN,115677
Q9UHQ9,CYB5R1,51706
Q14188,TFDP2,7029
Q9ULJ1,ODF2L,57489
Q9Y4B4,RAD54L2,23132
Q9UEE9,CFDP1,10428
Q12840,KIF5A,3798
O60290,ZNF862,643641
Q8N5V2,NGEF,25791
A6NCW0,USP17L3,645836
D6R9N7,USP17L18,100287364
Q7RTZ2,USP17L1,401447
P23921,RRM1,6240
Q2KJY2,KIF26B,55083
Q92930,RAB8B,51762
Q8N4Q0,ZADH2,284273
Q9ULL8,SHROOM4,57477
Q9Y473,ZNF175,7728
Q9Y6F6,MRVI1,10335
H3BS89,TMEM178B,100507421
Q9Y2H6,FNDC3A,22862
P31937,HIBADH,11112
Q9UHR5,SAP30BP,29115
Q8N8V2,GBP7,388646
Q9UPN6,SCAF8,22828
O95394,PGM3,5238
Q13129,RLF,6018
Q9Y6Q5,AP1M2,10053
Q9BQS2,SYT15,83849
A0AUZ9,KANSL1L,151050
Q9UJM8,HAO1,54363
Q96SK3,ZNF607,84775
Q5T0B9,ZNF362,149076
Q9NX40,OCIAD1,54940
Q8NFA2,NOXO1,124056
Q96RT1,ERBB2IP,55914
Q8IYV9,IZUMO1,284359
-,SPACA6P,147650
Q6P7N7,TMEM81,388730
Q9UKA2,FBXL4,26235
Q9NPC3,CCNB1IP1,57820
Q68DU8,KCTD16,57528
-,SNORA73B,26768
Q3V6T2,CCDC88A,55704
P26232,CTNNA2,1496
Q13886,KLF9,687
P57739,CLDN2,9075
-,MIR525,574470
Q9NUL3,STAU2,27067
P00414,COX3,4514
Q9H6R0,DHX33,56919
Q12798,CETN1,1068
O43315,AQP9,366
P01130,LDLR,3949
Q9HAT8,PELI2,57161
P16150,SPN,6693
Q96A54,ADIPOR1,51094
Q96I13,ABHD8,79575
Q96GR4,ZDHHC12,84885
Q96NA2,RILP,83547
-,LOC260334,260334
-,ANXA2P2,304
-,H3.Y,391769
-,LOC649238,649238
Q13748,TUBA3C,7278
P42025,ACTR1B,10120
O43790,KRT86,3892
P78334,GABRE,2564
P06850,CRH,1392
Q9NZM1,MYOF,26509
Q8TEU7,RAPGEF6,51735
O00409,FOXN3,1112
Q6WRI0,IGSF10,285313
-,GOLGA6L7P,728310
O94911,ABCA8,10351
A6NHL2,TUBAL3,79861
P05108,CYP11A1,1583
Q8TBA6,GOLGA5,9950
O75078,ADAM11,4185
Q16540,MRPL23,6150
Q8NGJ4,OR52E2,119678
O15547,P2RX6,9127
Q0VDD8,DNAH14,127602
-,NBPF12,149013
P02689,PMP2,5375
O75410,TACC1,6867
Q69YI7,NAIF1,203245
Q4U2R6,MRPL51,51258
A6NFE2,SMCO2,341346
O15374,SLC16A4,9122
-,ZSCAN12,9753
C9JRZ8,AKR1B15,441282
E0CX11,C7orf73,647087
Q6PL18,ATAD2,29028
Q9H5N1,RABEP2,79874
P05186,ALPL,249
A2RU67,KIAA1467,57613
P20810,CAST,831
Q14541,HNF4G,3174
Q504Y3,ZCWPW2,152098
P00352,ALDH1A1,216
Q92613,JADE3,9767
P32926,DSG3,1830
P21291,CSRP1,1465
Q4G0P3,HYDIN,54768
Q4G0X9,CCDC40,55036
I3L273,GFY,100507003
-,LINC00238,440184
Q8IUR0,TRAPPC5,126003
Q27J81,INF2,64423
Q9Y291,MRPS33,51650
Q86X67,NUDT13,25961
Q9Y6E2,BZW2,28969
Q8TCE6,FAM45A,404636
Q14512,FGFBP1,9982
Q9UKD2,MRTO4,51154
Q9BTM1,H2AFJ,55766
Q92667,AKAP1,8165
Q7Z4T9,MAATS1,89876
A8MW92,PHF20L1,51105
Q8WWI1,LMO7,4008
Q9P2S2|P58401,NRXN2,9379
Q9C0I3,CCSER1,401145
Q7LGA3,HS2ST1,9653
-,RPL13AP3,645683
O75964,ATP5L,10632
Q9HC78,ZBTB20,26137
Q99541,PLIN2,123
Q00G26,PLIN5,440503
P27469,G0S2,50486
Q9UGN5,PARP2,10038
O14842,FFAR1,2864
Q8IX90,SKA3,221150
Q99571,P2RX4,5025
Q5W0Q7,USPL1,10208
Q8IXU6,SLC35F2,54733
P20719,HOXA5,3202
Q5T6F2,UBAP2,55833
Q8N697,SLC15A4,121260
P35354,PTGS2,5743
O15260,SURF4,6836
Q9BQG1,SYT3,84258
-,EP400NL,347918
Q9H2H9,SLC38A1,81539
Q7Z2H8,SLC36A1,206358
Q96QD8,SLC38A2,54407
P01583,IL1A,3552
Q02535,ID3,3399
Q9BYV9,BACH2,60468
Q9UIA9,XPO7,23039
Q9Y484,WDR45,11152
Q9C005,DPY30,84661
Q8N142,ADSSL1,122622
Q04727,TLE4,7091
P23526,AHCY,191
P49589,CARS,833
Q92526,CCT6B,10693
Q8NFP9,NBEA,26960
Q99965,ADAM2,2515
O00268,TAF4,6874
P30740,SERPINB1,1992
P34913,EPHX2,2053
Q14593,ZNF273,10793
P13804,ETFA,2108
P38117,ETFB,2109
Q8NHH9,ATL2,64225
P04899,GNAI2,2771
P63218,GNG5,2787
Q96KJ9,COX4I2,84701
Q9P260,KIAA1468,57614
P12081,HARS,3035
P84074,HPCA,3208
-,HSP90AA5P,730211
Q9HAV7,GRPEL1,80273
Q8IZU2,WDR17,116966
Q96ID5,IGSF21,84966
O60921,HUS1,3364
Q9H0U6,MRPL18,29074
P14735,IDE,3416
P51553,IDH3G,3421
Q9HB58,SP110,3431
O14787,TNPO2,30000
A4D1U4,KIAA1147,57189
Q9Y3A2,UTP11L,51118
Q96T17,MAP7D2,256714
P24844,MYL9,10398
Q9UI09,NDUFA12,55967
O96000,NDUFB10,4716
Q14934,NFATC4,4776
Q13469,NFATC2,4773
Q4G0U5,CFAP221,200373
P08559,PDHA1,5160
P30613,PKLR,5313
P30154,PPP2R1B,5519
Q9Y2T4,PPP2R2C,5522
P51606,RENBP,5973
P40938,RFC3,5983
Q9NVI7,ATAD3A,55210
Q9Y233,PDE10A,10846
Q9BWE0,REPIN1,29803
Q9BRL6,SRSF8,10929
Q16222,UAP1,6675
P09132,SRP19,6728
Q7Z7C8,TAF8,129685
Q9NZI6,TFCP2L1,29842
P49146,NPY2R,4887
P04818,TYMS,7298
-,UQCRFS1P1,100128525
Q9NQP4,PFDN4,5203
P32189,GK,2710
Q14493,SLBP,7884
Q6STE5,SMARCD3,6604
O00764,PDXK,8566
Q9NXE8,CWC25,54883
Q04828,AKR1C1,1645
P98164,LRP2,4036
O94788,ALDH1A2,8854
H3BSY2,GOLGA8M,653720
O60239,SH3BP5,9467
Q9Y3X0,CCDC9,26093
Q9GZT3,SLIRP,81892
Q9Y6W5,WASF2,10163
Q9Y4L1,HYOU1,10525
Q9NNW7,TXNRD2,10587
Q9Y2G4,ANKRD6,22881
Q7Z6J9,TSEN54,283989
P62308,SNRPG,6637
Q9Y2Y1,POLR3K,51728
Q9NUU7,DDX19A,55308
Q12756,KIF1A,547
Q86XL3,ANKLE2,23141
Q86UU1,PHLDB1,23187
P0DJJ0,SRGAP2C,653464
Q96BP3,PPWD1,23398
Q969V3,NCLN,56926
O43719,HTATSF1,27336
Q6QEF8,CORO6,84940
Q9H9Y6,POLR1B,84172
Q6NVY1,HIBCH,26275
Q5JQC9,AKAP4,8852
Q9H0W9,C11orf54,28970
Q9P000,COMMD9,29099
Q9Y3Q8,TSC22D4,81628
Q9UIJ7,AK3,50808
Q9Y624,F11R,50848
O43513,MED7,9443
Q9HC38,GLOD4,51031
Q9NP92,MRPS30,10884
Q7L7X3,TAOK1,57551
Q9Y570,PPME1,51400
Q9NPH2,ISYNA1,51477
Q9UJA5,TRMT6,51605
Q9H2P9,DPH5,51611
Q86SZ2,TRAPPC6B,122553
P30085,CMPK1,51727
Q9H832,UBE2Z,65264
Q8TE02,ELP5,23587
Q68CZ6,HAUS3,79441
Q9NWZ5,UCKL1,54963
Q9NWY4,C4orf27,54969
Q9NWB6,ARGLU1,55082
-,NSUN5P2,260294
Q9P0T7,TMEM9,252839
Q5JPE7,NOMO2,283820
Q96G46,DUS3L,56931
Q9Y676,MRPS18B,28973
P00492,HPRT1,3251
Q9NRN7,AASDHPPT,60496
Q9BQ52,ELAC2,60528
P82663,MRPS25,64432
Q2M296,MTHFSD,64779
Q8TDZ2,MICAL1,64780
Q9NRX2,MRPL17,63875
O94927,HAUS5,23354
Q8WVC6,DCAKD,79877
Q6PJT7,ZC3H14,79882
Q9H999,PANK3,79646
Q9BSU3,NAA11,84779
Q9GZZ1,NAA50,80218
Q96A00,PPP1R14A,94274
Q3SXM5,HSDL1,83693
P37235,HPCAL1,3241
Q99653,CHP1,11261
Q9H910,HN1L,90861
Q9H0R1,AP5M1,55745
Q9UII2,ATPIF1,93974
Q8TAE6,PPP1R14C,81706
Q96GM8,TOE1,114034
O43633,CHMP2A,27243
Q6TFL3,CCDC171,203238
Q9P2D8,UNC79,57578
Q9HBM1,SPC25,57405
Q6NUQ1,RINT1,60561
Q6IEG0,SNRNP48,154007
Q6PJW8,CNST,163882
O75663,TIPRL,261726
Q92989,CLP1,10978
Q9NR45,NANS,54187
-,GPATCH4,54865
-,ST13P4,145165
O14907,TAX1BP3,30851
P10074,ZBTB48,3104
Q7Z3V4,UBE3B,89910
Q969K4,ABTB1,80325
Q8WW59,SPRYD4,283377
Q9Y285,FARSA,2193
Q6UB99,ANKRD11,29123
Q9Y2X3,NOP58,51602
Q8WXX5,DNAJC9,23234
P37837,TALDO1,6888
Q5T1V6,DDX59,83479
Q9Y2L1,DIS3,22894
Q9H0H5,RACGAP1,29127
O60930,RNASEH1,246243
Q6P995,FAM171B,165215
Q9P265,DIP2B,57609
Q96H22,CENPN,55839
Q14765,STAT4,6775
Q92952,KCNN1,3780
O75170,PPP6R2,9701
Q9UPA5,BSN,8927
Q86XA9,HEATR5A,25938
Q7Z4T8,GALNTL5,168391
Q5JYT7,KIAA1755,85449
Q96LZ7,RMDN2,151393
-,RPS26P11,441502
Q96I34,PPP1R16A,84988
Q8N7X0,ADGB,79747
Q99584,S100A13,6284
Q5JSL3,DOCK11,139818
Q8NBH2,KY,339855
Q5T7N2,L1TD1,54596
O00339,MATN2,4147
Q8N4A0,GALNT4,8693
Q9C0D7,ZC3H12C,85463
P10515,DLAT,1737
P23381,WARS,7453
Q15818,NPTX1,4884
Q6ZWK6,TMPRSS11F,389208
Q15404,RSU1,6251
Q8TBC5,ZSCAN18,65982
P62807,HIST1H2BC,8347
Q9H7C9,AAMDC,28971
Q8WZ64,ARAP2,116984
O76036,NCR1,9437
Q8N9C0,IGSF22,283284
P35573,AGL,178
Q6DCA0,AMMECR1L,83607
P08590,MYL3,4634
P0C221,CCDC175,729665
Q9HA65,TBC1D17,79735
P35626,ADRBK2,157
Q9Y6V0,PCLO,27445
P20813,CYP2B6,1555
Q96JW4,SLC41A2,84102
Q9P2W9,STX18,53407
P63162,SNRPN,6638
Q9HAZ2,PRDM16,63976
Q9H3N8,HRH4,59340
Q8IWJ2,GCC2,9648
Q9H609,ZNF576,79177
P42765,ACAA2,10449
Q149M9,NWD1,284434
P31327,CPS1,1373
Q86UG4,SLCO6A1,133482
Q5T011,SZT2,23334
O15480,MAGEB3,4114
-,PLEKHM1P,440456
O43548,TGM5,9333
-,PPP1R2P3,153743
Q9ULI0,ATAD2B,54454
Q9HA64,FN3KRP,79672
Q9UQ07,MOK,5891
Q9H808,TLE6,79816
Q8NA56,TTC29,83894
O75223,GGCT,79017
Q15477,SKIV2L,6499
O75896,TUSC2,11334
P35716,SOX11,6664
Q9UC07,ZNF69,7620
Q6P2D8,XRRA1,143570
Q4V9L6,TMEM119,338773
Q8NDL9,AGBL5,60509
Q4LDE5,SVEP1,79987
P0C7H9,USP17L7,392197
Q96S16,JMJD8,339123
Q9ULW3,ABT1,29777
Q9H6X2,ANTXR1,84168
Q8TDW7,FAT3,120114
Q15942,ZYX,7791
P46093,GPR4,2828
O75113,N4BP1,9683
Q9H790,EXO5,64789
Q9BYW2,SETD2,29072
Q96DR7,ARHGEF26,26084
Q92556,ELMO1,9844
Q9H2C2,ARV1,64801
Q5VWG9,TAF3,83860
Q7Z628,NET1,10276
Q9HAP2,MLXIP,22877
Q5TKA1,LIN9,286826
P57088,TMEM33,55161
-,LINC00664,400680
-,LINC00312,29931
Q12857,NFIA,4774
P07148,FABP1,2168
O75688,PPM1B,5495
P49619,DGKG,1608
P40305,IFI27,3429
Q99250,SCN2A,6326
Q71F56,MED13L,23389
O75420,GIGYF1,64599
Q14576,ELAVL3,1995
Q9NXG6,P4HTM,54681
Q13568,IRF5,3663
Q86W56,PARG,8505
Q9BZB8,CPEB1,64506
Q08722,CD47,961
Q8N0X7,SPG20,23111
P48060,GLIPR1,11010
Q9BV35,SLC25A23,79085
O95389,WISP3,8838
O43813,LANCL1,10314
Q9NUQ9,FAM49B,51571
P62805,HIST1H4D,8360
P13598,ICAM2,3384
Q6UXB8,PI16,221476
O75204,TMEM127,55654
-,LOC339529,339529
Q9H9T3,ELP3,55140
-,AZGP1P2,401393
Q96T37,RBM15,64783
O00757,FBP2,8789
Q86UD3,MARCH3,115123
P18283,GPX2,2877
Q96SI1,KCTD15,79047
Q96SJ8,TSPAN18,90139
Q96D31,ORAI1,84876
Q9NRJ4,TULP4,56995
O75426,FBXO24,26261
-,LINC01016,100507584
-,LINC00261,140828
Q99466,NOTCH4,4855
P17535,JUND,3727
Q5ZPR3,CD276,80381
O75363,BCAS1,8537
P56747,CLDN6,9074
Q03169,TNFAIP2,7127
-,LINC00955,285492
P18615,NELFE,7936
Q9ULX9,MAFF,23764
Q9BZC7,ABCA2,20
Q709F0,ACAD11,84129
P33121,ACSL1,2180
-,AFD1,171
Q6RW13,AGTRAP,57085
Q9NQ11,ATP13A2,23400
Q9Y487,ATP6V0A2,23545
Q5VV63,ATRNL1,26033
Q9NY47,CACNA2D2,9254
Q9P0U4,CXXC1,30827
P06865,HEXA,3073
P52790,HK3,3101
Q5XG99,LYSMD4,145748
O00462,MANBA,4126
Q92692,PVRL2,5819
O75051,PLXNA2,5362
Q15262,PTPRK,5796
Q9HCK4,ROBO2,6092
Q9UP95,SLC12A4,6560
Q92581,SLC9A6,10479
Q9H2V7,SPNS1,83985
Q9NP58,ABCB6,10058
Q9UNQ0,ABCG2,9429
P12821,ACE,1636
Q9P1U1,ACTR3B,57180
Q9Y672,ALG6,29929
P10696,ALPPL2,251
Q32M45,ANO4,121601
P50995,ANXA11,311
Q92870,APBB2,323
P15848,ARSB,411
Q12797,ASPH,444
P98196,ATP11A,23250
Q8NB49,ATP11C,286410
P21283,ATP6V1C1,528
Q96A05,ATP6V1E2,90423
P35670,ATP7B,540
Q9Y2Q0,ATP8A1,10396
Q9NTI2,ATP8A2,51761
P98198,ATP8B2,57198
Q6UW56,ATRAID,51374
Q9UHQ4,BCAP29,55973
Q7KYR7,BTN2A1,11120
Q5VU97,CACHD1,57685
P54289,CACNA2D1,781
Q9NZT1,CALML5,51806
Q9ULB5,CDH7,1005
Q13286,CLN3,1201
O94985,CLSTN1,22883
Q9H4D0,CLSTN2,64084
Q9NRU3,CNNM1,26507
P20674,COX5A,9377
Q96EY1,DNAJA3,9093
Q16610,ECM1,1893
P54753,EPHB3,2049
Q9H8M9,EVA1A,84141
Q9Y5Y0,FLVCR1,28982
P36383,GJC1,10052
P06280,GLA,2717
Q9P2T1,GMPR2,51292
P29992,GNA11,2767
Q96QA5,GSDMA,284110
P35475,IDUA,3425
Q9NPH3,IL1RAP,3556
P26010,ITGB7,3695
Q8NA29,MFSD2A,84879
Q29983,MICA,100507436
Q9UBG0,MRC2,9902
P00395,COX1,4512
Q9Y2G1,MYRF,745
Q6ZVX7,NCCRP1,342897
Q9HCH0,NCKAP5L,57701
P52848,NDST1,3340
Q5JS37,NHLRC3,387921
Q6NVV3,NIPAL1,152519
Q9UFN0,NIPSNAP3A,25934
Q13423,NNT,23530
Q9HCM2,PLXNA4,91584
Q96P65,QRFPR,84109
P20337,RAB3B,5865
O15127,SCAMP2,10066
P51688,SGSH,6448
P36021,SLC16A2,6567
Q15043,SLC39A14,23516
Q6U841,SLC4A10,57282
Q92536,SLC7A6,9057
Q96T83,SLC9A7,84679
Q96BD0,SLCO4A1,28231
Q9H2Y9,SLCO5A1,81796
Q9Y519,TMEM184B,25829
Q9BZM6,ULBP1,80329
Q06481,APLP2,334
Q9H7F0,ATP13A3,79572
P98194,ATP2C1,27032
O95825,CRYZL1,9946
P61803,DAD1,1603
Q09019,DMWD,1762
Q07075,ENPEP,2028
Q9UP38,FZD1,8321
Q9UJ83,HACL1,26061
-,HSP90AB2P,391634
P26006,ITGA3,3675
O76009,KRT33A,3883
P32004,L1CAM,3897
Q8NAA5,LRRC75A,388341
Q8TDW0,LRRC8C,84230
Q9NXR1,NDE1,54820
P12955,PEPD,5184
P42785,PRCP,5547
Q6UXD5,SEZ6L2,26470
P49281,SLC11A2,4891
Q6YBV0,SLC36A4,120103
Q8TCT8,SPPL2A,84888
Q6N022,TENM4,26011
P04217,A1BG,1
-,A2ML1,144568
Q99758,ABCA3,21
Q8WWZ7,ABCA5,23461
P33527,ABCC1,4363
Q9NUJ1,ABHD10,55347
Q6H8Q1,ABLIM2,84448
P16219,ACADS,35
Q9BWD1,ACAT2,39
Q9P0K1,ADAM22,53616
Q9UHI8,ADAMTS1,9510
O60266,ADCY3,109
P51648,ALDH3A2,224
P51649,ALDH5A1,7915
O75342,ALOX12B,242
Q86WK6,AMIGO1,57463
Q86SJ2,AMIGO2,347902
Q9UPS8,ANKRD26,22852
Q2VPB7,AP5B1,91056
P02749,APOH,350
Q6UWY0,ARSK,153642
Q8WWH4,ASZ1,136991
P31939,ATIC,471
Q13733,ATP1A4,480
Q8N8Y2,ATP6V0D2,245972
O75110,ATP9A,10079
O43861,ATP9B,374868
O75882,ATRN,8455
Q9Y276,BCS1L,617
P78537,BLOC1S1,2647
Q6QNY1,BLOC1S2,282991
Q9NW68,BSDC1,55108
P43251,BTD,686
Q9HAS0,C17orf75,64149
Q96HA4,C1orf159,54991
P09871,C1S,716
Q9UK00,C3orf18,51161
Q9BY67,CADM1,23705
Q8NFZ8,CADM4,199731
P62158,CALM2,805
Q9HA77,CARS2,79587
P31944,CASP14,23581
P04040,CAT,847
Q6YHK3,CD109,135228
P08174,CD55,1604
Q99618,CDCA3,83461
Q9HCU4,CELSR2,1952
Q96S66,CLCC1,23155
P51797,CLCN6,1185
Q9H8M5,CNNM2,54805
Q6P4Q7,CNNM4,26504
P09543,CNP,1267
Q12860,CNTN1,1272
P02461,COL3A1,1281
Q9Y4D2,DAGLA,747
Q01955,COL4A3,1285
P14406,COX7A2,1347
Q9UI42,CPA4,51200
Q96IY4,CPB2,1361
P00450,CP,1356
P23786,CPT2,1376
Q9UBX1,CTSF,8722
P78310,CXADR,1525
Q6ZN54,DEF8,54849
Q8IWF6,DENND6A,201627
P98153,DGCR2,9993
Q9H3Z4,DNAJC5,80331
P49184,DNASE1L1,1774
Q2PZI1,DPY19L1,23333
Q02487,DSC2,1824
P0C7U0,ELFN1,392617
Q8N8S7,ENAH,55740
P07099,EPHX1,2052
Q8N128,FAM177A1,283635
P22570,FDXR,2232
O43427,FIBP,9158
Q9UPI3,FLVCR2,55640
P02794,FTH1,2495
Q14332,FZD2,2535
Q9NPG1,FZD3,7976
P34059,GALNS,2588
Q86SR1,GALNT10,55568
Q8NCL4,GALNT6,11226
Q14393,GAS6,2621
Q9NXN4,GDAP2,54834
P16278,GLB1,2720
P15586,GNS,2799
O43292,GPAA1,8733
P35052,GPC1,2817
P51674,GPM6A,2823
Q9NPR9,GPR108,56927
Q68CP4,HGSNAT,138050
Q9BX68,HINT2,84681
P10321,HLA-C,3107
P28068,HLA-DMB,3109
Q96D96,HVCN1,84329
P22304,IDS,3423
P38484,IFNGR2,3460
Q8N6C5,IGSF1,3547
Q969P0,IGSF8,93185
Q08334,IL10RB,3588
P78552,IL13RA1,3597
Q8NFM7,IL17RD,54756
Q13478,IL18R1,8809
P53708,ITGA8,8516
P19823,ITIH2,3698
Q06033,ITIH3,3699
P48547,KCNC1,3746
O00180,KCNK1,3775
Q8IZA0,KIAA0319L,79932
Q96J84,KIRREL,55243
Q53HC5,KLHL26,55295
A4D1S0,KLRG2,346689
Q9BQD3,KXD1,79036
Q96FE5,LINGO1,84894
P49257,LMAN1,3998
Q12907,LMAN2,10960
Q6P1A2,LPCAT3,10162
P50851,LRBA,987
O75074,LRP3,4037
Q8IWT6,LRRC8A,56262
Q7L1W4,LRRC8D,55144
Q13449,LSAMP,4045
Q9HD34,LYRM4,57128
P33908,MAN1A1,4121
Q00266,MAT1A,4143
Q7Z553,MDGA2,161357
P23368,ME2,4200
Q5TF39,KIAA1919,91749
Q10469,MGAT2,4247
Q96EY8,MMAB,326625
P08473,MME,4311
P03923,ND6,4541
P54802,NAGLU,4669
Q9UK23,NAGPA,51172
Q9H115,NAPB,63908
Q9P0J0,NDUFA13,51079
O00483,NDUFA4,4697
P56556,NDUFA6,4700
Q9Y375,NDUFAF1,51103
Q9NX14,NDUFB11,54539
Q9Y6M9,NDUFB9,4715
Q7Z3B1,NEGR1,257194
Q92859,NEO1,4756
Q9UQ49,NEU3,10825
O94856,NFASC,23114
P47972,NPTX2,4885
P21589,NT5E,4907
Q9Y6R0,NUMBL,9253
Q86WC4,OSTM1,28962
-,OVOS2,144203
Q9NWU1,OXSM,54995
P47900,P2RY1,5028
Q32P28,P3H1,64175
Q9NWQ8,PAG1,55824
P61457,PCBD1,5092
Q16549,PCSK7,9159
Q9Y5K3,PCYT1B,9468
O15067,PFAS,5198
O00443,PIK3C2A,5286
Q8NCC3,PLA2G15,23659
Q96S99,PLEKHF1,79156
Q7Z736,PLEKHH3,79990
Q6UX71,PLXDC2,84898
Q6PGN9,PSRC1,84722
Q6ZRP7,QSOX2,169714
P10114,RAP2A,5911
Q9Y3L5,RAP2C,57826
O75695,RP2,6102
P49247,RPIA,22934
Q8WTV0,SCARB1,949
Q13530,SERINC3,10955
Q587I9,SFT2D3,84826
P78324,SIRPA,140885
P09131,SLC10A3,8273
Q6NT16,SLC18B1,116843
P41440,SLC19A1,6573
Q9BZV2,SLC19A3,80704
Q8NFF2,SLC24A4,123041
Q00325,SLC25A3,5250
P50443,SLC26A2,1836
Q99808,SLC29A1,2030
Q9BZD2,SLC29A3,55315
Q7RTT9,SLC29A4,222962
Q8TD20,SLC2A12,154091
Q8TBE7,SLC35G2,80723
Q7Z3Q1,SLC46A3,283537
Q9Y6R1,SLC4A4,8671
Q9HAB3,SLC52A2,79581
Q8IVB4,SLC9A9,285195
Q9UIG8,SLCO3A1,28232
Q14BN4,SLMAP,7871
Q5VWJ9,SNX30,401548
Q9HCB6,SPON1,10418
P43307,SSR1,6745
P15907,ST6GAL1,6480
O43752,STX6,10228
Q9UNK0,STX8,9482
Q96C24,SYTL4,94121
Q15542,TAF5,6877
Q969Z0,TBRG4,9238
Q9NS93,TM7SF3,51768
Q9H0C3,TMEM117,84216
B9EJG8,TMEM150C,441027
Q9NVA4,TMEM184C,55751
Q9NWD8,TMEM248,55069
Q9P1W3,TMEM63C,57156
Q969D9,TSLP,85480
Q8NG11,TSPAN14,81619
P41732,TSPAN7,7102
Q6PEY2,TUBA3E,112714
Q9NYZ1,TVP23B,51030
Q9BZM4,ULBP3,79465
Q96AJ9,VTI1A,143187
Q9BWQ6,YIPF2,78992
Q9P015,MRPL15,29088
Q9BTC8,MTA3,57504
O60573,EIF4E2,9470
Q96DA6,DNAJC19,131118
P51798,CLCN7,1186
Q969J3,LOH12CR1,118426
Q9Y3D9,MRPS23,51649
O75575,CRCP,27297
Q96HJ9,C7orf55,154791
O15234,CASC3,22794
Q9Y2B0,CNPY2,10330
Q9Y5B6,PAXBP1,94104
Q7Z5G4,GOLGA7,51125
O95400,CD2BP2,10421
Q5KU26,COLEC12,81035
Q9NVK5,FGFR1OP2,26127
Q9H0X9,OSBPL5,114879
Q9H3R5,CENPH,64946
P51148,RAB5C,5878
Q8NCW6,GALNT11,63917
O75886,STAM2,10254
Q6UWP7,LCLAT1,253558
Q9UMY4,SNX12,29934
Q9NSY1,BMP2K,55589
O60499,STX10,8677
Q16850,CYP51A1,1595
Q9NRW7,VPS45,11311
P62805,HIST1H4C,8364
Q8IZA3,H1FOO,132243
Q86T03,TMEM55B,90809
Q9Y2H2,INPP5F,22876
Q8NCX0,CCDC150,284992
Q14678,KANK1,23189
Q5T655,CFAP58,159686
O60508,CDC40,51362
Q9P2M7,CGN,57530
Q9H8W3,FAM204A,63877
Q7L4P6,BEND5,79656
Q96M63,CCDC114,93233
Q3ZCT8,KBTBD12,166348
Q9H3G5,CPVL,54504
Q5BJE1,CCDC178,374864
Q8TBZ0,CCDC110,256309
Q5VVM6,CCDC30,728621
Q8N7J2,AMER2,219287
Q8ND07,CCDC176,80127
Q86X95,CIR1,9541
Q96HP0,DOCK6,57572
Q13948|P39880,CUX1,1523
Q8IY37,DHX37,57647
Q8TAP6,CEP76,79959
Q502W7,CCDC38,120935
Q9NQV7,PRDM9,56979
Q4KMZ1,IQCC,55721
Q5SZL2,CEP85L,387119
Q86Z20,CCDC125,202243
Q6ZP65,CCDC64,92558
Q9NUQ2,AGPAT5,55326
Q5T5U3,ARHGAP21,57584
Q9BWT6,MND1,84057
Q5T5Y3,CAMSAP1,157922
Q5T7N3,KANK4,163782
Q7Z5H3,ARHGAP22,58504
Q8NHQ9,DDX55,57696
Q8IXW0,LMNTD2,256329
P54259,ATN1,1822
P15812,CD1E,913
Q1MSJ5,CSPP1,79848
O14828,SCAMP3,10067
Q9UK10,ZNF225,7768
Q5VVW2,GARNL3,84253
O00305,CACNB4,785
Q96B45,C10orf32,119032
Q92828,CORO2A,7464
Q8N5K1,CISD2,493856
Q9H4G4,GLIPR2,152007
Q14314,FGL2,10875
Q9NUN5,LMBRD1,55788
Q6P9F0,CCDC62,84660
O75976,CPD,1362
Q8TEW8,PARD3B,117583
P42331,ARHGAP25,9938
O94898,LRIG2,9860
Q9H175,CSRNP2,81566
Q9HCC6,HES4,57801
Q9UIF9,BAZ2A,11176
Q68DL7,C18orf63,644041
Q32MK0,MYLK3,91807
Q9H6S1,AZI2,64343
Q99469,STAC,6769
Q7RTY7,OVCH1,341350
Q96J66,ABCC11,85320
Q6PUV4,CPLX2,10814
Q9H8G2,CAAP1,79886
P13747,HLA-E,3133
Q4UJ75,ANKRD20A4,728747
Q7Z7K6,CENPV,201161
Q96MR6,CFAP57,149465
Q9P227,ARHGAP23,57636
Q9ULD2,MTUS1,57509
O60512,B4GALT3,8703
Q8TCP9,FAM200A,221786
O00472,ELL2,22936
Q8NDM7,CFAP43,80217
O95832,CLDN1,9076
O15228,GNPAT,8443
Q9NR82,KCNQ5,56479
Q15743,GPR68,8111
Q92854,SEMA4D,10507
Q8N556,AFAP1,60312
Q9ULG3,KIAA1257,57501
Q96PV7,FAM193B,54540
Q8N7G0,POU5F2,134187
Q7Z2Y5,NRK,203447
Q9H694,BICC1,80114
Q8NGA0,OR7G1,125962
Q9C0B2,CFAP74,85452
Q8IWA6,CCDC60,160777
Q8NI17,IL31RA,133396
P0C091,FREM3,166752
Q68CQ7,GLT8D1,55830
Q9H0I3,CCDC113,29070
Q14CB8,ARHGAP19,84986
Q8WWL7,CCNB3,85417
O75173,ADAMTS4,9507
Q9UBC0,ONECUT1,3175
Q9NS28,RGS18,64407
Q8N815,CNTD1,124817
P50135,HNMT,3176
Q8N2C3,DEPDC4,120863
Q9Y283,INVS,27130
P59045,NLRP11,204801
P17693,HLA-G,3135
Q9BXX3,ANKRD30A,91074
P48145,NPBWR1,2831
P07602,PSAP,5660
Q2VWP7,PRTG,283659
Q8N3J6,CADM2,253559
Q9UKP5,ADAMTS6,11174
Q9UPZ3,HPS5,11234
Q8TC36,SUN5,140732
Q9NZ32,ACTR10,55860
Q96MC5,C16orf45,89927
K9M1U5,IFNL4,101180976
P98187,CYP4F8,11283
Q96RC9,OR8B4,283162
Q96QF7,ACRC,93953
Q7Z7G0,ABI3BP,25890
P02775,PPBP,5473
O14944,EREG,2069
Q9H7E9,C8orf33,65265
O75339,CILP,8483
Q9UBQ6,EXTL2,2135
Q6P531,GGT6,124975
Q4L180,FILIP1L,11259
Q9BXT8,RNF17,56163
Q96CN4,EVI5L,115704
Q6NUI6,CHADL,150356
Q6P4F7,ARHGAP11A,9824
Q8TAM6,ERMN,57471
Q9GZU0,C6orf62,81688
Q9BX97,PLVAP,83483
Q9BZJ8,GPR61,83873
P20702,ITGAX,3687
Q8N8V4,ANKS4B,257629
Q6QHK4,FIGLA,344018
Q8NEG7,DENND6B,414918
Q9H7Z3,NRDE2,55051
O15539,RGS5,8490
P61647,ST8SIA6,338596
Q86Y39,NDUFA11,126328
P49588,AARS,16
Q9UDR5,AASS,10157
Q86UK0,ABCA12,26154
Q8IUA7,ABCA9,10350
Q96J65,ABCC12,94160
O60706,ABCC9,10060
P28288,ABCD3,5825
Q9H221,ABCG8,64241
Q8N0Z2,ABRA,137735
P24752,ACAT1,38
Q9Y305,ACOT9,23597
Q6ZNF0,PAPL,390928
Q53FZ2,ACSM3,6296
Q8TDG2,ACTRT1,139741
Q13444,ADAM15,8751
O15204,ADAMDEC1,27299
P58397,ADAMTS12,81792
Q8TE58,ADAMTS15,170689
O14514,BAI1,575
Q5T601,GPR110,266977
O94910,LPHN1,22859
Q9HAR2,LPHN3,23284
P40394,ADH7,131
P43652,AFM,173
Q5U5Z8,AGBL2,79841
Q9UPW5,AGTPBP1,23287
Q5TGY3,AHDC1,27245
Q5TCS8,AK9,221264
Q9UKA4,AKAP11,11215
O75969,AKAP3,10566
Q5T1N1,AKNAD1,254268
O75891,ALDH1L1,10840
P05062,ALDOB,229
Q5I7T1,ALG10B,144245
P16050,ALOX15,246
Q86TB3,ALPK2,115701
P23109,AMPD1,270
E9PGG2,ANHX,647589
Q7Z5J8,ANKAR,150709
Q9NU02,ANKEF1,63926
Q8IVF6,ANKRD18A,253650
Q9BXX2,ANKRD30B,374860
A6NC57,ANKRD62,342850
Q9H8Y5,ANKZF1,55139
Q9NW15,ANO10,55129
Q9BYT9,ANO3,63982
Q5T2P8|P13928,ANXA8,653145
P02654,APOC1,341
O14791,APOL1,8542
P07741,APRT,353
Q13017,ARHGAP5,394
O43182,ARHGAP6,395
Q15052,ARHGEF6,9459
Q8N7S6,ARIH2OS,646450
Q8NEN0,ARMC2,84071
P07306,ASGR1,432
Q9NWL6,ASNSD1,54529
P18846,ATF1,466
P54707,ATP12A,479
Q9UIF8,BAZ2B,29994
Q6ZW61,BBS12,166379
Q8WY36,BBX,56987
Q9BYV7,BCO2,83875
Q5H9F3,BCORL1,63035
Q9BUH8,BEGAIN,57596
Q9NWD9,BEX4,56271
Q9H2G9,BLZF1,8548
P12645,BMP3,651
Q01954,BNC1,646
Q86WA6,BPHL,670
Q92994,BRF1,2972
P55201,BRPF1,7862
Q6RI45,BRWD3,254065
Q9BX70,BTBD2,55643
Q9P203,BTBD7,55727
Q9BRD0,BUD13,84811
Q8NE79,BVES,11149
Q8IYJ2,C10orf67,256815
Q96M02,C10orf90,118611
A6NNT2,C16orf96,342346
Q8NEA5,C19orf18,147685
Q5SNV9,C1orf167,284498
Q9H246,C1orf21,81563
P00736,C1R,715
P58505,C21orf58,54058
Q9BZE7,C22orf23,84645
O95567,C22orf31,25770
B7Z1M9,C2CD4D,100191040
Q8N1A6,C4orf33,132321
Q7Z6I8,C5orf24,134553
P13671,C6,729
P10643,C7,730
P02748,C9,735
Q96KC9,CABS1,85438
O00555,CACNA1A,773
O43497,CACNA1G,8913
O14815,CAPN9,10753
Q8WWF8,CAPSL,133690
Q9BX69,CARD6,84674
Q92851,CASP10,843
Q9UKL3,CASP8AP2,9994
Q86V15,CASZ1,54897
Q9H7T0,CATSPERB,79820
Q8NEF3,CCDC112,153733
Q96NT0,CCDC115,84317
Q8IYE1,CCDC13,152206
Q6ZP82,CCDC141,285025
A2RUR9,CCDC144A,9720
Q8IYE0,CCDC146,57639
P0C7I6,CCDC159,126075
Q5T9S5,CCDC18,343099
Q8NCU4,KIAA1407,57577
Q8N5R6,CCDC33,80125
Q2TAC2,CCDC57,284001
A6NI79,CCDC69,26112
Q6ZN84,CCDC81,60494
Q8IWF9,CCDC83,220047
O15444,CCL25,6370
P80098,CCL7,6354
P29279,CTGF,1490
P51686,CCR9,10803
Q93033,CD101,9398
P06729,CD2,914
P14209,CD99,4267
P55291,CDH15,1013
Q9BYE9,CDHR2,54825
Q9NYV4,CDK12,51755
Q9NXV6,CDKN2AIP,55602
Q01850,CDR2,1039
Q9Y6F8,CDY1,9085
Q8N8U2,CDYL2,124359
Q5SZQ8,CELF3,11189
Q92674,CENPI,2491
Q96GE4,CEP95,90799
A6NL82,FAM183A,440585
Q5JU67,C9orf117,286207
Q0VFZ6,CCDC173,129881
Q96G28,CFAP36,112942
Q96MT7,CFAP44,55779
Q6ZTR5,CXorf22,170063
Q8TDI0,CHD5,26038
Q8TD26,CHD6,84181
Q3L8U1,CHD9,80205
P05060,CHGB,1114
O43916,CHST1,8534
Q8NCG5,CHST4,10164
Q8IUL8,CILP2,148113
Q8WWK9,CKAP2,26586
P33552,CKS2,1164
Q8N2M8,CLASRP,11129
Q9UQC9,CLCA2,9635
Q9UDT6,CLIP2,7461
Q15846,CLUL1,27098
Q8IY22,CMIP,80790
Q9BQ75,CMSS1,84319
Q14028,CNGB1,1258
Q6P9H4,CNKSR3,154043
Q8IWV2,CNTN4,152330
Q9C0A0,CNTNAP4,85445
Q8NFW1,COL22A1,169044
Q9BXS0,COL25A1,84570
Q8IZC6,COL27A1,85301
P29400,COL4A5,1287
Q02388,COL7A1,1294
Q5HYK3,COQ5,84274
P24310,COX7A1,1346
Q9Y646,CPQ,10404
Q96SM3,CPXM1,56265
P82279,CRB1,23418
Q8IUR6,CREBRF,153222
Q8N1P7,AIM1L,55057
Q8TDX6,CSGALNACT1,55790
Q8NI51,CTCFL,140690
Q2TBE0,CWF19L2,143884
P49238,CX3CR1,1524
Q07325,CXCL9,4283
Q14093,CYLC2,1539
P04798,CYP1A1,1543
Q6UW02,CYP20A1,57404
P33261,CYP2C19,1557
O75881,CYP7B1,9420
Q9Y4D1,DAAM1,23002
Q8IXT1,DDIAS,220042
Q9NVP1,DDX18,8886
Q9GZR7,DDX24,57062
Q9Y2R4,DDX52,11056
Q5H9U9,DDX60L,91351
Q5VZ89,DENND4C,55667
Q6ZUT9,DENND5B,160518
Q13574,DGKZ,8525
Q15392,DHCR24,1718
Q9UBM7,DHCR7,1717
Q86SQ9,DHDDS,79947
Q9Y394,DHRS7,51635
Q6P158,DHX57,90957
O60879,DIAPH2,1730
Q15700,DLG2,1740
Q9P1A6,DLGAP2,9228
O95886,DLGAP3,58512
Q9UI17,DMGDH,29958
Q9Y485,DMXL1,1657
Q6ZR08,DNAH12,201625
Q8IWG1,WDR63,126820
O14645,DNALI1,7802
Q14183,DOC2A,8448
Q96BY6,DOCK10,55619
Q9H7D0,DOCK5,80005
Q96MC2,DRC1,92749
Q8IY82,DRC7,84229
O95620,DUS4L,11062
A2CJ06,DYTN,391475
Q66K89,E4F1,1877
Q008S8,ECT2L,345930
Q8IY85,EFCAB13,124989
Q6PCB8,EMB,133418
P54851,EMP2,2013
O94919,ENDOD1,23052
Q9UJA9,ENPP5,59084
O75354,ENTPD6,955
Q9NQZ7,ENTPD7,57089
P16422,EPCAM,4072
Q6P179,ERAP2,64167
Q5T890,ERCC6L2,375748
Q5FWF5,ESCO1,114799
P62508,ESRRG,2104
P12259,F5,2153
Q6GMR7,FAAH2,158584
Q0Z7S8,FABP9,646480
O60427,FADS1,3992
Q49AJ0,FAM135B,51059
Q8NE31,FAM13C,220965
A6NEQ2,FAM181B,220382
Q8NB25,FAM184A,79632
Q8IXS0,FAM217A,222826
Q5XKK7,FAM219B,57184
Q86W67,FAM228A,653140
Q96LP2,FAM81B,153643
Q658Y4,FAM91A1,157769
Q8IZT9,FAM9C,171484
Q96K12,FAR2,55711
Q9NYY8,FASTKD2,22868
Q9BRP7,FDXACB1,91893
Q2WGJ9,FER1L6,654463
P55075,FGF8,2253
Q9BVA6,FICD,11153
Q5D862,FLG2,388698
Q68DA7,FMN1,342184
Q12951,FOXI1,2299
Q96NZ1,FOXN4,121643
Q9P2Q2,FRMD4A,55691
Q5SYB0,FRMPD1,22844
Q14CM0,FRMPD4,9758
Q5TBA9,FRY,10129
Q9BXM9,FSD1L,83856
Q8NA03,FSIP1,161835
P04066,FUCA1,2517
Q5VWT5,C1orf168,199920
P34903,GABRA3,2556
A8MPY1,GABRR3,200959
Q8N428,GALNT16,57452
Q99501,GAS2L1,10634
Q9H227,GBA3,57733
Q96PP8,GBP5,115362
Q6ZN66,GBP6,163351
Q14549,GBX1,2636
P01275,GCG,2641
Q6ZNI0,GCNT7,140687
Q6W3E5,GDPD4,220032
Q17RS7,GEN1,348654
O00258,WRB,7485
Q9NXC2,GFOD1,54438
Q9Y248,GINS2,51659
Q8TF64,GIPC3,126326
Q14344,GNA13,10672
Q9UK08,GNG8,94235
O14610,GNGT2,2793
P0CJ92,GOLGA8H,728498
Q3T8J9,GON4L,54856
Q96D09,GPRASP2,114928
Q8IYS0,GRAMD1C,54762
Q9C091,GREB1L,80000
P42263,GRIA3,2892
A0PJZ3,GXYLT2,727936
Q9BT25,HAUS8,93323
Q9BSH5,HDHD3,81932
Q9P2P5,HECW2,57520
Q96QV1,HHIP,64399
Q9Y241,HIGD1A,25994
Q86Z02,HIPK1,204851
Q8WW32,HMGB4,127540
Q9UM19,HPCAL4,51440
Q96MM7,HS6ST2,90161
Q8TCB0,IFI44,10561
Q5VWK5,IL23R,149233
Q96PC2,IP6K3,117283
Q9H0B3,KIAA1683,80726
Q96DU7,ITPKC,80271
P28290,SSFA2,6744
Q9Y219,JAG2,3714
Q16558,KCNMB1,3779
Q8NAX2,KDF1,126695
P29375,KDM5A,5927
Q5VV43,KIAA0319,9856
Q5T5P2,KIAA1217,56243
Q8NI77,KIF18A,81930
Q96Q89,KIF20B,9585
Q96AC6,KIFC2,90990
Q9C0H6,KLHL4,56062
Q96PV6,LENG8,114823
Q8TD35,LKAAEAR1,198437
Q14693,LPIN1,23175
Q92539,LPIN2,9663
Q5T3J3,LRIF1,55791
Q96CN5,LRRC45,201255
Q0VAA2,LRRC74A,145497
Q9C099,LRRCC1,85444
Q9H089,LSG1,55341
P02788,LTF,4057
Q56UN5,MAP3K19,80122
O15232,MATN3,4148
Q01718,MC2R,4158
Q9NVC6,MED17,9440
Q9Y3C7,MED31,51003
Q96S19,C16orf13,84326
Q9BYD6,MRPL1,65008
P09001,MRPL3,11222
Q9HD33,MRPL47,57129
Q9Y2R9,MRPS7,51081
P0CJ77,MTRNR2L10,100463488
Q9UKX3,MYH13,8735
Q9Y2K3,MYH15,22989
Q8NEV4,MYO3A,53904
Q5VTT5,MYOM3,127294
Q8NFW9,MYRIP,25924
Q8IZF0,NALCN,259232
Q9UHF3,NAT8B,51471
O95803,NDST3,9348
Q9UD57,NKX1-2,390010
Q86W25,NLRP13,126204
Q7RTR0,NLRP9,338321
P42857,NSG1,27065
Q8N323,NXPE1,120400
Q8IXM7,ODF3L1,161753
Q8NH42,OR4K13,390433
Q8NGC6,OR4K17,390436
Q8NGH5,OR56A1,120796
O60412,OR7C2,26658
Q9HC10,OTOF,9381
Q8IVL5,P3H2,55214
O43252,PAPSS1,9061
Q86WK9,PAQR7,164091
P18545,PDE6G,5148
Q9P0J1,PDP1,54704
O15018,PDZD2,23037
Q8IXQ8,PDZD9,255762
Q96S96,PEBP4,157310
Q6P3X8,PGBD2,267002
O94880,PHF14,9678
Q9UPP1,PHF8,23133
Q9BTU6,PI4K2A,55361
Q92508,PIEZO1,9780
Q5H8A4,PIGG,54872
Q9BZ71,PITPNM3,83394
Q8TDX9,PKD1L1,168507
Q9C010,PKIB,5570
Q00722,PLCB2,5330
Q9ULL1,PLEKHG1,57480
Q6ZWE6,PLEKHM3,389072
A0PG75,PLSCR5,389158
Q9ULL4,PLXNB3,5365
Q8TBY8,PMFBP1,83449
O15318,POLR3G,10622
P16435,POR,5447
Q8N3J5,PPM1K,152926
Q8N819,PPM1N,147699
Q5T8A7,PPP1R26,9858
Q13237,PRKG2,5593
Q569H4,PRR16,51334
A5PKW4,PSD,5662
P20472,PVALB,5816
Q96N64,PWWP2A,114825
Q9H1K0,RBSN,64145
Q92546,RGP1,9827
Q8NE09,RGS22,26166
Q96F10,SAT2,112483
Q93073,SECISBP2L,9728
Q8NHU3,SGMS2,166929
Q8TEJ3,SH3RF3,344558
Q9BZQ2,SHCBP1L,81626
Q9NXL6,SIDT1,54847
O75182,SIN3B,23309
Q9H2J7,SLC6A15,55117
P46721,SLCO1A2,6579
P0DL12,SMIM17,147670
Q9H3E2,SNX25,83891
Q8N0X2,SPAG16,79582
Q68D10,SPTY2D1,144108
Q8N4C7,STX19,415117
Q5VZP5,DUSP27,92235
Q6ZW31,SYDE1,85360
Q96M53,TBATA,219793
Q7Z6L1,TECPR1,25851
Q9UIF3,TEKT2,27285
Q9H1K6,MESDC1,59274
Q5GJ75,TNFAIP8L3,388121
Q9C0H2,TTYH3,80727
O75541,ZNF821,55565
Q86UQ4,ABCA13,154664
O94929,ABLIM3,22885
P82987,ADAMTSL3,57188
Q96PN6,ADCY10,55811
Q8IZF3,GPR115,221393
Q13023,AKAP6,9472
P09923,ALPI,248
Q9P2G1,ANKIB1,54467
C9JTQ0,ANKRD63,100131244
Q9P2F6,ARHGAP20,57569
Q5JVX7,C1orf141,400757
Q96HJ3,CCDC34,91057
Q8IYW2,CFAP46,54777
Q9P2D1,CHD7,55636
Q9H799,C5orf42,65250
Q68DQ2,CRYBG3,131544
Q9Y271,CYSLTR1,10800
Q14562,DHX8,1659
Q96DT5,DNAH11,8701
Q9P2D7,DNAH1,25981
Q9P225,DNAH2,146754
Q8TD57,DNAH3,55567
Q8WXX0,DNAH7,56171
Q96M86,DNHD1,144132
Q96RP9,GFM1,85476
Q8TE85,GRHL3,57822
Q99698,LYST,1130
Q9HC36,RNMTL1,55178
Q685J3,MUC17,140453
Q9Y6X6,MYO16,23026
Q6P4R8,NFRKB,4798
O43272,PRODH,5625
Q8IZC4,RTKN2,219790
A2RUT3,TMEM89,440955
Q8NAU1,FNDC5,252995
Q00604,NDP,4693
Q2VYF4,LETM2,137994
Q9NZJ7,MTCH1,23787
O95258,SLC25A14,9016
P16260,SLC25A16,8034
Q9HC21,SLC25A19,60386
Q8N8R3,SLC25A29,123096
Q9BSK2,SLC25A33,84275
Q6PML9,SLC30A9,10463
Q9Y5Y0,FLVCR1,28982
Q9H3U5,MFSD1,64747
Q14728,MFSD10,10227
Q96MC6,HIAT1,64645
A6NFX1,MFSD2B,388931
Q8IWD5,MFSD6L,162387
Q8NBP5,MFSD9,84804
Q9H841,NIPAL2,79815
Q9UHC9,NPC1L1,29881
Q04671,OCA2,4948
Q5PT55,SLC10A5,347051
P49279,SLC11A1,6556
Q9H2X9,SLC12A5,57468
Q6ZSM3,SLC16A12,387700
Q7RTY1,SLC16A9,220963
Q14916,SLC17A1,6568
O00476,SLC17A3,10786
Q9P2U8,SLC17A6,57084
P43007,SLC1A4,6509
P48664,SLC1A6,6511
Q08357,SLC20A2,6575
Q63ZE4,SLC22A10,387775
Q8WUG5,SLC22A17,51310
Q8N4F4,SLC22A24,283238
Q6T423,SLC22A25,387601
O75751,SLC22A3,6581
Q9Y694,SLC22A7,10864
Q9UI40,SLC24A2,25769
Q8NFF2,SLC24A4,123041
Q8NG04,SLC26A10,65012
P50443,SLC26A2,1836
Q8TE54,SLC26A7,115111
Q6PCB7,SLC27A1,376497
O00337,SLC28A1,9154
Q9HAS3,SLC28A3,64078
Q9BYW1,SLC2A11,66035
Q9Y6M5,SLC30A1,7779
Q8NEW0,SLC30A7,148867
Q06495,SLC34A1,6569
Q76EJ3,SLC35D2,11046
P0CK97,SLC35E2,9906
P0CK96,SLC35E2B,728661
Q6ICL7,SLC35E4,339665
Q8IY50,SLC35F3,148641
A4IF30,SLC35F4,341880
Q8N357,SLC35F6,54978
Q8N808,SLC35G3,146861
Q96KT7,SLC35G5,83650
Q495M3,SLC36A2,153201
Q6YBV0,SLC36A4,120103
P57057,SLC37A1,54020
Q8TED4,SLC37A2,219855
Q9HBR0,SLC38A10,124565
Q969I6,SLC38A4,55089
Q8WUX1,SLC38A5,92745
A6NNN8,SLC38A8,146167
Q8NBW4,SLC38A9,153129
Q9ULF5,SLC39A10,57181
Q96H72,SLC39A13,91252
Q07837,SLC3A1,6519
O75387,SLC43A1,8501
Q8WWI5,SLC44A1,23446
Q8IWA5,SLC44A2,57153
Q53GD3,SLC44A4,80736
Q9BY10,SLC46A2,57864
Q86VL8,SLC47A2,146802
Q6UXD7,MFSD7,84179
Q96SL1,DIRC2,84925
Q6U841,SLC4A10,57282
Q8NBS3,SLC4A11,83959
P04920,SLC4A2,6522
Q9Y6R1,SLC4A4,8671
Q96Q91,SLC4A9,83697
Q9NQ40,SLC52A3,113278
-,SLC5A3,6526
P48066,SLC6A11,6538
P48065,SLC6A12,6539
Q9NSD5,SLC6A13,6540
Q9UN76,SLC6A14,11254
Q9GZN6,SLC6A16,28968
Q9H1V8,SLC6A17,388662
Q96N87,SLC6A18,348932
Q695T7,SLC6A19,340024
P31641,SLC6A6,6533
Q99884,SLC6A7,6534
P48029,SLC6A8,6535
Q9NS82,SLC7A10,56301
P52569,SLC7A2,6542
Q8WY07,SLC7A3,84889
O43246,SLC7A4,6545
Q01650,SLC7A5,8140
Q9UM01,SLC7A7,9056
P82251,SLC7A9,11136
Q9UPR5,SLC8A2,6543
P57103,SLC8A3,6547
Q6J4K2,SLC8B1,80024
Q9UBY0,SLC9A2,6549
Q6AI14,SLC9A4,389015
Q9Y2E8,SLC9A8,23315
Q4ZJI4,SLC9B1,150159
Q86UD5,SLC9B2,133308
Q4G0N8,SLC9C1,285335
Q5TAH2,SLC9C2,284525
Q9Y6L6,SLCO1B1,10599
Q9NPD5,SLCO1B3,28234
G3V0H7,SLCO1B7,338821
Q9NYB5,SLCO1C1,53919
Q92959,SLCO2A1,6578
Q6ZQN7,SLCO4C1,353189
Q8IVW8,SPNS2,124976
Q6ZMD2,SPNS3,201305
Q7L1I2,SV2B,9899
Q496J9,SV2C,22987
Q8N4V2,SVOP,55530
Q8N434,SVOPL,136306
Q8NE00,TMEM104,54868
Q9HC07,TMEM165,55858
Q24JQ0,TMEM241,85019
Q86WB7,UNC93A,54346
Q9UBH6,XPR1,9213
Q8NFH8,REPS2,9185
Q9Y2I9,TBC1D30,23329
Q5NDL2,EOGT,285203
Q92913,FGF13,2258
-,LINC01561,404216
Q16864,ATP6V1F,9296
Q9NY26,SLC39A1,27173
Q9Y466,NR2E1,7101
P48594,SERPINB4,6318
P31146,CORO1A,11151
Q16650,TBR1,10716
Q9ULL5,PRR12,57479
P30531,SLC6A1,6529
Q9BZC1,CELF4,56853
Q9UPX8,SHANK2,22941
O43525,KCNQ3,3786
Q9C0A6,SETD5,55209
Q9UL68,MYT1L,23040
Q9HCJ2,LRRC4C,57689
Q92628,KIAA0232,9778
Q96QT6,PHF12,57649
Q9UGU0,TCF20,6942
Q14689,DIP2A,23181
P14136,GFAP,2670
P28472,GABRB3,2562
Q92544,TM9SF4,9777
Q8IZS8,CACNA2D3,55799
P10912,GHR,2690
-,LINC00667,339290
Q9UDY6,TRIM10,10107
Q9UIK5,TMEFF2,23671
Q5JVF3,PCID2,55795
Q8N5I3,KCNRG,283518
Q8NC69,KCTD6,200845
Q4G0X4,KCTD21,283219
Q9Y597,KCTD3,51133
Q8TBC3,SHKBP1,92799
Q6ZWB6,KCTD8,386617
Q9BSF8,BTBD10,84280
Q9ULX5,RNF112,7732
Q9C0C4,SEMA4C,54910
Q96A56,TP53INP1,94241
Q96MW1,CCDC43,124808
Q86UY6,NAA40,79829
P81274,GPSM2,29899
Q9NPQ8,RIC8A,60626
A6NMS7,LRRC37A,9884
Q8WUX2,CHAC2,494143
Q8N7C7,RNF148,378925
O94819,KBTBD11,9920
Q9Y6U7,RNF215,200312
Q9HCJ5,ZSWIM6,57688
Q12948,FOXC1,2296
Q7Z403,TMC6,11322
Q693B1,KCTD11,147040
Q96CX6,LRRC58,116064
Q8TC41,RNF217,154214
Q5U5R9,HECTD2,143279
Q96CD0,FBXL8,55336
-,FENDRR,400550
Q9H213,MAGEH1,28986
Q86VE9,SERINC5,256987
O00468,AGRN,375790
Q13702,RAPSN,5913
Q8IY47,KBTBD2,25948
O75159,SOCS5,9655
Q70CQ4,USP31,57478
Q9UK97,FBXO9,26268
Q9BQB4,SOST,50964
Q96AZ6,ISG20,3669
Q99612,KLF6,1316
Q9Y546,LRRC42,115353
Q9BYJ4,TRIM34,53840
Q6UX06,OLFM4,10562
Q8WVN8,UBE2Q2,92912
-,HNRNPA1P48,642659
O14910,LIN7A,8825
P06732,CKM,1158
Q15560,TCEA2,6919
Q16352,INA,9118
Q5JWR5,DOPEY1,23033
Q6NXE6,ARMC6,93436
Q7Z478,DHX29,54505
Q8WW12,PCNP,57092
Q9UG63,ABCF2,10061
Q9UIH9,KLF15,28999
Q9Y2C4,EXOG,9941
Q96CT2,KLHL29,114818
Q9H672,ASB7,140460
Q9Y576,ASB1,51665
Q8WU17,RNF139,11236
Q9NZS9,BFAR,51283
Q9NST1,PNPLA3,80339
A2IDD5,CCDC78,124093
Q70EL3,USP50,373509
O14975,SLC27A2,11001
Q9ULC5,ACSL5,51703
Q96AB3,ISOC2,79763
Q6UX15,LAYN,143903
Q92826,HOXB13,10481
Q9BSB4,ATG101,60673
Q9Y3B9,RRP15,51018
Q8NFY9,KBTBD8,84541
Q6PCB6,ABHD17C,58489
Q9HCK5,AGO4,192670
Q9BZM3,GSX2,170825
P18627,LAG3,3902
A1XBS5,FAM92A1,137392
-,CASC11,100270680
-,BLACAT1,101669762
-,PTTG3P,26255
-,IGKV1-16,28938
Q3KNS1,PTCHD3,374308
-,MYO1H,283446
P02747,C1QC,714
P11172,UMPS,7372
Q86SS6,SYT9,143425
-,MIR148B,442892
-,SNHG12,85028
-,TUG1,55000
Q8N594,MPND,84954
Q8WW38,ZFPM2,23414
Q6PJ21,SPSB3,90864
Q96CM8,ACSF2,80221
Q9UK96,FBXO10,26267
Q8N6F7,GCSAM,257144
Q92908,GATA6,2627
Q9Y2U9,KLHDC2,23588
Q96AM1,MRGPRF,116535
Q9NV31,IMP3,55272
Q7L2E3,DHX30,22907
P35527,KRT9,3857
Q9BQG0,MYBBP1A,10514
Q9NW13,RBM28,55131
P62805,HIST4H4,121504
-,TRAJ56,28699
Q9ULJ6,ZMIZ1,57178
-,LINC00675,100289255
P10124,SRGN,5552
P62253,UBE2G1,7326
O15516,CLOCK,9575
Q13488,TCIRG1,10312
O95199,RCBTB2,1102
Q2NKJ3,CTC1,80169
P55157,MTTP,4547
P46092,CCR10,2826
P25929,NPY1R,4886
Q9Y5Z4,HEBP2,23593
-,FAM27E3,100131997
Q9NYG2,ZDHHC3,51304
Q9BSJ1,TRIM51,84767
Q9HB63,NTN4,59277
Q96CB9,NSUN4,387338
-,EEF1DP3,196549
Q63HM2,PCNXL4,64430
Q96M95,CCDC42,146849
Q8N6Q3,CD177,57126
Q96SK3,ZNF607,84775
Q9H1J7,WNT5B,81029
Q9HCZ1,ZNF334,55713
-,NUDT9P1,119369
Q8WXS3,BAALC,79870
Q9XRX5,HHLA3,11147
Q8TCT8,SPPL2A,84888
Q96CW9,NTNG2,84628
Q9NX45,SOHLH2,54937
O60706,ABCC9,10060
Q9NTN9,SEMA4G,57715
Q9H9L3,ISG20L2,81875
Q8N456,LRRC18,474354
Q9NYK6,C21orf91,54149
-,CTBP1-AS2,92070
Q9BR39,JPH2,57158
-,RNU2-1,6066
-,RNU1-4,6060
O60840,CACNA1F,778
Q8WZA9,IRGQ,126298
O95267,RASGRP1,10125
Q6P4Q7,CNNM4,26504
Q86YS7,C2CD5,9847
Q9H0J4,QRICH2,84074
Q9Y5J9,TIMM8B,26521
Q9P2D8,UNC79,57578
-,NACAP1,83955
Q07283,TCHH,7062
Q9BZE3,BARHL1,56751
Q8IVV2,LOXHD1,125336
Q8N3K9,CMYA5,202333
Q7Z443,PKD1L3,342372
Q16678,CYP1B1,1545
-,RPL35P5,441246
-,RPL21P97,387753
Q92839,HAS1,3036
P59826,BPIFB3,359710
-,ARPC3P1,87171
Q8WVX9,FAR1,84188
Q9NXE4,SMPD4,55627
P0C7M8,CLEC2L,154790
Q9NVU7,SDAD1,55153
-,XIST,7503
Q93097,WNT2B,7482
Q8TF72,SHROOM3,57619
P00846,ATP6,4508
Q8NCQ7,PROCA1,147011
O60241,BAI2,576
Q8TF01,PNISR,25957
Q9UKP6,UTS2R,2837
Q8WXF3,RLN3,117579
A6NGB9,WIPF3,644150
Q96NY7,CLIC6,54102
Q16570,ACKR1,2532
P80294,MT1H,4496
P13640,MT1G,4495
Q9P1Z3,HCN3,57657
Q7Z3Z3,PIWIL3,440822
O00411,POLRMT,5442
Q96PL1,SCGB3A2,117156
Q5T5C0,STXBP5,134957
Q9P2H0,KIAA1377,57562
Q8NB59,SYT14,255928
Q8TAX7,MUC7,4589
Q8IWI9,MGA,23269
Q8WXI7,MUC16,94025
Q9BVA6,FICD,11153
A4D2P6,GRID2IP,392862
A2RUG3|O14609,XKRY,9082
P09668,CTSH,1512
A4D1P6,WDR91,29062
-,LOC147791,147791
Q93091,RNASE6,6039
Q9P2J2,IGSF9,57549
Q9HCC8,GDPD2,54857
Q9Y6K8,AK5,26289
Q9HCK4,ROBO2,6092
Q9P298,HIGD1B,51751
P62341,SELT,51714
Q8IXR5,FAM178B,51252
Q9P2K9,PTCHD2,57540
Q6UXB0,FAM131A,131408
Q86UP0,CDH24,64403
Q8NFP9,NBEA,26960
Q8IZ08,GPR135,64582
-,SPRR2C,6702
Q99748,NRTN,4902
-,RMRP,6023
P09683,SCT,6343
Q9NRA1,PDGFC,56034
Q9NY46,SCN3A,6328
A8MTJ3,GNAT3,346562
O95633,FSTL3,10272
-,HDL3,53369
Q9NZI5,GRHL1,29841
Q9UMF0,ICAM5,7087
Q9GZZ7,GFRA4,64096
Q9P2E2,KIF17,57576
Q9UBJ2,ABCD2,225
-,MUC5AC,4586
P10323,ACR,49
P23582,NPPC,4880
Q99574,SERPINI1,5274
Q16674,MIA,8190
Q8N0X4,CLYBL,171425
Q9UBD9,CLCF1,23529
Q9Y6J6,KCNE2,9992
O95998,IL18BP,10068
O00562,PITPNM1,9600
Q9BZ72,PITPNM2,57605
P13378,HOXD8,3234
Q8NDV2,GPR26,2849
-,GDI2P1,2667
P37288,AVPR1A,552
Q14028,CNGB1,1258
Q02817,MUC2,4583
Q9H3R2,MUC13,56667
P01225,FSHB,2488
P28336,NMBR,4829
Q6DJT9,PLAG1,5324
Q9BYK8,HELZ2,85441
P13765,HLA-DOB,3112
Q9UQP3,TNN,63923
Q9BXI6,TBC1D10A,83874
Q9NXG6,P4HTM,54681
P35556,FBN2,2201
Q9UBC5,MYO1A,4640
P20702,ITGAX,3687
Q01955,COL4A3,1285
P22303,ACHE,43
-,ADAM1A,8759
Q15784,NEUROD2,4761
-,TRS-AGA2-4,23437
Q8N729,NPW,283869
P29803,PDHA2,5161
P08493,MGP,4256
P31391,SSTR4,6754
P61278,SST,6750
P15515,HTN1,3346
P24043,LAMA2,3908
P00746,CFD,1675
Q15485,FCN2,2220
-,IGHE,3497
P33032,MC5R,4161
P41968,MC3R,4159
P07911,UMOD,7369
Q719I0,AHSA2,130872
O94812,BAIAP3,8938
Q9UPN6,SCAF8,22828
-,LINC00265,349114
-,LINC00305,221241
Q9BXX0,EMILIN2,84034
Q92859,NEO1,4756
-,IGKV2-40,28916
Q86XN7,PROSER1,80209
P13942,COL11A2,1302
P38405,GNAL,2774
P31629,HIVEP2,3097
Q9NSB2,KRT84,3890
P78539,SRPX,8406
Q99550,MPHOSPH9,10198
A4D0S4,LAMB4,22798
Q9Y2G5,POFUT2,23275
Q96AY4,TTC28,23331
O15034,RIMBP2,23504
-,IGKV4-1,28908
Q8NE00,TMEM104,54868
Q6IQ21,ZNF770,54989
Q9H9S3,SEC61A2,55176
Q9ULJ8,PPP1R9A,55607
Q86WA8,LONP2,83752
Q8NCJ5,SPRYD3,84926
Q8N594,MPND,84954
Q86V97,KBTBD6,89890
Q6XPR3,RPTN,126638
Q1L5Z9,LONRF2,164832
-,EIF3FP3,339799
A6NHT5,HMX3,340784
-,LOC344382,344382
-,USP41,373856
P0C7H9,USP17L7,392197
-,HERC2P2,400322
-,RPL6P1,440587
-,EEF1B2P5,442227
Q96GX2,ATXN7L3B,552889
-,SNRPEP2,414153
Q9NY65,TUBA8,51807
-,SNRPD2P1,119358
-,HNRNPA3P1,10151
Q86U90,YRDC,79693
-,HNRNPA1P70,341333
Q5JXB2,UBE2NL,389898
Q5JSS6,MEIG1,644890
Q9NYI0,PSD3,23362
Q8WXD9,CASKIN1,57524
O95948,ONECUT2,9480
Q9BXQ6,CECR6,27439
P22083,FUT4,2526
O75095,MEGF6,1953
P49908,SEPP1,6414
-,KCTD9P2,643535
-,LOC613037,613037
Q7Z6K4,NRARP,441478
Q9NY30,BTG4,54766
Q6ICC9,LDOC1L,84247
Q9P265,DIP2B,57609
Q5H8C1,FREM1,158326
Q8WU68,U2AF1L4,199746
Q12912,LRMP,4033
P03928,ATP8,4509
P03905,ND4,4538
P03915,ND5,4540
P52746,ZNF142,7701
O94910,LPHN1,22859
Q684P5,RAP1GAP2,23108
Q69YQ0,SPECC1L,23384
Q6ZVL6,KIAA1549L,25758
Q9ULI4,KIF26A,26153
Q7Z3E2,CCDC186,55088
P16415,ZNF823,55552
P51522,ZNF83,55769
Q9NPC7,MYNN,55892
Q9H799,C5orf42,65250
Q9NQG7,HPS4,89781
O14559,ARHGAP33,115703
Q5HYC2,KIAA2026,158358
Q6ZNG1,ZNF600,162966
Q5JSJ4,DDX26B,203522
-,KIAA2018,205717
Q9UKN1,MUC12,10071
Q8IZC4,RTKN2,219790
Q8IWZ3,ANKHD1-EIF4EBP3,404734
Q7RTU7,SCX,642658
Q86UK5,EVC2,132884
-,H3F3AP6,644914
Q02386,ZNF45,7596
Q03936,ZNF92,168374
Q99676,ZNF184,7738
Q9HC78,ZBTB20,26137
Q8TBZ5,ZNF502,91392
P57073,SOX8,30812
Q9UIJ5,ZDHHC2,51201
O14628,ZNF195,7748
Q9Y2E4,DIP2C,22982
Q53LP3,SOWAHC,65124
Q96N38,ZNF714,148206
Q8IXZ3,SP8,221833
Q8TAU0,NKX2-3,159296
-,CKS1BP7,137529
Q02161,RHD,6007
Q5JVG8,ZNF506,440515
-,MSL3P1,151507
P0C1H6,H2BFM,286436
Q6BEB4,SP5,389058
-,ALL1,100310785
Q9H2A3,NEUROG2,63973
-,HSP90B3P,343477
A9QM74,KPNA7,402569
O75072,FKTN,2218
-,TERC,7012
-,LOC284412,284412
P51826,AFF3,3899
P50120,RBP2,5948
Q75QN2,INTS8,55656
Q69YI7,NAIF1,203245
-,GGNBP1,449520
Q8WXC3,PYDC1,260434
-,PABPC1P1,26980
O60522,TDRD6,221400
Q6GYQ0,RALGAPA1,253959
Q9H857,NT5DC2,64943
Q9H7S9,ZNF703,80139
Q9Y5B6,PAXBP1,94104
-,GCOM2,339970
Q9Y653,GPR56,9289
Q8N0W5,IQCK,124152
Q7Z6K1,THAP5,168451
Q5TBA9,FRY,10129
Q9ULI2,RIMKLB,57494
Q9Y3P4,RHBDD3,25807
Q8IWK6,GPR125,166647
Q9HCU4,CELSR2,1952
Q9H8M5,CNNM2,54805
Q96JQ0,DCHS1,8642
Q9Y5H2,PCDHGA11,56105
Q9Y6N5,SQRDL,58472
P24855,DNASE1,1773
Q96A32,MYLPF,29895
Q5VY09,IER5,51278
Q5SZD4,GLYATL3,389396
-,CCT6P1,643253
Q562E7,WDR81,124997
Q9BXT4,TDRD1,56165
P62805,HIST1H4D,8360
P62805,HIST1H4J,8363
P62805,HIST1H4H,8365
P62805,HIST1H4E,8367
P62805,HIST2H4B,554313
-,OTUD4P1,360227
-,LOC390937,390937
-,RPL12P1,729727
-,CRSP5,10688
Q9Y2A4,ZNF443,10224
Q9BXW6,OSBPL1A,114876
Q96QZ0,PANX3,116337
Q96PZ7,CSMD1,64478
Q92791,P3H4,10609
Q8NAB2,KBTBD3,143879
Q99666,RGPD6,729540
Q12796,PNRC1,10957
Q96JE9,MAP6,4135
Q9NZV1,CRIM1,51232
-,GOLGA6L5P,374650
A6NK53,ZNF233,353355
Q16816,PHKG1,5260
-,IGKV1-12,28940
-,SNAP23P,101290500
Q7Z5Y7,KCTD20,222658
P53814,SMTN,6525
Q75T13,PGAP1,80055
Q96P65,QRFPR,84109
-,MTCO2P1,140909
Q9BY12,SCAPER,49855
Q8TCY5,MRAP,56246
Q8TF61,FBXO41,150726
Q8IVF5,TIAM2,26230
Q05481,ZNF91,7644
Q9HCM1,KIAA1551,55196
Q96SM3,CPXM1,56265
O95450,ADAMTS2,9509
O75882,ATRN,8455
-,LOC284014,284014
Q14588,ZNF234,10780
Q9C0D7,ZC3H12C,85463
Q6ZN30,BNC2,54796
Q9Y4D1,DAAM1,23002
Q99805,TM9SF2,9375
Q8TB96,ITFG1,81533
Q9UKM7,MAN1B1,11253
Q9UDV7,ZNF282,8427
Q8NAF0,ZNF579,163033
O15069,NACAD,23148
Q75N90,FBN3,84467
Q9P283,SEMA5B,54437
Q9Y600,CSAD,51380
O43194,GPR39,2863
Q14590,ZNF235,9310
Q96NL0,RUNDC3B,154661
Q01064,PDE1B,5153
Q9H324,ADAMTS10,81794
Q86T29,ZNF605,100289635
A4QPB2,LRP5L,91355
Q8TB40,ABHD4,63874
Q8N2H3,PYROXD2,84795
Q6P4I2,WDR73,84942
Q12766,HMGXB3,22993
-,LOC148413,148413
Q8TAW3,ZNF671,79891
O60287,URB1,9875
P26572,MGAT1,4245
O95206,PCDH8,5100
-,MCM3AP-AS1,114044
Q9H6A9,PCNXL3,399909
Q5SXM8,DNLZ,728489
Q9NQV6,PRDM10,56980
-,FCP1,2221
-,MIR221,407006
-,MIR579,693164
-,MIR125B2,406912
P49640,EVX1,2128
Q969W8,ZNF566,84924
-,RNU6-1,26827
-,RNU6-6P,26826
-,RNU6-50P,26825
-,RPS26P11,441502
-,RPL13P12,388344
P47887,OR1E2,8388
Q9H7J1,PPP1R3E,90673
B7ZBB8,PPP1R3G,648791
Q14CM0,FRMPD4,9758
O95625,ZBTB11,27107
-,RNA28S5,100008589
-,RNA18S5,100008588
P62807,HIST1H2BF,8343
Q5TC79,ZBTB37,84614
Q2VPK5,CTU2,348180
P49223,SPINT3,10816
Q14956,GPNMB,10457
P23677,ITPKA,3706
Q9BUB4,ADAT1,23536
A6NJ69,IGIP,492311
Q9UHN6,TMEM2,23670
Q8N0Z9,VSIG10,54621
-,DICER1-AS1,400242
Q9ULZ0,TP53TG3,24150
Q3MIS6,ZNF528,84436
Q01459,CTBS,1486
Q8N9U0,TC2N,123036
Q9NV66,TYW1,55253
P39059,COL15A1,1306
P98194,ATP2C1,27032
Q7RTV5,AAED1,195827
P80297,MT1X,4501
Q3ZCQ2,ANXA2R,389289
Q6ZVX7,NCCRP1,342897
Q86X52,CHSY1,22856
Q96IU2,ZBED3,84327
Q7Z2K6,ERMP1,79956
Q9HCE3,ZNF532,55205
Q2TAM9,TUSC1,286319
Q8IWT6,LRRC8A,56262
Q13203,MYBPH,4608
-,HMGN2P46,283651
Q86YH2,ZNF280B,140883
Q6L9T8,FAM72D,728833
Q96FB5,RRNAD1,51093
-,LOC93622,93622
Q9Y236,OSGIN2,734
-,LINC00272,388719
-,MIR600HG,81571
A6ND48,OR14I1,401994
Q9Y5X0,SNX10,29887
Q7Z7J9,CAMK2N1,55450
Q86YE8,ZNF573,126231
Q63HQ0,AP1AR,55435
Q9BQS2,SYT15,83849
Q6P280,ZNF529,57711
Q10472,GALNT1,2589
Q9NR00,C8orf4,56892
Q9UK61,FAM208A,23272
O75204,TMEM127,55654
Q6Y288,B3GALTL,145173
Q5T8I3,FAM102B,284611
Q8N587,ZNF561,93134
Q6UWP7,LCLAT1,253558
Q15035,TRAM2,9697
Q9BQ49,SMIM7,79086
Q5T4H9,CASC10,399726
P15848,ARSB,411
Q8NHP6,MOSPD2,158747
Q9NUD5,ZCCHC3,85364
O75973,C1QL1,10882
Q16549,PCSK7,9159
O75077,ADAM23,8745
Q9UBI9,HECA,51696
O75954,TSPAN9,10867
Q6UX65,DRAM2,128338
Q9Y520,PRRC2C,23215
Q7Z7H5,TMED4,222068
Q7Z388,DPY19L4,286148
Q86WK9,PAQR7,164091
Q14156,EFR3A,23167
Q8IZN3,ZDHHC14,79683
Q8NAN2,FAM73A,374986
-,ZFP91-CNTF,386607
Q5XKR9,FAM104B,90736
O75071,EFCAB14,9813
Q9H9L7,AKIRIN1,79647
Q8NG48,LINS,55180
P84157,MXRA7,439921
Q9BR11,ZSWIM1,90204
Q5SVQ8,ZBTB41,360023
-,TMSB4XP8,7117
Q5T0B9,ZNF362,149076
Q9NS93,TM7SF3,51768
Q5W0V3,FAM160B1,57700
Q5TGL8,PXDC1,221749
Q9BX95,SGPP1,81537
Q9H0H3,KLHL25,64410
Q9BQI9,NRIP2,83714
-,RNU4-1,26835
Q9NZR2,LRP1B,53353
P15085,CPA1,1357
-,HSPA7,3311
-,IGKV1-5,28299
Q86VZ4,LRP11,84918
Q9ULI0,ATAD2B,54454
Q8N8A6,DDX51,317781
Q8IUG5,MYO18B,84700
Q5VWJ9,SNX30,401548
Q86UU1,PHLDB1,23187
Q9NP74,PALMD,54873
Q8NC56,LEMD2,221496
Q8WXE0,CASKIN2,57513
Q7RTU0,TCF24,100129654
Q9HCM7,FBRSL1,57666
P03923,ND6,4541
Q9NXG0,CNTLN,54875
P20061,TCN1,6947
Q8IZU8,DSEL,92126
Q7Z570,ZNF804A,91752
Q9NQI0,DDX4,54514
Q4KMP7,TBC1D10B,26000
Q96C57,C12orf43,64897
Q9UBL0,ARPP21,10777
Q6PG37,ZNF790,388536
Q96CM4,NXNL1,115861
P25713,MT3,4504
P0C0S8,HIST1H2AL,8332
P22914,CRYGS,1427
Q9GZK4,OR2H1,26716
Q8IUX4,APOBEC3F,200316
Q96GU1,PAGE5,90737
O43704,SULT1B1,27284
Q96S95,CAMK2N2,94032
Q8IVN3,MUSTN1,389125
Q96JG8,MAGED4,728239
Q9NZI6,TFCP2L1,29842
-,HMGB1P10,100130561
Q9Y573,IPP,3652
-,RPSAP55,388122
-,IGHV3OR15-7,28318
Q9P203,BTBD7,55727
-,LOC646377,646377
-,KCTD9P3,647013
Q8NGX2,OR2T35,403244
Q9UN73,PCDHA6,56142
Q8NCN5,PDPR,55066
Q8N394,TMTC2,160335
-,RPSAP12,387867
P22792,CPN2,1370
-,RPSAP15,220885
Q9HC07,TMEM165,55858
-,RPS26P54,100131971
-,HLA-H,3136
-,RPL10P16,284393
-,RPL36AP37,729362
-,NDUFA4P1,360165
-,RPS7P4,149224
-,RPL21P19,641293
-,RPL21P16,729402
-,RPL7AP27,152663
-,LOC285556,285556
-,ZNF525,170958
Q99878,HIST1H2AJ,8331
Q9C0J1,B3GNT4,79369
Q5JU67,C9orf117,286207
-,RPL29P30,729611
-,RPL7P32,100130892
-,RPL7AP9,441642
Q86YG4,NT5DC4,284958
-,RPS18P5,100131863
-,TCEB1P3,644540
Q9Y334,VWA7,80737
Q7L5L3,GDPD3,79153
-,RPL29P11,100131713
-,NCBP2-AS2,152217
Q9HA90,EFCC1,79825
-,FBXO22-AS1,692224
-,SNORA7A,619563
Q9NUZ1,ACOXL,55289
P34820,BMP8B,656
-,SUPT20HL1,100130302
P0C024,NUDT7,283927
-,CCDC168,643677
-,RPS15AP25,728774
-,SNORA67,26781
-,TPI1P1,729708
Q9ULG6,CCPG1,9236
Q8IWV2,CNTN4,152330
Q6V1P9,DCHS2,54798
-,FBLL1,345630
Q7Z5J1,HSD11B1L,374875
P50219,MNX1,3110
-,RNASEH1P1,284203
Q6IEE8,SLFN12L,100506736
-,EPB41L4A-AS2,54508
Q14954|Q8N109,KIR2DS1,3806
-,LOC100128400,100128400
Q6UX73,C16orf89,146556
Q6P9G0,CYB5D1,124637
P0DL12,SMIM17,147670
-,RPL30P8,100132053
Q14993,COL19A1,1310
-,RPL39P5,553117
Q7Z572,SPATA21,374955
A8MYJ7,TTC34,100287898
Q7Z5N4,SDK1,221935
Q7Z601,GPR142,350383
O43182,ARHGAP6,395
Q9HBX8,LGR6,59352
Q9NTG1,PKDREJ,10343
Q6ZMN7,PDZRN4,29951
-,SCARNA13,677768
-,SCARNA8,677776
-,SNORA74A,26821
Q7RTR2,NLRC3,197358
O95755,RAB36,9609
O43451,MGAM,8972
-,ST3,6762
Q71DI3,HIST2H3D,653604
-,PPIAP11,5483
Q96JB8,MPP4,58538
-,PCAP,7834
-,TRR,7870
Q9BXJ7,AMN,81693
-,RNU4ATAC,100151683
-,RNU6ATAC,100151684
-,ASB16-AS1,339201
Q13275,SEMA3F,6405
P31358,CD52,1043
-,ANIB1,116833
Q9Y2C9,TLR6,10333
-,RNR2,4550
-,TRIM39-RPP21,202658
-,VTRNA1-1,56664
-,VTRNA1-2,56663
-,VTRNA3-1P,100144435
-,HIST2H2BA,337875
P11465,PSG2,5670
Q9P2P1,NYNRIN,57523
A6BM72,MEGF11,84465
Q96N03,VSTM2L,128434
Q86VZ5,SGMS1,259230
A6NNL0,NUTM2B,729262
Q15032,R3HDM1,23518
Q8TE02,ELP5,23587
-,LOC401442,401442
P0C7I6,CCDC159,126075
Q96A83,COL26A1,136227
Q16099,GRIK4,2900
-,MORF4L1P2,326594
P30532,CHRNA5,1138
Q8IWB4,SPATA31A7,26165
Q9NXH8,TOR4A,54863
Q9H3L0,MMADHC,27249
Q9H939,PSTPIP2,9050
Q9H792,PEAK1,79834
-,CSF2RBP1,23772
Q9UN67,PCDHB10,56126
Q6SJ93,FAM111B,374393
O95479,H6PD,9563
Q8NCR0,B3GALNT2,148789
P38435,GGCX,2677
Q8NBP0,TTC13,79573
-,RNR1,4549
Q8WXR4,MYO3B,140469
Q5VYX0,RNLS,55328
P58549,FXYD7,53822
-,TUBB7P,56604
Q3T8J9,GON4L,54856
Q8NH73,OR4S2,219431
Q9Y5H9,PCDHA2,56146
Q99611,SEPHS2,22928
Q9C0D4,ZNF518B,85460
-,LOC440434,440434
-,SNRPGP15,100130932
Q8NAP8,ZBTB8B,728116
Q8WXB4,ZNF606,80095
Q8N5G0,SMIM20,389203
Q8N9F8,ZNF454,285676
A6NFI3,ZNF316,100131017
P04731,MT1A,4489
Q8IYT4,KATNAL2,83473
-,GNN,253724
Q9H900,ZWILCH,55055
Q7Z745,MROH2B,133558
P52848,NDST1,3340
-,LOC100132057,100132057
Q9H3E2,SNX25,83891
Q9Y536,PPIAL4B,653505
Q8WY22,BRI3BP,140707
Q8WUY1,THEM6,51337
-,RBMY2BP,375850
O75445,USH2A,7399
Q93075,TATDN2,9797
Q86UX2,ITIH5,80760
-,GUSBP1,728411
Q9UPS8,ANKRD26,22852
Q15113,PCOLCE,5118
Q86WS3,OOSP2,219990
Q8TCU4,ALMS1,7840
Q96P64,AGAP4,119016
-,AMZ2P1,201283
-,GUSBP3,653188
-,LOC729324,729324
Q6ZRH7,CATSPERG,57828
Q32M88,ATHL1,80162
Q32M84,BTBD16,118663
-,LOC653602,653602
-,RPL26P30,653147
-,RBBP4P1,642954
Q3ZCX4,ZNF568,374900
Q5MCW4,ZNF569,148266
Q6P3V2,ZNF585A,199704
P0C7X2,ZNF688,146542
Q6AHZ1,ZNF518A,9849
Q6IQ20,NAPEPLD,222236
Q9HCK1,ZDBF2,57683
-,MAGOH2P,100506898
Q96D70,R3HDM4,91300
A6NP11,ZNF716,441234
A8MUZ8|P0CI00,ZNF705G,100131980
-,UNC93B3,285296
Q86VV8,RTTN,25914
Q6ZRI0,OTOG,340990
Q8NG95,OR7G3,390883
Q96P26,NT5C1B,93034
-,ERVK13-1,100507321
-,LOC100130417,100130417
Q9UGM5,FETUB,26998
Q8NFW5,DMBX1,127343
Q9Y6F8,CDY1B,253175
Q504Y3,ZCWPW2,152098
-,LOC100272216,100272216
-,HYDIN2,100288805
-,SEPT7P2,641977
A6NLP5,TTC36,143941
Q6ZRT6,PRR23B,389151
Q9BTX1,NDC1,55706
-,NBPF12,149013
-,NBPF14,25832
-,NBPF10,100132406
-,NBPF8,728841
Q3BBV1,NBPF9,400818
Q3BBV0,NBPF1,55672
Q9UJ99,CDH22,64405
Q9BVV6,KIAA0586,9786
Q8WXX0,DNAH7,56171
Q8NDM7,CFAP43,80217
P81172,HAMP,57817
Q96HP8,TMEM176A,55365
Q96A57,TMEM230,29058
Q8N2G6,ZCCHC24,219654
Q9NWH2,TMEM242,729515
Q6UX53,METTL7B,196410
-,SNORA12,677800
Q96T54,KCNK17,89822
Q6QHF9,PAOX,196743
Q8N9L9,ACOT4,122970
Q8N7X4,MAGEB6,158809
O14683,TP53I11,9537
Q9H305,CDIP1,29965
Q9UF11,PLEKHB1,58473
A0JNW5,UHRF1BP1L,23074
Q8N8Z6,DCBLD1,285761
Q8N9B4,ANKRD42,338699
Q5SZB4,C9orf50,375759
Q9NRG7,SDR39U1,56948
Q6ZMY3,SPOCD1,90853
Q8N5T2,TBC1D19,55296
Q92484,SMPDL3A,10924
Q9BQN1,FAM83C,128876
-,ERVK-10,100616101
Q9C093,SPEF2,79925
Q9Y6X4,FAM169A,26049
O94854,KIAA0754,643314
Q5T442,GJC2,57165
Q9GZM6,OR8D2,283160
Q8NHC8,OR2T6,254879
Q9P0X4,CACNA1I,8911
Q9Y259,CHKB,1120
P47893,OR3A2,4995
Q68DD2,PLA2G4F,255189
-,PRSS3P2,154754
Q9Y6Y1,CAMTA1,23261
P47989,XDH,7498
Q96LR9,APOLD1,81575
-,RPL23AP42,647099
-,PPIAP22,653214
O94788,ALDH1A2,8854
-,ZNF658B,401509
Q6ZWB6,KCTD8,386617
Q5TEA3,C20orf194,25943
Q86V86,PIM3,415116
Q9NY57,STK32B,55351
Q8N7Q3,ZNF676,163223
Q9H228,S1PR5,53637
Q13796,SHROOM2,357
Q9UKX5,ITGA11,22801
A6NKN8,PCP4L1,654790
Q8IZ40,RCOR2,283248
Q6ZV89,SH2D5,400745
P57773,GJA9,81025
Q2TB90,HKDC1,80201
Q7Z7G1,CLNK,116449
Q9UII5,ZNF107,51427
E7ETH6,ZNF587B,100293516
Q4LDE5,SVEP1,79987
B6SEH8,ERVV-1,147664
Q8WUA8,TSKU,25987
Q9UJ37,ST6GALNAC2,10610
Q9P273,TENM3,55714
Q9Y2H8,ZNF510,22869
P57082,TBX4,9496
Q9Y6R7,FCGBP,8857
B7ZW38,HNRNPCL3,649330
-,TUBBP5,643224
-,RAB1C,441400
P31995,FCGR2C,9103
-,MEMO1P1,728556
-,TRGV7,6981
-,SNORD88C,692204
-,SNORD95,619570
-,SNORA34,677815
-,SNORD50A,26799
-,SNORD50B,692088
-,RNU5A-1,26831
-,SNORD3C,780853
-,SNORA57,692158
-,SNORD19,692089
-,SNORD10,652966
-,SNORD1C,677850
-,RNU5B-1,26832
-,SNORD116-18,100033430
-,SNORD116-1,100033413
-,SNORD116-24,100033435
-,SNORA71D,677840
-,SNORD116-22,100033433
-,RNU2-4P,26853
-,SNORD116-29,100033821
Q8TBN0,RAB3IL1,5866
Q9P2A4,ABI3,51225
Q969L4,LSM10,84967
O95751,LDOC1,23641
P21673,SAT1,6303
Q06547,GABPB1,2553
Q0VDD7,C19orf57,79173
Q9HAF1,MEAF6,64769
Q96GX9,APIP,51074
Q969E8,TSR2,90121
Q96GA7,SDSL,113675
Q8NDC0,MAPK1IP1L,93487
Q5JST6,EFHC2,80258
Q03393,PTS,5805
Q9BTE0,NAT9,26151
Q9H063,MAF1,84232
Q8WTP8,AEN,64782
Q8IZ52,CHPF,79586
O00754,MAN2B1,4125
P03905,ND4,4538
P20962,PTMS,5763
Q8N140,EID3,493861
Q8N6I1,EID2,163126
P29508,SERPINB3,6317
O60583,CCNT2,905
O95402,MED26,9441
Q9Y2F5,ICE1,23379
P28749,RBL1,5933
Q9BTT4,MED10,84246
Q9P086,MED11,400569
O60244,MED14,9282
Q96RN5,MED15,51586
Q9Y2X0,MED16,10025
Q9BUE0,MED18,54797
A0JLT2,MED19,219541
Q6P2C8,MED27,9442
Q9H204,MED28,80306
Q96HR3,MED30,90390
Q9UHV7,MED13,9969
P19387,POLR2C,5432
P61218,POLR2F,5435
P36954,POLR2I,5438
P62875,POLR2L,5441
Q92750,TAF4B,6875
Q659A1,ICE2,79664
Q9HB65,ELL3,80237
Q9NQ35,NRIP3,56675
O95219,SNX4,8723
Q6UX72,B3GNT9,84752
Q9Y496,KIF3A,11127
P32241,VIPR1,7433
P06702,S100A9,6280
P31151,S100A7,6278
Q8WUY1,THEM6,51337
Q9Y6N5,SQRDL,58472
Q9BWM7,SFXN3,81855
Q9UN37,VPS4A,27183
Q9UJC5,SH3BGRL2,83699
Q9NUP9,LIN7C,55327
Q9H3V2,MS4A5,64232
Q9Y2H5,PLEKHA6,22874
P98082,DAB2,1601
Q9NZN1,IL1RAPL1,11141
O95049,TJP3,27134
Q9H3R2,MUC13,56667
P40145,ADCY8,114
Q92673,SORL1,6653
O15050,TRANK1,9881
Q9P0L1,ZKSCAN7,55888
Q9NYF0,DACT1,51339
Q06730,ZNF33A,7581
Q9NRR8,CDC42SE1,56882
Q8N5C6,SRBD1,55133
Q9UNQ2,DIMT1,27292
P49916,LIG3,3980
Q56NI9,ESCO2,157570
-,LOC100131689,100131689
O60502,MGEA5,10724
Q16649,NFIL3,4783
Q9NQ55,PPAN,56342
Q9H6S0,YTHDC2,64848
-,ZNF717,100131827
Q96ER9,CCDC51,79714
Q96BY9,SARAF,51669
Q00005,PPP2R2B,5521
Q9P035,PTPLAD1,51495
Q86UU0,BCL9L,283149
-,RN7SK,125050
Q9BPZ7,MAPKAP1,79109
Q6MZQ0,PRR5L,79899
P85299,PRR5,55615
P02652,APOA2,336
P04180,LCAT,3931
O75907,DGAT1,8694
P05090,APOD,347
Q96MN2,NLRP4,147945
Q9BX74,TM2D1,83941
Q96CS4,ZNF689,115509
Q01081,U2AF1,7307
Q9GZY8,MFF,56947
Q96C03,MIEF2,125170
Q86TG7,PEG10,23089
P10635,CYP2D6,1565
Q9C086,INO80B,83444
Q71F23,CENPU,79682
Q86UR1,NOXA1,10811
Q9Y5S8,NOX1,27035
Q03405,PLAUR,5329
O14684,PTGES,9536
P29597,TYK2,7297
Q14207,NPAT,4863
Q19AV6,ZSWIM7,125150
O15315,RAD51B,5890
Q92585,MAML1,9794
Q86UP8,GTF2IRD2,84163
O75618,DEDD,9191
-,PDR,5171
P00167,CYB5A,1528
P22352,GPX3,2878
Q5SY16,NOL9,79707
P50416,CPT1A,1374
Q5VT66,MARC1,64757
Q9NZ45,CISD1,55847
Q8IXI1,RHOT2,89941
Q9Y3D6,FIS1,51024
Q8TC07,TBC1D15,64786
Q00403,GTF2B,2959
Q9UKX2,MYH2,4620
B0I1T2,MYO1G,64005
-,RNU5A-1,26831
Q9UHQ1,NARF,26502
P78549,NTHL1,4913
P49643,PRIM2,5558
Q5VV42,CDKAL1,54901
Q9NV66,TYW1,55253
Q7Z7A3,CTU1,90353
Q2VPK5,CTU2,348180
Q8IVF7,FMNL3,91010
Q9BXY0,MAK16,84549
Q8WV07,ORAOV1,220064
Q68DK7,MSL1,339287
Q9BQC3,DPH2,1802
-,TFP1,100129696
Q9BZG8,DPH1,1801
P61204,ARF3,377
Q9NRW3,APOBEC3C,27350
Q86W42,THOC6,79228
Q7Z7L1,SLFN11,91607
P49005,POLD2,5425
Q02978,SLC25A11,8402
Q8N7X1,RBMXL3,139804
O95872,GPANK1,7918
O95104,SCAF4,57466
Q9BT22,ALG1,56052
Q7Z3U7,MON2,23041
Q9HCU8,POLD4,57804
Q5TA89,HES5,388585
Q9UPR3,SMG5,23381
Q00872,MYBPC1,4604
O95359,TACC2,10579
Q93088,BHMT,635
P01258|P06881,CALCA,796
P19447,ERCC3,2071
Q6ZYL4,GTF2H5,404672
P41279,MAP3K8,1326
P61925,PKIA,5569
Q12979,ABR,29
P50052,AGTR2,186
Q01814,ATP2B2,491
P22459,KCNA4,3739
P22460,KCNA5,3741
Q13368,MPP3,4356
Q14957,GRIN2C,2905
P48065,SLC6A12,6539
Q92911,SLC5A5,6528
Q9Y289,SLC5A6,8884
P41587,VIPR2,7434
P41595,HTR2B,3357
P25100,ADRA1D,146
P18440,NAT1,9
P08588,ADRB1,153
O60241,BAI2,576
Q16581,C3AR1,719
P07766,CD3E,916
P81408,FAM189B,10712
O00341,SLC1A7,6512
P23610,F8A1,8263
Q9UI32,GLS2,27165
P49683,PRLHR,2834
Q9Y2T3,GDA,9615
-,LOC100289290,100289290
P48050,KCNJ4,3761
P78508,KCNJ10,3766
Q99712,KCNJ15,3772
P04201,MAS1,4142
P48645,NMU,10874
P35080,PFN2,5217
P47872,SCTR,6344
P01135,TGFA,7039
-,TRBV12-3,28577
Q99437,ATP6V0B,533
P09455,RBP1,5947
Q15744,CEBPE,1053
Q9Y5S9,RBM8A,9939
Q9GZM7,TINAGL1,64129
O75629,CREG1,8804
P24298,GPT,2875
P41222,PTGDS,5730
Q14896,MYBPC3,4607
Q6IMN6,CAPRIN2,65981
Q53QZ3,ARHGAP15,55843
O95352,ATG7,10533
-,RNU1-1,26871
-,RNU2-1,6066
-,RNU4-1,26835
-,RNU6-1,26827
P51172,SCNN1D,6339
Q9Y5W3,KLF2,10365
Q9H6B4,CLMP,79827
P33681,CD80,941
P04155,TFF1,7031
P19256,CD58,965
Q8TD46,CD200R1,131450
P41217,CD200,4345
P13688,CEACAM1,634
Q16568,CARTPT,9607
P31997,CEACAM8,1088
Q14002,CEACAM7,1087
P06731,CEACAM5,1048
P42081,CD86,942
Q86YT9,AMICA1,120425
Q96AP7,ESAM,90952
Q03403,TFF2,7032
Q9P121,NTM,50863
Q5DX21,IGSF11,152404
Q9BX67,JAM3,83700
P57087,JAM2,58494
Q15223,PVRL1,5818
Q495A1,TIGIT,201633
O60487,MPZL2,10205
Q96NY8,PVRL4,81607
Q9NQS3,PVRL3,25945
Q13291,SLAMF1,6504
Q9NQS7,INCENP,3619
Q9ULX3,NOB1,28987
Q9Y2U8,LEMD3,23592
O95685,PPP1R3D,5509
P41214,EIF2D,1939
Q9BSE4,HERPUD2,64224
Q9H6D7,HAUS4,54930
Q8WWW0,RASSF5,83593
Q7Z4G1,COMMD6,170622
Q96MH2,HEXIM2,124790
P55017,SLC12A3,6559
Q96JN8,NEURL4,84461
Q8IW75,SERPINA12,145264
Q15517,CDSN,1041
P22888,LHCGR,3973
Q9Y3T9,NOC2L,26155
Q9Y3A4,RRP7A,27341
Q15828,CST6,1474
P29372,MPG,4350
Q5T7P8,SYT6,148281
-,H2BFS,54145
P68871,HBB,3043
Q9BUP0,EFHD1,80303
Q14126,DSG2,1829
P69905,HBA1,3039
Q99417,MYCBP,26292
Q9Y6Y0,IVNS1ABP,10625
Q9NZR1,TMOD2,29767
Q8N339,MT1M,4499
-,RAP1BL,643752
Q14588,ZNF234,10780
-,IGKV2-40,28916
-,TPM3P4,402643
Q9H3K6,BOLA2,552900
Q9UBI6,GNG12,55970
P81605,DCD,117159
-,IGHG2,3501
P35625,TIMP3,7078
P12644,BMP4,652
Q9BW66,CINP,51550
P03891,ND2,4536
Q8TEA8,DTD1,92675
Q96GD0,PDXP,57026
Q3MIR4,TMEM30B,161291
Q9NP77,SSU72,29101
Q96HA7,TONSL,4796
Q9Y294,ASF1A,25842
Q96S06,LMF1,64788
Q96H79,ZC3HAV1L,92092
Q9Y2W7,KCNIP3,30818
P12314,FCGR1A,2209
Q9UQF2,MAPK8IP1,9479
Q8TD86,CALML6,163688
P49795,RGS19,10287
Q9BY44,EIF2A,83939
Q9H4X1,RGCC,28984
P09172,DBH,1621
Q9H9B4,SFXN1,94081
O95490,LPHN2,23266
Q9H936,SLC25A22,79751
P51571,SSR4,6748
Q5XKP0,C19orf70,125988
O95674,CDS2,8760
Q7KZN9,COX15,1355
Q9BX79,STRA6,64220
Q8WVX9,FAR1,84188
Q92604,LPGAT1,9926
Q8TB61,SLC35B2,347734
Q6ZRI8,ARHGAP36,158763
P19320,VCAM1,7412
Q96PE3,INPP4A,3631
P62807,HIST1H2BE,8344
P68431,HIST1H3E,8353
O15523,DDX3Y,8653
Q8N1G4,LRRC47,57470
Q99666,RGPD6,729540
Q13748,TUBA3D,113457
-,TUBB7P,56604
Q9NY65,TUBA8,51807
Q9UJT0,TUBE1,51175
Q8N5N7,MRPL50,54534
Q9BZE1,MRPL37,51253
O75607,NPM3,10360
P55268,LAMB2,3913
Q8N4Q1,CHCHD4,131474
O95185,UNC5C,8633
Q6P3X3,TTC27,55622
Q17R60,IMPG1,3617
Q9H9J2,MRPL44,65080
O60518,RANBP6,26953
Q8N1I0,DOCK4,9732
Q9P270,SLAIN2,57606
Q9Y657,SPIN1,10927
Q8NB12,SMYD1,150572
Q8ND04,SMG8,55181
Q9H0W8,SMG9,56006
P07864,LDHC,3948
Q96DH6,MSI2,124540
O60732,MAGEC1,9947
O95777,LSM8,51691
O00622,CYR61,3491
Q9NV88,INTS9,55756
Q562F6,SGOL2,151246
Q9BWF3,RBM4,5936
Q5C9Z4,NOM1,64434
Q9BYD3,MRPL4,51073
Q8IVW6,ARID3B,10620
Q14865,ARID5B,84159
Q96SY0,VWA9,81556
Q8NHZ8,CDC26,246184
P41162,ETV3,2117
Q8NEA6,GLIS3,169792
Q9HCN4,GPN1,11321
Q9H0H0,INTS2,57508
Q9NVH2,INTS7,25896
Q9P0J7,KCMF1,56888
P28300,LOX,4015
Q15528,MED22,6837
Q9UL63,MKLN1,4289
Q8IXM3,MRPL41,64975
Q8N5Y2,MSL3,10943
Q9Y221,NIP7,51388
Q9BXB4,OSBPL11,114885
Q6PIY7,PAPD4,167153
P40425,PBX2,5089
Q9UPN7,PPP6R1,22870
P22670,RFX1,5989
Q96G75,RMND5B,64777
Q08AF3,SLFN5,162394
P35712,SOX6,55553
Q02086,SP2,6668
Q9Y6J9,TAF6L,10629
Q96PN7,TRERF1,55809
Q9H0U9,TSPYL1,7259
Q70CQ2,USP34,9736
Q96DT7,ZBTB10,65986
O15062,ZBTB5,9925
Q9HCK1,ZDBF2,57683
Q6DD87,ZNF787,126208
P29034,S100A2,6273
Q53H96,PYCRL,65263
-,NACAP1,83955
-,SNORD118,727676
-,SNORD13P1,6076
Q6NXT1,ANKRD54,129138
Q5VWX1,KHDRBS2,202559
Q9Y450,HBS1L,10767
O75820,ZNF189,7743
Q8IW52,SLITRK4,139065
Q9UQ26,RIMS2,9699
Q6ZWL3,CYP4V2,285440
O95455,TGDS,23483
O43508,TNFSF12,8742
Q9H3N1,TMX1,81542
Q9BSK1,ZNF577,84765
Q5H9I0,TFDP3,51270
Q6UWF3,SCIMP,388325
Q1HG43,DUOXA1,90527
Q8IVE3,PLEKHH2,130271
Q6UW49,SPESP1,246777
Q8WXD2,SCG3,29106
Q86VW1,SLC22A16,85413
-,DKFZP434K028,26070
Q8WWC4,C2orf47,79568
Q8NHQ8,RASSF8,11228
Q9H251,CDH23,64072
Q15652,JMJD1C,221037
P31260,HOXA10,3206
P31276,HOXC13,3229
P32519,ELF1,1997
O00470,MEIS1,4211
P17542,TAL1,6886
Q96BH3,ELSPBP1,64100
Q9UKT9,IKZF3,22806
P35228,NOS2,4843
O00238,BMPR1B,658
P30411,BDKRB2,624
O43516,WIPF1,7456
Q13021,MALL,7851
-,IGKV3-20,28912
B9A064,IGLL5,100423062
P08697,SERPINF2,5345
P08185,SERPINA6,866
P05543,SERPINA7,6906
P29622,SERPINA4,5267
P04003,C4BPA,722
P0C0L4,C4A,720
P19827,ITIH1,3697
P02675,FGB,2244
Q14624,ITIH4,3700
P02746,C1QB,713
Q15848,ADIPOQ,9370
P01160,NPPA,4878
P16860,NPPB,4879
P23582,NPPC,4880
O14492,SH2B2,10603
Q9Y6X4,FAM169A,26049
Q5SNT2,TMEM201,199953
Q7Z6K5,ARPIN,348110
Q96KC8,DNAJC1,64215
Q9Y5M8,SRPRB,58477
Q9BRR8,GPATCH1,55094
Q96GX5,MASTL,84930
Q9P2R6,RERE,473
Q5T5X7,BEND3,57673
O14519,CDK2AP1,8099
Q8WUU5,GATAD1,57798
Q9HAJ7,SAP30L,79685
Q9UK53,ING1,3621
Q9H160,ING2,3622
Q8N344,MIER2,54531
Q7Z3K6,MIER3,166968
Q9NP50,FAM60A,58516
Q8IZ40,RCOR2,283248
Q6PH81,C16orf87,388272
Q8N680,ZBTB2,57621
Q96KM6,ZNF512B,57473
Q92618,ZNF516,9658
Q92610,ZNF592,9640
O60907,TBL1X,6907
Q02338,BDH1,622
Q9Y263,PLAA,9373
Q8TC05,MDM1,56890
Q7Z7L9,ZSCAN2,54993
Q96BY7,ATG2B,55102
Q969X6,CIRH1A,84916
Q9H583,HEATR1,55127
P18583,SON,6651
Q8IXT5,RBM12B,389677
Q93084,ATP2A3,489
Q9UNY4,TTF2,8458
Q9NYH9,UTP6,55813
Q6RFH5,WDR74,54663
Q8IVL1,NAV2,89797
Q9NP62,GCM1,8521
O15399,GRIN2D,2906
O00399,DCTN6,10671
P28715,ERCC5,2073
Q9H869,YY1AP1,55249
Q687X5,STEAP4,79689
Q9BT22,ALG1,56052
Q3B7T3,BEAN1,146227
P07451,CA3,761
Q8IZ96,CMTM1,113540
-,IGLV3-21,28796
Q9NZH7,IL36B,27177
Q96KX0,LYZL4,131375
Q8TDF5,NETO1,81832
Q8NGC4,OR10G3,26533
Q8NG75,OR5T1,390155
Q8NGM9,OR8D4,338662
Q8N162,OR8H2,390151
Q53GG5,PDLIM3,27295
Q9NUD9,PIGV,55650
P29377,S100G,795
O75908,SOAT2,8435
Q96BF3,TMIGD2,126259
Q8TCD1,C18orf32,497661
Q8N4V2,SVOP,55530
Q8N9V3,WDSUB1,151525
P22897,MRC1,4360
Q7LBE3,SLC26A9,115019
Q6ZNJ1,NBEAL2,23218
-,RN7SL1,6029
P56706,WNT7B,7477
Q9NVA4,TMEM184C,55751
Q96IC2,LOC81691,81691
P40225,THPO,7066
-,LINC00311,197196
-,LINC01257,116437
Q9HCG1,ZNF160,90338
P36537,UGT2B10,7365
Q5VIY5,ZNF468,90333
Q9BY08,EBPL,84650
O75900,MMP23B,8510
Q8N328,PGBD3,267004
O00292,LEFTY2,7044
-,FAM86B3P,286042
Q14586,ZNF267,10308
Q9BS86,ZPBP,11055
Q9H8P0,SRD5A3,79644
P06133,UGT2B4,7363
Q6ZUA9,MROH5,389690
Q92681,RSC1A1,6248
Q3MUY2,PIGY,84992
P82980,RBP5,83758
Q9BTP6,ZBED2,79413
Q9BRR3,TMEM246,84302
Q9UJJ7,RPUSD1,113000
Q8TC21,ZNF596,169270
Q5T890,ERCC6L2,375748
-,EPS15P1,55380
Q5T3U5,ABCC10,89845
Q96T52,IMMP2L,83943
-,TNRC17,27321
Q9Y663,HS3ST3A1,9955
Q8N398,VWA5B2,90113
Q8NI99,ANGPTL6,83854
Q9BSG0,PRADC1,84279
Q96L58,B3GALT6,126792
-,LINC01541,100505776
-,SNHG1,23642
-,HERC2P4,100289574
-,ZNF595,152687
-,LINC00461,645323
-,MT2P1,4503
Q9UBA6,C6orf48,50854
Q6YI46,TMEM64,169200
Q86VQ1,GLCCI1,113263
Q6ZSY5,PPP1R3F,89801
Q12767,KIAA0195,9772
P10072,HKR1,284459
Q9HCL3,ZFP14,57677
O43374,RASA4,10156
Q8WTQ4,C16orf78,123970
Q8WUS8,SDR42E1,93517
Q96EH5,RPL39L,116832
Q96QA6,YPEL2,388403
Q9Y6Q2,STON1,11037
P48595,SERPINB10,5273
Q8NGW1,OR6B3,150681
Q9NUK0,MBNL3,55796
-,LINC00312,29931
P34995,PTGER1,5731
Q9UK05,GDF2,2658
-,KRT87P,85349
Q9P2E5,CHPF2,54480
Q86SQ4,GPR126,57211
-,MIR671,768213
Q9H330,TMEM245,23731
Q8IUL8,CILP2,148113
Q9BQS7,HEPH,9843
A2VDJ0,KIAA0922,23240
-,SPCS2P4,653566
Q9Y2E5,MAN2B2,23324
O00462,MANBA,4126
-,MIR1181,100302213
-,MIR1257,100302168
-,NAMPTP1,646309
Q8NBM8,PCYOX1L,78991
-,SNORA41,619569
-,SNORD21,6083
-,SNORD24,26820
-,SNORD36C,26813
-,SNORD36A,26815
-,SNORD36B,26814
Q6UWL2,SUSD1,64420
Q96AE7,TTC17,55761
Q16880,UGT8,7368
Q8N2E2,VWDE,221806
-,MIR7-1,407043
P78312,FAM193A,8603
Q9BR77,CCDC77,84318
A6NKD9,CCDC85C,317762
Q9P266,KIAA1462,57608
Q9BY89,KIAA1671,85379
Q5T0W9,FAM83B,222584
Q86X10,RALGAPB,57148
Q9Y2H2,INPP5F,22876
Q8IXQ4,GPALPP1,55425
Q9P1P5,TAAR2,9287
-,LOC390760,390760
Q14264,ERV3-1,2086
Q8NBF6,AVL9,23080
Q9BZG9,LYNX1,66004
Q9HCJ5,ZSWIM6,57688
-,CALM1P1,802
O15240,VGF,7425
P19961,AMY2B,280
Q4VXU2,PABPC1L,80336
-,IGKV2-30,28919
P41273,TNFSF9,8744
O95294,RASAL1,8437
-,MIRLET7B,406884
-,MIRLET7I,406891
-,LOC442497,442497
-,MYH16,84176
-,RPS15AP21,100271357
P61129,ZC3H6,376940
Q9Y5P0,OR51B4,79339
P08F94,PKHD1,5314
O60469,DSCAM,1826
Q569K6,CCDC157,550631
Q6UWF7,NXPE4,54827
Q6PII5,HAGHL,84264
Q7Z7G8,VPS13B,157680
Q9P2F5,STOX2,56977
Q6P1M9,ARMCX5,64860
C9JLW8,FAM195B,348262
O60266,ADCY3,109
-,RPS10-NUDT3,100529239
Q9UBD0,HSFX2,100130086
Q8NBE8,PHOSPHO2-KLHL23,100526832
-,MIR29A,407021
O15090,ZNF536,9745
-,H2BFS,54145
O75339,CILP,8483
-,RPL27AP6,389435
-,RPL32P18,644907
Q6P9A2,GALNT18,374378
-,RPS15P2,100271066
-,LINC00189,193629
P51797,CLCN6,1185
-,IGHV3-48,28424
Q8IZF6,GPR112,139378
-,LOC400682,400682
-,RPS26P50,644934
-,LOC730668,730668
Q9H306,MMP27,64066
Q96PM9,ZNF385A,25946
A4D1E1,ZNF804B,219578
-,PRAMEF8,391002
Q6ZS81,WDFY4,57705
-,PSAT1P1,137133
-,MIR548AJ1,100616191
Q658Y4,FAM91A1,157769
-,LOC389842,389842
-,RANP1,221547
Q8TD43,TRPM4,54795
-,FLJ22447,400221
Q17RS7,GEN1,348654
A6NIV6,LRRIQ4,344657
-,MUC3A,4584
Q5VYP0,SPATA31A3,727830
Q9C0D5,TANC1,85461
Q05BV3,EML5,161436
-,SKP1P2,728622
-,TMSB4XP2,7116
-,LINC01018,255167
-,FLJ38668,644903
-,LOC729603,729603
Q9Y5L2,HILPDA,29923
-,GOLGA8EP,390535
-,GOLGA8F,100132565
P0CW19|P0CW20,LIMS3,96626
Q5TYM5,FAM72A,729533
A8MVW0,FAM171A2,284069
Q5JZY3,EPHA10,284656
Q8IYS0,GRAMD1C,54762
-,CSNK1G2-AS1,255193
Q32MQ0,ZNF750,79755
-,KRTAP10-4,386672
-,FAM74A1,401507
-,FAM74A4,401508
Q96GJ1,TRMT2B,79979
Q6NXP0,EFCAB12,90288
Q96EK9,KTI12,112970
-,DLX6-AS1,285987
-,BMS1P5,399761
-,ZNRF2P1,441208
Q6Q4G3,AQPEP,206338
Q5SYB0,FRMPD1,22844
-,LOC149950,149950
-,TCL6,27004
Q495W5,FUT11,170384
Q494X3,ZNF404,342908
Q9NQM4,PIH1D3,139212
-,LINC01547,84536
-,KIRREL3-AS3,283165
-,LINC00908,284276
Q66K80,RUSC1-AS1,284618
Q58A44,C1QTNF9B-AS1,542767
Q9BT23,LIMD2,80774
Q68DY9,ZNF772,400720
Q14667,KIAA0100,9703
Q9NRZ5,AGPAT4,56895
Q8NDW8,TTC21A,199223
-,REXO1L6P,441362
Q7Z6K5,ARPIN,348110
Q8NHU0,CT45A3,441519
-,TRY2P,207147
Q8N8G2,VGLL2,245806
-,POM121L4P,266697
Q0P5P2,C17orf67,339210
-,RHPN1-AS1,78998
Q8IVE3,PLEKHH2,130271
Q9NZJ9,NUDT4,11163
Q9H568,ACTL8,81569
Q9UJN7,ZNF391,346157
-,MT1P3,140851
-,MGC34796,414927
-,LINC00588,26138
Q8NHE4,ATP6V0E2,155066
-,LINC00482,284185
Q495Y8,SPDYE2,441273
-,GOLGA2P11,255180
Q7L945,ZNF627,199692
Q8NHP7,EXD1,161829
-,LSP1P3,729862
Q502X0,MORN2,729967
A4D1U4,KIAA1147,57189
-,LRRC37A11P,342666
H3BR10,SMLR1,100507203
-,MIR4435-1HG,541471
-,DSCR8,84677
-,LINC00671,388387
Q5GH77,XKR3,150165
-,SPACA6P,147650
-,LPAL2,80350
Q9NUB1,ACSS1,84532
-,LINC00518,221718
Q8N9R6,CDRT4,284040
-,RPL13AP17,399670
A1L429,GAGE12B,729428
-,RBMY2FP,159162
-,TBC1D27,96597
-,LOC728175,728175
Q9NSY0,NRBP2,340371
Q8N9S9,SNX31,169166
Q6UXP7,FAM151B,167555
Q5JT82,KLF17,128209
-,LOC727751,727751
Q8WVF2,UCMA,221044
Q86WS4,C12orf40,283461
-,LINC00242,401288
Q9NY47,CACNA2D2,9254
-,SNORA6,574040
Q9BZJ4,SLC25A39,51629
Q8TF64,GIPC3,126326
-,SNORA66,26782
-,SNORD76,692196
-,SCARNA3,677679
-,SCARNA5,677775
-,SNORA63,6043
P57679,EVC,2121
-,NR2F1-AS1,441094
-,SNORA13,654322
-,SNORA74B,677841
-,SCARNA27,100124533
-,SNORA33,594839
-,SNORA5A,654319
-,ATP5J2-PTCD1,100526740
-,LOC407835,407835
-,SNORD54,26795
Q8NHH1,TTLL11,158135
-,SNORA43,677824
-,SNORA17,677804
Q8TF27,AGAP11,119385
-,SNORA52,619565
-,SNORA54,677833
-,SNORA45B,677826
-,SNORD22,9304
-,SNORA8,654320
-,MIR3652,100500842
-,FKSG29,100131561
-,SNORD9,692053
-,WHAMMP2,440253
Q6DHV7,ADAL,161823
-,PIN4P1,728758
-,GABPB1-AS1,100129387
P0CAP1,GCOM1,145781
Q96CC6,RHBDF1,64285
-,SNORA30,677813
-,SNORD7,692076
-,SNORA21,619505
-,SNORD104,692227
-,PLEKHM1P,440456
-,SCARNA16,677781
-,SNORD41,26810
-,FTH1P3,2498
-,SNHG4,724102
-,LINC01000,402483
-,TMED10P1,286102
-,LOC100287042,100287042
Q9C091,GREB1L,80000
Q9NW81,ATP5SL,55101
P63302,SEPW1,6415
-,LINC00657,647979
A8MPS7,YDJC,150223
Q9UH36,SRRD,402055
-,PHKA2-AS1,100132163
Q5U3C3,TMEM164,84187
-,FIRRE,286467
Q6ZP29,PQLC2,54896
-,NFYC-AS1,100130557
Q969F9,HPS3,84343
A6NCL7,ANKRD33B,651746
Q9Y3T6,R3HCC1,203069
Q8NE35,CPEB3,22849
Q6ZU80,CEP128,145508
Q86XN6,ZNF761,388561
Q9GZN2,TGIF2-C20orf24,100527943
-,SNORD3A,780851
Q9H6D3,XKR8,55113
Q8N815,CNTD1,124817
Q10981,FUT2,2524
O15130,NPFF,8620
P0C869,JMJD7-PLA2G4B,8681
Q96DT5,DNAH11,8701
O94900,TOX,9760
O94876,TMCC1,23023
-,CENPBD1P1,65996
O95867,LY6G6C,80740
Q8IUR5,TMTC1,83857
-,VN1R10P,387316
Q96CG8,CTHRC1,115908
-,LOC401296,401296
-,LOC554206,554206
-,ZNF667-AS1,100128252
Q8N475,FSTL5,56884
P98073,TMPRSS15,5651
Q96PK6,RBM14-RBM4,100526737
Q9BYE4,SPRR2G,6706
Q6ZUT6,C15orf52,388115
Q9UH17,APOBEC3B,9582
-,IGHV3-23,28442
Q9UKP5,ADAMTS6,11174
A6NCQ9,RNF222,643904
Q9NQ55,PPAN-P2RY11,692312
Q569K4,ZNF385B,151126
-,UBE2L1,283556
Q9HA77,CARS2,79587
Q7Z4R8,C6orf120,387263
Q969P6,TOP1MT,116447
-,LOC100419906,100419906
A6NNT2,C16orf96,342346
Q9BZM4,ULBP3,79465
Q9H3C7,GGNBP2,79893
-,TRNI,4565
P43362,MAGEA9B,728269
Q9C0B2,CFAP74,85452
Q8N2G8,GHDC,84514
Q9ULQ1,TPCN1,53373
Q8TDW0,LRRC8C,84230
Q9HD23,MRS2,57380
Q6NSZ9,ZSCAN25,221785
Q7L3S4,ZNF771,51333
P57071,PRDM15,63977
O75820,ZNF189,7743
-,CNTNAP3B,728577
Q9Y561,LRP12,29967
Q9BTN0,LRFN3,79414
Q6MZM0,HEPHL1,341208
Q5JW98,FAM26D,221301
Q86SJ6,DSG4,147409
Q00888,PSG4,5672
Q8NB50,ZFP62,643836
Q6PCB0,VWA1,64856
Q16385,SSX2B,727837
Q86UD1,OAF,220323
Q8N4W9,ZNF808,388558
-,GGT2,728441
-,IGLC7,28834
Q96C34,RUNDC1,146923
-,RAP1BL,643752
O43824,GTPBP6,8225
A2RRP1,NBAS,51594
Q8N8L6,ARL10,285598
Q96SZ5,ADO,84890
Q5JTY5,CBWD3,445571
Q86XT9,TMEM219,124446
Q9UKY4,POMT2,29954
Q86XX4,FRAS1,80144
P55082,MFAP3,4238
Q9Y6X5,ENPP4,22875
P52569,SLC7A2,6542
Q9ULI3,HEG1,57493
Q86UN3,RTN4RL2,349667
Q96S06,LMF1,64788
Q9HCF6,TRPM3,80036
A1IGU5,ARHGEF37,389337
A8MT65,ZNF891,101060200
Q99758,ABCA3,21
P98198,ATP8B2,57198
Q8IUH4,ZDHHC13,54503
B0FP48,UPK3BL,100134938
Q6ICH7,ASPHD2,57168
Q6UWP8,SBSN,374897
A6NCE7,MAP1LC3B2,643246
Q86W34,AMZ2,51321
Q5SVS4,SLC25A30,253512
Q9ULC8,ZDHHC8,29801
Q8WU67,ABHD3,171586
Q9UJK0,TSR3,115939
Q9BXT5,TEX15,56154
Q8TCN5,ZNF507,22847
Q6R2W3,ZBED9,114821
A6NFQ2,FAM115C,285966
Q9NPF2,CHST11,50515
Q9H9S5,FKRP,79147
Q7Z736,PLEKHH3,79990
Q8NBK3,SUMF1,285362
O15091,KIAA0391,9692
Q8WVP7,LMBR1,64327
Q9BVL4,SELO,83642
-,MRRFP1,286423
Q8WXG9,GPR98,84059
Q9H5Z1,DHX35,60625
Q8IVL5,P3H2,55214
Q53R41,FASTKD1,79675
Q9HA92,RSAD1,55316
Q9Y2G0,EFR3B,22979
Q9UK28,TMEM59L,25789
-,DDX11L8,100302090
Q8TD47,RPS4Y2,140032
Q09328,MGAT5,4249
B7ZAQ6|P0CG08,GPR89A,653519
Q2TAA5,ALG11,440138
Q96ET8,TVP23C,201158
Q9HAD4,WDR41,55255
O00142,TK2,7084
P22676,CALB2,794
A6NIJ9,OR6C70,390327
Q5VSG8,MANEAL,149175
Q9Y6A1,POMT1,10585
Q8N3J6,CADM2,253559
-,HIST2H3PS2,440686
-,PABPC4L,132430
Q9NWL6,ASNSD1,54529
Q9HAR2,LPHN3,23284
Q9UPR5,SLC8A2,6543
O75635,SERPINB7,8710
Q9H5L6,THAP9,79725
Q9NW07,ZNF358,140467
P56378,C14orf2,9556
Q68DH5,LMBRD2,92255
Q9HCI6,KIAA1586,57691
Q6NUM6,TYW1B,441250
Q7Z4L5,TTC21B,79809
Q05DH4,FAM160A1,729830
Q8WY07,SLC7A3,84889
O75342,ALOX12B,242
Q9P2C4,TMEM181,57583
Q10469,MGAT2,4247
Q96K12,FAR2,55711
Q969Z3,MARC2,54996
Q9HCJ3,RAVER2,55225
O60279,SUSD5,26032
C9JRZ8,AKR1B15,441282
Q6ZPD9,DPY19L3,147991
Q9H0Q0,FAM49A,81553
A2A368,MAGEB16,139604
Q5HYI7,MTX3,345778
Q9Y625,GPC6,10082
Q9ULM0,PLEKHH1,57475
P60568,IL2,3558
A8K855,EFCAB7,84455
Q9NV64,TMEM39A,55254
Q9NPG1,FZD3,7976
-,WASH6P,653440
Q9ULP9,TBC1D24,57465
-,NEDD8-MDP1,100528064
Q05932,FPGS,2356
Q9Y3Q0,NAALAD2,10003
A6NGC4,TLCD2,727910
Q7Z6K3,PTAR1,375743
Q8N414,PGBD5,79605
Q96MM7,HS6ST2,90161
-,KIR3DP1,548594
P01591,IGJ,3512
Q709C8,VPS13C,54832
Q9H1Z4,WDR13,64743
Q5TF58,IFFO2,126917
-,CTSL3P,392360
Q8N6N3,C1orf52,148423
Q5VST6,ABHD17B,51104
Q8N129,CNPY4,245812
Q96F25,ALG14,199857
B7ZAQ6|P0CG08,GPR89B,51463
Q9C0K3,ACTR3C,653857
Q86UQ0,ZNF589,51385
Q14587,ZNF268,10795
Q7Z7B1,PIGW,284098
Q6P1A2,LPCAT3,10162
Q4G0M1,FAM132B,151176
Q8WVF1,OSCP1,127700
Q96RL7,VPS13A,23230
Q2PZI1,DPY19L1,23333
Q504Y2,PKDCC,91461
Q92521,PIGB,9488
Q9H7F4,TMEM185B,79134
Q9Y2B2,PIGL,9487
Q5SYE7,NHSL1,57224
E5RG02,PRSS46,100287362
Q96K49,TMEM87B,84910
Q96E39,RBMXL1,494115
-,C4orf48,401115
Q4V339,CBWD6,644019
-,CBWD7,728013
Q96MD2,C12orf66,144577
Q5TGY1,TMCO4,255104
Q3B7J2,GFOD2,81577
Q2PPJ7,RALGAPA2,57186
Q9UBQ6,EXTL2,2135
Q8N9W5,DNAAF3,352909
Q96B70,LENG9,94059
Q00889,PSG6,5675
O75019,LILRA1,11024
P0CJ78,ZNF865,100507290
-,ZNF724P,440519
Q96DN5,TBC1D31,93594
Q8NE28,STKLD1,169436
O95158,NXPH4,11247
Q8N442,GUF1,60558
-,FAM90A5P,441315
-,FAM90A26,100287045
Q6P1R4,DUS1L,64118
-,PRAMEF4,400735
Q5VWM5,PRAMEF15,653619
P35443,THBS4,7060
Q96MH7,C5orf34,375444
Q2KHT3,CLEC16A,23274
-,ZRSR1,7310
Q9UF33,EPHA6,285220
A8MXV6,CDRT15L2,256223
Q8WV74,NUDT8,254552
P07316,CRYGB,1419
P01562,IFNA13,3447
P01571,IFNA17,3451
Q53G44,IFI44L,10964
Q9NPH6,OBP2B,29989
O60658,PDE8A,5151
Q9NUA8,ZBTB40,9923
Q76KP1,B4GALNT4,338707
Q5TC84,OGFRL1,79627
Q49AM3,TTC31,64427
Q7Z5D8,NANOGNB,360030
P50391,NPY4R,5540
A6NIR3,AGAP5,729092
-,C11orf98,102288414
Q5VUJ5,AGAP7P,653268
Q92527,ANKRD7,56311
-,ARHGAP28,79822
Q96KW9,SPACA7,122258
Q6ZP65,CCDC64,92558
P43080,GUCA1A,2978
A6NDB9,PALM3,342979
Q8TBY9,WDR66,144406
Q4KWH8,PLCH1,23007
Q8TBF5,PIGX,54965
Q96CX6,LRRC58,116064
-,ATP5EP2,432369
P60893,GPR85,54329
Q8IYB4,PEX5L,51555
-,LEKR1,389170
C9JH25,PRRT4,401399
Q9P1F3,ABRACL,58527
P78325,ADAM8,101
Q96MC2,DRC1,92749
Q76MJ5,ERN2,10595
-,HMGN1P30,100132992
Q5TDP6,LGSN,51557
Q86W24,NLRP14,338323
Q5VU65,NUP210L,91181
Q9NRC6,SPTBN5,51332
Q5VWI1,TCERG1L,256536
-,TDRD15,100129278
Q9UBR1,UPB1,51733
A6NKG5,RTL1,388015
Q9NT99,LRRC4B,94030
Q6NTF7,APOBEC3H,164668
Q96H40,ZNF486,90649
Q86UD7,TBC1D26,353149
A4D0V7,CPED1,79974
Q8NEV9,IL27,246778
-,RNA5S7,100169758
Q2KHR2,RFX7,64864
Q99645,EPYC,1833
Q8IXS0,FAM217A,222826
Q5VU92,DCAF12L1,139170
Q2M385,MPEG1,219972
Q9Y6A2,CYP46A1,10858
Q14324,MYBPC2,4606
A0FGR9,ESYT3,83850
Q7Z407,CSMD3,114788
Q6ZR62,ZCCHC16,340595
-,LINC00528,200298
Q8N9Z2,CCDC71L,168455
Q9Y2Q1,ZNF257,113835
Q9Y6R9,CCDC61,729440
A2RUB6,CCDC66,285331
-,RPS10P7,376693
-,RPS10P11,391833
-,RPS10P13,646785
-,RPS10P4,728791
-,RPS10P22,401817
-,SUMO1P3,474338
-,API5P1,642812
-,VDAC1P1,642585
-,RPL12P6,440176
-,RPL12P32,100132795
-,RPL12P14,729500
-,RPL12P2,646875
-,RPL12P35,400389
-,RPL12P19,100129982
-,LOC729774,729774
-,SUPT16HP1,400011
-,RPS18P12,388339
-,LOC727803,727803
-,RPSAP19,730029
-,RPSAP18,388707
-,RPSAP8,643617
-,RPSAP9,653162
-,RPSAP29,389141
-,RPSAP61,644464
-,CIAPIN1P,728599
-,LOC644422,644422
-,RPS19P3,728953
-,LOC645086,645086
-,SUMO2P1,285829
-,RPLP0P3,122589
-,RPLP2P3,643949
-,LOC284685,284685
-,UBE2MP1,606551
-,RPS25P8,100131196
-,IGBP1P1,280655
-,IGHV1OR15-9,390531
Q9Y4F4,FAM179B,23116
Q5JXX5,GLRA4,441509
-,HMCN2,256158
-,LINC00322,100126693
Q8IZ02,LRRC34,151827
Q9ULN7,PNMAL2,57469
Q08AN1,ZNF616,90317
Q6ZVT6,C3orf67,200844
O60320,FAM189A1,23359
O15303,GRM6,2916
Q8TDX9,PKD1L1,168507
Q9H4I0,RAD21L1,642636
Q8IVG5,SAMD9L,219285
-,LOC728026,728026
Q8IYB1,MB21D2,151963
P35226,COMMD3-BMI1,100532731
Q5T481,RBM20,282996
Q9NW15,ANO10,55129
-,LOC100129118,100129118
Q6ZWT7,MBOAT2,129642
-,LOC100507703,100507703
Q96LT4,SAMD8,142891
-,ERVK3-1,100507739
Q7Z5H4,VN1R5,317705
Q8IZQ5,C11orf31,280636
A6QL63,BTBD11,121551
Q9BYS8,LRRC2,79442
Q6P179,ERAP2,64167
Q9NPI0,TMEM138,51524
Q5W0Z9,ZDHHC20,253832
-,LOC100506055,100506055
Q587I9,SFT2D3,84826
P51511,MMP15,4324
O75023,LILRB5,10990
P56202,CTSW,1521
Q8NEE0,KLHL30-AS1,394261
Q9ULC5,ACSL5,51703
P19801,AOC1,26
Q8IUK5,PLXDC1,57125
O60347,TBC1D12,23232
A6NGR9,MROH6,642475
-,NEPNP,442253
Q07973,CYP24A1,1591
A6NK97,SLC22A20,440044
P17010,ZFX,7543
Q8IZY2,ABCA7,10347
A2RUS2,DENND3,22898
Q8IWE5,PLEKHM2,23207
Q9Y5N5,N6AMT1,29104
Q9NP80,PNPLA8,50640
Q68CQ7,GLT8D1,55830
Q9P217,ZSWIM5,57643
Q9BYT9,ANO3,63982
Q6ZS30,NBEAL1,65065
Q9H694,BICC1,80114
Q8N9L1,ZIC4,84107
Q8WWL2,SPIRE2,84501
Q567V2,MPV17L2,84769
Q5HY98,ZNF766,90321
Q96IR2,ZNF845,91664
Q4L235,AASDH,132949
Q3MIP1,ITPRIPL2,162073
Q4W5G0,TIGD2,166815
Q8N8R5,C2orf69,205327
A2AJT9,CXorf23,256643
Q641Q3,METRNL,284207
A6NK44,GLOD5,392465
P0CW18,PRSS56,646960
Q8NDA8,MROH1,727957
C9J7I0,UMAD1,729852
P86452,ZBED6,100381270
-,MIR3654,100500804
I6L899,GOLGA8R,101059918
Q9BZQ2,SHCBP1L,81626
-,LINC00852,84657
Q5VVM6,CCDC30,728621
Q8TE82,SH3TC1,54436
Q15782,CHI3L2,1117
Q8N6M5,ALLC,55821
Q6ZU67,BEND4,389206
P78426,NKX6-1,4825
-,WASF4P,644739
Q9UNW9,NOVA2,4858
O43423,ANP32C,23520
Q16676,FOXD1,2297
Q14563,SEMA3A,10371
Q96MT7,CFAP44,55779
Q9NR99,MXRA5,25878
Q96JG9,ZNF469,84627
Q6ZRK6,CCDC73,493860
-,FLJ25613,283372
-,TUBBP2,647000
P17025,ZNF182,7569
-,FOXO3B,2310
Q9BYP9,KRTAP9-9,81870
Q9Y2C5,SLC17A4,10050
A8MTY7,KRTAP9-7,100505724
-,UBBP4,23666
A8MXZ3,KRTAP9-1,728318
-,HIST2H2BD,337874
-,HIST2H2BC,337873
Q8N7X1,RBMXL3,139804
A8MUK1,USP17L5,728386
Q7RTZ2,USP17L1,401447
-,USP17L,100862847
Q8NH49,OR4X1,390113
Q9NS98,SEMA3G,56920
Q16798,ME3,10873
Q7Z4H4,ADM2,79924
Q03924,ZNF117,51351
Q9HBK9,AS3MT,57412
-,RPS17P16,402057
-,RPL23AP5,729480
-,HEY,100188776
Q01081,LOC102724594,102724594
O95399,UTS2,10911
O75094,SLIT3,6586
A1L453,PRSS38,339501
-,RNY3,6085
-,RNY1,6084
-,RNY4,6086
Q75V66,ANO5,203859
P51786,ZNF157,7712
Q5VYM1,C9orf131,138724
Q8TC56,FAM71B,153745
A6NCD4,C10orf131,100127889
Q96QU1,PCDH15,65217
Q96T25,ZIC5,85416
O95847,SLC25A27,9481
Q96HJ9,C7orf55-LUC7L2,100996928
Q49B96,COX19,90639
-,OR1F12,442179
-,MIR16-1,406950
-,CTGLF10P,653234
Q9Y5S1,TRPV2,51393
P43116,PTGER2,5732
Q92617,NPIPB3,23117
P10767,FGF6,2251
-,FLJ25758,497049
-,AGPAT4-IT1,79992
-,LINC00998,401397
-,ADAM5,255926
D6RB28,GOLGA6L10,647042
O75333,TBX10,347853
Q5T5J6,SWT1,54823
Q63HK3,ZKSCAN2,342357
-,NKX1-1,54729
A2RUR9,CCDC144A,9720
-,MIR19A,406979
Q5VTT5,MYOM3,127294
-,OPA6,777778
P04118,CLPS,1208
-,LINC00269,100996279
Q86VR7,VSIG10L,147645
Q5T0Z8,C6orf132,647024
A8MUX0,KRTAP16-1,100505753
B2RXH4,BTBD18,643376
C9J798,RASA4B,100271927
O95006,OR2F2,135948
-,FAM66E,100132103
P0CG32,ZCCHC18,644353
-,IGHV1-2,28474
-,MIR22HG,84981
-,MRGPRG-AS1,283303
Q5T1H1,EYS,346007
Q5XG92,CES4A,283848
Q6ZMW3,EML6,400954
-,LOC400499,400499
Q86WZ0,HEATR4,399671
Q8N801,C2orf61,285051
Q8N9V7,TOPAZ1,375337
Q9NP60,IL1RAPL2,26280
Q86SP6,GPR149,344758
Q8TF44,C2CD4C,126567
-,CCT8L1P,155100
Q86WR6,C17orf64,124773
Q9Y3D8,AK6,102157402
A8MXY4,ZNF99,7652
E7EU14,PPP5D1,100506012
A2BFH1,PPIAL4C,653598
E9PB15,PTGES3L,100885848
-,IGLC3,3539
Q9Y5H7,PCDHA5,56143
Q9GZY0,NXF2B,728343
Q9BZX4,ROPN1B,152015
-,IGLC2,3538
Q9Y5F0,PCDHB13,56123
Q86YR6,POTED,317754
-,PPIAL4E,730262
-,FAM45B,55855
Q96RT6,CTAGE1,64693
Q9Y5I0,PCDHA13,56136
P22079,LPO,4025
Q96GP6,SCARF2,91179
P14060,HSD3B1,3283
-,SIGLEC16,400709
Q9NS26,SPANXA2,728712
H3BUK9,POTEB2,100287399
Q8N1C3,GABRG1,2565
Q8N4A0,POC1B-GALNT4,100528030
Q9Y5G1,PCDHGB3,56102
Q96T83,SLC9A7,84679
Q9UM21,MGAT4A,11320
Q9Y6L7,TLL2,7093
Q9Y4X1,UGT2A2,574537
Q6P5S2,C6orf58,352999
Q9Y5I3,PCDHA1,56147
A2RUB1,C17orf104,284071
P31644,GABRA5,2558
Q9HCL0,PCDH18,54510
Q9Y5E7,PCDHB2,56133
P59665,DEFA1B,728358
Q8WTQ1,DEFB104B,503618
Q9HAU8,RNPEPL1,57140
Q5VXD3,SAMD13,148418
Q69YU5,C12orf73,728568
Q6ZMS4,ZNF852,285346
Q6GTS8,PM20D1,148811
Q2VWP7,PRTG,283659
Q9P2K1,CC2D2A,57545
P17035,ZNF28,7576
Q8IXV7,KLHDC8B,200942
Q8N4F0,BPIFB2,80341
Q330K2,NDUFAF6,137682
Q9UFP1,FAM198A,729085
Q8TF30,WHAMM,123720
Q6WRX3,ZYG11A,440590
A6NFY4,TMEM194B,100131211
P54855,UGT2B15,7366
O75064,DENND4B,9909
Q14CZ8,HEPACAM,220296
Q8TF20,ZNF721,170960
Q9P0K9,FRRS1L,23732
Q67FW5,B3GNTL1,146712
Q8N8Q8,COX18,285521
Q9UJH8,METRN,79006
Q6P3X8,PGBD2,267002
Q3MJ16,PLA2G4E,123745
-,CT45A2,728911
Q8NFI3,ENGASE,64772
P21128,ENDOU,8909
B4DXR9,ZNF732,654254
Q6UVM3,KCNT2,343450
Q9UHP9,SMPX,23676
Q9Y5G5,PCDHGA8,9708
Q8WWA1,TMEM40,55287
-,ZNF888,388559
Q9BY71,LRRC3,81543
Q50LG9,LRRC24,441381
Q8NFT2,STEAP2,261729
A8MWY0,KIAA1324L,222223
Q5CZA5,ZNF805,390980
Q7L5Y1,ENOSF1,55556
P35475,IDUA,3425
P20472,PVALB,5816
Q15166,PON3,5446
Q8TAB3,PCDH19,57526
Q96A46,SLC25A28,81894
Q9Y6Q3,ZFP37,7539
Q6ZN06,ZNF813,126017
Q96N19,GPR137,56834
Q9NSD4,ZNF275,10838
Q4G0I0,C16orf91,283951
Q3KP31,ZNF791,163049
Q9UK10,ZNF225,7768
Q7Z3F1,GPR155,151556
D6RGH6,MCIDAS,345643
Q6P4F1,FUT10,84750
Q6UWH6,TEX261,113419
Q5H9E4,SLC25A53,401612
-,MKRN4P,7682
A6NGE4,DCAF8L1,139425
Q8IZJ0,IFNL2,282616
Q8NBR0,TP53I13,90313
Q96GI7,FAM89A,375061
A6NNL5,C15orf61,145853
Q96L15,ART5,116969
Q4G0S4,CYP27C1,339761
P35716,SOX11,6664
O94892,ZNF432,9668
-,ADARB2-AS1,642394
-,H1FX-AS1,339942
A1A5B4,ANO9,338440
A6NLC5,C3orf70,285382
P10745,RBP3,5949
Q5T4F7,SFRP5,6425
A6NI56,CCDC154,645811
B2RC85|P0C881,RSPH10B,222967
O00294,TULP1,7287
-,SNHG3,8420
Q13495,MAMLD1,10046
-,IGKV2D-24,28885
P01185,AVP,551
A6NEK1,ARRDC5,645432
P48147,PREP,5550
Q9Y6H5,SNCAIP,9627
Q9BV94,EDEM2,55741
Q13724,MOGS,7841
Q9NZL4,HSPBP1,23640
Q9BS26,ERP44,23071
Q9P0I2,EMC3,55831
Q16706,MAN2A1,4124
Q9Y4C8,RBM19,9904
Q9H0S4,DDX47,51202
Q8IWA0,WDR75,84128
Q9NY93,DDX56,54606
Q9BSC4,NOL10,79954
Q9NZM5,GLTSCR2,29997
Q9Y3C1,NOP16,51491
Q15269,LOC102724159,102724159
Q9H8H0,NOL11,25926
Q8N8A6,DDX51,317781
Q9GZR2,REXO4,57109
Q9NVU7,SDAD1,55153
-,IGLC7,28834
Q9BVI4,NOC4L,79050
Q6PK04,CCDC137,339230
Q96FF7,LOC113230,113230
Q9P031,CCDC59,29080
Q96EU6,RRP36,88745
Q9Y6V7,DDX49,54555
-,C11orf98,102288414
P24468,NR2F2,7026
Q9NY12,GAR1,54433
Q9UMY1,NOL7,51406
Q96P11,NSUN5,55695
Q9H6W3,C14orf169,79697
Q6NW34,C3orf17,25871
Q9UHA3,RSL24D1,51187
O15446,CD3EAP,10849
P07477,PRSS1,5644
Q96RT7,TUBGCP6,85378
-,SNRPGP15,100130932
Q96C57,C12orf43,64897
O43304,SEC14L5,9717
Q9H9Y2,RPF1,80135
Q9H993,C6orf211,79624
Q9BRA2,TXNDC17,84817
Q9C0K3,ACTR3C,653857
Q96BK5,PINX1,54984
Q9Y324,FCF1,51077
Q8IWS0,PHF6,84295
P02042,HBD,3045
Q9Y388,RBMX2,51634
Q9H579,MROH8,140699
Q92882,OSTF1,26578
A3KMH1,VWA8,23078
Q96MI9,AGBL1,123624
P05089,ARG1,383
Q96P63,SERPINB12,89777
P25311,AZGP1,563
P42357,HAL,3034
P05976,MYL1,4632
Q8NFJ5,GPRC5A,9052
Q6PID8,KLHDC10,23008
Q6ZRV2,FAM83H,286077
P47929,LGALS7B,653499
-,IGKC,3514
P61626,LYZ,4069
-,RNU12,267010
-,MIR3648-1,100500862
P40617,ARL4A,10124
Q96G97,BSCL2,26580
Q8N2K0,ABHD12,26090
-,ABHD15-AS1,104355133
-,ACTG1P14,100418910
O14672,ADAM10,102
Q9NPF8,ADAP2,55803
Q8IWK6,GPR125,166647
P48960,CD97,976
Q8IZF5,GPR113,165082
Q9BRR6,ADPGK,83440
-,ADPGK-AS1,100287559
Q9NX46,ADPRHL2,54936
P18825,ADRA2C,152
P30520,ADSS,159
-,AFAP1-AS1,84740
Q8TED9,AFAP1L1,134265
Q9Y4W6,AFG3L2,10939
O95081,AGFG2,3268
Q99943,AGPAT1,10554
O15120,AGPAT2,10555
P27144,AK4,205
Q3SY69,ALDH1L2,160428
Q9BVK2,ALG8,79053
Q9H6U8,ALG9,79796
-,ALG9-IT1,100874303
Q5VTE6,ANGEL2,90806
Q9HCJ1,ANKH,56172
Q8IWZ3,ANKHD1-EIF4EBP3,404734
Q8N6S4,ANKRD13C,81573
-,ANKRD19P,138649
-,ANKRD30BL,554226
A6NCL7,ANKRD33B,651746
Q8NB46,ANKRD52,283373
Q6ZW76,ANKS3,124401
Q68DC2,ANKS6,203286
A6NFN9,ANKUB1,389161
P59780,AP3S2,10239
Q9BQE5,APOL2,23780
Q96LR9,APOLD1,81575
Q96P48,ARAP1,116985
-,ARAP1-AS2,100506020
Q9Y6D5,ARFGEF2,10564
Q6ZUM4,ARHGAP27,201176
Q9C0H5,ARHGAP39,80728
-,ARHGEF34P,728377
P59998,ARPC4-TTLL3,100526693
Q8WXK3,ASB13,79754
O00244,ATOX1,475
-,ATP6V1G2-DDX39B,100532737
Q8NCR0,B3GALNT2,148789
Q00973,B4GALNT1,2583
-,B4GALT1-AS1,101929639
O43286,B4GALT5,9334
-,BCL2L2-PABPN1,100529063
Q9BQE9,BCL7B,9275
P62952,BLCAP,10904
Q6QNY0,BLOC1S3,388552
Q9UL45,BLOC1S6,26258
Q8WY22,BRI3BP,140707
Q9Y2F9,BTBD3,22903
Q9BUA3,C11orf84,144097
Q99622,C12orf57,113246
Q86TY3,C14orf37,145407
Q7Z6K5,C15orf38-AP3S2,100526783
Q9Y2V0,C15orf41,84529
Q9H6X5,C19orf44,84167
Q6PIY5,C1orf228,339541
Q9BUV8,C20orf24,55969
Q6P5X5,C22orf39,128977
Q8N801,C2orf61,285051
Q6UX34,C2orf82,389084
Q9BSF0,C2orf88,84281
Q8IY42,C4orf19,55286
Q9H6K1,C6orf106,64771
Q8N319,C6orf223,221416
Q9BRJ6,C7orf50,84310
Q96HJ9,C7orf55-LUC7L2,100996928
Q9Y6Y1,CAMTA1,23261
-,CARS-AS1,100852407
Q6P4E1,CASC4,113201
Q8N4T8,CBR4,84869
P35520,LOC102724560,102724560
-,CCDC144NL-AS1,440416
A6NKD9,CCDC85C,317762
P51959,CCNG1,900
Q9NPF0,CD320,51293
Q9NRR3,CDC42SE2,56990
Q9H5V8,CDCP1,64866
Q7Z692,CEACAM19,56971
Q9NYQ6,CELSR1,9620
Q9BU64,CENPO,79172
Q96MC4,KIAA1731NL,100653515
Q9P209,CEP72,55722
-,CERS6-AS1,100861402
P26374,CHML,1122
P15882,CHN1,1123
P30926,CHRNB4,1143
Q9NPF2,CHST11,50515
Q9UHD4,CIDEB,27141
Q96RK1,CITED4,163732
P56749,CLDN12,9069
Q9Y696,CLIC4,25932
O96005,CLPTM1,1209
Q9NRP2,CMC2,56942
Q8IZR5,CMTM4,146223
Q8IZV2,CMTM8,152189
Q8NE01,CNNM3,26505
O75128,COBL,23242
O43405,COCH,1690
Q86VU5,COMTD1,118881
P12074,COX6A1,1337
Q70SY1,CREB3L2,64764
Q8IUH2,CREG2,200407
Q9NZV1,CRIM1,51232
-,CROCCP4,100421113
Q53ET0,CRTC2,200186
-,CRTC3-AS1,101926895
P09603,CSF1,1435
-,CTBP1-AS,285463
O95476,CTDNEP1,23399
Q9UBT7,CTNNAL1,8727
Q9P2B4,CTTNBP2NL,55917
Q8NCG7,DAGLB,221955
Q5D0E6,DALRD3,55152
O94760,DDAH1,23576
-,DDX3P3,650560
Q6IQ26,DENND5A,23258
P00374,DHFR,1719
Q14147,DHX34,9704
Q92813,DIO2,1734
Q9Y2E4,DIP2C,22982
-,DISC1FP1,101929222
-,DLGAP4-AS1,101926987
Q9Y222,DMTF1,9988
Q6Y2X3,DNAJC14,85406
P24855,DNASE1,1773
O00115,DNASE2,1777
Q8NFT8,DNER,92737
Q9UHL4,DPP7,29952
Q6XUX3,DSTYK,25778
Q92838,EDA,1896
-,EEF1A1P3,100421865
-,EEF1A1P6,221838
Q9UHF1,EGFL7,51162
Q8NDI1,EHBP1,23301
Q15723,ELF2,1998
Q9H5J4,ELOVL6,79071
Q9BV81,EMC6,83460
Q7L5Y1,ENOSF1,55556
Q9HCS5,EPB41L4A,64097
-,EPB41L4A-AS1,114915
Q9H329,EPB41L4B,54566
Q9C0D9,EPT1,85465
Q969X5,ERGIC1,57222
Q9Y2D4,EXOC6B,23233
Q5T8I3,FAM102B,284611
Q9H098,FAM107B,83641
Q5T036,FAM120AOS,158293
Q6UXB0,FAM131A,131408
Q8NC44,FAM134A,79137
A1KXE4,FAM168B,130074
Q6P4H8,FAM173B,134145
Q9BUT9,FAM195A,84331
Q8N3H0,FAM19A2,338811
Q9UK61,FAM208A,23272
Q8IXL6,FAM20C,56975
Q8IW50,FAM219A,203259
Q86V20,FAM35A,54537
Q14153,FAM53B,9679
Q9Y4F1,FARP1,10160
Q9HCM7,FBRSL1,57666
Q9UHY8,FEZ2,9637
Q9H9S5,FKRP,79147
-,FLNB-AS1,100506906
Q8N3X1,FNBP4,23360
Q9UPW0,FOXJ3,22887
Q05932,FPGS,2356
O95633,FSTL3,10272
-,FTH1P23,100420300
Q9ULW2,FZD10,11211
-,GACAT2,100287082
O14976,GAK,2580
Q10472,GALNT1,2589
Q8NFS9|Q06430|Q8N0V5,GCNT2,2651
Q8TB36,GDAP1,54332
Q9H840,GEMIN7,79760
Q3B7J2,GFOD2,81577
O95749,GGPS1,9453
Q8N2G8,GHDC,84514
Q8TF65,GIPC2,54810
P35754,GLRX,2745
P15104,GLUL,2752
P38405,GNAL,2774
Q9BYB4,GNB1L,54584
Q9NVN8,GNL3L,54552
-,GNL3LP1,80060
Q92805,GOLGA1,2800
-,GOLGA2P7,388152
Q86UL3,AGPAT6,137964
Q9UKJ3,GPATCH8,23131
Q9HC44,GPBP1L1,60313
Q8N6U8,GPR161,23432
Q6ZVF9,GPRIN3,285513
Q3KR37,GRAMD1B,57476
Q96HH9,GRAMD3,65983
Q4ZG55,GREB1,9687
Q9P0R6,GSKIP,51527
-,GTF2IRD1P1,729156
-,GTF3C2-AS1,100505624
-,GUSBP1,728411
A2PYH4,HFM1,164045
Q5SR56,HIATL1,84641
Q9H422,HIPK3,10114
Q8TCT9,HM13,81502
-,HM13-AS1,100874042
-,HMGA1P3,144712
-,HNRNPA1P33,728643
-,HNRNPCP2,653447
Q8IX15,HOMEZ,57594
-,HORMAD2-AS1,101929664
-,HOXA10-AS,100874323
-,HOXA10-HOXA9,100534589
Q96IR7,HPDL,84842
O60243,HS6ST1,9394
-,HSP90AB4P,664618
-,HSPD1P11,100359396
P98160,HSPG2,3339
O60725,ICMT,23463
-,IGHV3-49,28423
-,INTS6-AS1,100507398
Q92551,IP6K1,9807
Q6DN90,IQSEC1,9922
Q969R8,ITFG2,55846
P38570,ITGAE,3682
Q13572,ITPK1,3705
Q8IWB1,ITPRIP,85450
-,JPX,554203
Q96MG2,JSRP1,126306
Q7Z3B3,KANSL1,284058
Q9H9L4,KANSL2,54934
Q8TAE7,KCNG3,170850
Q7Z5Y7,KCTD20,222658
O94953,KDM4B,23030
Q14667,KIAA0100,9703
Q9P206,KIAA1522,57648
Q9HCM3,KIAA1549,57670
Q3SXP7,KIAA1644,85352
Q9BXK1,KLF16,83855
Q9BQ90,KLHDC3,116138
Q96M94,KLHL15,80311
O94889,KLHL18,23276
Q8NBE8,KLHL23,151230
-,KRT18P11,3876
-,KRT18P15,729211
-,KRT8P34,100418811
-,KRT8P39,100418781
-,KRT8P48,100887067
P0CG20,PRR35,146325
-,LANCL1-AS1,102724820
-,LARP4P,554354
P42702,LIFR,3977
Q9UPQ0,LIMCH1,22998
-,LINC00094,266655
-,LINC00294,283267
-,LINC00324,284029
-,LINC00854,100874261
-,LINC00969,440993
A1A4T8,LINC01588,283551
Q8NF37,LPCAT1,79888
Q9BV99,LRRC61,65999
Q86VH5,LRRTM3,347731
Q9NPC1,LTB4R2,56413
O75608,LYPLA1,10434
Q96EH3,MALSU1,115416
Q8NE86,MCU,90550
Q86YW9,MED12L,116931
P50579,METAP2,10988
Q9UJH8,METRN,79006
-,METTL8,79828
Q8N3F8,MICALL1,85377
-,MIF-AS1,284889
Q5TGZ0,MINOS1,440574
P41271,MINOS1-NBL1,100532736
-,MIR1248,100302143
-,MIR27A,407018
-,MIR3648-2,103504731
-,MIR3687-1,100500815
-,MIR3687-2,103504728
-,MIR4449,100616436
-,MIR589,693174
-,MIR6087,102464835
-,MIR614,693199
-,MIR663A,724033
-,MIR663AHG,284801
-,MIR663B,100313824
-,MIR6775,102465464
-,MIR7705,102466854
-,MIRLET7BHG,400931
-,MKNK1-AS1,100507423
H3BPM6,MKRN2OS,100129480
Q9Y4U1,MMACHC,25974
Q9ULZ9,MMP17,4326
Q70IA8,MOB3C,148932
-,MROH7-TTC4,100527960
Q13421,MSLN,10232
-,MSTO2P,100129405
Q9Y4B5,MTCL1,23255
P03886,ND1,4535
P03901,ND4L,4539
-,RNR1,4549
-,RNR2,4550
P0CJ75,MTRNR2L8,100463486
-,TRNE,4556
-,TRNV,4577
Q96S97,MYADM,91663
Q96H55,MYO19,80179
Q86TC9,MYPN,84665
Q6NZ67,MZT2B,80097
Q13506,NAB1,4664
Q96BF6,NACC2,138151
Q3BBV0,NBPF1,55672
-,NBPF25P,101929780
-,NBPF26,101060684
Q9NV92,NDFIP2,54602
Q92832,NELL1,4745
Q8NC67,NETO2,81831
Q9NPE2,NGRN,51335
Q5SYE7,NHSL1,57224
Q86X76,NIT1,4817
P30414,NKTR,4820
Q8TAU0,NKX2-3,159296
Q8NFZ4,NLGN2,57555
Q9HAN9,NMNAT1,64802
Q96MY1,NOL4L,140688
Q9NQX5,NPDC1,56654
Q9UND3,NPIPA1,9284
Q12980,NPRL3,8131
Q14995,NR1D2,9975
-,NR2F1-AS1,441094
Q969Y0,NXPE3,91775
O60890,OPHN1,4983
Q9H1Y3,OPN3,23596
-,OR2A1-AS1,101928492
Q99650,OSMR,9180
Q15070,OXA1L,5018
-,P2RX5-TAX1BP3,100533970
Q96G91,P2RY11,5032
Q8IVL6,LEPREL2,10536
Q7Z4N8,P4HA3,283208
Q9Y3D7,PAM16,51025
Q9BZ23,PANK2,80025
Q5XG87,PAPD7,11044
Q8N5Y8,PARP16,54956
Q9BZA7,PCDH11X,27328
Q9H6A9,PCNXL3,399909
Q8NBP7,PCSK9,255738
Q14432,PDE3A,5139
O15534,PER1,5187
Q96FX8,PERP,64065
O60683,PEX10,5192
O60825,PFKFB2,5208
-,PGAM1P5,100132594
Q9C0D0,PHACTR1,221692
Q9BVI0,PHF20,51230
Q9UMS5,PHTF1,10745
Q8N3S3,PHTF2,57157
Q7Z2X4,PID1,55022
Q9BRB3,PIGQ,9091
Q969N2,PIGT,51604
Q9Y2I7,PIKFYVE,200576
Q99569,PKP4,8502
Q9BZM1,PLA2G12A,81579
Q8NHP8,PLBD2,196463
Q9HB19,PLEKHA2,59339
Q96CS7,PLEKHB2,55041
O43688,PPAP2C,8612
Q6P1K2,PMF1,11243
Q6P1K2,PMF1-BGLAP,100527963
O75439,PMPCB,9512
Q96AD5,PNPLA2,57104
Q8NAT1,POMGNT2,84892
Q15165,PON2,5445
Q9NQ55,PPAN-P2RY11,692312
Q86YN6,PPARGC1B,133522
Q6PFW1,PPIP5K1,9677
-,PPP1R14BP3,100507617
-,PPP3CB-AS1,101929145
-,PPT2-EGFL8,100532746
Q8N2U9,PQLC1,80148
-,PRC1-AS1,100507118
O43900,PRICKLE3,4007
Q5THK1,PRR14L,253143
Q9P2W1,PSMC3IP,29893
Q9BT73,PSMG3,84262
P78330,PSPH,5723
Q9Y6C5,PTCH2,8643
P48651,PTDSS1,9791
Q9BVG9,PTDSS2,81490
Q96PZ0,PUS7,54517
-,PXN-AS1,100506649
Q15032,R3HDM1,23518
O75154,RAB11FIP3,9727
Q9BXF6,RAB11FIP5,26056
-,RAB4B-EGLN2,100529264
-,RALY-AS1,101926888
Q684P5,RAP1GAP2,23108
Q9Y4G8,RAPGEF2,9693
Q8N431,RASGEF1C,255426
Q96S79,RASL10B,91608
Q9NYW8,RBAK-RBAKDN,100533952
Q9NTZ6,RBM12,10137
Q96EV2,RBM33,155435
Q9Y2P8,RCL1,10171
Q8IUW5,RELL1,768211
O15258,RER1,11079
Q99666,RGPD5,84220
O94955,RHOBTB3,22836
Q8IUC4,RHPN2,85415
Q4ADV7,RIC1,57589
-,RN7SL2,378706
-,RN7SL3,378707
-,RN7SL4P,6030
-,RN7SL5P,6031
-,RNA5S1,100169751
-,RNA5S10,100169761
-,RNA5S11,100169762
-,RNA5S12,100169763
-,RNA5S13,100169764
-,RNA5S15,100169766
-,RNA5S16,100169767
-,RNA5S17,100169768
-,RNA5S2,100169753
-,RNA5S3,100169754
-,RNA5S4,100169755
-,RNA5S5,100169756
-,RNA5S6,100169757
-,RNA5S7,100169758
-,RNA5S8,100169759
-,RNA5S9,100169760
-,RNA5SP145,100873412
-,RNA5SP162,100873427
-,RNA5SP191,100873453
-,RNA5SP202,100873463
-,RNA5SP259,100873513
-,RNA5SP352,100873612
-,RNA5SP506,100873557
-,RNA5SP74,100873308
Q6P5S7,RNASEK,440400
-,RNASEK-C17orf49,100529209
Q9H920,RNF121,55298
-,RNF216P1,441191
Q969K3,RNF34,80196
Q9H4A4,RNPEP,6051
Q9HAU8,RNPEPL1,57140
-,RNU1-11P,26861
-,RNU1-18P,100873815
-,RNU1-19P,100873861
-,RNU1-2,26870
-,RNU1-27P,26865
-,RNU1-28P,26866
-,RNU1-3,26869
-,RNU1-4,6060
-,RNU4-2,26834
-,RNU4ATAC,100151683
-,RNU5E-6P,100873832
-,RNU5F-1,26828
-,RNU6-8,101954278
-,RNU6ATAC,100151684
-,RNU7-1,100147744
-,RNVU1-10,101954273
-,RNVU1-14,101954266
-,RNVU1-17,101954269
-,RNVU1-18,26863
-,RNVU1-19,101954277
-,RNVU1-6,101954276
-,RNVU1-7,26864
-,RPL13AP2,326278
-,RPL18AP3,390354
-,RPL18P11,390612
-,RPL7AP66,388474
-,RPS10-NUDT3,100529239
-,RPS20P14,440992
-,RPS2P46,125208
-,RPS2P5,100130562
-,RPS3P6,645000
-,RPS3P7,645957
-,RPS4XP17,100128140
-,RPSAP14,3924
-,RPSAP26,729209
Q6PCB5,RSBN1L,222194
Q9H1X1,RSPH9,221421
Q86UN2,RTN4RL1,146760
Q8N2Y8,RUSC2,9853
Q96ER3,SAAL1,113174
Q9NTJ5,SACM1L,22908
Q9NZJ4,SACS,26278
Q96NU1,SAMD11,148398
-,SAP30L-AS1,386627
Q86UD0,SAPCD2,89958
Q9Y2G9,SBNO2,22904
Q969E2,SCAMP4,113178
Q9NX18,SDHAF2,54949
-,SDHAP1,255812
-,SDHAP2,727956
O95487,SEC24B,10427
Q96T21,SECISBP2,79048
Q8NFY4,SEMA6D,80031
-,SENP3-EIF4A1,100533955
Q14140,SERTAD2,9792
Q8TD22,SFXN5,94097
Q86VZ5,SGMS1,259230
Q96HU1,SGSM3,27352
Q9P0V3,SH3BP4,23677
Q7L8J4,SH3BP5L,80851
Q5TCZ1,SH3PXD2A,9644
Q15464,SHB,6461
Q9UHJ6,SHPK,23729
Q9HAT2,SIAE,54414
Q96FS4,SIPA1,6494
Q9Y666,SLC12A7,10723
Q8WUM9,SLC20A1,6574
Q96CQ1,SLC25A36,55186
Q8WUT9,SLC25A43,203427
-,SLC25A5-AS1,100303728
Q8NG04,SLC26A10,65012
O15431,SLC31A1,1317
Q96G79,SLC35A4,113829
Q9NTN3,SLC35D1,23169
Q76EJ3,SLC35D2,11046
Q96K37,SLC35E1,79939
Q9ULF5,SLC39A10,57181
Q9BRY0,SLC39A3,29985
Q9C0K1,SLC39A8,64116
Q8N370,SLC43A2,124935
Q8WWI5,SLC44A1,23446
-,SLC5A3,6526
-,SLC7A5P2,387254
Q96CW6,SLC7A6OS,84138
-,SMAD1-AS1,104326058
Q0VAQ4,SMAGP,57228
-,SMG1P2,440354
-,SMG1P3,100271836
-,SMG1P5,595101
P0DJ93,SMIM13,221710
Q9NWM0,SMOX,54498
Q9NXE4,SMPD4,55627
P53814,SMTN,6525
Q8IYR2,SMYD4,114826
Q6GMV2,SMYD5,10322
-,SNHG19,100507303
-,SNHG3,8420
O75324,SNN,8303
-,SNORA13,654322
-,SNORA23,677808
-,SNORA45B,677826
-,SNORA52,619565
-,SNORA53,677832
-,SNORA73A,6080
-,SNORA76C,677842
-,SNORA80E,677823
-,SNORD10,652966
-,SNORD101,594837
-,SNORD104,692227
-,SNORD12B,100113393
-,SNORD13,692084
-,SNORD14C,85389
-,SNORD14E,85391
-,SNORD15A,6079
-,SNORD15B,114599
-,SNORD16,595097
-,SNORD17,692086
-,SNORD18B,595099
-,SNORD18C,595100
-,SNORD20,6082
-,SNORD25,9303
-,SNORD26,9302
-,SNORD3A,780851
-,SNORD3B-1,26851
-,SNORD3B-2,780852
-,SNORD3C,780853
-,SNORD61,26787
-,SNORD83A,116937
-,SNORD83B,116938
Q92543,SNX19,399979
P35610,SOAT1,6646
Q96PQ0,SORCS2,57537
Q9UN79,SOX13,9580
Q7Z572,SPATA21,374955
Q86XZ4,SPATS2,65244
Q08AE8,SPIRE1,56907
Q8WWL2,SPIRE2,84501
Q7Z699,SPRED1,161742
O15270,SPTLC2,9517
Q969W0,SPTSSA,171546
P18405,SRD5A1,6715
Q7Z6B7,SRGAP1,57522
-,SRRM3,222183
Q76I76,SSH2,85464
Q11206,ST3GAL4,6484
Q6NZ63,STEAP1B,256227
Q8N1F8,STK11IP,114790
Q9UEE5,STK17A,9263
Q9NRL3,STRN4,29888
-,STX16-NPEPL1,100534593
Q92537,SUSD6,9766
-,SUZ12P1,440423
Q9NX95,SYBU,55638
Q8N3V7,SYNPO,11346
Q8TBP0,TBC1D16,125058
Q9ULP9,TBC1D24,57465
Q9UPU7,TBC1D2B,23102
Q9UL49,TCFL5,10732
Q9NUJ3,TCP11L1,55346
Q8NDG6,TDRD9,122402
Q9GZN2,TGIF2-C20orf24,100527943
Q8WY91,THAP4,51078
-,THRIL,102659353
Q99595,TIMM17A,10440
-,TINCR,257000
Q5JTD0,TJAP1,93643
A0PJX2,TLDC2,140711
P30408,TM4SF1,4071
Q9HD45,TM9SF3,56889
Q9UM00,TMCO1,54499
Q6UWJ1,TMCO3,55002
Q9Y3B3,TMED7,51014
Q9Y3B3|Q86XR7,TMED7-TICAM2,100302736
Q6UX40,TMEM107,84314
A0PK00,TMEM120B,144404
Q96I45,TMEM141,85014
Q6ZMB5,TMEM184A,202915
A5PLL7,TMEM189,387521
Q8N511,TMEM199,147007
Q6NUQ4,TMEM214,54867
Q9NWH2,TMEM242,729515
Q9H330,TMEM245,23731
Q9H6F2,TMEM38A,79041
O95807,TMEM50A,23585
P56557,TMEM50B,757
Q6P2H8,TMEM53,79639
Q6ZNR0,TMEM91,641649
Q6ZXV5,TMTC3,160418
Q9Y320,TMX2,51075
-,TMX2-CTNND1,100528016
Q8NHX9,TPCN2,219931
P48553,TRAPPC10,7109
Q96QT4,TRPM7,54822
Q8NCE0,TSEN2,80746
P43897,TSFM,10102
-,TSNAX-DISC1,100303453
Q2TAA8,TSNAXIP1,55815
Q96FV3,TSPAN17,26262
P62079,TSPAN5,10098
O95801,TTC4,7268
Q9ULT0,TTC7A,57217
Q6NXR4,TTI2,80185
-,TUBAP2,399942
Q6PKC3,TXNDC11,51061
Q9BSL1,UBAC1,10422
-,UBE2Q2P2,100134869
Q6ZU65,UBN2,254048
P68543,UBXN2A,165324
Q9BZX2,UCK2,7371
P55851,UCP2,7351
O60701,UGDH,7358
Q9NVA1,UQCC1,55245
Q9BTM9,URM1,81605
P10746,UROS,7390
Q8N0U8,VKORC1L1,154807
-,VTRNA1-1,56664
-,VTRNA2-1,100126299
O95876,WDPCP,51057
Q9H1Z4,WDR13,64743
Q8TF74,WIPF2,147179
Q9Y3S1,WNK2,65268
P56706,WNT7B,7477
-,WWTR1-AS1,100128025
Q9C0E2,XPO4,64328
Q96QU8,XPO6,23214
Q96QA6,YPEL2,388403
Q6R2W3,ZBED9,114821
O43298,ZBTB43,23099
Q86UZ6,ZBTB46,140685
O15156,ZBTB7B,51043
Q8N2G6,ZCCHC24,219654
Q8IZN3,ZDHHC14,79683
Q9H8U3,ZFAND3,60685
-,ZFAS1,441951
Q8N8Y5,ZFP41,286128
Q96NC0,ZMAT2,153527
P52739,ZNF131,7690
Q9NRM2,ZNF277,11179
Q96LW1,ZNF354B,117608
Q8N0Y2,ZNF444,55311
P59923,ZNF445,353274
Q14592,ZNF460,10794
Q7Z7K2,ZNF467,168544
Q5JVG2,ZNF484,83744
E7ETH6,ZNF587B,100293516
Q96K58,ZNF668,79759
Q8N859,ZNF713,349075
P21754,ZP3,7784
Q6NSZ9,ZSCAN25,221785
P14770,GP9,2815
P13224,GP1BB,2812
Q6PJG6,BRAT1,221927
Q6ZUT6,C15orf52,388115
Q9Y2V2,CARHSP1,23589
Q9HCG8,CWC22,57703
Q06210,GFPT1,2673
Q63ZY3,KANK2,25959
-,ORF1,55354
P50479,PDLIM4,8572
Q86SG5,S100A7A,338324
O43166,SIPA1L1,26037
Q9NUQ6,SPATS2L,26010
O95343,SIX3,6496
Q14956,GPNMB,10457
O15492,RGS16,6004
O75312,ZPR1,8882
O00299,CLIC1,1192
P60006,ANAPC15,25906
Q9H4M7,PLEKHA4,57664
Q8IYX8,CEP57L1,285753
O14595,CTDSP2,10106
O94818,NOL4,8715
Q96GJ1,TRMT2B,79979
Q53RT3,ASPRV1,151516
O14977,AZIN1,51582
P13765,HLA-DOB,3112
-,MGC34796,414927
Q9NPC8,SIX2,10736
Q96AP4,ZUFSP,221302
Q16394,EXT1,2131
Q8N302,AGGF1,55109
Q8N4Y2,CRACR2B,283229
Q8IWV1,LAX1,54900
Q9NZQ9,TMOD4,29765
Q6UWN0,LYPD4,147719
Q96GN5,CDCA7L,55536
Q6NSI4,CXorf57,55086
Q9Y6Y9,LY96,23643
O94941,UBOX5,22888
O96006,ZBED1,9189
O96024,B3GALT4,8705
-,LINC00260,84719
Q8N4C0,C9orf62,157927
Q8N0U4,FAM185A,222234
Q16633,POU2AF1,5450
-,LINC01558,26238
Q9GZU7,CTDSP1,58190
Q5HYR2,DMRTC1,63947
Q6IPT2,FAM71E1,112703
Q8N138,ORMDL3,94103
Q6P2M8,PNCK,139728
Q9HD47,RANGRF,29098
P36955,SERPINF1,5176
O00631,SLN,6588
Q5VWN6,FAM208B,54906
Q07108,CD69,969
O14625,CXCL11,6373
Q8WUJ1,CYB5D2,124936
Q8IYX7,FAM154A,158297
Q6P597,KLC3,147700
A9UHW6,MIF4GD,57409
Q9UJX0,OSGIN1,29948
Q96M29,TEKT5,146279
P11597,CETP,1071
P25106,ACKR3,57007
Q9Y365,STARD10,10809
Q8IYX0,ZNF679,168417
A8K0R7,ZNF839,55778
Q9Y603,ETV7,51513
Q8N0W7,FMR1NB,158521
P60369,KRTAP10-3,386682
-,KRTAP10-4,386672
P60409,KRTAP10-7,386675
Q9NVV9,THAP1,55145
Q9HBM6,TAF9B,51616
Q9UBK9,UXT,8409
Q9NQ31,AKIP1,56672
P02795,MT2A,4502
Q96EK4,THAP11,57215
Q96L58,B3GALT6,126792
Q9BR77,CCDC77,84318
Q92979,EMG1,10436
Q8WV92,MITD1,129531
Q9H5J8,TAF1D,79101
Q16602,CALCRL,10203
P07492,GRP,2922
Q8IY17,PNPLA6,10908
Q9UBC1,NFKBIL1,4795
Q96FN4,CPNE2,221184
Q9Y2I1,NISCH,11188
Q9ULE4,FAM184B,27146
Q9NRG9,AAAS,8086
Q8N3E9,PLCD3,113026
P0CE72,OCM,654231
Q7Z7M0,MEGF8,1954
Q96E29,MTERF3,51001
Q92482,AQP3,360
Q12982,BNIP2,663
P01031,C5,727
Q06432,CACNG1,786
P11836,MS4A1,931
O75355,ENTPD3,956
P21854,CD72,971
P31358,CD52,1043
P25067,COL8A2,1296
P12319,FCER1A,2205
O95377,GJB5,2709
O00155,GPR25,2848
P21145,MAL,4118
O14880,MGST3,4259
P30301,MIP,4284
Q99519,NEU1,4758
Q9NZG7,NINJ2,4815
Q13563,PKD2,5311
Q02094,RHAG,6005
P22732,SLC2A5,6518
P30825,SLC7A1,6541
Q13190,STX5,6811
P48775,TDO2,6999
P17036,ZNF3,7551
Q9BRI3,SLC30A2,7780
Q99726,SLC30A3,7781
Q16853,AOC3,8639
P78369,CLDN10,9071
B0YJ81,PTPLA,9200
Q99440,LINC01587,10141
Q92685,ALG3,10195
Q14508,WFDC2,10406
Q92520,FAM3C,10447
O43889,CREB3,10488
P78382,SLC35A1,10559
Q96N28,SLMO1,10650
Q96IV6,FAXDC2,10826
O14569,CYB561D2,11068
O95214,LEPROTL1,23484
Q0D2I5,IFFO1,25900
Q53HI1,UNC50,25972
Q9BTX3,TMEM208,29100
Q9UHX3,EMR2,30817
Q9UMR7,CLEC4A,50856
Q9Y3E0,GOLT1B,51026
Q8NC01,CLEC1A,51267
Q9NVV5,AIG1,51390
Q6AZY7,SCARA3,51435
Q96F05,C11orf24,53838
P58511,SMIM11,54065
Q9NXP7,GIN1,54826
Q9NXK6,PAQR5,54852
Q9NWS1,PARPBP,55010
Q9NW97,TMEM51,55092
Q9NV12,TMEM140,55281
Q7Z4I7,LIMS2,55679
Q9BQY9,DBNDD2,55861
Q8WY98,TMEM234,56063
Q9NS64,RPRM,56475
Q9HB14,KCNK13,56659
P56851,EDDM3B,64184
Q8WVP7,LMBR1,64327
Q0VDI3,C5orf28,64417
Q9BXN6,SPANXD,64648
Q8TAD1,SPANXC,64663
Q8WWT9,SLC13A3,64849
Q9BQB6,VKORC1,79001
Q7L5A8,FA2H,79152
Q9BQA9,C17orf62,79415
Q53FD0,ZC2HC1C,79696
Q53R12,TM4SF20,79853
-,GOLGA2P10,80154
Q9BZ11,ADAM33,80332
Q9BXR6,CFHR5,81494
Q9BSK0,MARVELD1,83742
Q9H0R3,TMEM222,84065
Q96LL9,DNAJC30,84277
Q5SV97,PERM1,84808
Q96K78,GPR128,84873
Q969S0,SLC35B4,84912
Q6N075,MFSD5,84975
Q96I36,COX14,84987
Q96PS8,AQP10,89872
Q969F0,FATE1,89885
Q96HV5,TMEM41A,90407
Q9P0S3,ORMDL1,94101
Q969S6,TMEM203,94107
Q96FZ5,CMTM7,112616
Q96FN5,KIF12,113220
Q969K7,TMEM54,113452
Q9BXJ1,C1QTNF1,114897
Q96MX0,CMTM3,123920
Q6UXV1,IZUMO2,126123
Q9NUB4,C20orf141,128653
Q69YG0,TMEM42,131616
Q8N609,TRAM1L1,133022
Q8N6L0,CCDC155,147872
Q5MCW4,ZNF569,148266
Q8TBE1,CNIH3,149111
Q6PI78,TMEM65,157378
Q96NL1,TMEM74,157753
Q8IWU4,SLC30A8,169026
Q5VZY2,PPAPDC1A,196051
-,OSTCP1,202459
Q96NA8,TSNARE1,203062
Q6Q4G3,AQPEP,206338
P17030,ZNF25,219749
Q8IY49,MMD2,221938
Q8TAF8,LHFPL5,222662
Q6UX98,ZDHHC24,254359
Q6PL45,BRICD5,283870
Q6UX27,VSTM1,284415
Q86UF1,TSPAN33,340348
Q6ZMT1,STAC2,342667
Q6IPU0,CENPP,401541
-,ANKRD20A5P,440482
P83105,HTRA4,203100
Q8N4L2,TMEM55A,55529
Q9UJ78,ZMYM5,9205
P10451,SPP1,6696
P07911,UMOD,7369
Q9P2X0,DPM3,54344
-,HOTAIR,100124700
Q86Y37,CACUL1,143384
Q16281,CNGA3,1261
Q6ZN55,ZNF574,64763
Q8NA54,IQUB,154865
Q5VYX0,RNLS,55328
Q9BSE5,AGMAT,79814
Q0VDF9,HSPA14,51182
Q8N635,MEIOB,254528
Q8NHS9,SPATA22,84690
Q96P09,BIRC8,112401
O15162,PLSCR1,5359
Q15835,GRK1,6011
Q6P5R6,RPL22L1,200916
Q8WVK2,SNRNP27,11017
P21817,RYR1,6261
Q9BTX1,NDC1,55706
Q9NV79,PCMTD2,55251
Q12815,TROAP,10024
P29144,TPP2,7174
Q9UKK3,PARP4,143
Q9BW19,KIFC1,3833
Q9Y6Y8,SEC23IP,11196
Q9UFB7,ZBTB47,92999
Q9H9G7,AGO3,192669
Q9NX07,TRNAU1AP,54952
P0DJG4,THEGL,100506564
Q8WW22,DNAJA4,55466
P13798,APEH,327
Q9NZT2,OGFR,11054
P32314,FOXN2,3344
Q8NFU5,IPMK,253430
P62805,HIST1H4H,8365
Q9ULE0,WWC3,55841
Q86YZ3,HRNR,388697
Q16270,IGFBP7,3490
Q53LP3,SOWAHC,65124
Q9BRK5,SDF4,51150
Q9BTY7,HGH1,51236
Q6YP21,CCBL2,56267
Q9UBF2,COPG2,26958
Q92947,GCDH,2639
Q9BT23,LIMD2,80774
Q9BQI0,AIF1L,83543
Q9Y2D5,AKAP2,11217
Q9H299,SH3BGRL3,83442
Q86VH2,KIF27,55582
P12429,ANXA3,306
Q8IVM0,CCDC50,152137
-,RPLP0P6,220717
P61225,RAP2B,5912
Q96IU2,ZBED3,84327
Q00587,CDC42EP1,11135
P05423,POLR3D,661
Q9UHW5,GPN3,51184
-,RPL12P2,646875
Q9HB29,IL1RL2,8808
A8K0Z3,WASH1,100287171
Q9UNL4,ING4,51147
O43396,TXNL1,9352
Q8N365,CIART,148523
Q17RB8,LONRF1,91694
Q8NGW1,OR6B3,150681
Q8N2E2,VWDE,221806
O43174,CYP26A1,1592
Q9H5Z6,FAM124B,79843
Q9NZL6,RGL1,23179
P78426,NKX6-1,4825
P50616,TOB1,10140
Q5TEZ5,C6orf163,206412
Q7Z3Z3,PIWIL3,440822
Q9Y4P8,WIPI2,26100
Q96ES7,CCDC101,112869
O94864,SUPT7L,9913
P51168,SCNN1B,6338
Q13207,TBX2,6909
P08254,MMP3,4314
Q86X24,HORMAD1,84072
Q9GZY4,COA1,55744
P35453,HOXD13,3239
P15382,KCNE1,3753
P23470,PTPRG,5793
Q9Y5T4,DNAJC15,29103
P80365,HSD11B2,3291
Q8NBN7,RDH13,112724
Q6P4A7,SFXN4,119559
Q5T440,IBA57,200205
Q9BQP7,MGME1,92667
P53365,ARFIP2,23647
Q6P1X6,C8orf82,414919
O75600,GCAT,23464
Q8NBQ5,HSD17B11,51170
Q9UI38,PRSS50,29122
P63316,TNNC1,7134
P45379,TNNT2,7139
P01215,CGA,1081
P12524,MYCL,4610
O94805,ACTL6B,51412
Q52LR7,EPC2,26122
Q14582,MXD4,10608
-,MGS,100126595
P48448,ALDH3B2,222
P17707,AMD1,262
Q08289,CACNB2,783
P54284,CACNB3,784
P49961,ENTPD1,953
Q92903,CDS1,1040
P20309,CHRM3,1131
-,CRYBB2P1,1416
P51397,DAP,1611
P30046,DDT,1652
P20827,EFNA1,1942
O75095,MEGF6,1953
P50549,ETV1,2115
P57679,EVC,2121
P08709,F7,2155
P22830,FECH,2235
Q02108,GUCY1A3,2982
P17509,HOXB6,3216
O00458,IFRD1,3475
P08887,IL6R,3570
-,IPW,3653
P27987,ITPKB,3707
P48549,KCNJ3,3760
Q9H2S1,KCNN2,3781
P51826,AFF3,3899
P48449,LSS,4047
Q9NR56,MBNL1,4154
P51512,MMP16,4325
O43196,MSH5,4439
Q9UJ68,MSRA,4482
Q01538,MYT1,4661
Q13075,NAIP,4671
O95644,NFATC1,4772
P20783,NTF3,4908
Q08174,PCDH1,5097
P16118,PFKFB1,5207
Q93100,PHKB,5257
P35237,SERPINB6,5269
-,PMS2L2,5380
Q06190,PPP2R3A,5523
P23469,PTPRE,5791
Q15283,RASA2,5922
Q11201,ST3GAL1,6482
Q11203,ST3GAL3,6487
O75751,SLC22A3,6581
Q07890,SOS2,6655
P11831,SRF,6722
P78524,ST5,6764
Q09428,ABCC8,6833
O75443,TECTA,7007
O14817,TSPAN4,7106
O43543,XRCC2,7516
P17019,ZNF708,7562
Q06732,ZNF33B,7582
P52736,ZNF133,7692
Q9UL36,ZNF236,7776
O14863,SLC30A4,7782
Q12852,MAP3K12,7786
-,PSCA,8000
O60733,PLA2G6,8398
Q92636,NSMAF,8439
O14682,ENC1,8507
O75840,KLF7,8609
O95671,ASMTL,8623
Q14703,MBTPS1,8720
Q15714,TSC22D1,8848
O75911,DHRS3,9249
Q9Y653,GPR56,9289
P51157,RAB28,9364
O95631,NTN1,9423
Q9UNE2,RPH3AL,9501
O14683,TP53I11,9537
O95479,H6PD,9563
Q9Y5K2,KLK4,9622
Q9Y4I5,MTL5,9633
O94851,MICAL2,9645
Q5JS13,RALGPS1,9649
O15091,KIAA0391,9692
O94886,TMEM63A,9725
O15040,TECPR2,9895
Q17R89,ARHGAP44,9912
O75191,XYLB,9942
Q9Y5P4,COL4A3BP,10087
O94988,FAM13A,10144
O15194,CTDSPL,10217
Q99795,GPA33,10223
Q9UNP9,PPIE,10450
Q9Y6A1,POMT1,10585
Q9UKI2,CDC42EP3,10602
P56975,NRG3,10718
Q86SQ7,SDCCAG8,10806
Q9UPY6,WASF3,10810
O75954,TSPAN9,10867
P17544,ATF7,11016
P08910,ABHD2,11057
Q9H2D6,TRIOBP,11078
O95158,NXPH4,11247
Q9UKM7,MAN1B1,11253
O95600,KLF8,11279
P78424,POU6F2,11281
Q8NFZ3,NLGN4Y,22829
Q9UPX0,IGSF9B,22997
Q9BZQ4,NMNAT2,23057
O60292,SIPA1L3,23094
A2VEC9,SSPO,23145
Q68CR1,SEL1L3,23231
O75129,ASTN2,23245
O60303,KIAA0556,23247
O43313,ATMIN,23300
Q96HN2,AHCYL2,23382
P62166,NCS1,23413
Q9Y2D2,SLC35A3,23443
Q8IV08,PLD3,23646
Q9UG56,PISD,23761
P98077,SHC2,25759
Q8WUA7,TBC1D22A,25771
Q7Z5A7,FAM19A5,25817
A5PLN7,FAM149A,25854
Q96PM9,ZNF385A,25946
Q9Y426,C2CD2,25966
A1L390,PLEKHG3,26030
Q9Y6X0,SETBP1,26040
Q8WV35,LRRC29,26231
Q9NZC4,EHF,26298
Q9UBL6,CPNE7,27132
Q9ULD6,INTU,27152
Q9Y6P5,SESN1,27244
Q6NX49,ZNF544,27300
O15405,TOX3,27324
Q9Y6G3,MRPL42,28977
Q8WV28,BLNK,29760
Q9NS61,KCNIP2,30819
Q96Q11,TRNT1,51095
Q8N5Z0,AADAT,51166
Q9UBR5,CKLF,51192
Q9NYZ2,SLC25A37,51312
Q9NPI7,KRCC1,51315
Q86UQ0,ZNF589,51385
Q9UII5,ZNF107,51427
Q9UBP9,GULP1,51454
Q7LFL8,CXXC5,51523
Q8NEY8,PPHLN1,51535
Q9P1Q0,VPS54,51542
Q96SZ6,CDK5RAP1,51654
Q9NZW5,MPP6,51678
P15621,ZNF44,51710
A6NDV4,TMEM8B,51754
Q86SF2,GALNT7,51809
P57057,SLC37A1,54020
Q8TE82,SH3TC1,54436
-,STAG3L1,54441
Q8WYP3,RIN2,54453
Q96JJ7,TMX3,54495
Q8IUH4,ZDHHC13,54503
Q9NWH7,SPATA6,54558
Q9NXW2,DNAJB12,54788
Q8TD43,TRPM4,54795
Q9NXL2,ARHGEF38,54848
Q8N9H8,EXD3,54932
Q96GZ6,SLC41A3,54946
Q9NX04,C1orf109,54955
Q9NX01,TXNL4B,54957
Q9H892,TTC12,54970
A7XYQ1,SOBP,55084
Q9NW81,ATP5SL,55101
Q8WVS4,WDR60,55112
Q9BTT6,LRRC1,55227
Q96AN5,TMEM143,55260
Q86YB7,ECHDC2,55268
Q96C11,FGGY,55277
Q8N5T2,TBC1D19,55296
Q9NUV7,SPTLC3,55304
Q7Z5S9,TMEM144,55314
Q9NUJ7,PLCXD1,55344
Q5T3F8,TMEM63B,55362
Q9NQX6,ZNF331,55422
Q7Z7J9,CAMK2N1,55450
Q9NS68,TNFRSF19,55504
Q9UGK3,STAP2,55620
Q7L622,G2E3,55632
Q75QN2,INTS8,55656
Q8IW45,CARKD,55739
Q96AE7,TTC17,55761
Q9HBG6,IFT122,55764
Q6DN12,MCTP2,55784
Q9BY41,HDAC8,55869
Q9NRZ7,AGPAT3,56894
Q99687,MEIS3,56917
Q8TCT7,SPPL2B,56928
Q9NQR4,NIT2,56954
P57735,RAB25,57111
Q9NR34,MAN1C1,57134
Q86X10,RALGAPB,57148
Q9NZV5,SEPN1,57190
O60312,ATP10A,57194
Q86SQ4,GPR126,57211
Q5TH69,KIAA1244,57221
Q9ULM0,PLEKHH1,57475
Q9ULH7,MKL2,57496
Q9ULH4,LRFN2,57497
Q9ULD9,ZNF608,57507
Q5T848,GPR158,57512
Q9P2M4,TBC1D14,57533
Q86T90,KIAA1328,57536
Q9H2E6,SEMA6A,57556
Q9P2C4,TMEM181,57583
Q96RY5,CRAMP1L,57585
Q9BZ72,PITPNM2,57605
Q6UXK5,LRRN1,57633
Q8TEH3,DENND1A,57706
Q9NRJ7,PCDHB16,57717
Q6NUP7,PPP4R4,57718
Q9HCE9,ANO8,57719
Q6ZRH7,CATSPERG,57828
Q9HBI6,CYP4F11,57834
Q9BY07,SLC4A5,57835
Q8IXH8,CDH26,60437
A1A5C7,SLC22A23,63027
Q96KN3,PKNOX2,63876
Q6YHU6,THADA,63892
Q96PZ2,FAM111A,63901
Q9H008,LHPP,64077
Q9H3U7,SMOC2,64094
Q9H0T7,RAB17,64284
Q96PZ7,CSMD1,64478
-,TTTY15,64595
Q9H2T7,RANBP17,64901
Q9H7M6,ZSWIM4,65249
Q9BYW1,SLC2A11,66035
Q8NBM8,PCYOX1L,78991
O43414,ERI3,79033
Q9BV36,MLPH,79083
Q9BV10,ALG12,79087
Q64LD2,WDR25,79446
Q9H8P0,SRD5A3,79644
Q96FI4,NEIL1,79661
Q5TC63,GRTP1,79774
Q96JQ2,CLMN,79789
Q7Z4L5,TTC21B,79809
Q5T089,MORN1,79906
Q9H9P8,L2HGDH,79944
Q5SQI0,ATAT1,79969
A6NKB5,PCNXL2,80003
Q8NBZ7,UXS1,80146
Q8WV83,SLC35F5,80255
Q9C0I9,LRRC27,80313
Q9H3S3,TMPRSS5,80975
Q9H255,OR51E2,81285
Q8TDF5,NETO1,81832
Q9BTV7,CABLES2,81928
Q9BZA8,PCDH11Y,83259
Q8WW43,APH1B,83464
B1AK53,ESPN,83715
-,TTTY14,83869
Q9H1Z9,TSPAN10,83882
Q6P1N9,TATDN1,83940
Q9BW62,KATNAL1,84056
Q8WXG9,GPR98,84059
Q0GE19,SLC10A7,84068
Q9BT92,TCHP,84260
Q86UA6,RPAIN,84268
Q969F9,HPS3,84343
Q3MIS6,ZNF528,84436
Q96ME7,ZNF512,84450
Q8N5P1,ZC3H8,84524
Q8TD30,GPT2,84706
Q6P4F1,FUT10,84750
-,POLR2J4,84820
Q8N6M6,C9orf3,84909
Q96SQ5,ZNF587,84914
Q8IYJ3,SYTL1,84958
Q76NI1,KNDC1,85442
Q96KR4,LMLN,89782
Q8NEY1,NAV1,89796
Q9BR11,ZSWIM1,90204
Q9BV29,C15orf57,90416
Q8N8A2,ANKRD44,91526
Q52LA3,LIN52,91750
Q8TEQ0,SNX29,92017
Q8TAF7,ZNF461,92283
O95897,OLFM2,93145
Q96Q07,BTBD9,114781
Q8WW01,TSEN15,116461
Q5T1C6,THEM4,117145
Q96F83,C14orf79,122616
Q96DA0,ZG16B,124220
Q6P9G0,CYB5D1,124637
Q63HM1,AFMID,125061
Q8TAC2,JOSD2,126119
Q8N9I0,SYT2,127833
Q17R31,TATDN3,128387
Q9NRE2,TSHZ2,128553
Q2NKQ1,SGSM1,129049
Q96L42,KCNH8,131096
Q86W33,TPRA1,131601
-,RPL32P3,132241
Q7Z6V5,ADAT2,134637
Q68DX3,FRMPD2,143162
Q8NAB2,KBTBD3,143879
Q67FW5,B3GNTL1,146712
-,LRRC37BP1,147172
Q5VXD3,SAMD13,148418
Q8N271,PROM2,150696
Q6P1L5,FAM117B,150864
Q7RTX9,SLC16A14,151473
Q96N46,TTC14,151613
-,CIDECP,152302
Q6NSI3,FAM53A,152877
Q68D91,MBLAC2,153364
-,NSUN5P1,155400
Q8IZV5,RDH10,157506
-,TDH,157739
Q8NHH1,TTLL11,158135
Q8IZ41,RASEF,158158
-,HSD17B7P2,158160
Q6P3S1,DENND1B,163486
Q8IU80,TMPRSS6,164656
Q6NUJ5,PWWP2B,170394
Q8TF21,ANKRD24,170961
Q4G176,ACSF3,197322
Q6ZVT6,C3orf67,200844
Q6P9G9,ZNF449,203523
Q8N5I4,DHRSX,207063
Q9HBA9,FOLH1B,219595
Q7RTY1,SLC16A9,220963
Q6NUK4,REEP3,221035
Q9ULK2,ATXN7L1,222255
A2RRH5,WDR27,253769
Q58DX5,NAALADL2,254827
-,CASC2,255082
Q5TGY1,TMCO4,255104
Q8WW35,TCTEX1D2,255758
Q8NFT2,STEAP2,261729
Q86WH2,RASSF3,283349
Q6QNK2,GPR133,283383
Q8N3F9,GPR137C,283554
P0C7P0,CISD3,284106
P10072,HKR1,284459
-,ESPNP,284729
Q8N268,C20orf197,284756
-,LOC100130691,100130691
Q86TE4,LUZP2,338645
Q5EBL4,RILPL1,353116
A6XGL0,YJEFN3,374887
Q6ZV29,PNPLA7,375775
Q52WX2,SBK1,388228
-,RPSAP58,388524
A6NML5,TMEM212,389177
A1IGU5,ARHGEF37,389337
-,LOC389906,389906
-,LOC400927,400927
Q6ZVW7,IL17REL,400935
-,CD99P1,401577
-,LOC440434,440434
-,CECR7,100130418
Q9GZM3,POLR2J3,548644
-,KLKP1,606293
Q6ZNC4,ZNF704,619279
-,LOC645513,645513
Q96BR9,ZBTB8A,653121
-,GTF2H2B,653238
Q68EN5,KIAA0895L,653319
-,SCARNA17,677769
-,MIR570,693155
-,LOC728323,728323
-,SNORD116-1,100033413
-,SNORD116-4,100033416
-,SNORD116-8,100033420
-,LOC100130238,100130238
-,LOC100133091,100133091
-,SERF2-C15ORF63,100529067
-,ASMTL-AS1,80161
-,MIR99AHG,388815
-,NBEAP1,606
Q13072,BAGE,574
Q14264,ERV3-1,2086
-,GTF2IP1,2970
P01344,IGF2,3481
Q9BPX6,MICU1,10367
P85298,ARHGAP8,23779
Q9Y4R7,TTLL3,26140
Q9NUP7,TRMT13,54482
Q5T6L9,ERMARD,55780
Q9Y5G3,PCDHGB1,56104
Q5MNZ6,WDR45B,56270
Q9HDC9,APMAP,57136
Q9P272,KIAA1456,57604
Q2YD98,UVSSA,57654
P58658,EVA1C,59271
Q63HM2,PCNXL4,64430
Q7Z624,CAMKMT,79823
Q6ZTW0,TPGS1,91978
Q96A83,COL26A1,136227
Q8NC74,RBBP8NL,140893
Q8NBI6,XXYLT1,152002
-,ZNF595,152687
A6NJ78,METTL15,196074
Q4G0G5,SCGB2B2,284402
-,HNRNPU-AS1,284702
-,SNORD109B,338429
Q8WV15,TMEM255B,348013
Q6P9A2,GALNT18,374378
-,BMS1P5,399761
-,LINC01194,404663
-,MIR23B,407011
-,DTX2P1-UPK3BP1-PMS2P11,441263
Q1AE95,TMEM183B,653659
-,SNHG4,724102
-,SNORD116-5,100033417
-,SNORD116-6,100033418
-,FTX,100302692
P02810,PRH1,5554
Q16385,SSX2,6757
Q96ET8,TVP23C,201158
-,ST7-OT3,93655
-,ST7-OT4,338069
Q9NZ42,PSENEN,55851
P08567,PLEK,5341
Q8TBF4,ZCRB1,85437
Q13608,PEX6,5190
Q9NP97,DYNLRB1,83658
-,IGLV2-14,28815
Q15776,ZKSCAN8,7745
P01833,PIGR,5284
Q8TAX7,MUC7,4589
Q8IXZ2,ZC3H3,23144
Q6ZUJ8,PIK3AP1,118788
Q6ZSZ6,TSHZ1,10194
P23280,CA6,765
P15515,HTN1,3346
P12273,PIP,5304
P08493,MGP,4256
P04745,AMY1A,276
P04745,AMY1B,277
P04745,AMY1C,278
-,PRB2,653247
-,IGHA1,3493
P02808,STATH,6779
P22079,LPO,4025
-,IGHA2,3494
Q9UGM3,DMBT1,1755
Q96DR5,BPIFA2,140683
Q9UHY7,ENOPH1,58478
Q86U28,ISCA2,122961
Q99614,TTC1,7265
P51843,NR0B1,190
A6NIX2,WTIP,126374
Q96MY7,FAM161B,145483
O60711,LPXN,9404
Q53RY4,KRTCAP3,200634
O75678,RFPL2,10739
Q99865,SPIN2A,54466
Q9H4B7,TUBB1,81027
Q8WVV4,POF1B,79983
Q9Y623,MYH4,4622
Q8NB90,SPATA5,166378
Q9NXH8,TOR4A,54863
Q96I99,SUCLG2,8801
Q9NRK6,ABCB10,23456
Q9BSD7,NTPCR,84284
-,HSP90B3P,343477
P78536,ADAM17,6868
P01008,SERPINC1,462
P27482,CALML3,810
Q08554,DSC1,1823
Q6NUK1,SLC25A24,29957
Q6PIU2,NCEH1,57552
Q66LE6,PPP2R2D,55844
P02790,HPX,3263
P01040,CSTA,1475
P22528,SPRR1B,6699
Q99805,TM9SF2,9375
Q5T750,C1orf68,100129271
O43264,ZW10,9183
Q16769,QPCT,25797
Q9NRH3,TUBG2,27175
Q08188,TGM3,7053
Q8WWA1,TMEM40,55287
Q8WY21,SORCS1,114815
Q9C075,KRT23,25984
Q66K14,TBC1D9B,23061
O15397,IPO8,10526
P56134,ATP5J2,9551
Q86XJ0,CALHM3,119395
Q9Y2V7,COG6,57511
P30511,HLA-F,3134
A8MV65,VGLL3,389136
Q9NUT2,ABCB8,11194
Q76M96,CCDC80,151887
Q9NRG4,SMYD2,56950
Q7Z2E3,APTX,54840
Q6SPF0,SAMD1,90378
A6ND36,FAM83G,644815
Q6ZNB6,NFXL1,152518
P05496,ATP5G1,516
Q16698,DECR1,1666
O94855,SEC24D,9871
Q9NSE2,CISH,1154
P14415,ATP1B2,482
Q14517,FAT1,2195
Q9H8L6,MMRN2,79812
Q16363,LAMA4,3910
P00846,ATP6,4508
P10253,GAA,2548
-,SEMA4B,10509
O00635,TRIM38,10475
Q9H0H3,KLHL25,64410
Q9H777,ELAC1,55520
Q8N6N6,NATD1,256302
P61328,FGF12,2257
P02750,LRG1,116844
Q9Y5P2,CSAG3,389903
O00461,GOLIM4,27333
Q15125,EBP,10682
Q16378,PRR4,11272
P31025,LCN1,3933
Q6UWP8,SBSN,374897
O76031,CLPX,10845
A5PLN9,TRAPPC13,80006
Q9BZE2,PUS3,83480
Q9P266,KIAA1462,57608
Q7Z2W9,MRPL21,219927
P19623,SRM,6723
P05112,IL4,3565
Q7Z3G6,PRICKLE2,166336
P13232,IL7,3574
Q9H0N5,PCBD2,84105
Q9BRQ4,C11orf70,85016
Q96JE7,SEC16B,89866
Q12799,TCP10,6953
Q08116,RGS1,5996
Q70HW3,SLC25A26,115286
O95297,MPZL1,9019
Q969F2,NKD2,85409
P41218,MNDA,4332
Q5EB52,MEST,4232
P60880,SNAP25,6616
Q68BL7,OLFML2A,169611
Q6ZMJ2,SCARA5,286133
-,IGKV1-5,28299
Q8TCA0,LRRC20,55222
Q9C002,C15orf48,84419
A1L162,ERICH2,285141
Q9HCI6,KIAA1586,57691
O15229,KMO,8564
O95561,C1orf105,92346
Q9P0M9,MRPL27,51264
Q6UXH8,CCBE1,147372
-,ANKRD36BP1,84832
Q9NQ32,C11orf16,56673
Q8WVT3,TRAPPC12,51112
Q8ND83,SLAIN1,122060
Q9BQ24,ZFYVE21,79038
Q8NEY3,SPATA4,132851
-,KIRREL3-AS3,283165
Q5HYJ1,TECRL,253017
Q9Y3E7,CHMP3,51652
-,LOC401052,401052
Q8N0Z8,PUSL1,126789
Q9BQ13,KCTD14,65987
Q9H7X2,C1orf115,79762
Q14722,KCNAB1,7881
Q9BXJ8,TMEM120A,83862
O14734,ACOT8,10005
-,C20orf166-AS1,253868
Q8WW27,APOBEC4,403314
Q96DZ5,CLIP3,25999
Q5SRN2,C6orf10,10665
P22894,MMP8,4317
P06132,UROD,7389
Q8NHS4,CLHC1,130162
Q9H1N7,SLC35B3,51000
O15381,NVL,4931
-,GMCL1P1,64396
Q8NCP5,ZBTB44,29068
P45452,MMP13,4322
Q8NEK8,FAM46D,169966
Q8N6K0,TEX29,121793
Q06828,FMOD,2331
Q3MUY2,PIGY,84992
Q9NPJ4,PNRC2,55629
Q96Q83,ALKBH3,221120
Q9BRR3,TMEM246,84302
Q92901,RPL3L,6123
Q86UN6,AKAP14,158798
Q5U4P2,ASPHD1,253982
Q9Y2D1,ATF5,22809
Q9HCL2,GPAM,57678
-,TBC1D3P2,440452
Q9BT40,INPP5K,51763
-,OR14K1,343170
O43827,ANGPTL7,10218
O96001,PPP1R17,10842
P54868,HMGCS2,3158
P22749,GNLY,10578
Q96MA6,AK8,158067
-,DPY19L2P1,554236
Q8N9U0,TC2N,123036
Q13519,PNOC,5368
Q5T5D7,ZNF684,127396
-,LINC01483,101928122
P21462,FPR1,2357
Q9H5X1,FAM96A,84191
O15155,BET1,10282
O95249,GOSR1,9527
Q9GZZ8,LACRT,90070
P47929,LGALS7,3963
O75556,SCGB2A1,4246
P55000,SLURP1,57152
Q9Y5Z7,HCFC2,29915
Q6IQ32,ADNP2,22850
Q8N9Z2,CCDC71L,168455
Q86XI8,C19orf68,374920
Q9BWN1,PRR14,78994
Q8N9R8,SCAI,286205
Q9C0D4,ZNF518B,85460
Q9P0W8,SPATA7,55812
Q9HAH7,FBRS,64319
P35226,COMMD3-BMI1,100532731
-,ZNF678,339500
Q9NY28,GALNT8,26290
Q9NYF3,FAM53C,51307
-,SOWAHA,134548
Q96F45,ZNF503,84858
P01036,CST4,1472
P09228,CST2,1470
P02814,SMR3B,10879
P22531,SPRR2E,6704
Q8N655,C10orf12,26148
Q1XH10,SKIDA1,387640
Q96IX5,USMG5,84833
Q6MZP7,LIN54,132660
Q9NRA1,PDGFC,56034
Q96IC2,LOC81691,81691
Q8WUF8,FAM172A,83989
P57775,FBXW4,6468
Q5XUX1,FBXW9,84261
Q15329,E2F5,1875
D6RGH6,MCIDAS,345643
Q6PI98,INO80C,125476
Q53TQ3,INO80D,54891
Q8NBZ0,INO80E,283899
Q9H8E8,CSRP2BP,57325
Q8NG08,HELB,92797
Q6ZSY5,PPP1R3F,89801
Q9BUG6,ZSCAN5A,79149
A6NFI3,ZNF316,100131017
O95274,LYPD3,27076
Q8IXM2,C17orf49,124944
Q96GY3,LIN37,55957
Q8WUU4,ZNF296,162979
Q9NSA3,CTNNBIP1,56998
-,TUBA4B,80086
O60547,GMDS,2762
Q8WXE0,CASKIN2,57513
O75880,SCO1,6341
Q9H6R7,C2orf44,80304
Q8WVL7,ANKRD49,54851
Q8WXD9,CASKIN1,57524
O00221,NFKBIE,4794
Q6ZUT1,C11orf57,55216
P47974,ZFP36L2,678
O00170,AIP,9049
Q8IUX1,TMEM126B,55863
Q5T8D3,ACBD5,91452
P38935,IGHMBP2,3508
Q9H5Q4,TFB2M,64216
Q9ULJ3,ZBTB21,49854
Q53RE8,ANKRD39,51239
Q504U0,C4orf46,201725
Q9NVH0,EXD2,55218
-,PIPSL,266971
Q8N490,PNKD,25953
Q9UKZ1,CNOT11,55571
Q9P032,NDUFAF4,29078
Q07352,ZFP36L1,677
Q9P2D6,FAM135A,57579
P83369,LSM11,134353
Q53S58,TMEM177,80775
Q9BSK4,FEM1A,55527
Q9HCJ3,RAVER2,55225
Q6ZRI6,C15orf39,56905
Q7Z4H7,HAUS6,54801
Q9H7U1,CCSER2,54462
Q9P2F8,SIPA1L2,57568
Q92802,N4BP2L2,10443
C9JLW8,FAM195B,348262
Q6PGQ7,BORA,79866
Q96EK7,FAM120B,84498
Q9UI30,TRMT112,51504
Q99707,MTR,4548
Q9UJM3,ERRFI1,54206
Q9Y4C2,FAM115A,9747
Q93075,TATDN2,9797
Q9NP61,ARFGAP3,26286
Q96JG8,MAGED4,728239
Q9UNK9,ANGEL1,23357
O14773,TPP1,1200
O00488,ZNF593,51042
O00193,C11orf58,10944
Q99967,CITED2,10370
Q8TBQ9,TMEM167A,153339
Q9Y2T2,AP3M1,26985
Q9BZL3,SMIM3,85027
Q8IXQ9,METTL20,254013
Q9Y2D9,ZNF652,22834
P00390,GSR,2936
Q9BXW7,CECR5,27440
P58546,MTPN,136319
Q9H3K6,BOLA2B,654483
O43347,MSI1,4440
-,TXLNGY,246126
Q96E35,ZMYND19,116225
P82664,MRPS10,55173
Q9UHQ7,WBP5,51186
P61812,TGFB2,7042
Q92504,SLC39A7,7922
Q7Z5L2,R3HCC1L,27291
Q96JH8,RADIL,55698
Q9HCN8,SDF2L1,23753
Q96NB2,SFXN2,118980
Q9H792,PEAK1,79834
Q8NBA8,DTWD2,285605
Q5VUB5,FAM171A1,221061
Q5T481,RBM20,282996
Q9Y2K1,ZBTB1,22890
Q7Z3T8,ZFYVE16,9765
Q9BZF3,OSBPL6,114880
Q9H9A7,RMI1,80010
P03928,ATP8,4509
Q9BWH6,RPAP1,26015
Q9NYZ3,GTSE1,51512
Q96CW5,TUBGCP3,10426
Q8NE35,CPEB3,22849
Q9BSJ2,TUBGCP2,10844
P35556,FBN2,2201
Q9H974,QTRTD1,79691
Q9P246,STIM2,57620
Q8NEW0,SLC30A7,148867
Q9NVX0,HAUS2,55142
Q6UXV4,APOOL,139322
O95486,SEC24A,10802
Q15170,TCEAL1,9338
Q9BUK6,MSTO1,55154
O60830,TIMM17B,10245
Q9BVV6,KIAA0586,9786
Q9UDW1,UQCR10,29796
Q8TDJ6,DMXL2,23312
Q96RS0,TGS1,96764
O95409,ZIC2,7546
Q5HYI8,RABL3,285282
Q969M3,YIPF5,81555
Q9C0B7,TANGO6,79613
O95159,ZFPL1,7542
Q86XN7,PROSER1,80209
Q9NP81,SARS2,54938
A8MVW0,FAM171A2,284069
Q9Y5U2,TSSC4,10078
Q9BQT8,SLC25A21,89874
Q9UG01,IFT172,26160
O43822,C21orf2,755
Q13015,MLLT11,10962
Q14106,TOB2,10766
Q5T160,RARS2,57038
Q13472,TOP3A,7156
Q99626,CDX2,1045
Q9NWK9,ZNHIT6,54680
Q9NVM9,ASUN,55726
Q9UDV7,ZNF282,8427
Q8IWF2,FOXRED2,80020
O00124,UBXN8,7993
Q6IQ49,SDE2,163859
Q9NQX3,GPHN,10243
Q9H4H8,FAM83D,81610
Q8TAP9,MPLKIP,136647
Q9Y5P6,GMPPB,29925
Q9BRP1,PDCD2L,84306
P45954,ACADSB,36
Q9Y4E6,WDR7,23335
Q9ULM6,CNOT6,57472
Q9H7X7,IFT22,64792
Q16637,SMN2,6607
Q2TB10,ZNF800,168850
Q9Y6K0,CEPT1,10390
Q5SQN1,SNAP47,116841
Q9NQ92,COPRS,55352
Q8WUH6,TMEM263,90488
Q8TCN5,ZNF507,22847
Q8WUY8,NAT14,57106
Q9BV44,THUMPD3,25917
Q9Y3E5,PTRH2,51651
Q9GZU3,TMEM39B,55116
Q9NYR9,NKIRAS2,28511
A6NIH7,UNC119B,84747
Q9H4I3,TRABD,80305
P23760,PAX3,5077
Q86YV9,HPS6,79803
P18621,RPL17-C18orf32,100526842
P31415,CASQ1,844
-,GAS5,60674
-,DLEU2,8847
-,MEG8,79104
-,HOXA-AS2,285943
Q96G61,NUDT11,55190
Q6ZQQ6,WDR87,83889
P31271,HOXA13,3209
-,MIR21,406991
Q13285,NR5A1,2516
P19440,GGT1,2678
P20941,PDC,5132
Q9H3Q1,CDC42EP4,23580
Q96NG8,ZNF582,147948
Q7RTY8,TMPRSS7,344805
-,COX7A2P2,1348
-,UBBP4,23666
-,NBPF8,728841
-,POM121C,100101267
Q6PJE2,POMZP3,22932
Q9NQI0,DDX4,54514
Q06055,ATP5G2,517
P00918,CA2,760
Q15274,QPRT,23475
Q96P26,NT5C1B,93034
-,RPS10P5,93144
Q7Z353,HDX,139324
Q5SWX8,C1orf27,54953
Q9NXX6,NSMCE4A,54780
Q96SB8,SMC6,79677
Q6S5L8,SHC4,399694
P31431,SDC4,6385
Q9Y625,GPC6,10082
Q96RR1,C10orf2,56652
P18827,SDC1,6382
P14543,NID1,4811
P51654,GPC3,2719
Q63HQ2,EGFLAM,133584
Q9H7N4,SCAF1,58506
Q9BRX9,WDR83,84292
Q9HCD5,NCOA5,57727
Q8IYR6,TMEFF1,8577
Q9H1B5,XYLT2,64132
Q96EY4,TMA16,55319
P57729,RAB38,23682
Q6NZ36,C1orf86,199990
Q0VG06,C17orf70,80233
Q9HB96,FANCE,2178
P83876,TXNL4A,10907
Q969Z3,MARC2,54996
Q6P444,MTFR2,113115
Q8N2A8,PLD6,201164
Q9NVT9,ARMC1,55156
Q9BUR5,APOO,79135
Q8N2H4,SYS1,90196
P21549,AGXT,189
P0DJI8,SAA1,6288
Q3YBM2,TMEM176B,28959
O60656,UGT1A9,54600
Q9NPA0,EMC7,56851
P48201,ATP5G3,518
P07307,ASGR2,433
Q08830,FGL1,2267
O43826,SLC37A4,2542
P81172,HAMP,57817
P50053,KHK,3795
Q7Z429,GRINA,2907
Q9UKY4,POMT2,29954
Q9UHR6,ZNHIT2,741
O60911,CTSV,1515
-,IGLC3,3539
O60306,AQR,9716
Q9NQ38,SPINK5,11005
Q9ULR0,ISY1,57461
Q8TF66,LRRC15,131578
P32929,CTH,1491
O96007|O96033,MOCS2,4338
Q96BW5,PTER,9317
O95336,PGLS,25796
Q9NS86,LANCL2,55915
Q9NQZ5,STARD7,56910
Q8IYB5,SMAP1,60682
Q9BQ61,C19orf43,79002
Q9H568,ACTL8,81569
Q969S8,HDAC10,83933
Q8NCW5,APOA1BP,128240
Q8WU68,U2AF1L4,199746
Q8IV50,LYSMD2,256586
P0CW18,PRSS56,646960
P32320,CDA,978
Q9Y6M0,PRSS21,10942
O94903,PROSC,11212
Q9UH62,ARMCX3,51566
Q6P1Q9,METTL2B,55798
A6NDG6,PGP,283871
Q9Y316,MEMO1,51072
P49585,PCYT1A,5130
Q9NUI1,DECR2,26063
Q9GZV4,EIF5A2,56648
Q9UEU5,GAGE2D,729408
P36915,GNL1,2794
P30419,NMT1,4836
Q9Y6M5,SLC30A1,7779
O75818,RPP40,10799
Q9Y3D3,MRPS16,51021
Q9Y2Z4,YARS2,51067
Q9Y2R5,MRPS17,51373
Q9UKY7,CDV3,55573
P82675,MRPS5,64969
Q9BVQ7,SPATA5L1,79029
Q96E11,MRRF,92399
-,ATP5J2-PTCD1,100526740
O60613,SEP15,9403
-,TRAPPC2B,10597
Q9ULD4,BRPF3,27154
D6RA61,USP17L22,100287513
-,MUC19,283463
Q92839,HAS1,3036
Q86YS7,C2CD5,9847
-,HMGB1P1,10357
Q96B86,RGMA,56963
Q96PE6,ZIM3,114026
Q5T197,DCST1,149095
Q68CR7,LRRC66,339977
Q9NVV4,MTPAP,55149
P21108,PRPS1L1,221823
Q9H9H4,VPS37B,79720
Q9H7P6,MVB12B,89853
Q6ZWJ1,STXBP4,252983
Q86XT2,VPS37D,155382
O60299,LZTS3,9762
Q15438,CYTH1,9267
O60888,CUTA,51596
P14854,COX6B1,1340
O60739,EIF1B,10289
Q8N2S1,LTBP4,8425
O43583,DENR,8562
P12980,LYL1,4066
Q9BWG4,SSBP4,170463
Q5VTD9,GFI1B,8328
Q96F63,CCDC97,90324
Q9Y6N1,COX11,1353
Q9P003,CNIH4,29097
Q9H3H9,TCEAL2,140597
Q9BQ48,MRPL34,64981
-,SERTAD4-AS1,574036
Q6UXT8,FAM150A,389658
Q9Y5V0,ZNF706,51123
-,URB1-AS1,84996
P07093,SERPINE2,5270
P09630,HOXC6,3223
Q8TF01,PNISR,25957
-,SNORD30,9299
P63211,GNGT1,2792
-,SNORD29,9297
Q8TC92,ENOX1,55068
Q15935,ZNF77,58492
O95198,KLHL2,11275
-,SNORD5,692072
C9J7I0,UMAD1,729852
P54826,GAS1,2619
-,LINC00657,647979
Q9HB09,BCL2L12,83596
P78415,IRX3,79191
Q8N6N3,C1orf52,148423
P0CF97,FAM200B,285550
Q96QD5,DEPDC7,91614
Q6ZT07,TBC1D9,23158
-,MIR17HG,407975
-,SNORD27,9301
-,SNORD87,641648
Q16890,TPD52L1,7164
-,SNORD2,619567
-,SNORD31,9298
-,LINC00493,388789
Q9Y663,HS3ST3A1,9955
-,SNORD22,9304
-,SNORA4,619568
O43677,NDUFC1,4717
Q9NXF8,ZDHHC7,55625
Q9NY97,B3GNT2,10678
Q96IL0,APOPT1,84334
Q9NRA2,SLC17A5,26503
Q9BUV0,RSRP1,57035
Q99457,NAP1L3,4675
Q9NUL7,DDX28,55794
P10092,CALCB,797
Q8TF20,ZNF721,170960
Q9BV90,SNRNP25,79622
-,LOC642852,642852
Q6IQ19,CCSAP,126731
A6NNL5,C15orf61,145853
Q02153,GUCY1B3,2983
O75157,TSC22D2,9819
-,SNORD6,692075
Q9BWD3,FAM127B,26071
Q96MC6,HIAT1,64645
Q99684,GFI1,2672
Q9H3J6,C12orf65,91574
P19622,EN2,2020
-,LOC100130417,100130417
Q9NRP0,OSTC,58505
Q9ULI2,RIMKLB,57494
-,SNORD28,9300
Q9BXH1|Q96PG8,BBC3,27113
Q96MD7,C9orf85,138241
P17017,ZNF14,7561
Q9P2E7,PCDH10,57575
Q9NV35,NUDT15,55270
Q96KF7,SMIM8,57150
O60287,URB1,9875
Q96T25,ZIC5,85416
-,SNORD76,692196
Q7Z7B1,PIGW,284098
Q5JS54,PSMG4,389362
-,SBDSP1,155370
Q9Y255,PRELID1,27166
Q9UPR0,PLCL2,23228
Q9BY12,SCAPER,49855
Q9H0Z9,RBM38,55544
C9JCN9,HSBP1L1,440498
P31277,HOXD11,3237
-,SNORA63,6043
A4D161,FAM221A,340277
Q12947,FOXF2,2295
Q86YQ8,CPNE8,144402
Q8N6M9,ZFAND2A,90637
-,SNORA32,692063
-,SNORD75,692195
P15407,FOSL1,8061
Q8NC56,LEMD2,221496
Q15527,SURF2,6835
Q9ULI1,NWD2,57495
Q2M3G4,SHROOM1,134549
Q16670,ZSCAN26,7741
A8MQ14,ZNF850,342892
Q96IR2,ZNF845,91664
Q6ZN06,ZNF813,126017
Q6PK81,ZNF773,374928
Q7L3S4,ZNF771,51333
Q9H5H4,ZNF768,79724
Q7L2R6,ZNF765,91661
Q8NDX6,ZNF740,283337
Q9Y462,ZNF711,7552
Q96C28,ZNF707,286075
Q9UC06,ZNF70,7621
Q5TEC3,ZNF697,90874
Q9H7X3,ZNF696,79943
Q5VV52,ZNF691,51058
Q8N3J9,ZNF664,144348
Q5TYW1,ZNF658,26149
Q9UEG4,ZNF629,23361
Q96LX8,ZNF597,146434
Q969W8,ZNF566,84924
Q7Z340,ZNF551,90233
-,ZNF525,170958
Q8TBZ5,ZNF502,91392
Q8NCK3,ZNF485,220992
Q8WTR7,ZNF473,25888
Q5VIY5,ZNF468,90333
Q9C0F3,ZNF436,80818
Q8TAQ5,ZNF420,147923
Q86UD4,ZNF329,79673
Q6U7Q0,ZNF322,79692
A2RRD8,ZNF320,162967
Q9P2F9,ZNF319,57567
Q96PQ6,ZNF317,57693
Q8N7M2,ZNF283,284349
P17035,ZNF28,7576
Q3ZCT1,ZNF260,339324
Q16600,ZNF239,8187
P17026,ZNF22,7570
O95201,ZNF205,7755
Q99676,ZNF184,7738
Q9HCG1,ZNF160,90338
P17020,ZNF16,7564
Q15072,ZNF146,7705
P52746,ZNF142,7701
Q5SVZ6,ZMYM1,79830
O60481,ZIC3,7547
Q8TF47,ZFP90,146198
Q8N141,ZFP82,284406
Q8NB50,ZFP62,643836
Q9Y6Q3,ZFP37,7539
O15391,YY2,404281
Q9GZM5,YIPF3,25844
Q8N8G2,VGLL2,245806
Q92738,USP6NL,9712
Q16880,UGT8,7368
Q96J42,TXNDC15,79770
Q9GZX9,TWSG1,57045
Q13641,TPBG,7162
Q9H1E5,TMX4,56255
Q71RG4,TMUB2,79089
Q5BJD5,TMEM41B,440026
Q6UW68,TMEM205,374882
Q9UHN6,TMEM2,23670
Q24JP5,TMEM132A,54972
A0AVI4,TMEM129,92305
Q96BZ9,TBC1D20,128637
Q658P3,STEAP3,55240
Q9Y6A9,SPCS1,28972
Q9H930,SP140L,93349
P03973,SLPI,6590
Q6PCB7,SLC27A1,376497
Q96BI1,SLC22A18,5002
P43007,SLC1A4,6509
P55011,SLC12A2,6558
Q9H1B4,NXF5,55998
Q99470,SDF2,6388
Q86SK9,SCD5,79966
Q96DX4,RSPRY1,89970
Q9P2Y4,ZNF219,51222
Q9BU76,C1orf35,79169
Q8N9M1,C19orf47,126526
Q8NDT2,RBM15B,29890
Q9NYW8,RBAK,57786
Q9NR77,PXMP2,5827
Q6GMV3,PTRHD1,391356
Q9P2B2,PTGFRN,5738
Q9UNN8,PROCR,10544
P20264,POU3F3,5455
Q9NZ53,PODXL2,50512
Q9HBL7,PLGRKT,55848
Q92643,PIGK,10026
Q7Z412,PEX26,55670
Q92968,PEX13,5194
O00623,PEX12,5193
O96011,PEX11B,8799
Q9Y5E4,PCDHB5,26167
Q96AQ6,PBXIP1,57326
O95948,ONECUT2,9480
Q96E22,NUS1,116150
Q9UNW9,NOVA2,4858
Q969G9,NKD1,85407
Q9BRK3,MXRA8,54587
O75352,MPDU1,9526
P04746,AMY2A,279
P26572,MGAT1,4245
Q14728,MFSD10,10227
Q6UX53,METTL7B,196410
Q9H8H3,METTL7A,25840
Q6UB28,METAP1D,254042
Q8N3X6,LCORL,254251
Q96PK6,RBM14-RBM4,100526737
Q01081,LOC102724594,102724594
P62805,HIST2H4B,554313
P62805,HIST1H4F,8361
P62805,HIST1H4K,8362
P62805,HIST1H4J,8363
P62805,HIST1H4B,8366
P62805,HIST1H4E,8367
P62805,HIST1H4L,8368
P62805,HIST2H4A,8370
Q8IVS2,MCAT,27349
Q96N66,MBOAT7,79143
P43365,MAGEA12,4111
Q643R3,LPCAT4,254531
Q96JB6,LOXL4,84171
Q9H0V9,LMAN2L,81562
Q8NC54,C5orf15,56951
Q9H0X4,ITFG3,83986
Q6P9B9,INTS5,80789
Q9H116,GZF1,64412
P10075,GLI4,2738
Q9H3K2,GHITM,27069
Q8N9F7,GDPD1,284161
Q96FL9,GALNT14,79623
Q9Y261,FOXA2,3170
O75063,FAM20B,9917
Q9Y5Q0,FADS3,3995
Q93063,EXT2,2132
Q9Y675,SNURF,8926
Q9BW60,ELOVL1,64834
Q8IZ81,ELMOD2,255520
O75319,DUSP11,8446
Q9Y639,NPTN,27020
P52429,DGKE,8526
Q96HD1,CRELD1,78987
O75638,CTAG2,30848
Q9UJN7,ZNF391,346157
Q9BXL5,HEMGN,55363
O15235,MRPS12,6183
Q3SY56,SP6,80320
Q7Z591,AKNA,80709
Q9BQY4,RHOXF2,84528
P78357,CNTNAP1,8506
Q8N9A8,CNEP1R1,255919
P32970,CD70,970
Q9NWR8,CCDC109B,55013
P49069,CAMLG,819
Q8N126,CADM3,57863
O43570,CA12,771
Q6UWU4,C6orf89,221477
Q7Z4R8,C6orf120,387263
Q8N8J7,C4orf32,132720
Q9BWL3,C1orf43,25912
Q96D05,C10orf35,219738
P02765,AHSG,197
Q9BZL4,PPP1R12C,54776
Q9Y493,ZAN,7455
P50895,BCAM,4059
Q8WXF7,ATL1,51062
Q6ICH7,ASPHD2,57168
Q8N6S5,ARL6IP6,151188
Q9Y673,ALG5,29880
Q9BV23,ABHD6,57406
-,CENPVP1,389857
Q96RF0,SNX18,112574
Q96DP5,MTFMT,123263
Q9H0K6,PUS7L,83448
Q8WZ19,KCTD13,253980
Q96QE5,TEFM,79736
Q9Y573,IPP,3652
Q96CB9,NSUN4,387338
Q8NDN9,RCBTB1,55213
Q9Y2Y0,ARL2BP,23568
Q8IYF3,TEX11,56159
P40855,PEX19,5824
P50222,MEOX2,4223
Q9BV19,C1orf50,79078
Q15825,CHRNA6,8973
Q96N96,SPATA13,221178
Q8TF50,ZNF526,116115
Q96MF2,STAC3,246329
Q9Y5W5,WIF1,11197
P00797,REN,5972
Q6P280,ZNF529,57711
P0DJI9,SAA2,6289
Q8N9S9,SNX31,169166
Q8N878,FRMD1,79981
Q93086,P2RX5,5026
Q92781,RDH5,5959
-,IGH,3492
Q9UIL1,SCOC,60592
O43687|Q9P0M2,AKAP7,9465
Q8NCJ5,SPRYD3,84926
Q15751,HERC1,8925
Q9NPC6,MYOZ2,51778
O75069,TMCC2,9911
Q6PIL6,KCNIP4,80333
Q7L190,DPPA4,55211
Q96Q35,ALS2CR12,130540
Q9BYR7,KRTAP3-2,83897
Q6A162,KRT40,125115
Q9BYN7,ZNF341,84905
P48023,FASLG,356
O43281,EFS,10278
A1L443,NUTM2F,54754
Q9Y6B2,EID1,23741
Q9UJW9,SERTAD3,29946
-,C12orf10,60314
Q5VSY0,GKAP1,80318
Q8WVE0,N6AMT2,221143
Q96AQ9,FAM131C,348487
Q86SE8,NPM2,10361
Q96HD9,ACY3,91703
O75558,STX11,8676
Q9UL42,PNMA2,10687
Q8WW34,TMEM239,100288797
Q9BSE2,TMEM79,84283
Q59EK9,RUNDC3A,10900
P86478|P86479|P86481|P86480|P86496,PRR20A,122183
Q15415,RBMY1F,159163
Q9HCK0,ZBTB26,57684
Q96K21,ZFYVE19,84936
Q86Y26,NUTM1,256646
Q68G74,LHX8,431707
O75177,SS18L1,26039
Q969V4,TEKT1,83659
Q8HWS3,RFX6,222546
Q6PEX3,KRTAP26-1,388818
Q8WWB3,DYDC1,143241
Q8WTR4,GDPD5,81544
O95967,EFEMP2,30008
O14613,CDC42EP2,10435
Q02446,SP4,6671
Q9BX82,ZNF471,57573
O14627,CDX4,1046
Q5TD97,FHL5,9457
Q9H898,ZMAT4,79698
Q8N205,SYNE4,163183
P04424,ASL,435
Q9ULU8,CADPS,8618
Q8NF99,ZNF397,84307
Q96JS3,PGBD1,84547
Q96IT1,ZNF496,84838
P10073,ZSCAN22,342945
P17040,ZSCAN20,7579
Q8TF39,ZNF483,158399
Q9UBG3,CRNN,49860
P09417,QDPR,5860
P10301,RRAS,6237
O95716,RAB3D,9545
Q9NWB7,IFT57,55081
-,HOTTIP,100316868
P68431,HIST1H3D,8351
P68431,HIST1H3I,8354
P0C0S8,HIST1H2AG,8969
O43448,KCNAB3,9196
Q6ZU35,KIAA1211,57482
Q9BRR9,ARHGAP9,64333
Q8NFT6,DBF4B,80174
Q5THJ4,VPS13D,55187
Q9ULE6,PALD1,27143
O75616,ERAL1,26284
Q9BYN0,SRXN1,140809
Q8IZC7,ZNF101,94039
O00338,SULT1C2,6819
Q8IYJ1,CPNE9,151835
-,PRSS3P2,154754
Q9HCH3,CPNE5,57699
P0C6C1,ANKRD34C,390616
Q96QH2,PRAM1,84106
-,XIST,7503
Q9UKL4,GJD2,57369
O75127,PTCD1,26024
Q6SJ93,FAM111B,374393
Q8WVM0,TFB1M,51106
P62807,HIST1H2BF,8343
P62807,HIST1H2BI,8346
P68431,HIST1H3G,8355
P68431,HIST1H3J,8356
P68431,HIST1H3H,8357
P68431,HIST1H3B,8358
P68431,HIST1H3F,8968
O95568,METTL18,92342
Q96G21,IMP4,92856
P0DH78,RNF224,643596
O75610,LEFTY1,10637
Q9H461,FZD8,8325
P21730,C5AR1,728
P16455,MGMT,4255
Q9HCS4,TCF7L1,83439
Q92914,FGF11,2256
Q9GZU2,PEG3,5178
Q92786,PROX1,5629
P01011,SERPINA3,12
Q8N143,BCL6B,255877
Q05215,EGR4,1961
Q9BXA9,SALL3,27164
Q8TAX0,OSR1,130497
Q8N2R0,OSR2,116039
Q9BXY4,RSPO3,84870
Q2I0M5,RSPO4,343637
Q96H15,TIMD4,91937
O43541,SMAD6,4091
Q8TDB4,MGARP,84709
A6NCS6,C2orf72,257407
P22413,ENPP1,5167
O60262,GNG7,2788
Q8N5C7,DTWD1,56986
Q9GZP7,VN1R1,57191
P59551,TAS2R60,338398
Q86X59,C17orf82,388407
Q0VDG4,SCRN3,79634
Q6NUN7,C11orf63,79864
Q9H2J1,ARRDC1-AS1,85026
P0CAP2|P0CAP1|Q6EEV4,POLR2M,81488
Q96PT4,DUX3,26582
Q8IXS8,FAM126B,285172
Q6ZUS6,CCDC149,91050
Q8IV53,DENND1C,79958
P62945,RPL41,6171
Q6UWH4,FAM198B,51313
Q9BYE4,SPRR2G,6706
Q7LDG7,RASGRP2,10235
Q96A22,C11orf52,91894
Q8IUQ0,CLVS1,157807
Q8TC29,ENKUR,219670
Q8TDH9,BLOC1S5,63915
O43247,TEX33,339669
Q8WVH0,CPLX3,594855
Q969T3,SNX21,90203
Q9BT17,MTG1,92170
O14966,RAB29,8934
Q9NX09,DDIT4,54541
Q2TAL5,SMTNL2,342527
Q8N0U7,C1orf87,127795
Q96LJ8,UBXN10,127733
Q9BPW5,RASL11B,65997
Q7L592,NDUFAF7,55471
Q6PI47,KCTD18,130535
Q9NV44|Q8TDR4,TCP10L,140290
Q8IUE1,TGIF2LX,90316
Q13352,ITGB3BP,23421
-,WT1-AS,51352
Q6B0I6,KDM4D,55693
Q8WW33,GTSF1,121355
Q86WN1,FCHSD1,89848
Q96NM4,TOX2,84969
Q86VG3,C11orf74,119710
Q9H069,LRRC48,83450
O43320,FGF16,8823
Q9Y2W6,TDRKH,11022
Q06546,GABPA,2551
Q9Y4K1,AIM1,202
Q4KMQ1,TPRN,286262
Q6ZVM7,TOM1L2,146691
Q5K4L6,SLC27A3,11000
-,IGKV1-12,28940
O75448,MED24,9862
-,IGHV3-33,28434
-,IGHM,3507
Q13232,NME3,4832
Q9H7Z7,PTGES2,80142
-,MSL3P1,151507
Q9ULV3,CIZ1,25792
P10588,NR2F6,2063
Q8WXE9,STON2,85439
Q8NDA8,MROH1,727957
Q8TBP6,SLC25A40,55972
Q9Y6I8,PXMP4,11264
Q15526,SURF1,6834
P60059,SEC61G,23480
Q9UIU6,SIX4,51804
Q96HE9,PRR11,55771
-,IGHV1-46,28465
O43815,STRN,6801
Q86SJ6,DSG4,147409
Q9BRU9,UTP23,84294
O15551,CLDN3,1365
Q9NZI7,UBP1,7342
P04279,SEMG1,6406
Q9H061,TMEM126A,84233
Q9Y3Q3,TMED3,23423
O75817,POP7,10248
P61165,TMEM258,746
Q9Y6Q2,STON1,11037
Q9H490,PIGU,128869
Q6NXT4,SLC30A6,55676
Q86YV5,SGK223,157285
Q2T9J0,TYSND1,219743
Q6UW78,UQCC3,790955
Q9UMX3,BOK,666
P22532,SPRR2D,6703
Q96ND0,FAM210A,125228
Q9Y6X9,MORC2,22880
Q53T94,TAF1B,9014
O95718,ESRRB,2103
O15321,TM9SF1,10548
Q9Y3A3,MOB4,25843
A1L170,C1orf226,400793
P24158,PRTN3,5657
Q9BTZ2,DHRS4,10901
O43760,SYNGR2,9144
Q8TAD4,SLC30A5,64924
Q9UQ90,SPG7,6687
Q8N5L8,RPP25L,138716
Q96DR8,MUCL1,118430
Q9HCY8,S100A14,57402
Q9H6K4,OPA3,80207
-,TIMM23B,100652748
Q9Y2Q3,GSTK1,373156
A1L3X0,ELOVL7,79993
O60663,LMX1B,4010
Q8WUQ7,CACTIN,58509
Q6NV74,KIAA1211L,343990
O95707,POP4,10775
Q16651,PRSS8,5652
Q9Y256,RCE1,9986
Q9NVR2,INTS10,55174
Q9NZP5,OR5AC2,81050
Q9BYJ1,ALOXE3,59344
Q6UXG2,KIAA1324,57535
A6NI56,CCDC154,645811
Q8N7B1,HORMAD2,150280
P98173,FAM3A,60343
Q9HBH1,PDF,64146
Q96MX3,ZNF48,197407
Q9P1Y6,PHRF1,57661
Q3KQZ1,SLC25A35,399512
Q6E0U4,DMKN,93099
Q9HC84,MUC5B,727897
O95528,SLC2A10,81031
Q9UMS6,SYNPO2,171024
P45877,PPIC,5480
E5RJM6,ANKRD65,441869
Q96C34,RUNDC1,146923
Q9H8M1,COQ10B,80219
Q9BXU8,FTHL17,53940
Q5VU13,VSIG8,391123
O15240,VGF,7425
Q14574,DSC3,1825
P23490,LOR,4014
O75072,FKTN,2218
Q765P7,MTSS1L,92154
Q3SY17,SLC25A52,147407
Q8N2U0,TMEM256,254863
Q9HAT1,LMAN1L,79748
Q8NH43,OR4L1,122742
P03897,ND3,4537
Q5W0U4,BSPRY,54836
Q96LT9,RNPC3,55599
Q9BYD1,MRPL13,28998
Q8TAK5,GABPB2,126626
Q9NQV6,PRDM10,56980
Q92481,TFAP2B,7021
Q9ULD5,ZNF777,27153
Q6UXI9,NPNT,255743
P61960,UFM1,51569
Q9H6Y2,WDR55,54853
Q99985,SEMA3C,10512
Q9BQ87,TBL1Y,90665
A6NDB9,PALM3,342979
Q5T653,MRPL2,51069
Q96N11,C7orf26,79034
Q14699,RFTN1,23180
Q9Y2G8,DNAJC16,23341
P50151,GNG10,2790
Q15572,TAF1C,9013
-,NBPF20,100288142
Q96FK6,WDR89,112840
Q9NP64,ZCCHC17,51538
Q5W0A0,ERICH6B,220081
Q8N554,ZNF276,92822
Q6IN84,MRM1,79922
Q8N755,PQLC3,130814
O43278,SPINT1,6692
Q8N567,ZCCHC9,84240
Q8TEY5,CREB3L4,148327
Q7Z6M4,MTERF4,130916
Q8WVI0,SMIM4,440957
O15438,ABCC3,8714
Q96BQ5,CCDC127,133957
Q8TBK6,ZCCHC10,54819
Q9UN73,PCDHA6,56142
Q4G0Z9,MCMDC2,157777
Q15389,ANGPT1,284
O00746,NME4,4833
Q8TBY9,WDR66,144406
P0DMM9|P0DMN0,SULT1A4,445329
Q14435,GALNT3,2591
Q96NK8,NEUROD6,63974
Q13562,NEUROD1,4760
P26378,ELAVL4,1996
Q8WZA0,LZIC,84328
Q13118,KLF10,7071
-,GOLGA6L5P,374650
Q9Y5P8,PPP2R3B,28227
Q8IV03,LURAP1L,286343
Q99616,CCL13,6357
P21695,GPD1,2819
O15504,NUPL2,11097
Q8TD47,RPS4Y2,140032
Q7Z3Y8,KRT27,342574
Q7Z3Y9,KRT26,353288
Q6PD74,AAGAB,79719
-,IGKV2-30,28919
Q9Y536,PPIAL4B,653505
Q9NXG2,THUMPD1,55623
Q6MZW2,FSTL4,23105
Q96BP2,CHCHD1,118487
Q6YI46,TMEM64,169200
Q6EKJ0,GTF2IRD2B,389524
P20648,ATP4A,495
Q9Y3D5,MRPS18C,51023
Q15771,RAB30,27314
Q96AX2,RAB37,326624
Q96E17,RAB3C,115827
Q9BVS5,TRMT61B,55006
P83110,HTRA3,94031
P09488,GSTM1,2944
P28161,GSTM2,2946
Q03013,GSTM4,2948
Q8WV48,CCDC107,203260
Q9NY46,SCN3A,6328
Q9NZW4,DSPP,1834
P0CB33,ZNF735,730291
Q9H649,NSUN3,63899
Q92764,KRT35,3886
Q9UI15,TAGLN3,29114
Q6UWU2,GLB1L,79411
Q96DC7,TMCO6,55374
-,IGKV2D-40,28878
P58557,YBEY,54059
Q9NY25,CLEC5A,23601
Q96EL2,MRPS24,64951
Q9HBT7,ZNF287,57336
Q7Z4Q2,HEATR3,55027
A6NFR6,C5orf60,285679
-,RPL39P5,553117
P59047,NLRP5,126206
Q659C4,LARP1B,55132
-,HSP90AA4P,3323
Q9BUL9,RPP25,54913
-,RPL37AP8,644338
-,MRPL45,84311
P56373,P2RX3,5024
Q8N7U6,EFHB,151651
P16452,EPB42,2038
Q5T2R2,PDSS1,23590
Q9BQI6,ANKRD32,84250
Q969H6,POP5,51367
Q9BYC9,MRPL20,55052
Q6XE24,RBMS3,27303
O75394,MRPL33,9553
Q9BWV7,TTLL2,83887
Q9NZV7,ZIM2,23619
Q96M32,AK7,122481
Q9P2J9,PDP2,57546
O60759,CYTIP,9595
P14555,PLA2G2A,5320
P20839,IMPDH1,3614
-,VPS9D1-AS1,100128881
-,DFNB26,23714
Q6ZMJ4,IL34,146433
P41181,AQP2,359
Q9UQ52,CNTN6,27255
Q9HBZ2,ARNT2,9915
P23471,PTPRZ1,5803
Q9Y421,FAM32A,26017
P69891,HBG1,3047
Q9UK33,ZNF580,51157
Q9BWT3,PAPOLG,64895
P35030,PRSS3,5646
Q4VX62,C6orf99,100130967
A8MVX0,ARHGEF33,100271715
C9JPN9,USP17L12,100287205
A6NLF2,TCEB3CL2,100506888
A6NNV3,LOC102723555,102723555
Q6NSH3,CT45A9,102723680
-,CT45A8,102723737
Q9UNE0,EDAR,10913
O43766,LIAS,11019
P53816,PLA2G16,11145
Q7Z408,CSMD2,114784
Q7Z2K8,GPRIN1,114787
Q7LBE3,SLC26A9,115019
Q5T4F4,ZFYVE27,118813
Q8NGJ5,OR51L1,119682
Q8NGF8,OR4B1,119765
Q8TDD2,SP7,121340
Q9HBR0,SLC38A10,124565
Q8IVV2,LOXHD1,125336
Q8IYK2,CCDC105,126402
Q5JPB2,ZNF831,128611
P27658,COL8A1,1295
Q92523,CPT1B,1375
Q8NGS7,OR13C8,138802
Q9H112,CST11,140880
Q4G1C9,GLIPR1L2,144321
Q6GPH6,ITPRIPL1,150771
Q96N16,JAKMIP1,152789
Q8N6K7,SAMD3,154075
Q8ND71,GIMAP8,155038
Q96NL8,C8orf37,157657
Q5HYC2,KIAA2026,158358
Q5JRC9,FAM47A,158724
Q8N7X4,MAGEB6,158809
Q8TE96,DQX1,165545
Q8NHV1,GIMAP7,168537
Q96M60,FAM227B,196951
P54852,EMP3,2014
Q8IY51,TIGD4,201798
Q86VV4,RANBP3L,202151
Q8N944,AMER3,205147
O15540,FABP7,2173
A4D0S4,LAMB4,22798
O43149,ZZEF1,23140
Q9UPR6,ZFR2,23217
Q6IPM2,IQCE,23288
O14524,TMEM194A,23306
Q9H1K1,ISCU,23479
Q5J5C9,DEFB121,245934
Q86SG7,LYG2,254773
Q9NR99,MXRA5,25878
P59538,TAS2R31,259290
Q8NGT1,OR2K2,26248
Q8IZJ4,RGL4,266747
Q96S38,RPS6KC1,26750
P40197,GP5,2814
Q9HBT6,CDH20,28316
Q86WA9,SLC26A11,284129
Q8IXY8,PPIL6,285755
Q8N9S7,CHDC2,286464
O75628,REM1,28954
Q9UL01,DSE,29940
P20718,GZMH,2999
Q86WD7,SERPINA9,327657
Q3KNW1,SNAI3,333929
Q05084,ICA1,3382
Q8NGH7,OR52L1,338751
P47928,ID4,3400
Q2UY09,COL28A1,340267
Q6S8J7,POTEA,340441
P0C7T5,ATXN1L,342371
A8MTJ3,GNAT3,346562
O60741,HCN1,348980
Q5SVQ8,ZBTB41,360023
Q6ZSC3,RBM43,375287
Q9UIX4,KCNG1,3755
Q76KD6,SPATC1,375686
Q92806,KCNJ9,3765
Q9ULS6,KCNS2,3788
A6NGG8,C2orf71,388939
Q8N831,TSPYL6,388951
Q6UXV0,GFRAL,389400
Q6ZUL3,C8orf86,389649
Q6IEU7,OR5M10,390167
Q96R09,OR5B2,390190
Q6ZVZ8,ASB18,401036
Q6J272,FAM166A,401565
Q8NGJ6,OR51A4,401666
Q7Z4U5,C6orf201,404220
Q5VUR7,ANKRD20A3,441425
Q49A17,GALNTL6,442117
Q13402,MYO7A,4647
Q15784,NEUROD2,4761
Q5GAN4,RNASE12,493901
P23515,OMG,4974
P00480,OTC,5009
Q9ULC3,RAB23,51715
P49763,PGF,5228
Q9NX78,TMEM260,54916
Q9NX00,TMEM160,54958
Q8NDB2,BANK1,55024
Q9NVE4,CCDC87,55231
Q9NV23,OLAH,55301
Q9Y5G1,PCDHGB3,56102
Q9Y5F1,PCDHB12,56124
Q9Y5H7,PCDHA5,56143
Q9BYG8,GSDMC,56169
Q9NR63,CYP26B1,56603
Q9P2N4,ADAMTS9,56999
Q9H1C0,LPAR5,57121
P34995,PTGER1,5731
P23219,PTGS1,5742
Q8TD84,DSCAML1,57453
Q9HCC9,ZFYVE28,57732
Q9H4Q3,PRDM13,59336
Q9HBX9,RXFP1,59350
Q16518,RPE65,6121
Q96AQ8,MCUR1,63933
Q9H4Z3,PCIF1,63935
Q9HAS3,SLC28A3,64078
Q9H3Q3,GAL3ST2,64090
A6NKL6,TMEM200C,645369
A8MZG2,C16orf90,646174
Q9H8X2,IPPK,64768
P31639,SLC5A2,6524
A6NMD2,GOLGA8J,653073
P31641,SLC6A6,6533
P35443,THBS4,7060
Q92752,TNR,7143
-,CT45A2,728911
P09327,VIL1,7429
Q93097,WNT2B,7482
P35218,CA5A,763
Q9NYT6,ZNF226,7769
O60840,CACNA1F,778
Q13029,PRDM2,7799
Q8NH53,OR52N1,79473
Q96EW2,HSPBAP1,79663
Q9H7Y0,CXorf36,79742
Q9H9D4,ZNF408,79797
Q9HCF6,TRPM3,80036
Q5TGP6,MROH9,80133
P16260,SLC25A16,8034
Q8N693,ESX1,80712
Q9H7C4,SYNC,81493
Q7RTX0,TAS1R3,83756
Q9BX73,TM2D2,83877
Q9H0J4,QRICH2,84074
Q5VT97,SYDE2,84144
Q75N90,FBN3,84467
Q8N4X5,AFAP1L2,84632
Q8IUF8,MINA,84864
Q96SZ5,ADO,84890
O14788,TNFSF11,8600
O75452,RDH16,8608
O15130,NPFF,8620
O95388,WISP1,8840
Q9H7J1,PPP1R3E,90673
Q8N999,C12orf29,91298
Q17RC7,EXOC3L4,91828
Q8TDN1,KCNG4,93107
Q9H3S5,PIGM,93183
Q96FM1,PGAP3,93210
Q9UBQ7,GRHPR,9380
O95944,NCR2,9436
Q8IVU1,IGDCC3,9543
O75064,DENND4B,9909
Q9UQB3,CTNND2,1501
P21953,BCKDHB,594
-,IGHV3-23,28442
-,LOC440786,440786
-,IGHV3-13,28449
-,IGHV3-30,28439
A6NKG5,RTL1,388015
Q6SZW1,SARM1,23098
P40967,PMEL,6490
Q8IZX4,TAF1L,138474
Q8IUX7,AEBP1,165
Q96SZ4,ZSCAN10,84891
Q9Y223,GNE,10020
P27169,PON1,5444
P21246,PTN,5764
Q86TM3,DDX53,168400
P12829,MYL4,4635
Q86VX9,MON1A,84315
P86791|P86790,CCZ1,51622
Q7L1V2,MON1B,22879
P0DJD3,RBMY1A1,5940
A4FU49,SH3D21,79729
Q02383,SEMG2,6407
Q9NTU7,CBLN4,140689
Q9NZN4,EHD2,30846
Q8N587,ZNF561,93134
Q8N442,GUF1,60558
Q9NWT8,AURKAIP1,54998
Q9ULG6,CCPG1,9236
Q9H0R5,GBP3,2635
Q14929,ZNF169,169841
Q5H9J7,BEX5,340542
P51816,AFF2,2334
Q08629,SPOCK1,6695
O43361,ZNF749,388567
O60682,MSC,9242
O95833,CLIC3,9022
Q9UKG4,SLC13A4,26266
Q9Y6B6,SAR1B,51128
Q86T65,DAAM2,23500
-,HMGB3P1,128872
Q8N1N0,CLEC4F,165530
O43708,GSTZ1,2954
Q96RV3,PCNX,22990
O00423,EML1,2009
Q96F81,DISP1,84976
P08572,COL4A2,1284
P25940,COL5A3,50509
Q9UKN7,MYO15A,51168
P15954,COX7C,1350
Q5TAT6,COL13A1,1305
Q9HCE0,EPG5,57724
Q9BXT6,MOV10L1,54456
Q9Y5H6,PCDHA8,56140
Q5VZ19,TDRD10,126668
Q5CZA5,ZNF805,390980
Q9NRD9,DUOX1,53905
Q9Y2Z9,COQ6,51004
Q9NSI8,SAMSN1,64092
Q9Y5S1,TRPV2,51393
Q9C004,SPRY4,81848
Q9BQS7,HEPH,9843
P04921,GYPC,2995
Q8WUW1,BRK1,55845
Q96RD7,PANX1,24145
Q6UX07,DHRS13,147015
Q96AW1,VOPP1,81552
Q5SY80,C1orf101,257044
Q5ST30,VARS2,57176
Q9BRT8,CBWD1,55871
Q96AY4,TTC28,23331
Q96C55,ZNF524,147807
Q9BXF3,CECR2,27443
P51786,ZNF157,7712
-,TRIM75P,391714
Q9P291,ARMCX1,51309
Q9BRC7,PLCD4,84812
O43325,LYRM1,57149
Q8WUZ0,BCL7C,9274
Q9H3Z7,ABHD16B,140701
Q99102,MUC4,4585
Q8IYS4,C16orf71,146562
-,IGHV4OR15-8,28317
Q96DY2,IQCD,115811
Q9BYH8,NFKBIZ,64332
Q9H1J5,WNT8A,7478
Q8N8K9,KIAA1958,158405
Q8TCB7,METTL6,131965
Q86W34,AMZ2,51321
Q8N954,GPATCH11,253635
Q9HA38,ZMAT3,64393
Q9H336,CRISPLD1,83690
Q9H4Q4,PRDM12,59335
Q8TBF8,FAM81A,145773
Q02246,CNTN2,6900
Q9Y574,ASB4,51666
Q99929,ASCL2,430
Q7L1S5,CHST9,83539
Q8N752,CSNK1A1L,122011
Q9UK59,DBR1,51163
Q5TB30,DEPDC1,55635
Q9BQ95,ECSIT,51295
P49354,FNTA,2339
Q9C0B1,FTO,79068
P46976,GYG1,2992
-,HMCN2,256158
Q9Y366,IFT52,51098
Q9P2H3,IFT80,57560
Q96T92,INSM2,84684
Q6P5Q4,LMOD2,442721
Q9HD23,MRS2,57380
P42898,MTHFR,4524
Q3SX64,ODF3L2,284451
O14841,OPLAH,26873
Q96QZ0,PANX3,116337
P29803,PDHA2,5161
Q8N0V3,RBFA,79863
Q6P087,RPUSD3,285367
Q9HA92,RSAD1,55316
Q6ZT89,SLC25A48,153328
Q96JI7,SPG11,80208
Q6SJ96,TBPL2,387332
A0AVF1,TTC26,79989
Q86WT1,TTC30A,92104
-,TTC6,319089
Q96JL9,ZNF333,84449
Q14994,NR1I3,9970
P26022,PTX3,5806
Q5UE93,PIK3R6,146850
Q8WYR1,PIK3R5,23533
Q9Y2N7,HIF3A,64344
Q9P1Z0,ZBTB4,57659
Q7Z6J2,GRASP,160622
P08575,PTPRC,5788
Q58F21,BRDT,676
-,RPL36A-HNRNPH2,100529097
P49189,ALDH9A1,223
Q9GZV1,ANKRD2,26287
Q96CA5,BIRC7,79444
Q14761,PTPRCAP,5790
P03956,MMP1,4312
P13056,NR2C1,7181
Q12946,FOXF1,2294
Q15699,ALX1,8092
Q8N386,LRRC25,126364
P07288,KLK3,354
-,IGKV1-27,28935
Q9HBU1,BARX1,56033
O00519,FAAH,2166
Q96CD2,PPCDC,60490
Q9GZY6,LAT2,7462
O75326,SEMA7A,8482
Q8N5W9,FAM101B,359845
P08246,ELANE,1991
Q6ZMZ3,SYNE3,161176
Q96A19,CCDC102A,92922
P14384,CPM,1368
Q9Y6H3,XRCC6BP1,91419
Q5T0Z8,C6orf132,647024
Q6FI13,HIST2H2AA4,723790
Q5VVX9,UBE2U,148581
Q9NS37,CREBZF,58487
Q14CS0,UBXN2B,137886
Q9H488,POFUT1,23509
Q16587,ZNF74,7625
O14994,SYN3,8224
Q9BTV5,FSD1,79187
Q9NQY0,BIN3,55909
Q969W3,FAM104A,84923
Q6ZTQ3,RASSF6,166824
Q13432,UNC119,9094
Q01344,IL5RA,3568
O15079,SNPH,9751
Q01534,TSPY1,7258
P43235,CTSK,1513
Q8IWU6,SULF1,23213
Q8IX04,UEVLD,55293
P12111,COL6A3,1293
P48307,TFPI2,7980
Q13637,RAB32,10981
-,APOBEC3D,140564
P29728,OAS2,4939
O60565,GREM1,26585
P35789,ZNF93,81931
O60477,BRINP1,1620
P49767,VEGFC,7424
P12318,FCGR2A,2212
P48736,PIK3CG,5294
P02724,GYPA,2993
O60462,NRP2,8828
P26951,IL3RA,3563
Q99075,HBEGF,1839
Q86UD1,OAF,220323
Q68D06,SLFN13,146857
Q6ZMT4,KDM7A,80853
Q9H1D0,TRPV6,55503
Q3T906,GNPTAB,79158
-,IGKV4-1,28908
Q6JVE5,LCN12,286256
Q8N4E4,PDCL2,132954
Q8TAD7,C12orf75,387882
Q9NPI9,KCNJ16,3773
Q9BXN2,CLEC7A,64581
Q9H467,CUEDC2,79004
Q02643,GHRHR,2692
P14784,IL2RB,3560
P24386,CHM,1121
P05814,CSN2,1447
Q71RH2,FAM57B,83723
P17022,ZNF18,7566
Q8WVB3,HEXDC,284004
O14896,IRF6,3664
P01591,IGJ,3512
Q6UWM7,LCTL,197021
Q13394,MAB21L1,4081
-,MGC15885,197003
Q9ULC6,PADI1,29943
Q9UN74,PCDHA4,56144
Q8NCQ7,PROCA1,147011
-,RBMY1C,5942
Q969P6,TOP1MT,116447
-,TPT1P8,59347
Q8IWX7,UNC45B,146862
Q8IZ26,ZNF34,80778
Q7Z4H9,FAM220A,84792
P19021,PAM,5066
P31271,HOXA13,3209
O75155,CAND2,23066
O94967,WDR47,22911
Q86Y91,KIF18B,146909
O75864,PPP1R37,284352
P48426,PIP4K2A,5305
Q13686,ALKBH1,8846
Q49AG3,ZBED5,58486
Q58EX7,PLEKHG4,25894
Q5TFE4,NT5DC1,221294
Q6NSJ2,PHLDB3,653583
Q9NZH8,IL36G,56300
P55061,TMBIM6,7009
O43715,TRIAP1,51499
-,MIR217,406999
P02760,AMBP,259
P51884,LUM,4060
P02743,APCS,325
P02655,APOC2,344
P02774,GC,2638
Q5TF58,IFFO2,126917
P35325,SPRR2B,6701
-,HNF1A-AS1,283460
Q68CQ1,MROH7,374977
Q2T9K0,TMEM44,93109
Q8TDG4,HELQ,113510
Q8N427,NME8,51314
Q6XR72,SLC30A10,55532
P31415,CASQ1,844
P30874,SSTR2,6752
Q9BWC9,CCDC106,29903
Q03938,ZNF90,7643
Q15759,MAPK11,5600
P15391,CD19,930
Q9H5P4,PDZD7,79955
A4D2P6,GRID2IP,392862
Q6ZMN7,PDZRN4,29951
Q13884,SNTB1,6641
Q9UID3,VPS51,738
Q8N9N7,LRRC57,255252
Q9Y5Y6,ST14,6768
Q9BXS9,SLC26A6,65010
Q96FG2,ELMOD3,84173
Q8NEG4,FAM83F,113828
Q8N183,NDUFAF2,91942
Q14542,SLC29A2,3177
P78381,SLC35A2,7355
Q8WVQ1,CANT1,124583
Q9NRQ2,PLSCR4,57088
P78380,OLR1,4973
O43699,SIGLEC6,946
P78504,JAG1,182
-,EXPH5,23086
O43745,CHP2,63928
Q9H015,SLC22A4,6583
P36382,GJA5,2702
P48067,SLC6A9,6536
Q8NDX1,PSD4,23550
Q70EL4,USP43,124739
Q9H5Y7,SLITRK6,84189
Q6ZW33,MICALCL,84953
Q1W6H9,FAM110C,642273
Q86X27,RALGPS2,55103
A6NGR9,MROH6,642475
Q9H095,IQCG,84223
O14495,PPAP2B,8613
Q9NXD2,MTMR10,54893
Q5W0Z9,ZDHHC20,253832
O60503,ADCY9,115
Q8N7R7,CCNYL1,151195
Q7Z698,SPRED2,200734
Q4KMQ2,ANO6,196527
Q9BXB5,OSBPL10,114884
Q9P241,ATP10D,57205
Q8TB37,NUBPL,80224
Q8N8Z6,DCBLD1,285761
Q8NFX7,STXBP6,29091
P46059,SLC15A1,6564
Q9HBB8,CDHR5,53841
Q5VW38,GPR107,57720
Q2M1Z3,ARHGAP31,57514
Q2Y0W8,SLC4A8,9498
P16298,PPP3CB,5532
Q7RTV2,GSTA5,221357
Q9NZH0,GPRC5B,51704
Q9BU68,PRR15L,79170
O75387,SLC43A1,8501
Q12767,KIAA0195,9772
O60486,PLXNC1,10154
Q9NYI0,PSD3,23362
Q8NBN3,TMEM87A,25963
Q6F5E8,RLTPR,146206
P20916,MAG,4099
Q9NQT8,KIF13B,23303
P25189,MPZ,4359
Q9HCL0,PCDH18,54510
Q9H5I5,PIEZO2,63895
Q9ULC8,ZDHHC8,29801
Q6UWI4,SHISA2,387914
Q96GP6,SCARF2,91179
Q8N0W4,NLGN4X,57502
Q96RP7,GAL3ST4,79690
Q96EH5,RPL39L,116832
Q9H156,SLITRK2,84631
-,LYPLA2P1,653639
P03950,ANG,283
Q92565,RAPGEF5,9771
P56277,CMC4,100272147
Q14249,ENDOG,2021
Q49B96,COX19,90639
Q69YU5,C12orf73,728568
Q6KCM7,SLC25A25,114789
Q86TX2,ACOT1,641371
Q96EX1,SMIM12,113444
Q9BW72,HIGD2A,192286
P84157,MXRA7,439921
Q6PL24,TMED8,283578
Q8WUX9,CHMP7,91782
Q9NZJ5,EIF2AK3,9451
Q9UFG5,C19orf25,148223
O14832,PHYH,5264
O15254,ACOX3,8310
Q9UKG9,CROT,54677
Q9H425,C1orf198,84886
Q9NVM4,PRMT7,54496
A8MXV4,NUDT19,390916
-,WASH3P,374666
O00559,EBAG9,9166
Q3B7T1,EDRF1,26098
Q68D85,NCR3LG1,374383
Q9BRR0,ZKSCAN3,80317
Q969U7,PSMG2,56984
Q8N4U5,TCP11L2,255394
Q9BYV8,CEP41,95681
Q9H2J4,PDCL3,79031
Q9Y2G7,ZFP30,22835
Q9NYM9,BET1L,51272
Q9Y2L5,TRAPPC8,22878
P08236,GUSB,2990
Q6PK18,OGFOD3,79701
Q9BVX2,TMEM106C,79022
Q07283,TCHH,7062
Q5TEA6,SEL1L2,80343
Q9Y5R8,TRAPPC1,58485
Q8IUZ0,LRRC49,54839
Q86TP1,PRUNE,58497
Q92837,FRAT1,10023
Q99576,TSC22D3,1831
-,ZNF724P,440519
-,RAB1C,441400
Q9UGY1,NOL12,79159
-,HLA-H,3136
Q96RT8,TUBGCP5,114791
Q9UGJ1,TUBGCP4,27229
Q8NI08,NCOA7,135112
Q9UPM8,AP4E1,23431
Q9Y587,AP4S1,11154
-,WASH6P,653440
Q9H5Z1,DHX35,60625
Q8N9B4,ANKRD42,338699
-,SGK494,124923
Q9H6J7,C11orf49,79096
-,TENM2,57451
Q9P273,TENM3,55714
Q8WVK7,SKA2,348235
O43716,GATC,283459
O75879,GATB,5188
P30038,ALDH4A1,8659
Q4J6C6,PREPL,9581
Q8WWV3,RTN4IP1,84816
Q9BSJ5,C17orf80,55028
Q9BUE6,ISCA1,81689
Q9NWX6,THG1L,54974
Q9UFW8,CGGBP1,8545
Q9UGC7,MTRF1L,54516
Q9Y606,PUS1,80324
Q5HYI7,MTX3,345778
Q8WV74,NUDT8,254552
Q9NVH6,TMLHE,55217
Q96I23,PYURF,100996939
Q8NAN2,FAM73A,374986
Q9HCL3,ZFP14,57677
Q8NI37,PPTC7,160760
Q19T08,ECSCR,641700
Q3KP66,C1orf106,55765
Q2M1V0,ISX,91464
Q8N131,TMEM123,114908
O94907,DKK1,22943
O60671,RAD1,5810
Q9NXZ1,SAGE1,55511
Q96C00,ZBTB9,221504
Q96E14,RMI2,116028
Q9UKY1,ZHX1,11244
Q2TAK8,MUM1,84939
P55290,CDH13,1012
Q2M3D2,EXOC3L2,90332
Q8IYI0,C20orf196,149840
Q92529,SHC3,53358
P29218,IMPA1,3612
P50583,NUDT2,318
Q96IV0,NGLY1,55768
Q9BSH3,NICN1,84276
Q68CL5,TPGS2,25941
Q6IPR3,TYW3,127253
-,RPL7P32,100130892
Q92858,ATOH1,474
P57771,RGS8,85397
Q14563,SEMA3A,10371
Q9Y615,ACTL7A,10881
-,SCARNA5,677775
-,SCARNA2,677766
-,RNU11,26824
-,TERC,7012
-,SCARNA7,677767
-,SCARNA9,619383
-,SCARNA12,677777
-,VTRNA1-2,56663
-,SLMO2-ATP5E,100533975
-,LOC652276,652276
-,SNORA8,654320
-,SNORD116-21,100033432
-,RMRP,6023
Q6ZS30,NBEAL1,65065
-,SNORA18,677805
P60827,C1QTNF8,390664
P86452,ZBED6,100381270
-,SH3GL1P2,6459
-,SNORA40,677822
Q400G9,AMZ1,155185
-,KANTR,102723508
-,CCDC144CP,348254
-,LINC00898,400932
-,LINC00342,150759
Q9Y5G2,PCDHGB2,56103
A1L157,TSPAN11,441631
O14926,FSCN2,25794
-,CCDC144B,284047
-,FLJ42627,645644
Q9H2B4,SLC26A1,10861
Q9Y2U2,KCNK7,10089
-,ZNRF2P1,441208
O75467,ZNF324,25799
-,GLUD1P3,2749
Q15937,ZNF79,7633
-,SMG1P1,641298
Q9P242,NYAP2,57624
-,SMG1P6,101928094
-,SGMS1-AS1,104355295
-,ANKRD18B,441459
P35858,IGFALS,3483
Q9UK13,ZNF221,7638
Q5TC79,ZBTB37,84614
Q8N2N9,ANKRD36B,57730
Q8TDN2,KCNV2,169522
Q8IZU8,DSEL,92126
Q7Z6G8,ANKS1B,56899
Q9ULI3,HEG1,57493
-,C1RL-AS1,283314
-,LRRC37A4P,55073
-,ADAM20P1,317760
O94991,SLITRK5,26050
Q0P6D6,CCDC15,80071
Q5VZR2,NUTM2G,441457
O75626,PRDM1,639
-,LINC01296,642477
-,PMS2P9,100132832
-,NOP14-AS1,317648
-,FOXO3B,2310
-,LOC202181,202181
Q7LGC8,CHST3,9469
Q9P243,ZFAT,57623
-,ANKRD36C,400986
Q86Y38,XYLT1,64131
Q86YE8,ZNF573,126231
Q8N7H1,LINC01465,283416
O94885,SASH1,23328
-,LOC101928841,101928841
-,COL6A4P1,344875
-,TMEM75,641384
Q5XKL5,BTBD8,284697
-,FBXL19-AS1,283932
Q63HK3,ZKSCAN2,342357
-,DLSTP1,1744
-,PWAR5,8123
O43506,ADAM20,8748
-,LOC101928728,101928728
Q3KQV3,ZNF792,126375
C9J069,C9orf172,389813
Q9NYQ7,CELSR3,1951
Q08ER8,ZNF543,125919
-,ANKRD18CP,100287922
-,LINC00638,196872
Q9Y5F8,PCDHGB7,56099
Q7Z5N4,SDK1,221935
A6NI28,ARHGAP42,143872
-,C5orf17,439936
Q6ZMP0,THSD4,79875
Q9Y5H3,PCDHGA10,56106
Q96M96,FGD4,121512
-,LINC00659,100652730
Q9BZ76,CNTNAP3,79937
Q9UNA0,ADAMTS5,11096
Q6T4R5,NHS,4810
Q96MT3,PRICKLE1,144165
-,BTN2A3P,54718
Q6ZT98,TTLL7,79739
Q96RI0,F2RL3,9002
-,TOP1P1,7151
Q5T7B8,KIF24,347240
Q9HBL0,TNS1,7145
-,EMBP1,647121
-,AHCTF1P1,285116
P35555,FBN1,2200
Q96MU6,ZNF778,197320
Q5EBL2,ZNF628,89887
O15055,PER2,8864
-,LOC101928279,101928279
Q9NZU1,FLRT1,23769
A8MUP2,METTL12,751071
Q9UPX6,KIAA1024,23251
Q5FWE3,PRRT3,285368
Q5HY92,FIGN,55137
A2VDJ0,KIAA0922,23240
Q9H8G1,ZNF430,80264
-,LOC283922,283922
Q6ZN30,BNC2,54796
Q5BKX6,SLC45A4,57210
Q9Y5F0,PCDHB13,56123
-,BEND3P3,650623
P0CJ78,ZNF865,100507290
Q96N38,ZNF714,148206
Q8IYM2,SLFN12,55106
Q6AW86,ZNF324B,388569
Q9P2F5,STOX2,56977
Q17RM4,CCDC142,84865
O94875,SORBS2,8470
Q9ULK6,RNF150,57484
Q8NEP9,ZNF555,148254
Q9C0D6,FHDC1,85462
Q6AWC2,WWC2,80014
Q86VV8,RTTN,25914
Q96QE4,LRRC37B,114659
Q155Q3,DIXDC1,85458
-,LINC01347,731275
Q96NE9,FRMD6,122786
Q86X52,CHSY1,22856
-,LOC100288069,100288069
Q8N394,TMTC2,160335
Q7Z3V5,ZNF571,51276
Q8N8J6,ZNF615,284370
Q8IYN0,ZNF100,163227
-,LINC01108,102216342
-,LINC00842,643650
O00634,NTN3,4917
P51508,ZNF81,347344
Q9BWM5,ZNF416,55659
-,MIATNB,102724827
A8MWY0,KIAA1324L,222223
-,SSR4P1,728039
Q86YS3,RAB11FIP4,84440
Q5R3F8,ELFN2,114794
-,LINC01572,101927957
O75123,ZNF623,9831
Q03721,KCNC4,3749
Q496Y0,LONRF3,79836
Q6ZMY6,WDR88,126248
-,SH3GL1P1,6458
Q9P2E5,CHPF2,54480
Q8IV33,KIAA0825,285600
Q9UN88,GABRQ,55879
Q9BUD6,SPON2,10417
Q6NSJ0,KIAA1161,57462
Q8WU76,SCFD2,152579
Q3KRB8,ARHGAP11B,89839
Q92502,STARD8,9754
A7MBM2,DISP2,85455
Q8IYL2,TRMT44,152992
-,LOC100287042,100287042
Q6UXM1,LRIG3,121227
-,CYP2T1P,171523
-,LINC00630,100287765
Q7LFX5,CHST15,51363
P17021,ZNF17,7565
-,SCAND2P,54581
Q8IZ08,GPR135,64582
Q6XZF7,DNMBP,23268
Q6ZMW3,EML6,400954
-,FZD10-AS1,440119
P39059,COL15A1,1306
Q32M78,ZNF699,374879
Q9NS39,ADARB2,105
-,LOC90784,90784
P50749,RASSF2,9770
-,FIRRE,286467
Q6ZSS7,MFSD6,54842
Q68DY9,ZNF772,400720
Q9H094,NBPF3,84224
-,ZNF702P,79986
B2RD01,CENPBD1,92806
Q8N184,ZNF567,163081
Q5UAW9,GPR157,80045
Q53EQ6,TIGD5,84948
Q01668,CACNA1D,776
O75437,ZNF254,9534
P30989,NTSR1,4923
Q7Z304,MAMDC2,256691
Q8TF32,ZNF431,170959
P02462,COL4A1,1282
Q9NXS3,KLHL28,54813
Q9NQ90,ANO2,57101
Q6ICC9,LDOC1L,84247
Q5VZ66,JAKMIP3,282973
Q9H426,RIMS4,140730
Q8TC76,FAM110B,90362
Q8N9M5,TMEM102,284114
Q6UWL2,SUSD1,64420
-,SNAI3-AS1,197187
Q9C0I1,MTMR12,54545
P35408,PTGER4,5734
-,SCGB1B2P,643719
P29122,PCSK6,5046
Q9H4K1,RIBC2,26150
A6NM11,LRRC37A2,474170
-,LINC01128,643837
Q8IV76,PASD1,139135
-,GMDS-AS1,100508120
Q99435,NELL2,4753
O14511,NRG2,9542
Q96ET8,TVP23C-CDRT4,100533496
Q13495,MAMLD1,10046
Q6UXT9,ABHD15,116236
Q75T13,PGAP1,80055
Q10587,TEF,7008
Q68EA5,ZNF57,126295
Q9Y561,LRP12,29967
Q8N4N3,KLHL36,79786
Q9Y2Y9,KLF13,51621
Q9HBU6,ETNK1,55500
Q7RTY0,SLC16A13,201232
Q96SN7,ORAI2,80228
Q9BTN0,LRFN3,79414
B2RXF5,ZBTB42,100128927
O43462,MBTPS2,51360
Q96QE2,SLC2A13,114134
Q9BTX7,TTPAL,79183
-,WHAMMP1,100288615
Q01415,GALK2,2585
-,PKD1P1,339044
O15165,LDLRAD4,753
Q5JUQ0,FAM78A,286336
Q96BR6,ZNF669,79862
Q9NX94,WBP1L,54838
O60551,NMT2,9397
-,HERC2P3,283755
Q8TBE0,BAHD1,22893
Q8N414,PGBD5,79605
Q15035,TRAM2,9697
Q6TFL4,KLHL24,54800
Q0VAM2,RASGEF1B,153020
P0C0S8,HIST1H2AM,8336
P0C0S8,HIST1H2AK,8330
Q9Y4F4,FAM179B,23116
-,LINC00087,644596
O75144,ICOSLG,23308
-,FLJ45950,399975
O95996,APC2,10297
-,RNR1,6052
Q70JA7,CHSY3,337876
O75096,LRP4,4038
-,LOC644961,644961
A6NFY4,TMEM194B,100131211
P35367,HRH1,3269
Q6EMB2,TTLL5,23093
A9YTQ3,AHRR,57491
P18510,IL1RN,3557
Q68DL7,C18orf63,644041
Q69YZ2,TMEM200B,399474
Q5SNV9,C1orf167,284498
Q5RHP9,ERICH3,127254
-,IGKV2D-40,28878
-,TRAP,100187907
-,LINC00473,90632
P51816,AFF2,2334
Q9H5U6,ZCCHC4,29063
-,BCL2L2-PABPN1,100529063
Q96D09,ARMCX5-GPRASP2,100528062
Q92637,FCGR1B,2210
P59827,BPIFB4,149954
-,LOC101930047,101930047
Q5T1A1,DCST2,127579
Q6PRD1,GPR179,440435
Q8N6T0,C11orf80,79703
-,AQP7P3,441432
Q0IIM8,TBC1D8B,54885
Q7Z6I6,ARHGAP30,257106
Q8NGU2,OR9A4,130075
Q96PH1,NOX5,79400
-,LOC100507703,100507703
-,ARHGAP40,343578
Q9GZT4,SRR,63826
Q9H1K4,SLC25A18,83733
Q9BU02,THTPA,79178
Q9UJ14,GGT7,2686
Q496H8,NRN1L,123904
Q13296,SCGB2A2,4250
P01034,CST3,1471
O00628,PEX7,5191
Q0P641,C2orf80,389073
Q08495,DMTN,2039
Q8N336,ELMOD1,55531
P48751,SLC4A3,6508
F2Z333,C1orf233,643988
Q9BY64,UGT2B28,54490
O75310,UGT2B11,10720
P36537,UGT2B10,7365
Q86U10,ASPG,374569
Q5BKU9,OXLD1,339229
P30042,LOC102724023,102724023
-,DCDC2C,728597
Q9UMX2,OAZ3,51686
Q96P64,AGAP4,119016
A6NIR3,AGAP5,729092
Q5VW22,AGAP6,414189
-,CTGLF11P,653259
Q8TF27,AGAP11,119385
Q5VTM2,AGAP9,642517
Q86WU2,LDHD,197257
Q09470,KCNA1,3736
-,GVINP1,387751
Q9NPB0,SAYSD1,55776
-,GABARAPL3,23766
Q9UKP4,ADAMTS7,11173
P15814,IGLL1,3543
O14607,UTY,7404
Q5FVE4,ACSBG2,81616
P14679,TYR,7299
-,TYRL,7300
Q6UWR7,ENPP6,133121
Q15726,KISS1,3814
-,ROCK1P1,727758
-,OPA6,777778
P12018,VPREB1,7441
Q9Y2P0,ZNF835,90485
Q8WYN3,CSRNP3,80034
-,NEDD8-MDP1,100528064
Q9H1C3,GLT8D2,83468
-,HNRNPUL2-BSCL2,100534595
O43257,ZNHIT1,10467
O43423,ANP32C,23520
Q8NEV1,CSNK2A3,283106
Q16384,SSX1,6756
O43291,SPINT2,10653
P28328,PEX2,5828
Q9UFF9,CNOT8,9337
Q49AM3,TTC31,64427
Q9BUU2,METTL22,79091
Q96AH0,NABP1,64859
O60675,MAFK,7975
O75473,LGR5,8549
Q96AH8,RAB7B,338382
P34130,NTF4,4909
P69905,HBA2,3040
-,LIFR-AS1,100506495
P49810,PSEN2,5664
P01920,HLA-DQB1,3119
Q9NPF7,IL23A,51561
P01909,HLA-DQA1,3117
P29460,IL12B,3593
P02753,RBP4,5950
P07998,RNASE1,6035
Q495M9,USH1G,124590
P01732,CD8A,925
Q7L804,RAB11FIP2,22841
Q9P2U7,SLC17A7,57030
Q8NDX2,SLC17A8,246213
Q9H598,SLC32A1,140679
Q8IUH5,ZDHHC17,23390
P02656,APOC3,345
O15525,MAFG,4097
O43300,LRRTM2,26045
Q8IVU3,HERC6,55008
Q9Y6Q6,TNFRSF11A,8792
-,FOXP4-AS1,101060264
Q96D21,RASD2,23551
Q9UMX9,SLC45A2,51151
P35523,CLCN1,1180
B7ZAQ6|P0CG08,GPR89A,653519
Q14520,HABP2,3026
O95136,S1PR2,9294
Q6ZNQ3,LRRC69,100130742
Q9H8M7,FAM188A,80013
Q9UKZ9,PCOLCE2,26577
P03952,KLKB1,3818
P20774,OGN,4969
Q96S86,HAPLN3,145864
Q86YL7,PDPN,10630
Q9BXJ4,C1QTNF3,114899
Q9NRB3,CHST12,55501
Q8NEP3,DNAAF1,123872
Q2TAP0,GOLGA7B,401647
Q96DN5,TBC1D31,93594
Q8WV99,ZFAND2B,130617
P26992,CNTFR,1271
Q8WWZ8,OIT3,170392
P08582,MFI2,4241
-,MKRN4P,7682
Q9BXX0,EMILIN2,84034
Q9BQ16,SPOCK3,50859
Q86SX3,C14orf80,283643
P02100,HBE1,3046
Q8WV19,SFT2D1,113402
Q9NUE0,ZDHHC18,84243
O60279,SUSD5,26032
Q9HC56,PCDH9,5101
Q9Y2G0,EFR3B,22979
Q96AA3,RFT1,91869
Q9BRX8,FAM213A,84293
Q9Y6Z7,COLEC10,10584
O95067,CCNB2,9133
Q7LC44,ARC,23237
P50607,TUB,7275
P20963,CD247,919
P09693,CD3G,917
-,TRBC1,28639
-,TRBC2,28638
Q8IYK4,COLGALT2,23127
P07315,CRYGC,1420
P25325,MPST,4357
Q9NZJ9,NUDT4,11163
P15428,HPGD,3248
Q8N9Q2,SREK1IP1,285672
P78356,PIP4K2B,8396
Q15661|P20231,TPSAB1,7177
P00915,CA1,759
Q9UKD1,GMEB2,26205
A2RUB1,C17orf104,284071
P08397,HMBS,3145
P50336,PPOX,5498
Q9Y619,SLC25A15,10166
Q96BW9,TAMM41,132001
Q9ULR0,ISY1-RAB43,100534599
P98073,TMPRSS15,5651
Q9NVZ3,NECAP2,55707
Q9UDX5,MTFP1,51537
Q9NUB1,ACSS1,84532
Q86UE3,ZNF546,339327
Q9BZL1,UBL5,59286
Q5VVH5,IRAK1BP1,134728
Q9BUM1,G6PC3,92579
Q9H2D1,SLC25A32,81034
Q96KE9,BTBD6,90135
Q8WVF5,KCTD4,386618
Q0D2K2,KLHL30,377007
Q2TBA0,KLHL40,131377
A6QL63,BTBD11,121551
Q02127,DHODH,1723
P19961,AMY2B,280
Q9P2G9,KLHL8,57563
-,PPP1R15B,84919
-,BRCA3,60500
Q8WUE5,CT55,54967
Q9UKW4,VAV3,10451
P59103,DAOA,267012
P14920,DAO,1610
O15527,OGG1,4968
O14830,PPEF2,5470
Q13410,BTN1A1,696
P21452,TACR2,6865
O14921,RGS13,6003
P78556,CCL20,6364
Q969I6,SLC38A4,55089
Q8N1D0,SLC22A18AS,5003
Q8NG78,OR8G5,219865
Q9BR84,ZNF559,84527
Q96P53,WDFY2,115825
Q8TD55,PLEKHO2,80301
Q2TBC4,PRICKLE4,29964
-,ANKRD26P1,124149
Q9Y2G2,CARD8,22900
-,NXF4,55999
O95259,KCNH1,3756
Q5SZI1,LDLRAD2,401944
P51805,PLXNA3,55558
P55899,FCGRT,2217
A6BM72,MEGF11,84465
Q02045,MYL5,4636
Q02318,CYP27A1,1593
P12272,PTHLH,5744
P60323,NANOS3,342977
P60321,NANOS2,339345
Q86WR7,PROSER2,254427
Q96RM1,SPRR2F,6705
Q14774,HLX,3142
Q9BWV3,CDADC1,81602
Q9Y6B7,AP4B1,10717
Q8N7C3,TRIML2,205860
P54750,PDE1A,5136
O60936,NOL3,8996
-,USP17L9P,391627
P36222,CHI3L1,1116
Q8NI99,ANGPTL6,83854
Q9UKK9,NUDT5,11164
Q96P50,ACAP3,116983
P18621,RPL17-C18orf32,100526842
Q32P44,EML3,256364
A6ZKI3,FAM127A,8933
Q9Y6N6,LAMC3,10319
Q9NRS6,SNX15,29907
Q9H497,TOR3A,64222
Q9BXD5,NPL,80896
Q9BXR0,QTRT1,81890
Q9BSG0,PRADC1,84279
Q96GU1,PAGE5,90737
Q9BS34,ZNF670,93474
-,ABHD14A-ACY1,100526760
Q5TCY1,TTBK1,84630
Q9BY27,DGCR6L,85359
Q13901,C1D,10438
Q6P1M9,ARMCX5,64860
Q9NWV4,C1orf123,54987
Q9NX38,FAM206A,54942
Q969S2,NEIL2,252969
Q9NX31,OSER1,51526
Q15113,PCOLCE,5118
P55058,PLTP,5360
P11684,SCGB1A1,7356
Q9Y5W7,SNX14,57231
Q8IV01,SYT12,91683
Q9UQP3,TNN,63923
P19237,TNNI1,7135
Q53GI3,ZNF394,84124
-,HSPE1-MOB4,100529241
-,IGKV@,3519
Q9NSY2,STARD5,80765
-,LOC100505498,100505498
Q8N9K5,ZNF565,147929
O00418,LOC101930123,101930123
Q9Y6Q2,STON1-GTF2A1L,286749
P0C869,PLA2G4B,100137049
A5PLL1,ANKRD34B,340120
O75038,PLCH2,9651
-,NEAT1,283131
-,SDR42E2,100288072
-,INO80B-WBP1,100532735
Q9BYE0,HES7,84667
-,HNRNPUL2-BSCL2,100534595
Q96MC4,KIAA1731NL,100653515
Q86UW8,HAPLN4,404037
Q8TE58,ADAMTS15,170689
-,CHMP4BP1,100307126
Q9Y5H3,PCDHGA10,56106
-,SCN10A,6336
Q8TER0,SNED1,25992
A6NMK8,FAM196B,100131897
Q495X7,TRIM60,166655
Q8NH02,OR2T29,343563
Q6IEZ7,OR2T5,401993
Q9BWV2,SPATA9,83890
Q9BZA8,PCDH11Y,83259
Q8TDI7,TMC2,117532
Q8NE09,RGS22,26166
P56715,RP1,6101
Q1HG43,DUOXA1,90527
Q8TE73,DNAH5,1767
Q5HYM0,ZC3H12B,340554
Q9H5P4,PDZD7,79955
-,MIR222,407007
A8MRT5,NPIPB5,100132247
Q6IQ19,CCSAP,126731
-,THUMPD3-AS1,440944
-,PP7080,25845
-,NBPF26,101060684
O60423,ATP8B3,148229
-,SNHG21,100505616
-,CKS1BP3,246715
-,HCG18,414777
-,DDR1-AS1,414771
-,SNHG5,387066
-,GAGE13,645051
Q6ZN19,ZNF841,284371
Q32NB8,PGS1,9489
-,ZNRD1-AS1,80862
-,PCED1B-AS1,100233209
Q8N9H6,C8orf31,286122
C9J3V5,TEX22,647310
O60309,LRRC37A3,374819
-,ABHD14A-ACY1,100526760
Q9H7X0,NAA60,79903
Q9Y2G7,ZFP30,22835
-,FAM86JP,100125556
-,NUTM2D,728130
-,CSPG4P10,390627
Q9GZM3,POLR2J2,246721
Q8NCW0,KREMEN2,79412
A6NNV3,LOC102723555,102723555
Q8N158,GPC2,221914
Q8N4E7,FTMT,94033
O94819,KBTBD11,9920
-,IGHV3-72,28410
O00453,LST1,7940
-,GGTLC3,728226
-,TENM2,57451
Q0ZLH3,DFNB59,494513
Q9H479,FN3K,64122
A6NHN0,OTOL1,131149
Q9Y2J8,PADI2,11240
P0DI83,NARR,100861437
Q8NEK5,ZNF548,147694
Q6ECI4,ZNF470,388566
-,RPL7P23,648000
-,MIR125B1,406911
A8MQ27,NEURL1B,54492
Q92847,GHSR,2693
-,SNORA81,677847
-,SCARNA1,677774
Q9P2D6,FAM135A,57579
-,COX4I1P1,122867
Q9H0C3,TMEM117,84216
Q2M2H8,LOC93432,93432
Q96FF7,LOC113230,113230
Q502W7,CCDC38,120935
Q9BX84,TRPM6,140803
-,GUCY1B2,2974
-,LOC101928405,101928405
Q8NHU0,CT45A3,441519
Q92791,P3H4,10609
-,RPL36AP37,729362
-,RPL7AP27,152663
O94813,SLIT2,9353
-,RPL29P30,729611
Q4G0S4,CYP27C1,339761
Q9UBI9,HECA,51696
-,RPL10AP3,137107
Q695T7,SLC6A19,340024
Q9H7T9,AUNIP,79000
Q01523,DEFA5,1670
Q9H1P3,OSBPL2,9885
Q96JA3,PLEKHA8,84725
Q86W74,ANKRD46,157567
P57737,CORO7-PAM16,100529144
Q96LJ7,DHRS1,115817
Q9NUQ7,UFSP2,55325
Q5UCC4,EMC10,284361
Q32NB8,PGS1,9489
Q06136,KDSR,2531
Q9BRK0,REEP2,51308
Q9HC21,SLC25A19,60386
Q6ZWT7,MBOAT2,129642
Q7Z3D4,LYSMD3,116068
Q9Y3B6,EMC9,51016
O60906,SMPD2,6610
Q9HCG7,GBA2,57704
Q7Z4H8,KDELC2,143888
-,YES1P1,7526
Q02817,MUC2,4583
O14556,GAPDHS,26330
P43026,GDF5,8200
P07585,DCN,1634
Q6KF10,GDF6,392255
-,IGLJ3,28831
O60294,LCMT2,9836
Q9BYV1,AGXT2,64902
Q5VTQ0,TTC39B,158219
Q9HCN3,TMEM8A,58986
-,IBD8,170595
Q7Z5M5,TMC3,342125
Q9BRG1,VPS25,84313
Q9Y3P8,SIT1,27240
-,IFN1@,3438
Q02742,GCNT1,2650
O00453,LST1,7940
-,RCD1,5953
Q96RJ0,TAAR1,134864
Q9NVS9,PNPO,55163
Q00LT1,PRCD,768206
Q9BWG6,TNFAIP8L2-SCNM1,100534012
-,SCARNA23,677773
-,SCARNA6,677772
-,SNORA10,574042
-,SNORA11D,100124541
-,SNORA16A,692073
-,SNORA80E,677823
-,SNORA53,677832
-,SNORA5C,677796
-,SNORA76C,677842
-,SNORA77,677843
-,SNORA78,677844
-,SNORA79,677845
-,SNORA80A,677846
-,SNORD12C,26765
-,SNORD13,692084
-,SNORD14C,85389
-,SNORD14D,85390
-,SNORD17,692086
-,SNORD23,692091
-,SNORD33,26818
-,SNORD34,26817
-,SNORD35A,26816
-,SNORD38A,94162
-,SNORD3B-1,26851
-,SNORD59A,26789
-,SNORD60,26788
-,SNORD62A,26786
-,SNORD62B,692093
-,SNORD8,319103
-,SNORD88B,692203
-,SCARNA10,692148
-,SNORA73A,6080
-,SNORA73B,26768
-,RNR1,6052
O14628,ZNF195,7748
Q9H6V9,C2orf43,60526
Q9UIC8,LCMT1,51451
Q99447,PCYT2,5833
Q86UX2,ITIH5,80760
Q99988,GDF15,9518
Q8TB22,SPATA20,64847
P08294,SOD3,6649
Q9NYL4,FKBP11,51303
Q9Y6R9,CCDC61,729440
-,APOA4,337
P0C0L5|P0C0L4,C4B,721
Q8IZJ0,IFNL2,282616
-,RBMXP1,3186
Q9BUF7,CRB3,92359
-,LOC100131294,100131294
P04216,THY1,7070
Q13508,ART3,419
P36269,GGT5,2687
P16444,DPEP1,1800
Q9ULL0,KIAA1210,57481
P61601,NCALD,83988
Q9UKY0,PRND,23627
O14756,HSD17B6,8630
Q8IWA5,SLC44A2,57153
Q06278,AOX1,316
P55083,MFAP4,4239
Q8N6Q3,CD177,57126
O43451,MGAM,8972
Q1ZYL8,IZUMO4,113177
Q9BS86,ZPBP,11055
Q96E40,C9orf9,11092
Q9HBV2,SPACA1,81833
P22748,CA4,762
P20142,PGC,5225
P16499,PDE6A,5145
P28907,CD38,952
Q8TDM5,SPACA4,171169
Q14507,EDDM3A,10876
Q8WXA2,PATE1,160065
O60234,GMFG,9535
-,MIR22,407004
-,MIR144,406936
-,MIR4732,100616385
-,MIR142,406934
-,MIR182,406958
-,MIR652,724022
-,MIR103A1,406895
-,MIR103A2,406896
-,MIR183,406959
-,MIR340,442908
O75121,MFAP3L,9848
Q8WY41,NANOS1,340719
A8MTA8,FAM166B,730112
Q9UKL6,PCTP,58488
-,GAPDHP65,389849
-,GAPDHP1,2616
Q96A32,MYLPF,29895
Q9H772,GREM2,64388
-,ACAN,176
Q9ULD0,OGDHL,55753
O14521,SDHD,6392
Q14242,SELPLG,6404
O60637,TSPAN3,10099
Q8N841,TTLL6,284076
P46926,GNPDA1,10007
O00273,DFFA,1676
O95861,BPNT1,10380
Q14094,CCNI,10983
P0CAP1,MYZAP,100820829
P20138,CD33,945
Q9UM44,HHLA2,11148
Q96A25,TMEM106A,113277
P43631|Q8N743,KIR3DL3,115653
Q96NT3,GUCD1,83606
Q96K80,ZC3H10,84872
Q9NQG1,MANBAL,63905
Q8NG50,RDM1,201299
Q8WWB5,PIH1D2,120379
O75593,FOXH1,8928
Q6ZRY4,RBPMS2,348093
Q5SQQ9,VAX1,11023
Q9BSW7,SYT17,51760
O95995,GAS8,2622
Q8TC71,SPATA18,132671
P05813,CRYBA1,1411
O75603,GCM2,9247
Q9BXF9,TEKT3,64518
Q99932,SPAG8,26206
P61968,LMO4,8543
P53672,CRYBA2,1412
Q5T4B2,CERCAM,51148
Q3V5L5,MGAT5B,146664
Q03828,EVX2,344191
Q9NWQ9,C14orf119,55017
Q3LI70,KRTAP19-6,337973
Q3LI66,KRTAP6-2,337967
Q3LI73,KRTAP19-4,337971
P86478|P86479|P86481|P86480|P86496,PRR20B,729233
Q9BYR6,KRTAP3-3,85293
P86478|P86479|P86481|P86480|P86496,PRR20D,729246
P86478|P86479|P86481|P86480|P86496,PRR20C,729240
P86478|P86479|P86481|P86480|P86496,PRR20E,729250
Q7Z4W3,KRTAP19-3,337970
Q3KP22,C11orf85,283129
Q5W5X9,TTC23,64927
Q9NYA3,GOLGA6A,342096
Q86SG2,ANKRD23,200539
Q8TC20,CAGE1,285782
O15060,ZBTB39,9880
Q2M3C6,C15orf27,123591
Q6A163,KRT39,390792
P17023,ZNF19,7567
Q9BQA5,HINFP,25988
Q3KNS6,ZNF829,374899
A4D2B0,MBLAC1,255374
Q96FT9,IFT43,112752
Q96G27,WBP1,23559
Q494R4,CCDC153,283152
Q08493,PDE4C,5143
Q9UDX3,SEC14L4,284904
Q8IYS1,PM20D2,135293
Q53TS8,ALS2CR11,151254
Q8N5J4,SPIC,121599
Q8WYK0,ACOT12,134526
Q8IVA1,PCP2,126006
Q15735,INPP5J,27124
Q9Y5Y7,LYVE1,10894
Q86WI0,LHFPL1,340596
Q8NEG2,C7orf57,136288
Q7Z3I7,ZNF572,137209
Q3LI72,KRTAP19-5,337972
Q6PI77,BHLHB9,80823
Q9BRQ3,NUDT22,84304
P31512,FMO4,2329
Q9BXI2,SLC25A2,83884
P60602,ROMO1,140823
Q9NZE8,MRPL35,51318
Q17RD7,SYT16,83851
Q96QR1,SCGB3A1,92304
Q96BM0,IFI27L1,122509
Q9UMS0,NFU1,27247
Q96A11,GAL3ST3,89792
Q53QW1,C2orf57,165100
-,HIATL2,84278
-,NCBP2-AS2,152217
P78358,CTAG1B,1485
P78358,CTAG1A,246100
Q96L08,SUSD3,203328
Q8WWR8,NEU4,129807
Q9UIG4,PSORS1C2,170680
-,MGC50722,399693
P57086,SCAND1,51282
P60328,KRTAP12-3,386683
Q8IVJ1,SLC41A1,254428
P54849,EMP1,2012
P48230,TM4SF4,7104
Q6UWT4,C5orf46,389336
Q5J8X5,MS4A13,503497
Q9BXJ5,C1QTNF2,114898
Q5JR12,PPM1J,333926
A6NJZ7,RIMBP3C,150221
A8MW99,MEI4,101928601
Q9P2M1,LRP2BP,55805
Q9UPQ4,TRIM35,23087
Q9BVN2,RUSC1,23623
Q0VD86,INCA1,388324
Q8IZ63,PRR22,163154
Q96Q77,CIB3,117286
Q8NEY4,ATP6V1C2,245973
Q9Y247,FAM50B,26240
Q96S90,LYSMD1,388695
Q8N9N8,EIF1AD,84285
Q9H322,VCX2,51480
P31274,HOXC9,3225
Q8TB03,CXorf38,159013
Q5TBC7,BCL2L15,440603
A0AV02,SLC12A8,84561
Q8NHY3,GAS2L2,246176
Q99990,VGLL1,51442
Q8IUN9,CLEC10A,10462
Q9NTX9,FAM217B,63939
P55771,PAX9,5083
P0CG21,NHLRC4,283948
Q9NUG4,CCM2L,140706
Q9HAP6,LIN7B,64130
Q6PID6,TTC33,23548
Q9H079,KATNBL1,79768
Q9P2X3,IMPACT,55364
Q6NTE8,C5orf45,51149
O43679,LDB2,9079
Q9NZD4,AHSP,51327
Q9BX10,GTPBP2,54676
Q8IUB9,KRTAP19-1,337882
Q3SYF9,KRTAP19-7,337974
Q13360,ZNF559-ZNF177,100529215
Q8IUC3,KRTAP7-1,337878
Q9BYD5,CNFN,84518
Q8WTU2,SSC4D,136853
P35452,HOXD12,3238
Q96LM6,TEX37,200523
Q8IUC1,KRTAP11-1,337880
Q6NVV7,CDPF1,150383
Q8TAZ6,CMTM2,146225
Q96CE8,TM4SF18,116441
Q6ZT21,TMPPE,643853
Q9NSU2,TREX1,11277
O95484,CLDN9,9080
B2RUZ4,SMIM1,388588
P63215,GNG3,2785
Q86Y78,LYPD6,130574
P01282,VIP,7432
Q96PQ1,SIGLEC12,89858
A6NC98,CCDC88B,283234
Q8IUY3,GRAMD2,196996
Q8IV31,TMEM139,135932
A6NEM1,GOLGA6L9,440295
Q9H400,LIME1,54923
P43631|P43628,KIR2DL3,3804
Q9UBK5,HCST,10870
Q2M2E3,ODF4,146852
Q8TBE3,FNDC9,408263
Q7Z6M3,MILR1,284021
Q9BSY9,DESI2,51029
Q9BU20,RSG1,79363
Q9Y225,RNF24,11237
Q8N4M1,SLC44A3,126969
Q6PEW1,ZCCHC12,170261
Q6ZPD8,DGAT2L6,347516
Q9Y5R4,HEMK1,51409
Q12950,FOXD4,2298
Q8N895,ZNF366,167465
Q14129,DGCR6,8214
Q14D33,RTP5,285093
Q9H1P6,C20orf85,128602
Q9BRT3,MIEN1,84299
Q8N9W6,BOLL,66037
Q96HH6,TMEM19,55266
Q6P1K1,SLC48A1,55652
P14061,HSD17B1,3292
A6NGQ2,OOEP,441161
Q13515,BFSP2,8419
Q9NS00,C1GALT1,56913
Q13651,IL10RA,3587
P27352,GIF,2694
P19397,CD53,963
Q8IXB3,TUSC5,286753
Q9P0B6,CCDC167,154467
Q8IY26,PPAPDC2,403313
Q16873,LTC4S,4056
P04280,PRB1,5542
Q8NHW4,CCL4L2,9560
A0PJX4,SHISA3,152573
Q6UWD8,C16orf54,283897
A7MD48,SRRM4,84530
Q86Y33,CDC20B,166979
Q99819,ARHGDIG,398
Q8TDQ1,CD300LF,146722
Q5MJ09,SPANXN3,139067
Q5MJ10,SPANXN2,494119
Q6P9G4,TMEM154,201799
Q8NI22,MCFD2,90411
P0CK97,SLC35E2,9906
Q8TAB5,C1orf216,127703
Q8NCY6,MSANTD4,84437
Q96LT6,C1orf74,148304
Q9NPB3,CABP2,51475
O00526,UPK2,7379
P78383,SLC35B1,10237
Q8TBM7,TMEM254,80195
Q8N6F1,CLDN19,149461
Q8N912,C14orf180,400258
Q5QGT7,RTP2,344892
P0DJD7,PGA4,643847
Q86YV0,RASAL3,64926
Q8TBH0,ARRDC2,27106
P30039,PBLD,64081
Q9BVV2,C20orf195,79025
Q96FJ0,STAMBPL1,57559
Q8WXB1,METTL21A,151194
Q96EG3,ZNF837,116412
Q96NL3,ZNF599,148103
Q99633,PRPF18,8559
Q96H86,ZNF764,92595
Q86XF7,ZNF575,284346
Q5T619,ZNF648,127665
O15442,MPPED1,758
Q9UJ04,TSPYL4,23270
P59910,DNAJB13,374407
Q96PV4,PNMA5,114824
Q6IPX1|Q6DHY5,LOC101060321,101060321
-,TBC1D3K,101060351
-,TBC1D3,729873
-,TBC1D3B,414059
-,TBC1D3C,414060
Q8IYX1,TBC1D21,161514
Q5SWW7,C10orf55,414236
Q17RB0,FAM127C,441518
A8MXD5,GRXCR1,389207
Q8TBZ8,ZNF564,163050
Q9UKW6,ELF5,2001
Q92966,SNAPC3,6619
-,THSD7B,80731
P78329,CYP4F2,8529
P51687,SUOX,6821
P24592,IGFBP6,3489
Q4LDR2,CTXN3,613212
Q96P31,FCRL3,115352
Q96P66,GPR101,83550
A6NM10,AQP12B,653437
P34972,CNR2,1269
A8MZ59,LEUTX,342900
Q9NV29,TMEM100,55273
Q6PEY1,TMEM88,92162
Q96MV1,TMEM56,148534
P35548,MSX2,4488
Q7Z7H3,CATIP,375307
Q8NFR7,CCDC148,130940
B3EWG5|B3EWG6|B3EWG4|B3EWG3,FAM25A,643161
B3EWG5|B3EWG6|B3EWG4|B3EWG3,FAM25G,100133093
P07510,CHRNG,1146
Q6ZWK4,C1orf186,440712
B3EWG5|B3EWG6|B3EWG4|B3EWG3,FAM25C,644054
Q8IU89,CERS3,204219
Q96SA4,SERINC2,347735
P34981,TRHR,7201
Q8N661,TMEM86B,255043
-,LOC100507537,100507537
Q96M91,CFAP53,220136
A5D8V7,CCDC151,115948
Q9H2S5,RNF39,80352
P0CB47,UBTFL1,642623
Q53FE4,C4orf17,84103
P42830,CXCL5,6374
Q4LEZ3,AARD,441376
Q8NDC4,MORN4,118812
A8MTQ0,NOTO,344022
Q96G04,EEF2KMT,196483
O95834,EML2,24139
Q6P9H5,GIMAP6,474344
Q2T9L4,C15orf59,388135
Q8TDV0,GPR151,134391
Q2M3R5,SLC35G1,159371
Q8WWP7,GIMAP1,170575
P13236,CCL4,6351
Q9BSW2,CRACR2A,84766
Q5VZ52,MORN5,254956
P50458,LHX2,9355
Q9Y458,TBX22,50945
P31249,HOXD3,3232
Q4VXA5,KHDC1,80759
Q9H5F2,C11orf1,64776
O60806,TBX19,9095
Q9UBX0,HESX1,8820
Q3SY46,KRTAP13-3,337960
P49356,FNTB,2342
A4D1S5,RAB19,401409
Q9UID6,ZNF639,51193
Q9UGQ2,CACFD1,11094
Q9NZD1,GPRC5D,55507
Q9Y2J0,RPH3A,22895
Q8TDW5,SYTL5,94122
Q8N129,CNPY4,245812
Q8IYD9,C18orf54,162681
Q8WTX9,ZDHHC1,29800
Q5T686,AVPI1,60370
O15535,ZSCAN9,7746
Q9UHG0,DCDC2,51473
Q5JUW0,KRBOX4,55634
Q96N77,ZNF641,121274
Q16082,HSPB2,3316
Q6ZNG0,ZNF620,253639
Q9BTD3,TMEM121,80757
Q2NL98,VMAC,400673
-,HSPB2-C11orf52,100528019
Q8NAP8,ZBTB8B,728116
Q96PH6,DEFB118,117285
Q9BXJ0,C1QTNF5,114902
Q9H7M9,C10orf54,64115
Q53FP2,TMEM35,59353
Q96DZ7,TM4SF19,116211
Q13113,PDZK1IP1,10158
Q8WZ55,BSND,7809
Q8TBP5,FAM174A,345757
Q9BQ89,FAM110A,83541
Q15915,ZIC1,7545
Q9H3M0,KCNF1,3754
P53539,FOSB,2354
Q96KN4,FAM84A,151354
Q9NRX6,TMEM167B,56900
P55056,APOC4,346
P48745,NOV,4856
P43356,MAGEA2B,266740
P43356,MAGEA2,4101
Q8N7E2,ZNF645,158506
A2RU48,SMCO3,440087
-,NHSL2,340527
Q4VC12,MSS51,118490
Q96KN8,HRASLS5,117245
Q86UU5,GGN,199720
Q6NT55,CYP4F22,126410
Q6ZVE7,GOLT1A,127845
Q9BXU9,CALN1,83698
Q9BTE6,PTGES3L-AARSD1,100885850
Q6ZRT6,PRR23B,389151
Q9NS25,SPANXB1,728695
P16930,FAH,2184
O75093,SLIT1,6585
O43593,HR,55806
Q9UIG5,PSORS1C1,170679
Q9BZ67,FRMD8,83786
P49638,TTPA,7274
O95935,TBX18,9096
P28676,GCA,25801
P17024,ZNF20,7568
Q0D2K3,RIPPLY1,92129
Q9NQ94,A1CF,29974
A6NI15,MSGN1,343930
Q8IYX3,CCDC116,164592
Q96LM5,C4orf45,152940
Q5JUK2,SOHLH1,402381
P17027,ZNF23,7571
Q5T0L3,C1orf111,284680
A6NNX1,RIIAD1,284485
A6NFD8,HELT,391723
Q7L945,ZNF627,199692
O95759,TBC1D8,11138
Q9HAK2,EBF2,64641
Q08AG5,ZNF844,284391
A5LHX3,PSMB11,122706
O15482,TEX28,1527
O00501,CLDN5,7122
O14843,FFAR3,2865
Q8NCL9,APCDD1L,164284
O15243,LEPROT,54741
Q96PF1,TGM7,116179
A1A5D9,CCDC64B,146439
Q8NBI2,CYB561A3,220002
Q9BQD7,FAM173A,65990
Q8WXI4,ACOT11,26027
Q9NQ30,ESM1,11082
Q6ZNG9,KRBA2,124751
Q3SXR2,C3orf36,80111
Q96KD3,FAM71F1,84691
Q6ZQW0,IDO2,169355
Q9H503,BANF2,140836
Q14656,TMEM187,8269
Q7Z6Z6,PNPLA5,150379
Q9P127,LUZP4,51213
Q9UQ03,CORO2B,10391
Q04756,HGFAC,3083
Q9UBW5,BIN2,51411
Q96NZ8,WFIKKN1,117166
Q9NS82,SLC7A10,56301
Q14117,DPYS,1807
Q6PF15,KLHL35,283212
Q9UQ53,MGAT4B,11282
Q17RW2,COL24A1,255631
A6NHP3,SPDYE2B,100310812
Q05952,TNP2,7142
Q495Y8,SPDYE2,441273
Q5I0X4,C6orf226,441150
P58549,FXYD7,53822
Q9H239,MMP28,79148
Q7RTU1,TCF23,150921
-,ZRSR1,7310
Q15415,RBMY1J,378951
Q9H1H1,GTSF1L,149699
Q8N1M1,BEST3,144453
Q16134,ETFDH,2110
A6H8Z2,FAM221B,392307
P13500,CCL2,6347
P35711,SOX5,6660
Q8NCN2,ZBTB34,403341
A6NKF2,ARID3C,138715
Q96C74,ROPN1L,83853
Q6L8G8,KRTAP5-7,440050
Q8WVI7,PPP1R1C,151242
Q16385,SSX2B,727837
O95196,CSPG5,10675
Q9NVL1,FAM86C1,55199
Q16348,SLC15A2,6565
P52742,ZNF135,7694
Q52MB2,CCDC184,387856
Q7Z6I5,SPATA12,353324
Q5JTZ5,C9orf152,401546
O60269,GPRIN2,9721
Q8WW18,C17orf50,146853
Q9BUA6,MYL10,93408
Q9UPM6,LHX6,26468
Q96PJ5,FCRL4,83417
Q8TAG6,C8orf46,254778
Q8WYQ4,C22orf15,150248
P07498,CSN3,1448
Q6RVD6,SPATA8,145946
Q7Z713,ANKRD37,353322
Q8TC17,GRAPL,400581
Q6ZNM6,TEX43,389320
Q9UPV7,KIAA1045,23349
Q32M84,BTBD16,118663
Q9UHL3,FAM153A,285596
-,FAM153B,202134
P0CW23,C18orf42,642597
Q5RL73,RBM48,84060
Q6JEL2,KLHL10,317719
Q96B49,TOMM6,100188893
P02585,TNNC2,7125
Q6P2D0,ZFP1,162239
A6NGS2,ERICH4,100170765
Q9P0W5,SCHIP1,29970
Q8IWL8,STH,246744
Q9BPW4,APOL4,80832
Q96G42,KLHDC7B,113730
Q8NBB4,ZSCAN1,284312
Q9BUT1,BDH2,56898
Q96LI6,HSFY2,159119
Q14863,POU6F1,5463
Q8IV45,UNC5CL,222643
Q9GZV7,HAPLN2,60484
Q7Z7C7,STRA8,346673
Q92748,THRSP,7069
Q8WU58,FAM222B,55731
Q8IXL7,MSRB3,253827
-,PRR5-ARHGAP8,553158
Q8N443,RIBC1,158787
Q02747,GUCA2A,2980
Q6BDI9,REP15,387849
Q8WVP5,TNFAIP8L1,126282
Q9Y4F9,FAM65B,9750
Q9UJW3,DNMT3L,29947
Q6XD76,ASCL4,121549
Q06413,MEF2C,4208
Q8WXK1,ASB15,142685
Q9NZI2,KCNIP1,30820
P46439,GSTM5,2949
Q96IM9,DYDC2,84332
Q8NFV4,ABHD11,83451
O94829,IPO13,9670
Q9UGK8,SERGEF,26297
Q5T013,HYI,81888
Q5W0N0,C9orf57,138240
Q6UWQ7,IGFL2,147920
P57059,LOC102724428,102724428
Q01638,IL1RL1,9173
P34810,CD68,968
Q8WZ59,TMEM190,147744
Q9Y2C3,B3GALT5,10317
Q6UVW9,CLEC2A,387836
Q5MY95,ENTPD8,377841
A0PK11,CLRN2,645104
Q9BQS2,LOC102724488,102724488
Q92915,FGF14,2259
Q9BWX5,GATA5,140628
O60336,MAPKBP1,23005
O95947,TBX6,6911
Q4VX76,SYTL3,94120
Q5GFL6,VWA2,340706
Q16595,FXN,2395
Q9NQ76,MEPE,56955
Q6X4W1,NSMF,26012
Q8IW92,GLB1L2,89944
O43820,HYAL3,8372
Q3MIV0,KRTAP22-1,337979
A1A580,KRTAP23-1,337963
Q08AH1,ACSM1,116285
Q5TFG8,ZC2HC1B,153918
Q9H706,GAREM,64762
Q86UY5,FAM83A,84985
Q86V42,FAM124A,220108
P13378,HOXD8,3234
Q6ZS10,CLEC17A,388512
Q6ZU52,KIAA0408,9729
Q9C0C6,CIPC,85457
Q9Y330,ZBTB12,221527
Q7RTU7,SCX,642658
Q9Y303,AMDHD2,51005
Q86VF2,IGFN1,91156
Q6BCY4,CYB5R2,51700
Q8IVS8,GLYCTK,132158
Q96EZ4,MYEOV,26579
Q9NZ81,PRR13,54458
O95865,DDAH2,23564
Q9NQ33,ASCL3,56676
Q9Y5J6,TIMM10B,26515
Q7Z3H0,ANKRD33,341405
Q5T5S1,CCDC183,84960
Q9H987,SYNPO2L,79933
Q16655,MLANA,2315
Q9BWQ8,FAIM2,23017
Q9NP86,CABP5,56344
Q9H8K7,C10orf88,80007
Q9BUY5,ZNF426,79088
P11086,PNMT,5409
Q9NS75,CYSLTR2,57105
Q96M61,MAGEB18,286514
Q495X7,TRIM60,166655
P33764,S100A3,6274
Q6ZNE9,RUFY4,285180
Q5JTD7,LRRC73,221424
O75506,HSBP1,3281
Q8NC24,RELL2,285613
P0DMP2,SRGAP2B,647135
Q16626,MEA1,4201
Q9H2I8,C10orf11,83938
Q9H4T2,ZSCAN16,80345
Q8N966,ZDHHC22,283576
Q6ZMK1,CYHR1,50626
Q8NBD8,TMEM229B,161145
P59542,TAS2R19,259294
Q9BZW4,TM6SF2,53345
Q9P2W3,GNG13,51764
Q8WU39,MZB1,51237
Q3LI59,KRTAP21-2,337978
Q6ZUX7,LHFPL2,10184
Q9H2S9,IKZF4,64375
A0PJW8,DAPL1,92196
Q8WW14,C10orf82,143379
Q8NEQ6,C1orf64,149563
P59942,MCCD1,401250
Q6PRD7,CEMP1,752014
-,LOC100505478,100505478
Q86UC2,RSPH3,83861
Q9NU63,ZFP57,346171
Q96PP4,TSGA13,114960
Q86YT5,SLC13A5,284111
P51800,CLCNKA,1187
Q8NCA9,ZNF784,147808
Q8N7F7,UBL4B,164153
-,LOC100131303,100131303
Q8WW36,ZCCHC13,389874
P28222,HTR1B,3351
A8MYP8,ODF3B,440836
Q9NQ34,TMEM9B,56674
Q5BKT4,ALG10,84920
P07101,TH,7054
Q9BSU1,C16orf70,80262
Q5VYS4,MEDAG,84935
Q6UXF1,TMEM108,66000
Q96HP4,OXNAD1,92106
Q8IW00,VSTM4,196740
Q5H9J9,TCP11X2,100996648
Q9UQK1,PPP1R3C,5507
P07451,CA3,761
O75425,MOSPD3,64598
Q9Y530,OARD1,221443
Q8NFK1,GJC3,349149
Q8N112,LSMEM2,132228
P58317,ZNF121,7675
P06681,C2,717
Q5T1Q4,SLC35F1,222553
Q9BQ51,PDCD1LG2,80380
Q9H0Q3,FXYD6-FXYD2,100533181
P04808,RLN1,6013
Q9NVF9,ETNK2,55224
Q14584,ZNF266,10781
Q6VB84,FOXD4L3,286380
Q9UBH0,IL36RN,26525
Q9NPG8,ZDHHC4,55146
P25024,CXCR1,3577
O14490,DLGAP1,9229
Q6UWP2,DHRS11,79154
Q8IWY8,ZSCAN29,146050
Q9UNY5,ZNF232,7775
Q96N95,ZNF396,252884
Q86W11,ZSCAN30,100101467
Q8N3J3,C17orf53,78995
Q01851,POU4F1,5457
Q8IVP9,ZNF547,284306
Q6VB85|Q8WXT5,FOXD4L4,349334
A1L168,C20orf202,400831
Q9BUY7,EFCAB11,90141
Q9BYP8,KRTAP17-1,83902
O75690,KRTAP5-8,57830
P78348,ASIC1,41
Q6UWW9,TMEM207,131920
P16619,CCL3L3,414062
Q9Y2B1,TMEM5,10329
Q5JRM2,CXorf66,347487
O00626,CCL22,6367
Q96HA9,PEX11G,92960
P09466,PAEP,5047
O75106,AOC2,314
Q9NWF4,SLC52A1,55065
P20292,ALOX5AP,241
Q9UBM1,PEMT,10400
Q99674,CGREF1,10669
Q96JF0,ST6GAL2,84620
Q9Y5Q5,CORIN,10699
Q07326,PIGF,5281
Q6ZSM3,SLC16A12,387700
Q5SWH9,TMEM69,51249
Q96CP7,TLCD1,116238
Q7Z6L0,PRRT2,112476
Q14210,LY6D,8581
Q96ES6,MFSD3,113655
Q9NS71,GKN1,56287
Q5GH77,XKR3,150165
Q8N8Q1,CYB561D1,284613
Q8IVQ6,ZDHHC21,340481
P81534,DEFB103A,414325
P81534,DEFB103B,55894
Q8NEW7,TMIE,259236
Q8NET1,DEFB108B,245911
P01350,GAST,2520
A6NDP7,MYADML2,255275
Q68G75,LEMD1,93273
Q02161,RHD,6007
E9PQX1,TMEM262,100130348
Q6ZNB7,AGMO,392636
Q8TAC9,SCAMP5,192683
O75920,SERF1B,728492
Q8N357,SLC35F6,54978
O95125,ZNF202,7753
Q8TAC1,RFESD,317671
P69892,HBG2,3048
Q86VI1,EXOC3L1,283849
Q96LB9,PGLYRP3,114771
Q6NUJ2,C11orf87,399947
A8K8V0,ZNF785,146540
P48788,TNNI2,7136
P51449,RORC,6097
P10745,RBP3,5949
Q96KS9,FAM167A,83648
Q96GT9,XAGE2,9502
Q8WTP9,XAGE3,170626
Q6PIV2,FOXR1,283150
Q6NT46,GAGE2A,729447
Q13068,GAGE1,2543
P0CL81|P0CL80|O76087|P0CL82,GAGE12G,645073
-,GAGE10,102724473
-,GAGE12J,729396
Q4V326,GAGE2E,26749
Q13066,GAGE2C,2574
P01189,POMC,5443
Q9BXL8,CDCA4,55038
Q96L46,CAPNS2,84290
Q92949,FOXJ1,2302
O43704,SULT1B1,27284
Q6IMI6,SULT1C3,442038
Q86UT5,PDZD3,79849
Q9NRY7,PLSCR2,57047
Q96EL1,FAM212A,389119
Q8IYJ0,PIANP,196500
Q9NWW7,C2orf42,54980
O95460,MATN4,8785
Q9ULW6,NAP1L2,4674
Q9P2Z0,THAP10,56906
Q8N1W2,ZNF710,374655
Q9Y2B9,PKIG,11142
Q8TDF6,RASGRP4,115727
Q96PU9,ODF3,113746
Q86WS4,C12orf40,283461
Q8NEP4,C17orf47,284083
Q96LZ3,PPP3R2,5535
O15266,SHOX,6473
Q9NR55,BATF3,55509
Q9NSA1,FGF21,26291
A1E959,ODAM,54959
Q5W111,SPRYD7,57213
Q96D98,EID2B,126272
Q8N8Z8,ZNF441,126068
P0CW19|P0CW20,LIMS3L,100288695
P0CW19|P0CW20,LIMS3,96626
Q8NCR6,C9orf24,84688
Q7Z769,SLC35E3,55508
Q8N7P3,CLDN22,53842
Q8IWE2,FAM114A1,92689
P02489,LOC102724652,102724652
O43610,SPRY3,10251
Q8IYN2,TCEAL8,90843
Q9Y5U9,IER3IP1,51124
Q86Z23,C1QL4,338761
A0PK05,TMEM72,643236
-,LOC102723553,102723553
Q03923,ZNF85,7639
P62760,VSNL1,7447
Q9NV39,PRR34,55267
B1ATL7,PRR32,100130613
-,BOLA2-SMG1P6,107282092
Q6Q788,APOA5,116519
O95971,CD160,11126
Q6AZW8,ZNF660,285349
Q6ZN57,ZFP2,80108
O95167,NDUFA3,4696
Q5SYC1,CLVS2,134829
O15389,SIGLEC5,8778
Q9BR01,SULT4A1,25830
Q8WVR3,C7orf43,55262
P13284,IFI30,10437
O75712,GJB3,2707
O75783,RHBDL1,9028
O14520,AQP7,364
Q0D2K0,NIPAL4,348938
Q7RTS5,OTOP3,347741
Q9NTQ9,GJB4,127534
Q99500,S1PR3,1903
Q14773,ICAM4,3386
P15018,LIF,3976
O60259,KLK8,11202
Q96MM6,HSPA12B,116835
Q9BX59,TAPBPL,55080
Q96S42,NODAL,4838
A5D8T8,CLEC18A,348174
Q8WUU8,TMEM174,134288
Q9UHI7,SLC23A1,9963
Q8NEG0,FAM71C,196472
A6NJB7,PRR19,284338
Q7RTU4,BHLHA9,727857
A4QMS7,C5orf49,134121
Q9BQY6,WFDC6,140870
Q8WU10,PYROXD1,79912
Q9BS18,ANAPC13,25847
Q9NYK6,C21orf91,54149
Q8N3Z3,GTPBP8,29083
Q2NL68,PROSER3,148137
Q9NR21,PARP11,57097
Q96M69,LRGUK,136332
Q9BQE6,LBHD1,79081
Q9UBN6,TNFRSF10D,8793
Q5XKR9,FAM104B,90736
Q96PL5,ERMAP,114625
Q6P656,C15orf26,161502
Q8TAV5,C11orf45,219833
Q5SSQ6,SAPCD1,401251
Q71RC9,SMIM5,643008
P0CV98|Q01534,TSPY3,728137
P0CV98|Q01534,TSPY10,100289087
Q9UJ71,CD207,50489
Q9BY50,SEC11C,90701
Q2HXU8,CLEC12B,387837
Q9UBD6,RHCG,51458
Q9UGI6,KCNN3,3782
Q95460,MR1,3140
Q6UWN5,LYPD5,284348
Q9NWC5,TMEM45A,55076
P60508,ERVFRD-1,405754
O00534,VWA5A,4013
P98095,FBLN2,2199
Q8WXK4,ASB12,142689
Q5R3K3,FAM26F,441168
Q96GM1,LPPR2,64748
O95859,TSPAN12,23554
Q5T700,LDLRAD1,388633
Q9Y3S2,ZNF330,27309
Q9BZM5,ULBP2,80328
Q96DX8,RTP4,64108
Q6UXU6,TMEM92,162461
Q96KT7,SLC35G5,83650
Q9BXU3,TEX13A,56157
Q8N7B9,EFCAB3,146779
Q96LL4,C8orf48,157773
P17041,ZNF32,7580
Q09FC8,ZNF415,55786
P51504,ZNF80,7634
Q6PF04,ZNF613,79898
Q9UK11,ZNF223,7766
Q86UD7,TBC1D26,353149
P21506,ZNF10,7556
Q96NJ3,ZNF285,26974
Q13351,KLF1,10661
Q9UHL0,DDX25,29118
Q9H2F9,CCDC68,80323
Q6ZUS5,CCDC121,79635
Q96MN5,TCEANC2,127428
Q9UJD0,RIMS3,9783
P32321,DCTD,1635
Q96BT7,ALKBH8,91801
Q53S33,BOLA3,388962
Q9NR81,ARHGEF3,50650
Q9BPY8,HOPX,84525
Q86Y79,PTRH1,138428
Q9P2J8,ZNF624,57547
Q96HJ5,MS4A3,932
Q8IYM1,SEPT12,124404
Q60I27,ALS2CL,259173
Q9BPX7,C7orf25,79020
P0C264,SBK3,100130827
Q969X1,TMBIM1,64114
O00219,HAS3,3038
Q96B21,TMEM45B,120224
A0PJX0,CIB4,130106
Q5I0X7,TTC32,130502
Q8TCB6,OR51E1,143503
Q9Y2M2,SSUH2,51066
Q86UB2,BIVM,54841
Q9NZS2,KLRF1,51348
Q8N114,SHISA5,51246
Q96DD7,SHISA4,149345
Q3B7S5,SMIM21,284274
P59536,TAS2R41,259287
Q6UXY1,BAIAP2L2,80115
Q2VPA4,CR1L,1379
Q8IX19,MCEMP1,199675
Q86VI4,LAPTM4B,55353
Q9BUW7,C9orf16,79095
Q8N8Q1,CYB561D1,284613
A6NMD0,IFITM10,402778
Q7RTS5,OTOP3,347741
Q9H0Q3,FXYD6-FXYD2,100533181
-,MGC50722,399693
Q86VQ6,TXNRD3,114112
-,NBPF19,101060226
Q86UP9,LHFPL3,375612
Q13360,ZNF559-ZNF177,100529215
Q7RTS6,OTOP2,92736
E9PQX1,TMEM262,100130348
A1L168,C20orf202,400831
A8MW99,MEI4,101928601
A8MV81,HIGD1C,613227
Q7RTU4,BHLHA9,727857
Q8NES8,DEFB124,245937
C9JCN9,HSBP1L1,440498
-,KCNJ18,100134444
Q86T20,C6orf1,221491
B3EWG5|B3EWG6|B3EWG4|B3EWG3,FAM25C,644054
Q14626,IL11RA,3590
Q5H9J9,TCP11X2,100996648
P0CG21,NHLRC4,283948
Q7Z4W3,KRTAP19-3,337970
Q8TB05,UBALD1,124402
P35520,LOC102724560,102724560
-,LOC100507537,100507537
Q8IYT1,FAM71A,149647
Q9NRR2,TPSG1,25823
P41271,MINOS1-NBL1,100532736
Q8TEZ7,PAQR8,85315
Q96NJ6,ZFP3,124961
Q9BZI1,IRX2,153572
Q8IUC3,KRTAP7-1,337878
P54710,FXYD2,486
O60235,TMPRSS11D,9407
Q96PD5,PGLYRP2,114770
Q8IUB5,WFDC13,164237
Q86TD4,SRL,6345
Q5DT21,SPINK9,643394
P10163,PRB4,5545
E0CX11,C7orf73,647087
P0C264,SBK3,100130827
A6NCL1,GMNC,647309
Q5VWC8,PTPLAD2,401494
P0CW19|P0CW20,LIMS3L,100288695
Q4G0S7,CCDC152,100129792
Q9UJW7,ZNF229,7772
Q76KX8,ZNF534,147658
Q6UVW9,CLEC2A,387836
Q4LEZ3,AARD,441376
Q6ZNM6,TEX43,389320
Q8N1D0,SLC22A18AS,5003
Q8IZF3,GPR115,221393
P52823,STC1,6781
Q8TBZ9,C7orf62,219557
P07988,SFTPB,6439
Q8N4B4,FBXO39,162517
Q8NFP0,PXT1,222659
Q3KRA6,C2orf76,130355
Q8NHB8,OR5K2,402135
A6NNX1,RIIAD1,284485
Q96J87,CELF6,60677
P49674,LOC400927-CSNK1E,102800317
P52741,ZNF134,7693
Q6UWV7,FAM159A,348378
Q8TF47,ZFP90,146198
Q86XR2,FAM129C,199786
Q6IPX1|Q6DHY5,LOC101060321,101060321
-,HSPB2-C11orf52,100528019
Q5FWF7,FBXO48,554251
Q9BQS2,LOC102724488,102724488
Q86X19,TMEM17,200728
Q7Z5S9,TMEM144,55314
Q6UW88,EPGN,255324
Q8TAG6,C8orf46,254778
P0DJD7,PGA4,643847
Q96LB0,MRGPRX3,117195
P16619,CCL3L3,414062
Q6ZNR0,TMEM91,641649
A2RTY3,HEATR9,256957
O95484,CLDN9,9080
A8MUP2,METTL12,751071
A6NGQ2,OOEP,441161
Q96LK8,SPATA32,124783
Q6ZR52,ZNF493,284443
-,LOC100505478,100505478
P57059,LOC102724428,102724428
Q7Z4H9,FAM220A,84792
-,LOC100507462,100507462
Q8IXY8,PPIL6,285755
Q9BPV8,P2RY13,53829
Q86X51,CXorf67,340602
Q9NRC9,OTOR,56914
Q7Z7B8,DEFB128,245939
Q9GZQ6,NPFFR1,64106
Q6NT46,GAGE2A,729447
Q9UN88,GABRQ,55879
Q6ZV65,FAM47E-STBD1,100631383
A4QMS7,C5orf49,134121
Q8NDB6,FAM156B,727866
Q8TDN7,ACER1,125981
Q5QJU3,ACER2,340485
Q6DN72,FCRL6,343413
Q9UD57,NKX1-2,390010
Q8WW18,C17orf50,146853
Q6NT55,CYP4F22,126410
Q96RI9,TAAR9,134860
Q8TBQ9,TMEM167A,153339
B3SHH9,TMEM114,283953
-,C5orf56,441108
Q30KQ5,DEFB115,245929
Q16538,GPR162,27239
P17030,ZNF25,219749
Q86SI9,C5orf38,153571
O94856,NFASC,23114
Q8N8I0,SAMD12,401474
Q2L4Q9,PRSS53,339105
Q5GJ75,TNFAIP8L3,388121
Q7Z6W1,TMCO2,127391
Q8NCL9,APCDD1L,164284
P0CH99,ZNF705D,728957
Q5U649,C12orf60,144608
A6NGS2,ERICH4,100170765
Q6ZVN8,HFE2,148738
O75310,UGT2B11,10720
Q96RA2,OR7D2,162998
Q8N1Q1,CA13,377677
Q6P0A1,FAM180B,399888
Q8IWZ4,TRIM48,79097
A6NEQ0,RBMY1E,378950
B1ATL7,PRR32,100130613
Q96M53,TBATA,219793
-,GOLGA8K,653125
O75690,KRTAP5-8,57830
O60422,ONECUT3,390874
O60224,SSX4B,548313
Q8N4Z0,RAB42,115273
Q96B33,CLDN23,137075
-,CXorf51A,100129239
-,CXorf51B,100133053
P0CV98|Q01534,TSPY10,100289087
P01233,CGB8,94115
-,CLEC19A,728276
Q6UWQ7,IGFL2,147920
A5LHX3,PSMB11,122706
P0DMB1|E9PI22,PRR23D1,100131608
P0DMB1|E9PI22,PRR23D2,100133251
Q8NET1,DEFB108B,245911
Q8N319,C6orf223,221416
Q8NH93,OR1L3,26735
Q96RD1,OR6C1,390321
Q7Z713,ANKRD37,353322
Q5GAN4,RNASE12,493901
Q6Q8B3,CD200R1L,344807
Q5FWF6,ZNF789,285989
Q8N813,C3orf56,285311
-,TBC1D3K,101060351
-,TBC1D3C,414060
Q8IUQ0,CLVS1,157807
O14718,RRH,10692
Q5R3K3,FAM26F,441168
Q8TD35,LKAAEAR1,198437
Q7Z7B7,DEFB132,400830
Q14585,ZNF345,25850
Q8IWT1,SCN4B,6330
-,GS1-259H13.2,100289187
A6NE82,MBD3L3,653657
H3BU77,CCDC179,100500938
Q8NG35,DEFB105A,245908
Q8NG35,DEFB105B,504180
Q8NGH7,OR52L1,338751
P0CG24,ZNF883,169834
Q8N0U4,FAM185A,222234
Q8IW03,SIAH3,283514
Q8N7G0,POU5F2,134187
Q6UWE3,CLPSL2,389383
Q4G0G5,SCGB2B2,284402
-,LOC102723553,102723553
P01906,HLA-DQA2,3118
Q8NGN3,OR10G4,390264
H3BRN8,C15orf65,145788
Q8TD33,SCGB1C2,653486
Q6ZN32,ETV3L,440695
Q6IEY1,OR4F16,81399
Q6IEY1,OR4F29,729759
-,MEG3,55384
Q8N7A1,KLHDC1,122773
Q9H7M6,ZSWIM4,65249
A8MV24,C17orf98,388381
-,FER1L4,80307
-,IGKV2D-28,28883
-,LRRC53,100144878
O75795,UGT2B17,7367
-,MROH2A,339766
-,DNM1P34,729809
Q8N823,ZNF611,81856
O94769,ECM2,1842
-,IQCA1P1,392843
-,LOC728763,728763
-,LINC00523,283601
Q8WXQ3,C14orf183,196913
-,NCF1C,654817
Q6UXZ4,UNC5D,137970
Q68CQ1,MROH7,374977
Q9H6V9,C2orf43,60526
Q8N999,C12orf29,91298
-,RPS4XP21,126235
Q17RN3,FAM98C,147965
-,LOC401010,401010
-,RPL23AP53,644128
-,MT1IP,644314
-,LOC644961,644961
-,LOC646644,646644
-,LOC727896,727896
-,LOC100129492,100129492
-,LGTN,100529141
-,YWHAEP7,284100
-,LINC01451,401561
Q86YL5,TDRP,157695
-,FBXL19-AS1,283932
Q8NA31,CCDC79,283847
-,LOC260334,260334
-,LINC00668,400643
-,MIR188,406964
-,IGKV1-33,28933
-,IGKV1D-33,28896
-,IGKV1-17,28937
-,IGKV1D-12,28903
-,IGKV3-20,28912
-,IGLV1-47,28822
-,IGLV3-19,28797
-,IGKV3-15,28913
-,IGKV1-39,28930
-,IGLV1-44,28823
-,IGLV1-51,28820
O43374,RASA4,10156
P01042,KNG1,3827
-,IGHG4,3503
-,IGLV3-19,28797
Q6PIF2,SYCE2,256126
Q15080,NCF4,4689
I6L899,GOLGA8R,101059918
Q0VD83,APOBR,55911
P24557,TBXAS1,6916
Q86XR7,TICAM2,353376
-,IGKV2-28,28921
-,IGLC2,3538
Q96EM0,L3HYPDH,112849
P14902,IDO1,3620
Q8TE99,PXYLP1,92370
-,KRT8P3,728638
Q8WWZ3,EDARADD,128178
Q96RW7,HMCN1,83872
Q9HBF4,ZFYVE1,53349
-,IGLC6,3542
-,H19,283120
-,HOTAIRM1,100506311
-,LRRC75A-AS1,125144
-,MIR100HG,399959
-,THUMPD3-AS1,440944
Q9UL51,HCN2,610
Q9BQ83,SLX1A,548593
P0C7U3,ZDHHC11B,653082
O00408,PDE2A,5138
-,PCAT1,100750225
Q6ZVX9,PAQR9,344838
-,A3GALT2,127550
Q9BYW3,DEFB126,81623
Q9Y3B3|Q86XR7,TMED7-TICAM2,100302736
Q5VZ46,KIAA1614,57710
E9PQ53,NDUFC2-KCTD14,100532726
-,TMEM14D,645203
-,DDX12P,440081
Q7Z5L3,C1QL2,165257
Q14863,POU6F1,5463
Q8N4K4,RPRML,388394
O43246,SLC7A4,6545
Q8N7S6,ARIH2OS,646450
Q15111,PLCL1,5334
Q7RTY7,OVCH1,341350
Q3C1V8,BSX,390259
Q6UX68,XKR5,389610
Q8TE57,ADAMTS16,170690
Q9H720,CWH43,80157
Q7Z4L9,PPP1R42,286187
Q6ZTR5,CXorf22,170063
Q92623,TTC9,23508
Q9H341,OR51M1,390059
Q6DHV5,CC2D2B,387707
Q68CR7,LRRC66,339977
Q6P9F0,CCDC62,84660
Q6ZN92,LOC100506422,100506422
Q5T742,C10orf25,220979
Q96J66,ABCC11,85320
Q9ULD8,KCNH3,23416
-,WASH4P,374677
Q7Z7L9,ZSCAN2,54993
Q8NDY8,TMEM52,339456
Q587J7,TDRD12,91646
Q96RD6,PANX2,56666
Q8NHC7,OR14C36,127066
Q8IXE1,OR4N5,390437
Q9Y2D9,ZNF652,22834
Q6Q759,SPAG17,200162
Q8NB66,UNC13C,440279
Q05C16,LRRC63,220416
Q6TFL3,CCDC171,203238
Q14714,SSPN,8082
Q9NSA2,KCND1,3750
Q2WGJ9,FER1L6,654463
Q9NRM1,ENAM,10117
Q15619,OR1C1,26188
Q2M3W8,ZNF181,339318
Q8NFZ6,VN1R2,317701
Q8IZF2,GPR116,221395
Q7Z408,CSMD2,114784
Q6PIF6,MYO7B,4648
Q13018,PLA2R1,22925
Q86Z14,KLB,152831
Q8N3T6,TMEM132C,92293
Q8IVJ8,C3orf35,339883
Q8NH61,OR51F2,119694
Q8NH79,OR6X1,390260
-,UBTFL6,643615
Q96PP9,GBP4,115361
Q9NZQ8,TRPM5,29850
-,TAAR3,9288
Q8NH54,OR56A3,390083
Q3SY52,ZIK1,284307
Q8NGI9,OR5A2,219981
-,SSX9,280660
Q8NEL0,CCDC54,84692
-,ZNF788,388507
Q8N7Z5,ANKRD31,256006
Q96L96,ALPK3,57538
P29536,LMOD1,25802
Q6ZP01,RBM44,375316
P59045,NLRP11,204801
Q9BZ81,MAGEB5,347541
P17032,ZNF37A,7587
Q2TV78,MST1L,11223
Q8NA66,CNBD1,168975
Q8N819,PPM1N,147699
Q6NV74,KIAA1211L,343990
Q86UP6,CUZD1,50624
Q9BXB7,SPATA16,83893
Q6ZUB1,SPATA31E1,286234
P53420,COL4A4,1286
Q5T089,MORN1,79906
Q8NA47,CCDC63,160762
-,ZNF840P,100130863
Q9H7R0,ZNF442,79973
Q8NH48,OR5B3,441608
Q6UXZ0,TMIGD1,388364
Q8NGC6,OR4K17,390436
Q96DM1,PGBD4,161779
Q96DY2,IQCD,115811
Q5TIE3,VWA5B1,127731
Q9NRD9,DUOX1,53905
Q6ZWK6,TMPRSS11F,389208
Q8IZF7,GPR111,222611
Q9H6B1,ZNF385D,79750
-,REXO1L1P,254958
-,RPL37AP8,644338
Q96NK8,NEUROD6,63974
Q9H4B0,OSGEPL1,64172
-,TRIM64C,646754
Q96PN6,ADCY10,55811
Q8NGE9,OR9Q2,219957
Q6DN14,MCTP1,79772
Q86XS5,ANGPTL5,253935
Q9H2Y9,SLCO5A1,81796
Q8WYK1,CNTNAP5,129684
Q86U17,SERPINA11,256394
Q8N4P6,LRRC71,149499
Q495T6,MMEL1,79258
-,NBPF20,100288142
Q5VTL7,FNDC7,163479
-,SYNJ2BP-COX16,100529257
Q7Z7K0,CMC1,152100
P57737,CORO7-PAM16,100529144
Q6ZP98,C16orf47,388289
-,METTL21EP,121952
Q9NXZ1,SAGE1,55511
-,FAM228B,375190
C9J069,C9orf172,389813
O75264,SMIM24,284422
Q6UXD1,HRCT1,646962
P0C221,CCDC175,729665
Q8IZM8,ZNF654,55279
Q99928,GABRG3,2567
Q9P2N4,ADAMTS9,56999
A0AUZ9,KANSL1L,151050
Q8N2I2,ZNF619,285267
Q6ZN11,ZNF793,390927
Q8WVI0,SMIM4,440957
Q6P9A1,ZNF530,348327
Q9C0B9,ZCCHC2,54877
Q96MI9,AGBL1,123624
Q86UK0,ABCA12,26154
Q6QHC5,DEGS2,123099
Q30KQ2,DEFB130,245940
-,LOC100133091,100133091
-,LOC399491,399491
Q8NH70,OR4A16,81327
Q8NGA0,OR7G1,125962
Q9NXL6,SIDT1,54847
A6NKL6,TMEM200C,645369
-,ZNF487,642819
Q9H7R5,ZNF665,79788
Q9HB15,KCNK12,56660
O43812|Q96PT3,DUX1,26584
Q9UBX2,DUX4,100288687
-,FAM205CP,100129969
Q9NYB5,SLCO1C1,53919
Q8NGM1,OR4C15,81309
P34982,OR1D2,4991
P15538,CYP11B1,1584
-,HNRNPCL4,101060301
P17213,BPI,671
-,MYO1H,283446
P0C7U0,ELFN1,392617
A6NI47,POTEM,641455
Q5VTH9,WDR78,79819
Q8N7U6,EFHB,151651
Q9UPP2,IQSEC3,440073
-,MSLNL,401827
Q9H7T0,CATSPERB,79820
-,NPIPB15,440348
Q8NH87,OR9G1,390174
-,TPT1P8,59347
Q8IZT8,HS3ST5,222537
Q9HCE9,ANO8,57719
P14410,SI,6476
Q6ZST4,LCNL1,401562
Q14CN2,CLCA4,22802
Q86TL2,TMEM110,375346
P47898,HTR5A,3361
Q08828,ADCY1,107
Q96CH1,GPR146,115330
P27539,GDF1,2657
Q8NBV4,PPAPDC3,84814
Q17RC7,EXOC3L4,91828
Q8N0Y3,OR4N4,283694
-,TRIM75P,391714
B1AJZ9,FHAD1,114827
Q96DC8,ECHDC3,79746
A6NHY2,ANKDD1B,728780
Q9Y2G9,SBNO2,22904
O15050,TRANK1,9881
A6NGH7,CCDC160,347475
-,LOC285423,285423
Q9NQ90,ANO2,57101
O00634,NTN3,4917
O15499,GSC2,2928
Q9BYL1,SAMD10,140700
Q3ZCU0,LOC100506127,100506127
A4D2H0,CTAGE15,441294
Q08477,CYP4F3,4051
Q685J3,MUC17,140453
-,IGHV3-33,28434
Q5T5A4,C1orf194,127003
C9JL84,HHLA1,10086
-,ERVFC1-1,346547
Q5TAA0,TTC22,55001
Q49A17,GALNTL6,442117
Q9Y543,HES2,54626
-,LACTBL1,646262
Q68DN1,C2orf16,84226
P38567,SPAM1,6677
Q8N119,MMP21,118856
Q9BZZ2,SIGLEC1,6614
Q6ZUU3,FOXL2NB,401089
P13985,HRES1,3272
-,PSMG3-AS1,114796
P17038,ZNF43,7594
O95838,GLP2R,9340
Q8WU66,TSPEAR,54084
Q6PCB6,ABHD17C,58489
Q7RTU9,STRC,161497
-,LINC00887,100131551
-,GOLGA2P5,55592
-,LINC00905,148231
-,MGC27345,157247
-,AKR1C8P,340811
Q8WW27,APOBEC4,403314
Q8N7J2,AMER2,219287
B8ZZ34,SHISA8,440829
-,RRN3P2,653390
-,LOC392364,392364
-,ALOX12P2,245
O95965,ITGBL1,9358
-,SMA4,11039
-,SNORD43,26807
Q6IWH7,ANO7,50636
-,LOC100499484-C9ORF174,57653
-,ANP32A-IT1,80035
-,SNORD35B,84546
Q8IZU9,KIRREL3,84623
-,SNHG12,85028
-,LINC00263,90271
Q96GE6,CALML4,91860
-,SERHL,94009
Q8IVW8,SPNS2,124976
-,LOC148696,148696
-,GNAS-AS1,149775
Q8WY50,PLAC4,191585
-,SRRM3,222183
Q8IX30,SCUBE3,222663
Q7RTT9,SLC29A4,222962
-,HCG27,253018
A6NCS6,C2orf72,257407
-,LOC283335,283335
-,LOC284454,284454
-,HNRNPU-AS1,284702
-,LOC285696,285696
A8MQB3,C17orf51,339263
Q6ZV56,C22orf34,348645
Q7Z410,TMPRSS9,360200
-,SLC7A5P2,387254
C9JI98,TMEM238,388564
Q9HBF5,ST20,400410
-,MIRLET7BHG,400931
-,LOC401052,401052
-,HOXB-AS3,404266
-,MIR17HG,407975
-,LOC440300,440300
-,LOC440910,440910
-,LINC00602,441177
Q5BIV9,SPRN,503542
-,LOC643201,643201
-,LOC646762,646762
-,HNRNPA1P10,664709
-,SCARNA17,677769
-,SNORA61,677838
-,MIR612,693197
-,OIP5-AS1,729082
-,LOC729732,729732
Q538Z0,LUZP6,767558
-,SNHG8,100093630
A6NCJ1,C19orf71,100128569
-,ZNF37BP,100129482
-,PP14571,100130449
-,PSORS1C3,100130889
-,KDM4A-AS1,100132774
-,LOC100133315,100133315
-,LOC100190986,100190986
-,LOC100288637,100288637
-,GNG12-AS1,100289178
-,FTX,100302692
-,LOC100505666,100505666
-,HOTAIRM1,100506311
-,LOC100506990,100506990
-,SLFNL1-AS1,100507178
-,LOC100507373,100507373
-,SDCBP2-AS1,100507495
-,RAB4B-EGLN2,100529264
-,PPT2-EGFL8,100532746
-,RTEL1-TNFRSF6B,100533107
Q6ZTI6,ZNF664-FAM101A,100533183
-,SENP3-EIF4A1,100533955
-,HOXA10-HOXA9,100534589
-,STX16-NPEPL1,100534593
-,LOC100630923,100630923
-,ST20-AS1,283687
-,DUSP5P1,574029
-,FDPSP2,619190
-,LINC00894,100272228
-,SERPINB9P1,221756
Q5H9M0,MUM1L1,139221
-,OVCH2,341277
A6NK58,LIPT2,387787
A6NHS7,MANSC4,100287284
Q7Z449,CYP2U1,113612
P51160,PDE6C,5146
Q969E4,TCEAL3,85012
-,TRAJ56,28699
-,CCNYL2,414194
-,LYPLA2P1,653639
-,HULC,728655
-,CASC9,101805492
Q17RY6,LY6K,54742
-,MIR769,768217
-,SPAG5-AS1,100506436
Q0WX57,USP17L24,728369
Q7L0X0,TRIL,9865
A8MZ36,EVPLL,645027
Q9Y575,GPR75-ASB3,100302652
-,LOC100133669,100133669
O43155,FLRT2,23768
-,ZC3H11B,643136
-,MIR140,406932
-,IGHV1-45,28466
-,MIR299,407023
-,LINC00467,84791
Q9UPX0,IGSF9B,22997
-,MIR30C1,407031
-,MIR139,406931
-,MIR324,442898
-,MIR375,494324
-,MIR204,406987
-,MIR127,406914
-,MIR4688,100616368
-,LINC00511,400619
-,LOC100506797,100506797
Q6ZMT9,DTHD1,401124
Q15846,CLUL1,27098
-,IGKV2D-26,28884
-,IGKV2-29,28920
-,IGKV2D-30,28881
-,IGKV2-28,28921
B1ANS9,WDR64,128025
P0C851,PIRT,644139
Q4VNC1,ATP13A4,84239
Q6P5Q4,LMOD2,442721
Q7Z2Q7,LRRC70,100130733
Q8IZU2,WDR17,116966
-,RRP7B,91695
A0AVI2,FER1L5,90342
A5PLN7,FAM149A,25854
-,LINC01549,100505929
Q15269,LOC102724159,102724159
Q6PIV7,SLC25A34,284723
-,LINC00299,339789
Q8N614,TMEM156,80008
-,OR52P1P,81248
-,MIR216A,406998
-,MIR3118-1,100423008
-,HTR5BP,645694
-,LOC145837,145837
A6NIK2,LRRC10B,390205
P0C7M7,ACSM4,341392
Q08AH3,ACSM2A,123876
-,RPL26P32,400055
-,FDPSP4,2228
-,WTH3DI,150786
-,IGHV1-46,28465
-,CDC14C,168448
Q6ZMT4,KDM7A,80853
O95025,SEMA3D,223117
Q6NT89,TRNP1,388610
Q7L211,ABHD13,84945
O60931,CTNS,1497
-,DRD5P2,1818
-,INE1,8552
-,SNORD28,9300
P78411,IRX5,10265
Q9H3T3,SEMA6B,10501
-,SNORD80,26774
-,SNORD58B,26790
-,SNORD58A,26791
-,SNORD42A,26809
-,SNORD55,26811
-,IGF2-AS,51214
Q0VD83,APOBR,55911
Q9ULL8,SHROOM4,57477
Q96MZ0,GDAP1L1,78997
Q9H9H5,MAP6D1,79929
H0YL14,C9orf69,90120
B2RD01,CENPBD1,92806
Q86V40,TRABD2A,129293
Q96NR3,PTCHD1,139411
-,LOC154449,154449
-,LINC00964,157381
Q8NFW1,COL22A1,169044
-,CASC2,255082
-,NAPSB,256236
-,IL21R-AS1,283888
-,WEE2-AS1,285962
O43861,ATP9B,374868
-,LBX1-AS1,399806
-,MIR100HG,399959
Q8N812,C12orf76,400073
A6PVY3,FAM177B,400823
-,MIRLET7F2,406889
-,MIR10B,406903
-,MIR132,406921
-,MIR152,406943
-,MIR183,406959
-,MIR203A,406986
-,MIR26B,407017
-,MIR30A,407029
-,MIR30B,407030
-,MIR92A1,407048
-,MIR323A,442897
-,MIR326,442900
-,MIR331,442903
-,MIR484,619553
-,SNORD87,641648
-,LOC642943,642943
-,USP46-AS1,643783
-,SCDP1,645313
-,LINC00273,649159
-,FLJ38576,651430
P0C7U1,ASAH2B,653308
-,MLLT4-AS1,653483
-,SCARNA2,677766
-,SCARNA7,677767
-,SCARNA4,677771
-,SCARNA11,677780
-,SNORA7B,677797
-,SNORA14A,677801
-,SNORA26,677810
-,SNORD69,692109
-,GOLGA6L7P,728310
Q5JXM2,METTL24,728464
-,GTF2IRD1P1,729156
-,RPS15P5,729789
-,MIR454,768216
-,SNORD58C,100124516
-,MIR877,100126314
-,MIR190B,100126346
-,LINC00910,100130581
-,CECR5-AS1,100130717
-,HOXA-AS3,100133311
Q6UX52,C17orf99,100141515
-,LINC00092,100188953
B7Z1M9,C2CD4D,100191040
-,LOC100289511,100289511
-,LOC100294362,100294362
-,MIR1275,100302123
-,MIR1292,100302138
-,MIR1301,100302246
-,BRE-AS1,100302650
-,RNY5P1,100379666
-,MIR3187,100422854
-,MIR3677,100500812
Q9P0W5,IQCJ-SCHIP1,100505385
-,LOC100506548,100506548
-,MIR4634,100616202
-,MIR5010,100847046
-,RNA5SP53,100873291
-,RNA5-8SP3,100873334
-,RNA5SP103,100873374
-,RNA5SP115,100873385
-,RNA5SP117,100873387
-,RNA5SP359,100873618
-,RNA5SP452,100873697
-,LOC101928464,101928464
-,CASC18,101929110
-,LOC102724539,102724539
O95406,CNIH1,10175
-,RNU3P1,6068
Q5T601,GPR110,266977
-,MIR182,406958
Q149M9,NWD1,284434
Q15858,SCN9A,6335
-,MIR101-2,406894
-,FMR1-AS1,100126270
-,IGHV3-64D,102723170
-,NKAPP1,158801
-,IGHV1-18,28468
-,LOC100128429,100128429
Q8NGS5,OR13C4,138804
-,IGKV3D-7,28877
A2CJ06,DYTN,391475
A6NL08,OR6C75,390323
B7Z6K7,ZNF814,730051
O43304,SEC14L5,9717
Q96KX2,CAPZA3,93661
Q4ADV7,RIC1,57589
Q96NI8,ZNF570,148268
Q8N8J6,ZNF615,284370
A8MQ14,ZNF850,342892
-,LOC441155,441155
-,RPL36A-HNRNPH2,100529097
Q9NS62,THSD1,55901
O75121,MFAP3L,9848
Q6UW63,KDELC1,79070
Q9UMX5,NENF,29937
Q8TEQ8,PIGO,84720
P62341,SELT,51714
Q9P2K2,TXNDC16,57544
Q86X53,ERICH1,157697
Q8IZ73,RPUSD2,27079
Q5JPH6,EARS2,124454
Q9NU23,LYRM2,57226
Q9NRP4,ACN9,57001
Q8IYA6,CKAP2L,150468
Q86YB8,ERO1LB,56605
C9JH25,PRRT4,401399
P52737,ZNF136,7695
Q9UNI1,CELA1,1990
-,IGHG3,3502
Q16653,MOG,4340
Q96LA5,FCRL2,79368
Q99607,ELF4,2000
Q13342,SP140,11262
Q6V702,C4orf22,255119
O95969,SCGB1D2,10647
Q7Z2W7,TRPM8,79054
-,SLC26A4-AS1,286002
-,LOC441178,441178
Q5VWP2,FAM46C,54855
-,LINC01232,102725509
Q7Z7D3,VTCN1,79679
Q13938,CAPS,828
Q9UI43,FTSJ2,29960
Q8WWX9,SELM,140606
Q6UXN8,CLEC9A,283420
Q9P2P1,NYNRIN,57523
Q15696,ZRSR2,8233
-,RPL24P4,377381
Q7Z5H4,VN1R5,317705
-,FAM228B,375190
Q4ZHG4,FNDC1,84624
O00187,MASP2,10747
A6NK06,IRG1,730249
-,IGLV1-47,28822
P28908,TNFRSF8,943
P80370,DLK1,8788
Q13634,CDH18,1016
Q8IW19,APLF,200558
Q8IWT0,ZBTB8OS,339487
Q9BUB7,TMEM70,54968
Q9H158,PCDHAC1,56135
Q9NQ03,SCRT2,85508
Q9NRX5,SERINC1,57515
Q9Y600,CSAD,51380
Q8N283,ANKRD35,148741
Q8TCD1,C18orf32,497661
Q96GS6,ABHD17A,81926
Q9C0E4,GRIP2,80852
Q6ZVL6,KIAA1549L,25758
-,CACTIN-AS1,404665
Q9NS85,CA10,56934
Q9H1Q7,PCED1A,64773
Q30154,HLA-DRB5,3127
Q9P2E2,KIF17,57576
Q8N660,NBPF15,284565
Q96P71,NECAB3,63941
-,PHC1P1,653441
Q86TH1,ADAMTSL2,9719
Q86VB7,CD163,9332
Q9UBX5,FBLN5,10516
Q9NS15,LTBP3,4054
Q96DN2,VWCE,220001
Q13487,SNAPC2,6618
-,DHRS4L2,317749
Q14515,SPARCL1,8404
Q9NRX3,NDUFA4L2,56901
Q8WUG5,SLC22A17,51310
Q9NY15,STAB1,23166
Q5VUJ5,AGAP7P,653268
Q16538,GPR162,27239
O95965,ITGBL1,9358
O00445,SYT5,6861
Q5HYR2,DMRTC1B,728656
Q96NX9,DACH2,117154
Q99574,SERPINI1,5274
-,FAM83H-AS1,100128338
P21439,ABCB4,5244
-,CENPBD1P1,65996
Q9UMR5,PPT2,9374
Q9UK28,TMEM59L,25789
Q8IYN6,UBALD2,283991
A0PJW6,TMEM223,79064
Q5FWF7,FBXO48,554251
Q8N4S0,CCDC82,79780
Q3ZCX4,ZNF568,374900
O95396,MOCS3,27304
Q8TAW3,ZNF671,79891
Q9H2A2,ALDH8A1,64577
-,LINC00938,400027
Q6ZS82,RGS9BP,388531
Q86VH4,LRRTM4,80059
Q99944,EGFL8,80864
-,STAG3L4,64940
Q96G61,NUDT11,55190
Q6P4D5,FAM122C,159091
-,STARD7-AS1,285033
Q9HBI5,C3orf14,57415
O15528,CYP27B1,1594
-,LINC00909,400657
Q14654,KCNJ11,3767
-,TSPEAR-AS2,114043
Q8TCD6,PHOSPHO2,493911
O00142,TK2,7084
Q15573,TAF1A,9015
Q9UPP2,IQSEC3,440073
Q96AZ1,METTL21B,25895
-,PCOLCE-AS1,100129845
Q9P1V8,SAMD15,161394
Q8N159,NAGS,162417
Q7Z7L8,C11orf96,387763
-,NUTM2A-AS1,728190
C9JC47,FAM157A,728262
P26436,ACRV1,56
Q86W47,KCNMB4,27345
Q567V2,MPV17L2,84769
P59510,ADAMTS20,80070
Q86TL2,TMEM110,375346
Q13536,C1orf61,10485
P98169,ZXDB,158586
B2CW77,KLLN,100144748
Q96QU6,ACCS,84680
-,LOC643201,643201
Q99766,ATP5S,27109
Q96HH4,TMEM169,92691
Q5HY98,ZNF766,90321
Q53FT3,C11orf73,51501
Q12901,ZNF155,7711
Q9UJ37,ST6GALNAC2,10610
Q14442,PIGH,5283
Q9GZQ3,COMMD5,28991
Q96EX2,RNFT2,84900
Q9BY76,ANGPTL4,51129
-,DNAJC3-AS1,100289274
-,TRAM2-AS1,401264
Q6ZT52,FAM43B,163933
Q9NUR3,TMEM74B,55321
-,SIK3-IT1,100874315
-,KRT8P12,90133
-,ZSCAN16-AS1,100129195
Q8IZS6,TCTE3,6991
Q86XD5,FAM131B,9715
Q52M93,ZNF585B,92285
Q7L1T6,CYB5R4,51167
Q9UP65,PLA2G4C,8605
-,ABCA17P,650655
Q96RE9,ZNF300,91975
Q8TDD5,MCOLN3,55283
C9JUS6,ADM5,199800
Q8WXB4,ZNF606,80095
P0C6T2,OST4,100128731
-,GPR50-AS1,100128688
Q7Z5Y6,BMP8A,353500
-,LINC00649,100506334
Q629K1,TRIQK,286144
Q8IZM8,ZNF654,55279
-,KRT43P,100418861
Q8NB59,SYT14,255928
Q96B18,DACT3,147906
P09629,HOXB7,3217
Q9H7T3,C10orf95,79946
Q8IZP7,HS6ST3,266722
Q9BZG2,ACPT,93650
-,TRIM52-AS1,100507602
Q09327,MGAT3,4248
Q309B1,TRIM16L,147166
Q7Z3Z4,PIWIL4,143689
Q9NQV8,PRDM8,56978
-,KRT18P31,646723
Q9Y215,COLQ,8292
P61296,HAND2,9464
Q8NFB2,TMEM185A,84548
Q8IVF1,NUTM2A,728118
Q9BYG0,B3GNT5,84002
Q401N2,ZACN,353174
-,DPY19L2P3,442524
Q7Z402,TMC7,79905
Q8IWT1,SCN4B,6330
-,LINC00537,203274
Q9H3U5,MFSD1,64747
-,LINC00086,399668
Q86VD9,PIGZ,80235
Q6NY19,KANK3,256949
F8WBI6,GOLGA8N,643699
-,CASP16,197350
-,LINC00472,79940
-,LINC01024,100505636
Q10586,DBP,1628
Q96A04,TSACC,128229
-,USP2-AS1,100499227
-,SNHG5,387066
O75764,TCEA3,6920
-,PRKCQ-AS1,439949
B1AKI9,ISM1,140862
Q5SRI9,MANEA,79694
Q96CK0,ZNF653,115950
H3BQW9,FAM229A,100128071
-,AKR7L,246181
Q9NPI0,TMEM138,51524
Q8WVF1,OSCP1,127700
-,STAG3L5P,101735302
P31268,HOXA7,3204
-,SCOC-AS1,100129858
-,DGCR9,25787
A6NFX1,MFSD2B,388931
Q6QHF9,PAOX,196743
-,TMCC1-AS1,100507032
O95900,TRUB2,26995
-,PSMD6-AS2,100507062
Q96K31,C8orf76,84933
Q9NR33,POLE4,56655
-,LINC00998,401397
B4DU55,ZNF879,345462
-,NFYC-AS1,100130557
Q9BSY4,CHCHD5,84269
-,LINC00308,54143
-,LOC729867,729867
Q96H78,SLC25A44,9673
P14621,ACYP2,98
-,SOX21-AS1,100507533
Q12889,OVGP1,5016
-,LINC00311,197196
Q6IQ20,NAPEPLD,222236
Q9NQX1,PRDM5,11107
-,TUBBP5,643224
Q8IVW1,ARL17A,51326
Q8TAP8,PPP1R35,221908
A8MTJ6,FOXI3,344167
Q96NI6,LRFN5,145581
O95415,BRI3,25798
P29275,ADORA2B,136
-,LINC01547,84536
-,HNRNPH1P1,100132803
P51693,APLP1,333
Q9NVR7,TBCCD1,55171
Q9H841,NIPAL2,79815
Q92617,NPIPB3,23117
Q8N1Q1,CA13,377677
-,HLA-L,3139
-,ENPP7P4,100421816
Q9NYW6,TAS2R3,50831
Q9BS91,SLC35A5,55032
O43772,SLC25A20,788
-,CKMT2-AS1,100131067
O95989,NUDT3,11165
Q6ZN44,UNC5A,90249
-,EIF3FP1,54053
Q9H1U9,SLC25A51,92014
Q8NAC3,IL17RC,84818
O15335,CHAD,1101
A5PLL1,ANKRD34B,340120
Q7Z442,PKD1L2,114780
-,LINC01158,100506421
Q6NWY9,PRPF40B,25766
-,FAUP1,140623
P55089,UCN,7349
Q2VPJ9,LRRC75B,388886
Q8IVC4,ZNF584,201514
O14657,TOR1B,27348
Q5T953,IER5L,389792
-,LOC100996437,100996437
Q75V66,ANO5,203859
-,AK4P1,206
-,DGKZP1,400126
Q9Y6H8,GJA3,2700
Q8TC26,TMEM163,81615
Q9Y6K8,AK5,26289
P55283,CDH4,1002
Q86TA1,MOB3B,79817
P78367,NKX3-2,579
-,PHKA1P1,646780
Q6L9T8,FAM72D,728833
Q86TN4,TRPT1,83707
Q96A84,EMID1,129080
P48742,LHX1,3975
Q8TCY9,URGCP,55665
-,SERBP1P5,442112
Q96EY9,ADAT3,113179
O60779,SLC19A2,10560
Q9Y2P7,ZNF256,10172
Q9H479,FN3K,64122
Q68DN1,C2orf16,84226
-,LINC01234,100506465
P05181,CYP2E1,1571
Q8IXF0,NPAS3,64067
P57073,SOX8,30812
Q96A58,RERG,85004
-,NR2F2-AS1,644192
Q7Z5W3,BCDIN3D,144233
Q5VTL7,FNDC7,163479
P0CG32,ZCCHC18,644353
P01233,CGB7,94027
Q9NT22,EMILIN3,90187
Q96PD7,DGAT2,84649
Q8N307,MUC20,200958
-,DICER1-AS1,400242
Q9P2G3,KLHL14,57565
-,ZNF487,642819
Q9UQ05,KCNH4,23415
Q7L3B6,CDC37L1,55664
P0CG34|P0CG35,TMSB15B,286527
-,PRKAR2A-AS1,100506637
O43854,EDIL3,10085
Q9Y5C1,ANGPTL3,27329
-,ZNF66,7617
Q5SZD1,C6orf141,135398
B2RXH4,BTBD18,643376
Q7Z6K1,THAP5,168451
Q8IX07,ZFPM1,161882
-,TNRC18P1,644962
-,DIRC3,729582
P35318,ADM,133
Q9ULE3,DENND2A,27147
-,C21orf62-AS1,54067
Q9H228,S1PR5,53637
O15342,ATP6V0E1,8992
Q8NEM8,AGBL3,340351
Q6P9A1,ZNF530,348327
Q96CB5,C8orf44,56260
-,MIR4500HG,642345
-,LOC101927359,101927359
Q5T5J6,SWT1,54823
-,MATN1-AS1,100129196
P22309,UGT1A1,54658
-,ACT,389036
Q6NUM9,RETSAT,54884
Q9H1C7,CYSTM1,84418
Q5TGI4,SAMD5,389432
Q6MZM0,HEPHL1,341208
Q96SQ9,CYP2S1,29785
Q5HYK9,ZNF667,63934
Q9H9Y4,GPN2,54707
-,LOC100996747,100996747
A7E2F4,GOLGA8A,23015
Q12851,MAP4K2,5871
Q8NCH0,CHST14,113189
Q9ULQ0,STRIP2,57464
A6NHZ5,LRRC14B,389257
A6NKQ9,CGB1,114335
-,IGKV2D-28,28883
Q92876,KLK6,5653
Q9UKU6,TRHDE,29953
Q8IZK6,MCOLN2,255231
P11511,CYP19A1,1588
-,HSP90AB6P,541611
-,TRBV13,28574
A3QJZ6,PRAMEF22,653606
Q9UBI4,STOML1,9399
Q3MIX3,ADCK5,203054
Q96DT6,ATG4C,84938
O94830,DDHD2,23259
Q96FC9,DDX11,1663
Q147X3,NAA30,122830
P47895,ALDH1A3,220
Q9BVM2,DPCD,25911
O75679,RFPL3,10738
Q9UBS3,DNAJB9,4189
-,MIR1180,100302256
-,MIR27B,407019
Q4UJ75,ANKRD20A4,728747
Q8N972,ZNF709,163051
Q9H336,CRISPLD1,83690
-,IGLC6,3542
P51161,FABP6,2172
P14207,FOLR2,2350
O43174,CYP26A1,1592
P0CW00,TSPY8,728403
Q68D06,SLFN13,146857
-,PCDHB18,54660
Q6ZT52,FAM43B,163933
Q9UKP4,ADAMTS7,11173
Q8IVU1,IGDCC3,9543
O75346,ZNF253,56242
Q8N7N1,FAM86B1,85002
Q9BZE2,PUS3,83480
Q8N8U9,BMPER,168667
Q9Y5E5,PCDHB4,56131
Q9Y5F8,PCDHGB7,56099
Q8TE59,ADAMTS19,171019
Q6NUJ1,PSAPL1,768239
Q96LW1,ZNF354B,117608
Q9Y644,RFNG,5986
O75373,ZNF737,100129842
-,GOLGA8CP,729786
Q9UN66,PCDHB8,56128
Q9Y5E1,PCDHB9,56127
P51689,ARSD,414
A6NMD2,GOLGA8J,653073
A6NKU9,SPDYE3,441272
P0CF97,FAM200B,285550
P31512,FMO4,2329
-,GOLGA6L6,727832
Q6IEE7,TMEM132E,124842
Q5VZ19,TDRD10,126668
Q8NG77,OR2T12,127064
Q9NY84,VNN3,55350
P08910,ABHD2,11057
-,HSD17B1P1,643646
O43361,ZNF749,388567
-,OR4K3,283617
P31267,HOXA6,3203
Q6S545,POTEH,23784
-,DHRS4L1,728635
Q6NY19,KANK3,256949
Q9C056,NKX6-2,84504
Q9UJA9,ENPP5,59084
Q8NGL6,OR4A15,81328
P01909,LOC100509457,100509457
P61647,ST8SIA6,338596
A6NDE4,RBMY1B,378948
-,FCGR1C,100132417
P03897,ND3,4537
Q5T953,IER5L,389792
Q9H9K5,ERVMER34-1,100288413
Q7Z5Y6,BMP8A,353500
Q9BQR3,PRSS27,83886
Q9HA72,CALHM2,51063
Q96GE5,ZNF799,90576
Q9H6B9,EPHX3,79852
Q5TGP6,MROH9,80133
P51793,CLCN4,1183
P17017,ZNF14,7561
Q8N4L1,TMEM151A,256472
P33763,S100A5,6276
Q9Y2G1,MYRF,745
Q8NB42,ZNF527,84503
O95780,ZNF682,91120
Q8WZ71,TMEM158,25907
Q6UXH9,PAMR1,25891
P0C874,SPATA31D3,389762
Q99527,GPER1,2852
D6R9N7,USP17L18,100287364
-,MEMO1,7795
Q6XZB0,LIPI,149998
-,MIR378A,494327
-,ACTA2-AS1,100132116
-,MIR302A,407028
-,LCN1P1,286310
P00813,ADA,100
O95837,GNA14,9630
P69849,NOMO3,408050
Q8TAB3,PCDH19,57526
Q96MH6,TMEM68,137695
Q9BT88,SYT11,23208
P06858,LPL,4023
Q8N4H5,TOMM5,401505
Q9Y5G0,PCDHGB5,56101
O43424,GRID2,2895
Q6IEE7,TMEM132E,124842
Q9UN70,PCDHGC3,5098
O43301,HSPA12A,259217
Q8N573,OXR1,55074
Q96Q42,ALS2,57679
Q6NUM6,TYW1B,441250
Q9Y5P1,OR51B2,79345
Q9H6Q3,SLA2,84174
Q16621,NFE2,4778
Q96RJ3,TNFRSF13C,115650
P34949,MPI,4351
-,EEF1B2P5,442227
Q9H0V1,TMEM168,64418
O43598,DNPH1,10591
P30046|A6NHG4,DDTL,100037417
Q8WWF6,DNAJB3,414061
Q6EEV6,SUMO4,387082
Q8IXH6,TP53INP2,58476
O95302,FKBP9,11328
Q99784,OLFM1,10439
Q9Y2G5,POFUT2,23275
Q9H4F1,ST6GALNAC4,27090
Q86V85,GPR180,160897
Q6NUT3,MFSD12,126321
-,ST13P5,144106
-,ATP5EP2,432369
Q96GW9,MARS2,92935
P50440,GATM,2628
Q5VST6,ABHD17B,51104
O43657,TSPAN6,7105
-,SNORD15B,114599
-,SNORA24,677809
-,SNORA75,654321
-,SNORA64,26784
Q9UND3,NPIPA1,9284
Q9NZW4,DSPP,1834
Q9NYQ8,FAT2,2196
Q2WGN9,GAB4,128954
Q6PEZ8,PODNL1,79883
-,C3P1,388503
-,ZNF66,7617
P0CG40,SP9,100131390
Q5KSL6,DGKK,139189
P02810,PRH2,5555
-,SNORD19B,100113381
-,AFD1,171
-,MYRFL,196446
Q8IYP2,PRSS58,136541
Q15760,GPR19,2842
A8MTJ6,FOXI3,344167
A6NCC3,GOLGA8O,728047
Q7RTY9,PRSS41,360226
-,GLUD1P3,2749
-,LINC00339,29092
-,SNHG7,84973
-,LINC01268,285758
Q49AA0,ZFP69,339559
-,GUSBP4,375513
-,PSMA3-AS1,379025
O60290,ZNF862,643641
-,LOC728743,728743
-,LINC00847,729678
-,LOC100129917,100129917
-,LOC100287015,100287015
-,SH3BP5-AS1,100505696
-,TTN-AS1,100506866
-,NNT-AS1,100652772
O60811,PRAMEF2,65122
Q5SRN2,C6orf10,10665
-,ATP6V1G2-DDX39B,100532737
Q9BQP9,BPIFA3,128861
-,POM121B,100288540
Q8N6I4,TMEM251,26175
-,RHPN2P1,646090
-,IGHV4-4,28401
-,IGKV2-24,28923
Q96L42,KCNH8,131096
-,IGHV1OR15-1,388077
-,DTX2P1-UPK3BP1-PMS2P11,441263
Q9P0W0,IFNK,56832
P27144,LOC100507855,100507855
-,C4orf50,389197
-,MIR1236,100302242
-,MUC19,283463
Q4VNC0,ATP13A5,344905
-,EEF1E1-BLOC1S5,100526837
-,IGHV3-7,28452
Q6ZW33,MICALCL,84953
Q8NH40,OR6S1,341799
Q14520,HABP2,3026
-,IGHV3-73,28409
-,IGHV1-69,28461
Q5JVX7,C1orf141,400757
-,IGHV3-15,28448
Q5VZ72,IZUMO3,100129669
-,LINC01553,283025
-,IGHV3OR16-8,388255
-,IGHV3-66,28412
Q15928,ZNF141,7700
Q96ND8,ZNF583,147949
B4DU55,ZNF879,345462
A6NM28,ZFP92,139735
-,CT45A6,541465
P0CG34|P0CG35,TMSB15A,11013
Q6ZNA5,FRRS1,391059
Q5XG99,LYSMD4,145748
Q9HBF5,ST20,400410
Q9Y5E7,PCDHB2,56133
Q8TF44,C2CD4C,126567
Q8IU99,CALHM1,255022
P06127,CD5,921
-,TDRD15,100129278
Q8TE57,ADAMTS16,170690
Q6JVE9,LCN8,138307
Q9UBU2,DKK2,27123
Q8WZ79,DNASE2B,58511
Q86WI1,PKHD1L1,93035
Q8TD91,MAGEC3,139081
Q6UXS9,CASP12,100506742
P15328,FOLR1,2348
Q8TE67,EPS8L3,79574
Q9BR09,NEURL2,140825
-,HCG11,493812
Q8IV42,PSTK,118672
-,TRIM52-AS1,100507602
Q8NFJ8,BHLHE22,27319
-,LCA10,643736
Q5VZ66,JAKMIP3,282973
-,IGKV1-16,28938
P98168,ZXDA,7789
P23409,MYF6,4618
-,PTPRQ,374462
Q5JUX0,SPIN3,169981
Q9BXU1,STK31,56164
P59666,DEFA3,1668
Q9Y6F7,CDY2B,203611
-,GOLGA6L1,283767
P40313,CTRL,1506
-,IGKV2D-29,28882
Q5R3I4,TTC38,55020
O75648,TRMU,55687
O94808,GFPT2,9945
Q3KQV9,UAP1L1,91373
P50225,SULT1A1,6817
Q5JQF8,PABPC1L2A,340529
Q16773,CCBL1,883
Q9H9V9,JMJD4,65094
-,IGKV2-24,28923
P38571,LIPA,3988
-,FBLL1,345630
Q6ZNW5,GDPGP1,390637
P58005,SESN3,143686
Q9HCI5,MAGEE1,57692
Q96FB5,RRNAD1,51093
P00488,F13A1,2162
Q9UJK0,TSR3,115939
Q9Y664,KPTN,11133
-,CCNYL2,414194
Q7RTW8,OTOA,146183
Q9NTG1,PKDREJ,10343
Q13275,SEMA3F,6405
Q9NYQ8,FAT2,2196
Q6ZSI9,CAPN12,147968
Q9HB55,CYP3A43,64816
-,FAM45B,55855
P54803,GALC,2581
Q86VW2,ARHGEF25,115557
Q5VYM1,C9orf131,138724
Q8TCX1,DYNC2LI1,51626
Q6A555,TXNDC8,255220
P0C0E4,RAB40AL,282808
Q8TE56,ADAMTS17,170691
P51511,MMP15,4324
Q9BTV6,DPH7,92715
-,PDPK2P,653650
Q96KX1,C4orf36,132989
Q8NH93,OR1L3,26735
A6NM28,ZFP92,139735
Q96MK3,FAM20A,54757
Q6IC83,C22orf42,150297
Q15391,P2RY14,9934
Q9UJJ9,GNPTG,84572
Q92562,FIG4,9896
Q5VX52,SPATA1,100505741
Q6NXR0,IRGC,56269
Q7Z3E5,ARMC9,80210
Q9Y5N5,N6AMT1,29104
P23919,DTYMK,1841
Q9BXT2,CACNG6,59285
Q96JD6,AKR1E2,83592
P14550,AKR1A1,10327
Q9H0R4,HDHD2,84064
-,NSUN7,79730
Q4W5G0,TIGD2,166815
Q8WZ75,ROBO4,54538
Q9BQP9,BPIFA3,128861
-,PRAMEF5,343068
Q9NT99,LRRC4B,94030
Q96MH7,C5orf34,375444
O75901,RASSF9,9182
Q16515,ASIC2,40
Q9BYG7,MRO,83876
A8MYJ7,TTC34,100287898
Q4G0S7,CCDC152,100129792
P81133,SIM1,6492
Q495C1,RNF212,285498
Q8WXQ8,CPA5,93979
Q8NFJ8,BHLHE22,27319
Q8WWZ4,ABCA10,10349
Q9BX84,TRPM6,140803
Q5T1H1,EYS,346007
Q8N239,KLHL34,257240
Q8IX30,SCUBE3,222663
Q6ZN28,MACC1,346389
Q6DN14,MCTP1,79772
Q6ZV50,RFX8,731220
Q96MG8,PCMTD1,115294
A8MZ36,EVPLL,645027
Q8N4B4,FBXO39,162517
P17213,BPI,671
Q15617,OR8G1,26494
Q9H1V8,SLC6A17,388662
Q9H207,OR10A5,144124
Q9Y5H4,PCDHGA1,56114
Q8N456,LRRC18,474354
-,CT45A6,541465
Q8IXK2,GALNT12,79695
Q5QJ74,TBCEL,219899
Q8TAV3,CYP2W1,54905
A6NFK2,GRXCR2,643226
Q9H0I9,TKTL2,84076
Q674R7,ATG9B,285973
Q6BEB4,SP5,389058
Q8N9V3,WDSUB1,151525
Q5HY64,FAM47C,442444
Q9UMQ6,CAPN11,11131
Q8NHU2,CFAP61,26074
Q7Z309,FAM122B,159090
P58215,LOXL3,84695
Q8IV04,TBC1D10C,374403
O75364,PITX3,5309
Q96NT5,SLC46A1,113235
Q96FC7,PHYHIPL,84457
Q9NXB9,ELOVL2,54898
Q9H553,ALG2,85365
P48728,AMT,275
Q8NE62,CHDH,55349
Q96CM3,RPUSD4,84881
-,ZFP91-CNTF,386607
Q9NYJ1,COA4,51287
O00748,CES2,8824
Q9BPZ2,SPIN2B,474343
P16662,UGT2B7,7364
P08319,ADH4,127
Q7Z7B0,FILIP1,27145
-,IGKV2D-24,28885
-,IGKV2-29,28920
Q8NET6,CHST13,166012
Q96B70,LENG9,94059
Q99624,SLC38A3,10991
Q8TBM8,DNAJB14,79982
Q8TAD2,IL17D,53342
-,PRAMEF25,441873
P20823,HNF1A,6927
-,IGHV1-45,28466
Q6P3W2,DNAJC24,120526
Q9H6R3,ACSS3,79611
Q9HAH1,ZNF556,80032
Q9P0P8,C6orf203,51250
Q9H633,RPP21,79897
Q8WUR7,C15orf40,123207
P09210,GSTA2,2939
Q86YW0,PLCZ1,89869
Q4G112,HSF5,124535
Q00056,HOXA4,3201
Q8IV56,PRR15,222171
P30990,NTS,4922
O43312,MTSS1,9788
Q06520,SULT2A1,6822
-,PDZK1P2,100034743
Q9NR19,ACSS2,55902
Q86UW7,CADPS2,93664
Q9HCE6,ARHGEF10L,55160
Q6UWM9,UGT2A3,79799
Q9GZP4,PITHD1,57095
P32455,GBP1,2633
Q0P651,C4orf29,80167
Q86WW8,COA5,493753
P08833,IGFBP1,3484
Q9UJL9,ZFP69B,65243
P05156,CFI,3426
Q9HCR9,PDE11A,50940
Q6NS38,ALKBH2,121642
O00570,SOX1,6656
O15370,SOX12,6666
P04733,MT1F,4494
P10646,TFPI,7035
P23677,ITPKA,3706
-,NAMPTP1,646309
Q15814,TBCC,6903
P0DMM9|P0DMN0,SULT1A3,6818
Q9UL12,SARDH,1757
Q9HBH5,RDH14,57665
Q569K6,CCDC157,550631
Q56A73,SPIN4,139886
Q9H4K7,MTG2,26164
Q9P0Z9,PIPOX,51268
Q86YL5,TDRP,157695
Q8N300,CCDC23,374969
Q8NC26,ZNF114,163071
Q8NHY0,B4GALNT2,124872
Q93099,HGD,3081
Q9BSF4,C19orf52,90580
Q9BSK2,SLC25A33,84275
Q9H5U6,ZCCHC4,29063
Q9NR00,C8orf4,56892
Q9NXJ5,PGPEP1,54858
Q9P0X4,CACNA1I,8911
Q9Y5J5,PHLDA3,23612
-,HSPE1-MOB4,100529241
P51681,CCR5,1234
P57060,RWDD2B,10069
-,ZNF888,388559
Q96HI0,SENP5,205564
Q8N4J0,C9orf41,138199
Q9Y3V2,RWDD3,25950
Q9BY66,KDM5D,8284
Q9H8Y1,VRTN,55237
Q9UL17,TBX21,30009
Q9H3H5,DPAGT1,1798
P17050,NAGA,4668
P40261,NNMT,4837
Q96PI1,SPRR4,163778
Q9UIV8,SERPINB13,5275
Q13445,TMED1,11018
Q9Y3B8,REXO2,25996
Q9Y6R7,FCGBP,8857
-,IGLV3-21,28796
Q8NFP7,NUDT10,170685
-,ARMCX4,100131755
Q9NZH5,PTTG2,10744
Q9HAI6,CXorf21,80231
-,FAM182A,284800
Q8NDY3,ADPRHL1,113622
O95813,CER1,9350
Q969I3,GLYATL1,92292
P57077,MAP3K7CL,56911
-,OTOGL,283310
P04554,PRM2,5620
Q5TGL8,PXDC1,221749
Q7L5L3,GDPD3,79153
-,PRB3,5544
O43299,AP5Z1,9907
Q6ZV89,SH2D5,400745
Q13946,PDE7A,5150
O75071,EFCAB14,9813
P01037,CST1,1469
Q86V25,VASH2,79805
Q13202,DUSP8,1850
Q9UIM3,FKBPL,63943
Q96L94,SNX22,79856
Q9H9R9,DBNDD1,79007
Q8N8R3,SLC25A29,123096
O75594,PGLYRP1,8993
Q96NL0,RUNDC3B,154661
Q9BYG4,PARD6G,84552
Q96GE6,CALML4,91860
Q96S95,CAMK2N2,94032
Q6ZTR7,FAM92B,339145
Q8IUC8,GALNT13,114805
P02763,ORM1,5004
A0PJY2,FEZF1,389549
Q9BXV9,C14orf142,84520
Q4G0N7,FAM229B,619208
Q5VUD6,FAM69B,138311
Q9H6R6,ZDHHC6,64429
Q86VQ1,GLCCI1,113263
Q9C073,FAM117A,81558
-,GAFA3,100128236
-,IGHD6-19,28486
-,IGHV1-18,28468
-,IGHV1-69,28461
-,LINC00336,401253
-,USP17L23,101241878
P47869,GABRA2,2555
P15514,AREG,374
O15211,RGL2,5863
Q96HQ2,CDKN2AIPNL,91368
Q8N335,GPD1L,23171
Q9UBC9,SPRR3,6707
Q8WXF3,RLN3,117579
Q96JG8,MAGED4B,81557
-,LCN1P1,286310
-,IGKV@,3519
P18507,GABRG2,2566
Q5SVS4,SLC25A30,253512
Q6ZTZ1,MSANTD1,345222
Q9BSJ1,TRIM51,84767
O95399,UTS2,10911
-,KIR2DS5,3810
Q9UI33,SCN11A,11280
O95427,PIGN,23556
Q8WUD6,CHPT1,56994
Q5I0G3,MDH1B,130752
Q9UNH6,SNX7,51375
Q2M3M2,SLC5A9,200010
Q6ZRI0,OTOG,340990
Q6ZS11,RINL,126432
-,DVL1P1,8215
P98174,FGD1,2245
Q96QI5,HS3ST6,64711
Q02833,RASSF7,8045
Q9H900,ZWILCH,55055
O43927,CXCL13,10563
P13866,SLC5A1,6523
Q8NEC7,GSTCD,79807
P80511,S100A12,6283
Q96NI8,ZNF570,148268
Q9BS31,ZNF649,65251
Q8NEM1,ZNF680,340252
Q53R41,FASTKD1,79675
Q8IUS5,EPHX4,253152
Q9H819,DNAJC18,202052
Q9UKB3,DNAJC12,56521
Q6ZU69,FAM205A,259308
Q9Y2R2,PTPN22,26191
B3SHH9,TMEM114,283953
Q6ZUB1,SPATA31E1,286234
Q8N682,DRAM1,55332
Q9H347,UBQLN3,50613
O43556,SGCE,8910
Q6PB30,CSAG1,158511
Q8N3T6,TMEM132C,92293
Q96KV7,WDR90,197335
A8K5M9,C15orf62,643338
Q8IW70,TMEM151B,441151
Q8N0U2,TMEM61,199964
-,LINC00696,100128378
-,RPL18P4,392979
Q8IVF1,NUTM2A,728118
-,RNASEK-C17orf49,100529209
P15248,IL9,3578
-,BIVM-ERCC5,100533467
-,LOC100506562,100506562
-,ACF,387569
-,MCTS2P,100101490
-,FAM103A2P,353267
P47890,OR1G1,8390
-,IGKV3D-20,28874
A6NGJ6,TRIM64,120146
-,PDPK2P,653650
Q96AM1,MRGPRF,116535
-,SPECC1L-ADORA2A,101730217
-,ARL2-SNX15,100528018
P0DJJ0,SRGAP2C,653464
O95170,CDRT1,374286
-,IGLV4-60,28785
-,IGKV1-27,28935
-,PWARSN,347746
P59044,NLRP6,171389
A6NN14,ZNF729,100287226
Q96CX3,ZNF501,115560
A6NP11,ZNF716,441234
Q9Y2Q1,ZNF257,113835
Q5JNZ3,ZNF311,282890
Q8N988,ZNF557,79230
Q14590,ZNF235,9310
Q8N8C0,ZNF781,163115
P51815,ZNF75D,7626
Q6ZMS4,ZNF852,285346
Q6PDB4,ZNF880,400713
Q8NDQ6,ZNF540,163255
Q08AN1,ZNF616,90317
-,ZNF658B,401509
Q9Y6R6,ZNF780B,163131
Q99578,RIT2,6014
Q9UKF7,PITPNC1,26207
Q6V1X1,DPP8,54878
Q96GV9,C5orf30,90355
Q9HB20,PLEKHA3,65977
Q9BRH9,ZNF251,90987
Q6ZNA1,ZNF836,162962
-,COPD,260431
Q9NRR6,INPP5E,56623
-,IGKV3D-20,28874
Q6GTS8,PM20D1,148811
O76027,ANXA9,8416
P41247,PNPLA4,8228
Q8IZM9,SLC38A6,145389
Q9H4Z2,ZNF335,63925
Q7L985,LINGO2,158038
Q6PIF6,MYO7B,4648
Q96E09,FAM122A,116224
Q8IXN7,RIMKLA,284716
P0CG31,ZNF286B,729288
Q6P1R3,MSANTD2,79684
Q86YH2,ZNF280B,140883
P0C5K7,CT62,196993
-,MIAT,440823
Q6PRD1,GPR179,440435
P00739,HPR,3250
-,LOC100129924,100129924
P19652,ORM2,5005
-,C3P1,388503
O95263,PDE8B,8622
Q8N1G1,REXO1,57455
P59533,TAS2R38,5726
P19075,TSPAN8,7103
-,BCYRN1,618
Q13956,PDE6H,5149
P05452,CLEC3B,7123
Q99928,GABRG3,2567
Q96MZ0,GDAP1L1,78997
Q9H1E1,RNASE7,84659
-,LOC93622,93622
Q969E3,UCN3,114131
O94983,CAMTA2,23125
P13497,BMP1,649
-,ZMIZ1-AS1,283050
Q5JU69|Q8N2E6,TOR2A,27433
P23327,HRC,3270
Q86YC3,NRROS,375387
O75795,UGT2B17,7367
Q8N5B7,CERS5,91012
Q9NP56,PDE7B,27115
Q8IV13,CCNJL,79616
Q8N1B3,FAM58A,92002
Q6PII5,HAGHL,84264
-,BIVM-ERCC5,100533467
Q5HYN5,CT45A1,541466
P35326,SPRR2A,6700
O14957,UQCR11,10975
Q9BWW7,SCRT1,83482
Q8N5G0,SMIM20,389203
A0PJE2,DHRS12,79758
Q9GZT6,CCDC90B,60492
Q7Z4M0,REC114,283677
A2RU54,HMX2,3167
-,IGKV3-15,28913
Q7Z2F6,ZNF720,124411
O75445,USH2A,7399
Q9NPC4,A4GALT,53947
Q8IZY2,ABCA7,10347
Q5T3U5,ABCC10,89845
Q6ZMM2,ADAMTSL5,339366
Q15847,ADIRF,10974
Q3KRA9,ALKBH6,84964
Q8NAG6,ANKLE1,126549
Q6P6B7,ANKRD16,54522
Q69YU3,ANKRD34A,284615
Q8IW93,ARHGEF19,128272
Q96EG1,ARSG,22901
Q5FYB0,ARSJ,79642
Q76KP1,B4GALNT4,338707
P34820,BMP8B,656
Q8NAV2,C8orf58,541565
Q9BQI4,CCDC3,83643
P08173,CHRM4,1132
P49356,CHURC1-FNTB,100529261
Q96B33,CLDN23,137075
Q9BV87,CNPPD1,27013
Q9Y3A0,COQ4,51117
Q5TA50,CPTP,80772
Q07687,DLX2,1746
O43921,EFNA2,1943
Q8NFI3,ENGASE,64772
Q9Y5L3,ENTPD2,954
Q96GI7,FAM89A,375061
P19526,FUT1,2523
Q75VX8,GAREML,150946
P52951,GBX2,2637
Q8N158,GPC2,221914
Q9Y543,HES2,54626
Q9NQ87,HEYL,26508
Q12766,HMGXB3,22993
P17483,HOXB4,3214
Q8IU57,IFNLR1,163702
Q8NFR9,IL17RE,132014
Q3MIP1,ITPRIPL2,162073
P0C869,JMJD7-PLA2G4B,8681
Q96I82,KAZALD1,81621
Q9ULD8,KCNH3,23416
Q6TDP4,KLHL17,339451
Q9P244,LRFN1,57622
Q15048,LRRC14,9684
Q50LG9,LRRC24,441381
Q8IYG6,LRRC56,115399
P49641,MAN2A2,4122
Q96A59,MARVELD3,91862
Q86XN8,MEX3D,399664
Q9H009,NACA2,342538
P41271,NBL1,4681
O15239,NDUFA1,4694
O14753,OVOL1,5017
O95428,PAPLN,89932
O00329,PIK3CD,5293
O94827,PLEKHG5,57449
O95294,RASAL1,8437
E7ERA6,RNF223,401934
-,SAC3D1,29901
Q9H3T3,SEMA6B,10501
Q9H3T2,SEMA6C,10500
O15375,SLC16A5,9121
Q9BZJ4,SLC25A39,51629
Q9NR83,SLC2A4RG,56731
P0CK96,SLC35E2B,728661
Q8NCC5,SLC37A3,84255
-,SLC45A1,50651
Q96JT2,SLC45A3,85414
Q9NQ40,SLC52A3,113278
A6NEL2,SOWAHB,345079
Q8NA77,TEX19,400629
Q8NA92,THAP8,199745
Q8IVF5,TIAM2,26230
Q6B0B8,TIGD3,220359
Q8WZ71,TMEM158,25907
Q5VZI3,C9orf91,203197
Q8NBR0,TP53I13,90313
Q9ULQ1,TPCN1,53373
Q6NT89,TRNP1,388610
Q8N398,VWA5B2,90113
Q9H8N7,ZNF395,55893
O60304,ZNF500,26048
Q8N883,ZNF614,80110
Q9UPU3,SORCS3,22986
P17039,ZNF30,90075
Q86Y25,ZNF354C,30832
P35713,SOX18,54345
P35321,SPRR1A,6698
Q96P68,OXGR1,27199
P00746,CFD,1675
Q9BYT5,KRTAP2-2,728279
Q17RP2,TIGD6,81789
Q9BZP6,CHIA,27159
-,HOXA11-AS,221883
Q14439,GPR176,11245
Q5VY43,PEAR1,375033
Q71H61,ILDR2,387597
Q9H013,ADAM19,8728
-,LINC01537,101928555
Q9Y651,SOX21,11166
Q9NX52,RHBDL2,54933
Q9BYZ2,LDHAL6B,92483
P14091,CTSE,1510
Q5U651,RASIP1,54922
-,LINC01468,101928687
-,DLGAP1-AS2,84777
Q9UBX7,KLK11,11012
P59665,DEFA1,1667
Q96H72,SLC39A13,91252
Q9UKX5,ITGA11,22801
Q17RY6,LY6K,54742
O75462,CRLF1,9244
P30532,CHRNA5,1138
Q9H1A3,METTL9,51108
P41273,TNFSF9,8744
Q5U3C3,TMEM164,84187
Q8WUX1,SLC38A5,92745
Q8WUA8,TSKU,25987
Q9BXI9,C1QTNF6,114904
P22692,IGFBP4,3487
Q7Z388,DPY19L4,286148
Q9NWM8,FKBP14,55033
Q9BQT9,CLSTN3,9746
P55008,AIF1,199
O60513,B4GALT4,8702
-,ARVD4,425
O75752,B3GALNT1,8706
P08842,STS,412
P49746,THBS3,7059
P17405,SMPD1,6609
Q5SGD2,PPM1L,151742
Q5T7M9,FAM69A,388650
Q5VSG8,MANEAL,149175
Q99941,ATF6B,1388
Q86VZ4,LRP11,84918
Q8N3Y3,GYLTL1B,120071
Q8N6L1,KRTCAP2,200185
Q96EU7,C1GALT1C1,29071
Q9NZP8,C1RL,51279
Q12884,FAP,2191
Q8TBF5,PIGX,54965
P01019,AGT,183
P17900,GM2A,2760
Q02083,NAAA,27163
Q08397,LOXL1,4016
Q13018,PLA2R1,22925
Q14767,LTBP2,4053
Q30201,HFE,3077
Q6UWN8,SPINK6,404203
Q6ZPD9,DPY19L3,147991
Q7Z6J6,FRMD5,84978
Q8N8U9,BMPER,168667
Q8NDZ6,TMEM161B,153396
Q9BRN9,TM2D3,80213
Q9H6L2,TMEM231,79583
P30679,GNA15,2769
Q9BRJ9,MESP1,55897
P19087,GNAT2,2780
Q9NX74,DUS2,54920
Q93070,ART4,420
-,GCOM2,339970
P0CAP1,GCOM1,145781
Q9NQG7,HPS4,89781
Q6ZSS3,ZNF621,285268
Q8IXQ3,C9orf40,55071
Q9UP79,ADAMTS8,11095
Q6UY18,LINGO4,339398
-,DDX12P,440081
Q96BU1,S100PBP,64766
Q9BRQ0,PYGO2,90780
Q9H4W6,EBF3,253738
Q6ZN16,MAP3K15,389840
Q15399,TLR1,7096
Q9H2U9,ADAM7,8756
P01266,TG,7038
P07478,PRSS2,5645
Q8N118,CYP4X1,260293
Q8N608,DPP10,57628
Q96JK4,HHIPL1,84439
Q9NQE9,HINT3,135114
Q92698,RAD54L,8438
-,INO80B-WBP1,100532735
-,SATB1-AS1,101927777
Q9P1Z3,HCN3,57657
-,LOC649305,649305
Q9Y2Z2,MTO1,25821
Q92664,GTF3A,2971
Q8TC56,FAM71B,153745
A6NCJ1,C19orf71,100128569
-,CLEC19A,728276
Q86U17,SERPINA11,256394
Q702N8,XIRP1,165904
Q9NRR1,CYTL1,54360
-,HIGD2B,123346
Q8N9F0,NAT8L,339983
P49862,KLK7,5650
-,IGHV1-3,28473
-,IGHV5-51,28388
Q13106,ZNF154,7710
Q6PEZ8,PODNL1,79883
Q03692,COL10A1,1300
Q6ZR62,ZCCHC16,340595
Q5GH72,XKR7,343702
Q2VWA4,SKOR2,652991
-,NPIPB11,728888
Q8IUF1,CBWD2,150472
Q5JTY5,CBWD3,445571
Q5JTY5|Q5RIA9,CBWD5,220869
Q4V339,CBWD6,644019
-,CBWD7,728013
Q8N0W3,FUK,197258
Q5JPI3,C3orf38,285237
Q9NPJ1,MKKS,8195
Q8NB37,PDDC1,347862
P49913,CAMP,820
Q17RG1,KCTD19,146212
P35913,PDE6B,5158
Q9UMX6,GUCA1B,2979
F8WFD2|E9PIF3|Q9UND3,NPIPA3,642778
P51685,CCR8,1237
-,MT1L,4500
Q6ZMV8,ZNF730,100129543
Q6W4X9,MUC6,4588
-,AQP4-AS1,147429
Q494W8|P36544,CHRFAM7A,89832
P51801,CLCNKB,1188
Q9NR90,DAZ3,57054
Q86SG3,DAZ4,57135
-,IGLV4-3,28786
-,TP73-AS1,57212
-,LOC494141,494141
-,LOC541473,541473
-,LOC641367,641367
-,MGC45922,284365
Q4ZJI4,SLC9B1,150159
Q6ZUL3,C8orf86,389649
Q03403,TFF2,7032
Q8N690,DEFB119,245932
-,HAND2-AS1,79804
-,OR7E91P,79315
Q8IU80,TMPRSS6,164656
Q9NTN3,SLC35D1,23169
-,LOC728024,728024
Q6VUC0,TFAP2E,339488
-,HNRNPCP2,653447
-,RPS27P17,392748
-,EEF1B2P6,647030
A6NNL0,NUTM2B,729262
F5H284,PPIAL4D,645142
A2BFH1,PPIAL4G,644591
Q9UKQ9,KLK9,284366
-,IGLV2-11,28816
Q9BZD6,PRRG4,79056
Q8N699,MYCT1,80177
P31314,TLX1,3195
Q9HCZ1,ZNF334,55713
Q03936,ZNF92,168374
Q8N2I2,ZNF619,285267
Q86T29,ZNF605,100289635
Q8N9K5,ZNF565,147929
Q96ND8,ZNF583,147949
Q8TBJ5,FEZF2,55079
Q8N1L9,BATF2,116071
Q9H2B2,SYT4,6860
Q9NZ20,PLA2G3,50487
Q9Y2S2,CRYL1,51084
O95970,LGI1,9211
Q7Z3D6,C14orf159,80017
Q9H0Q0,FAM49A,81553
O75493,CA11,770
O60344,ECE2,9718
Q8N7N1,FAM86B1,85002
-,LOC101060022,101060022
Q59H18,FPGT-TNNI3K,100526835
O75325,LRRN2,10446
Q9Y4A8,NFE2L3,9603
Q92563,SPOCK2,9806
Q9H313,TTYH1,57348
Q9H1U4,MEGF9,1955
O75077,ADAM23,8745
O15016,TRIM66,9866
Q9UKN5,PRDM4,11108
Q99689,FEZ1,9638
Q6V1P9,DCHS2,54798
Q96MZ4,FAM218A,152756
Q6ZS27,ZNF662,389114
P45381,ASPA,443
Q96LR2,LURAP1,541468
P13716,ALAD,210
Q99705,MCHR1,2847
Q6TDU7,CASC1,55259
Q8TF30,WHAMM,123720
Q86YR7,MCF2L2,23101
-,TEKT4P2,100132288
Q9UL59,ZNF214,7761
P17097,ZNF7,7553
Q9Y2J8,PADI2,11240
Q9Y2L6,FRMD4B,23150
Q502X0,MORN2,729967
Q8N145,LGI3,203190
Q8WXH2,JPH3,57338
P01912|P01911|Q29974,HLA-DRB1,3123
Q9BUJ0,ABHD14A,25864
Q96NG5,ZNF558,148156
Q6UYE1,DLEU7,220107
Q6ZN19,ZNF841,284371
Q8NHS0,DNAJB8,165721
Q9Y284,WDR83OS,51398
Q9GZP1,NRSN2,80023
Q9Y397,ZDHHC9,51114
P15090,FABP4,2167
-,ZSCAN5D,646698
Q9Y3T6,R3HCC1,203069
P0CG30,GSTT2B,653689
Q08623,HDHD1,8226
Q15884,FAM189A2,9413
P56378,C14orf2,9556
P59894,DCDC1,341019
Q9BVL4,SELO,83642
Q9UKQ2,ADAM28,10863
-,ZSCAN5D,646698
-,TRBV12-3,28577
-,GABARAPL3,23766
-,LINC00324,284029
P59666,DEFA3,1668
P23435,CBLN1,869
Q96M43,NBPF4,148545
Q9BYT5,KRTAP2-2,728279
Q5HYR2,DMRTC1,63947
Q8IZS6,TCTE3,6991
-,LOC338667,338667
-,RRN3P1,730092
-,OVOS,408186
Q5H9T9,FSCB,84075
Q8NGX5,OR10K1,391109
-,CROCCP3,114819
Q7Z6K5,C15orf38-AP3S2,100526783
-,IGHV5-10-1,28386
P0C0L5,C4B_2,100293534
-,IGKV1D-39,28893
-,IGKV1D-16,28901
Q96EX2,RNFT2,84900
Q5VVP1,SPATA31A6,389730
Q8NDQ6,ZNF540,163255
Q5JQC4,CT47A1,728096
Q6ZUX3,FAM179A,165186
Q8N755,PQLC3,130814
Q01118,SCN7A,6332
-,MIR196B,442920
-,PKD1P6,353511
-,RNU2-2P,26855
-,SNORD44,26806
-,SNORD49A,26800
-,SNORD74,619498
-,SNORD63,26785
-,SNORD101,594837
-,SCARNA20,677681
Q8N109,KIR2DL5A,57292
Q9BY79,MFRP,83552
-,SEC11B,157708
-,ZNF355P,100505852
-,GOLGA8IP,283796
P0C7P1,RBMY1D,378949
Q6ZQQ2,SPATA31D1,389763
Q8NEM1,ZNF680,340252
-,MIR9-3,407051
-,LOC101060621,101060621
-,LOC100508781,100508781
-,IDI2-AS1,55853
-,MIR181A1HG,100131234
-,FAM106A,80039
O75023,LILRB5,10990
Q8NFM4,ADCY4,196883
Q6ZV70,LANCL3,347404
Q9NRG7,SDR39U1,56948
Q9H903,MTHFD2L,441024
Q9H306,MMP27,64066
Q711Q0,C10orf71,118461
P51460,INSL3,3640
Q9H222,ABCG5,64240
Q6JVE6,LCN10,414332
Q5TDP6,LGSN,51557
Q96NG3,TTC25,83538
Q9H446,RWDD1,51389
Q49AH0,CDNF,441549
Q3MJ13,WDR72,256764
Q537H7,SPATA45,149643
Q9BXT4,TDRD1,56165
Q9UL16,CFAP45,25790
Q6NV75,GPR153,387509
Q6P1J6,PLB1,151056
Q9H756,LRRC19,64922
Q8TDY3,ACTRT2,140625
Q96GR2,ACSBG1,23205
Q8N0W5,IQCK,124152
-,MIR223,407008
Q9P1F3,ABRACL,58527
P49662,CASP4,837
Q9Y227,ENTPD4,9583
Q96C23,GALM,130589
-,IGLC1,3537
Q8WZA9,IRGQ,126298
Q9BRA0,NAA38,84316
O95096,NKX2-2,4821
Q9NQW5,PRDM7,11105
-,TMSB4XP4,7118
Q8TDQ0,HAVCR2,84868
-,SNHG7,84973
Q9HBX8,LGR6,59352
P01584,IL1B,3553
Q9UFD9,RIMBP3,85376
P35442,THBS2,7058
O95157,NXPH3,11248
Q9Y3P4,RHBDD3,25807
Q9GZQ6,NPFFR1,64106
Q5T0D9,TPRG1L,127262
A4GXA9,EME2,197342
-,DBET,100419743
P55895,RAG2,5897
Q9UBT3,DKK4,27121
O14772,FPGT,8790
Q8TCJ0,FBXO25,26260
-,TRB,6957
Q9NR16,CD163L1,283316
Q9UHM6,OPN4,94233
Q9UKI9,POU2F3,25833
Q96SL8,FIZ1,84922
-,MIR5193,100847079
Q9UL26,RAB22A,57403
Q6ZSG2,FAM196A,642938
Q6TGC4,PADI6,353238
Q9NQR9,G6PC2,57818
Q8N5Q1,FAM71E2,284418
Q6UWW8,CES3,23491
Q8N119,MMP21,118856
Q6NXP0,EFCAB12,90288
Q9UN76,SLC6A14,11254
Q9P299,COPZ2,51226
Q96RT6,CTAGE1,64693
Q9UBU3,GHRL,51738
Q5TGI0,FAXC,84553
Q8N9Y4,FAM181A,90050
A6NC51,TMEM150B,284417
Q96KK3,KCNS1,3787
Q8N6Q8,METTL25,84190
Q86XP0,PLA2G4D,283748
Q15760,GPR19,2842
Q8NEE8,TTC16,158248
Q6ZMT9,DTHD1,401124
Q9UJQ1,LAMP5,24141
Q5VWI1,TCERG1L,256536
Q9NY37,ASIC5,51802
Q8NGN4,OR10G9,219870
Q9Y5H4,PCDHGA1,56114
Q9Y5H1,PCDHGA2,56113
Q8NGN6,OR10G7,390265
Q8NGN5,OR10G8,219869
Q8NGP9,OR5AR1,219493
Q8NGV5,OR13D1,286365
Q9UI33,SCN11A,11280
Q7RTY8,TMPRSS7,344805
Q9ULI1,NWD2,57495
-,IGHV3-30,28439
-,ERVK-21,100616103
Q5TGJ6,HDGFL1,154150
-,IGKV1-8,28942
-,IGKV3OR2-268,3523
-,IGLV3-10,28803
-,IGLV3-9,28804
P57730,CARD18,59082
-,DPPA2P2,100128503
-,DHFRP1,573971
-,SRP9P1,653226
-,EEF1B2P6,647030
Q8NGI7,OR10V1,390201
Q4G0U5,CFAP221,200373
-,LINC01270,284751
-,KBTBD11-OT1,104266957
P83859,QRFP,347148
-,LOC284023,284023
-,MIR1469,100302258
Q8N413,SLC25A45,283130
-,IGLV2-23,28813
-,ASH1L-AS1,645676
O43345,ZNF208,7757
-,ZNF678,339500
P0DKX0,ZNF728,388523
Q03938,ZNF90,7643
B4DX44,ZNF736,728927
A6NK75,ZNF98,148198
Q96N22,ZNF681,148213
C9JN71,ZNF878,729747
-,MIR205HG,642587
-,IL20RB-AS1,100862678
Q9NS62,THSD1,55901
O00300,TNFRSF11B,4982
Q96T68,SETDB2,83852
P04278,SHBG,6462
P00740,F9,2158
Q00888,PSG4,5672
Q8N6G6,ADAMTSL1,92949
P98066,TNFAIP6,7130
O95267,RASGRP1,10125
P39900,MMP12,4321
P19876,CXCL3,2921
O00237,RNF103,7844
Q8TCI5,PIFO,128344
-,C4orf48,401115
Q8TAV4,STOML3,161003
A6NHC0,CAPN8,388743
Q96M34,C3orf30,152405
P51124,GZMM,3004
C9JL84,HHLA1,10086
Q96PB1,CASD1,64921
Q96NB1,FOPNL,123811
Q07837,SLC3A1,6519
Q495T6,MMEL1,79258
Q9NPH0,ACP6,51205
Q9NPG4,PCDH12,51294
Q13474,DRP2,1821
Q9Y267,SLC22A14,9389
Q9UIB8,CD84,8832
Q5RHP9,ERICH3,127254
-,LOC285556,285556
Q13939,CCIN,881
-,WTH3DI,150786
Q9Y6T7,DGKB,1607
A6NNP5,CCDC169,728591
P78325,ADAM8,101
Q9Y6W8,ICOS,29851
O14827,RASGRF2,5924
Q9UBK8,MTRR,4552
Q6ZUJ4,C3orf62,375341
Q07343,PDE4B,5142
Q56UQ5,FLJ44635,392490
Q5T0N1,CFAP70,118491
A6NFU8,PGPEP1L,145814
O60667,FAIM3,9214
P0DMQ5,INAFM2,100505573
Q0VAK6,LMOD3,56203
Q7L2K0,C16orf59,80178
Q9NP85,NPHS2,7827
A6NDN3,GOLGA6B,55889
P57773,GJA9,81025
Q7L0X2,ERICH6,131831
Q9NZB8,MOCS1,4337
Q96JX3,SERAC1,84947
Q6P1S2,C3orf33,285315
Q9HAW0,BRF2,55290
Q9BX95,SGPP1,81537
Q8WWB7,C1orf85,112770
O75635,SERPINB7,8710
Q8TBR7,FAM57A,79850
D6RBQ6,USP17L17,100287327
Q9H4B0,OSGEPL1,64172
Q8NHG7,SVIP,258010
Q5H9E4,SLC25A53,401612
Q96H96,COQ2,27235
Q6VVX0,CYP2R1,120227
P0C7M4,RHOXF2B,727940
Q6WBX8,RAD9B,144715
A6NED2,RCCD1,91433
P35212,GJA4,2701
Q9H1X3,DNAJC25,548645
P04440,HLA-DPB1,3115
-,IGKJ2,28949
-,IGHJ5,28476
-,IGHD1-26,28506
-,IGKJ1,28950
-,IGKJ5,28946
-,IGHJ4,28477
Q99954,SMR3A,26952
Q96B42,TMEM18,129787
Q8NBP5,MFSD9,84804
Q6P988,NOTUM,147111
Q6RUI8,C19orf48,84798
Q9NYQ3,HAO2,51179
Q8NCM2,KCNH5,27133
Q92777,SYN2,6854
-,SERPINA2,390502
P78333,GPC5,2262
Q6NW40,RGMB,285704
A6NFA1,TRABD2B,388630
O95502,NPTXR,23467
P55001,MFAP2,4237
Q9H159,CDH19,28513
Q9UN67,PCDHB10,56126
Q86UP0,CDH24,64403
Q8TD07,RAET1E,135250
O95445,APOM,55937
-,MRT4,100009675
Q8TCT6,SPPL3,121665
E7EW31,PROB1,389333
Q9HD64,XAGE1E,653067
Q5VVP1,SPATA31A6,389730
P43115,PTGER3,5733
Q7Z2V1,C16orf82,162083
Q6ZQR2,C9orf171,389799
-,CNTNAP3B,728577
Q8NGG8,OR8B3,390271
Q6BAA4,FCRLB,127943
Q9Y6L7,TLL2,7093
Q96FX2,DPH3,285381
Q9H1J7,WNT5B,81029
Q8IVM8,SLC22A9,114571
Q8NBC4,C20orf203,284805
Q92527,ANKRD7,56311
Q8N4Z0,RAB42,115273
Q13117,DAZ2,57055
Q5VU69,C1orf189,388701
Q9Y238,DLEC1,9940
Q9Y235,APOBEC2,10930
Q9UK12,ZNF222,7673
-,MIR192,406967
-,FALEC,100874054
P05305,EDN1,1906
Q9BX46,RBM24,221662
Q9HD64,XAGE1B,653220
Q9Y274,ST3GAL6,10402
Q5SQH8,C6orf136,221545
Q7Z6W7,DNAJB7,150353
O95237,LRAT,9227
A0PJK1,SLC5A10,125206
Q9H2A9,CHST8,64377
Q8WXS5,CACNG8,59283
Q96JQ0,DCHS1,8642
P10109,FDX1,2230
Q99453,PHOX2B,8929
Q14050,COL9A3,1299
Q5IJ48,CRB2,286204
Q96P44,COL21A1,81578
Q13591,SEMA5A,9037
Q8N7R1,POM121L12,285877
Q8TF17,SH3TC2,79628
P24347,MMP11,4320
Q9UHC9,NPC1L1,29881
Q86YD5,LDLRAD3,143458
Q6T423,SLC22A25,387601
Q8NDX9,LY6G5B,58496
O14522,PTPRT,11122
P20711,DDC,1644
Q9Y5G4,PCDHGA9,56107
Q08AI6,SLC38A11,151258
O60548,FOXD2,2306
C9JJ37,BTBD19,149478
Q9P218,COL20A1,57642
Q8NH72,OR4C6,219432
Q7Z410,TMPRSS9,360200
O60449,LY75,4065
Q9BZZ2,SIGLEC1,6614
P0CG23,ZNF853,54753
-,VN1R3,317702
-,FOXO6,100132074
E2RYF6,MUC22,100507679
A6NJT0,UNCX,340260
O15209,ZBTB22,9278
Q8NDY6,BHLHE23,128408
Q6T4P5,LPPR3,79948
Q86XW9,NME9,347736
Q5VU36,SPATA31A5,727905
Q5VT98,PRAMEF20,645425
Q6ZVH7,ESPNL,339768
Q9BWW9,APOL5,80831
Q9H9K5,ERVMER34-1,100288413
Q7RTV3,ZNF367,195828
Q8TC94,ACTL9,284382
Q8TDB8,SLC2A14,144195
Q96LB0,MRGPRX3,117195
-,TPRXL,348825
Q8TED4,SLC37A2,219855
Q9UF12,PRODH2,58510
Q8WWX8,SLC5A11,115584
Q9BZM2,PLA2G2F,64600
Q9Y5E6,PCDHB3,56132
Q8NEJ0,DUSP18,150290
Q9UHK6,AMACR,23600
Q9Y334,VWA7,80737
Q8NGD0,OR4M1,441670
Q7Z494,NPHP3,27031
A6H8M9,CDHR4,389118
Q96MU5,C17orf77,146723
-,ZNF826P,664701
Q8TCU5,GRIN3A,116443
O15178,T,6862
O95007,OR6B1,135946
Q9UJ98,STAG3,10734
Q8N945,PRELID2,153768
Q8TE60,ADAMTS18,170692
-,SUPT20HL1,100130302
Q9NZK5,CECR1,51816
-,LOC101928108,101928108
Q8N123,CPXCR1,53336
Q9Y5E8,PCDHB15,56121
Q53SZ7,PRR30,339779
-,ERVK-21,100616103
-,IGLV6-57,28778
Q8TCG5,CPT1C,126129
Q14832,GRM3,2913
Q02386,ZNF45,7596
Q9UNP4,ST3GAL5,8869
Q5T2S8,ARMC4,55130
Q9NUS5,AP5S1,55317
Q96I76,GPATCH3,63906
Q9HAY2,MAGEF1,64110
Q96S65,CSRNP1,64651
P0CZ20|P0CW26,PNMA6A,84968
Q86TL0,ATG4D,84971
Q7Z449,CYP2U1,113612
Q8IWY9,CDAN1,146059
Q8NEK5,ZNF548,147694
Q96NH3,TBC1D32,221322
Q96MB7,HARBI1,283254
Q68DI1,ZNF776,284309
Q9Y6Q2,STON1-GTF2A1L,286749
-,WASH4P,374677
-,ZNF806,646915
C9J798,RASA4B,100271927
Q499Z4,ZNF672,79894
-,HIF1A-AS2,100750247
O15069,NACAD,23148
Q9UJV8,PURG,29942
-,SEC11B,157708
-,PABPC4L,132430
-,TRF-GAA1-5,100189137
Q8ND23,LRRC16B,90668
Q7Z4L9,PPP1R42,286187
P57730,CARD18,59082
Q02846,GUCY2D,3000
O60602,TLR5,7100
Q6ZU64,CCDC108,255101
Q6ZP01,RBM44,375316
Q8NBJ9,SIDT2,51092
Q587J7,TDRD12,91646
-,CDIPT-AS1,440356
Q96KN9,GJD4,219770
Q8NHS3,MFSD8,256471
P19224,UGT1A6,54578
Q8NCS4,ZMYM6NB,100506144
Q01629,IFITM2,10581
P47710,CSN1S1,1446
Q8N0S6,CENPL,91687
Q5TF21,SOGA3,387104
P16109,SELP,6403
-,TMSB4XP1,7115
-,SNRPEP2,414153
P13686,ACP5,54
P07327,ADH1A,124
P47211,GALR1,2587
O75715,GPX5,2880
P47881,OR3A1,4994
P01210,PENK,5179
P01270,PTH,5741
Q15858,SCN9A,6335
P49888,SULT1E1,6783
Q05996,ZP2,7783
O75192,PEX11A,8800
Q9BX26,SYCP2,10388
Q9UHN1,POLG2,11232
Q86UP6,CUZD1,50624
Q9NNX9,VCX3A,51481
Q9NX57,RAB20,55647
Q8NHA4,OR2AE1,81392
Q86UW2,SLC51B,123264
Q8NHC7,OR14C36,127066
Q8NFQ5,BPIFB6,128859
Q8N865,C7orf31,136895
Q9NUD7,C20orf96,140680
Q8NEG5,ZSWIM2,151112
Q9BZI1,IRX2,153572
Q460N3,PARP15,165631
Q8WXQ3,C14orf183,196913
A6NM36,LRRC30,339291
Q76B58,BRINP3,339479
Q8N9W5,DNAAF3,352909
Q8IYB0,LOC403312,403312
A8MX76,CAPN14,440854
Q5MNV8,FBXO47,494188
Q8N967,LRTM2,654429
A8MTZ7,C12orf71,728858
Q9H606,PRORY,100533178
Q6ZV65,FAM47E,100129583
-,ERVK-5,60358
-,TAAR3,9288
-,DHRS4L1,728635
-,OR2J1,442185
-,ZNF252P-AS1,286103
-,LINC00341,79686
-,TTLL8,164714
-,CFAP99,402160
-,DCDC5,100506627
P54840,GYS2,2998
A6NNE9,MARCH11,441061
-,LINC00263,90271
-,UBL7-AS1,440288
-,LOC100506085,100506085
-,LINC01001,100133161
-,MIR124-3,406909
-,MMP25-AS1,100507419
-,TMEM254-AS1,219347
-,PAX8-AS1,654433
-,MCM3AP-AS1,114044
-,MAPKAPK5-AS1,51275
-,FGD5-AS1,100505641
-,LOXL1-AS1,100287616
-,SNHG15,285958
-,MAP3K14-AS1,100133991
-,LINC00957,255031
-,LINC01123,440894
-,NRSN2-AS1,100507459
-,NUTM2B-AS1,101060691
-,HCG18,414777
-,THAP9-AS1,100499177
-,SNHG17,388796
Q9H2Z4,NKX2-4,644524
Q96A47,ISL2,64843
Q6ZU67,BEND4,389206
Q8N196,SIX5,147912
O95936,EOMES,8320
Q9Y4A0,JRKL,8690
Q6DJT9,PLAG1,5324
Q9C0J9,BHLHE41,79365
Q7RTS1,BHLHA15,168620
P0CG40,SP9,100131390
P56178,DLX5,1749
Q8NEA4,FBXO36,130888
-,IGLV2-8,28817
Q9BQI7,PSD2,84249
P59025,RTP1,132112
P17677,GAP43,2596
Q86UN3,RTN4RL2,349667
P16519,PCSK2,5126
A6NC05,C5orf63,401207
Q6UXK2,ISLR2,57611
Q49MI3,CERKL,375298
Q7L8A9,VASH1,22846
Q96PE7,MCEE,84693
Q9NZV8,KCND2,3751
Q8IZU9,KIRREL3,84623
Q9UHG2,PCSK1N,27344
Q8N0V4,LGI2,55203
-,AQP7P3,441432
-,LOC100132015,100132015
Q6ZMV8,ZNF730,100129543
P29120,PCSK1,5122
-,KIF28P,100130097
Q9Y5F9,PCDHGB6,56100
Q9UN71,PCDHGB4,8641
Q8NGJ7,OR51A2,401667
P53370,NUDT6,11162
-,C10orf32-ASMT,100528007
-,IGKV1-9,28941
-,TRBV10-2,28584
Q8N9H6,C8orf31,286122
-,IGKV3D-15,28875
-,IGKV1-8,28942
-,IGKV1D-33,28896
-,IGKV1D-13,28902
Q7Z5L4,SPATA19,219938
Q9GZP0,PDGFD,80310
-,IGLV4-60,28785
-,NPY6R,4888
P55285,CDH6,1004
Q9Y6N8,CDH10,1008
Q9ULB4,CDH9,1007
-,IGKV1-33,28933
Q8IVH4,MMAA,166785
Q9UF02,CACNG5,27091
O00590,ACKR2,1238
P10147,CCL3,6348
Q07001,CHRND,1144
Q6PI25,CNIH2,254263
Q9BWP8,COLEC11,78989
Q06889,EGR3,1960
Q96BJ8,ELMO3,79767
P41439,FOLR3,2352
P48169,GABRA4,2557
P01286,GHRH,2691
O00292,LEFTY2,7044
Q8NHL6,LILRB1,10859
Q01362,MS4A2,2206
P02776,PF4,5196
P00747,PLG,5340
Q9BZX4,ROPN1B,152015
Q99884,SLC6A7,6534
P57768,SNX16,64089
Q5VXT5,SYPL2,284612
-,SNHG10,283596
-,HLA-F-AS1,285830
-,LOC285692,285692
Q96GW7,BCAN,63827
-,LINC01192,647107
-,LOC101927314,101927314
Q9H2X9,SLC12A5,57468
-,LOC101927501,101927501
-,SNORD86,692201
-,SNORD57,26792
-,SNORD56,26793
P43004,SLC1A2,6506
Q9UKU0,ACSL6,23305
-,LOC101928877,101928877
Q14CZ8,HEPACAM,220296
-,LOC101929709,101929709
-,LINC00473,90632
-,EVX1-AS,101410536
-,LOC101927057,101927057
A5YM72,CARNS1,57571
-,LOC101929745,101929745
P55087,AQP4,361
O15466,ST8SIA5,29906
-,LOC100507642,100507642
-,LINC01132,100506810
-,LOC729254,729254
P16389,KCNA2,3737
-,LOC613037,613037
A8MRT5,NPIPB5,100132247
Q8N111,CEND1,51286
-,LOC100505715,100505715
P51888,PRELP,5549
-,LINC00904,100652909
-,LOC349160,349160
-,CCDC39-AS1,100874112
Q8TBG9,SYNPR,132204
Q14982,OPCML,4978
-,LINC-PINT,378805
-,LOC101928509,101928509
P48066,SLC6A11,6538
-,LINC00877,285286
P10915,HAPLN1,1404
-,ITGB2-AS1,100505746
Q92561,PHYHIP,9796
-,CEP170P1,645455
Q69YW2,C1orf95,375057
-,LINC00506,100846978
-,LINC01584,101929701
P05413,FABP3,2170
-,LOC100506175,100506175
Q9NTJ4,MAN2C1,4123
Q13336,SLC14A1,6563
P49802,RGS7,6000
-,LOC102724776,102724776
-,LOC101927588,101927588
Q8WYK1,CNTNAP5,129684
P18505,GABRB1,2560
Q96KN2,CNDP1,84735
P00156,CYTB,4519
Q9Y698,CACNG2,10369
-,LOC100507547,100507547
Q99946,PRRT1,80863
Q99643,SDHC,6391
Q8N584,TTC39C,125488
P21453,S1PR1,1901
-,PCYT1B-AS1,100874088
Q8N468,MFSD4,148808
-,LOC102724307,102724307
Q7Z418,KCNK18,338567
-,UBE2L5P,171222
O14792,HS3ST1,9957
Q9NZP0,OR6C3,254786
-,RRN3P2,653390
-,ST20-AS1,283687
P32249,GPR183,1880
Q16674,MIA,8190
-,ERVK3-1,100507739
-,LOC400499,400499
Q96QU1,PCDH15,65217
-,DDX11L8,100302090
A6NK53,ZNF233,353355
P24530,EDNRB,1910
-,SSX9,280660
A6NNS2,DHRS7C,201140
P59089,LINC00205,102723489
-,USP46-AS1,643783
-,MEIS3P1,4213
-,LINC00702,100652988
P07357,C8A,731
O00175,CCL24,6369
P13501,CCL5,6352
-,SCN10A,6336
Q8WXS4,TMEM37,140738
P14672,SLC2A4,6517
Q8NCS7,SLC44A5,204962
O95436,SLC34A2,10568
Q96PC3,AP1S3,130340
Q7Z553,MDGA2,161357
B9EJG8,TMEM150C,441027
Q3ZCQ3,FAM174B,400451
A6NFA1,TRABD2B,388630
F5H4B4,FAM227A,646851
Q2TBF2,WSCD2,9671
A8MZ26,EFCAB9,285588
Q9NYW5,TAS2R4,50832
P0CAP1,MYZAP,100820829
O76000,OR2B3,442184
Q96LQ0,PPP1R36,145376
Q8NHU2,CFAP61,26074
Q96LB8,PGLYRP4,57115
Q629K1,TRIQK,286144
A6NCI4,VWA3A,146177
Q8NGE7,OR9K2,441639
Q96NJ3,ZNF285,26974
O43895,XPNPEP2,7512
O95800,GPR75,10936
Q9BZV3,IMPG2,50939
F8W1W9,NPIPB9,100507607
Q8NGP0,OR4C13,283092
Q00LT1,PRCD,768206
O60284,ST18,9705
Q7Z5M5,TMC3,342125
Q6ZW05,PTCHD4,442213
P0C7P3,SLFN14,342618
Q5JUK3,KCNT1,57582
A8MTL0,IQCF5,389124
O95876,WDPCP,51057
B2CW77,KLLN,100144748
Q8NGZ4,OR2G3,81469
-,LOC728637,728637
Q6UDR6,SPINT4,391253
Q96M34,C3orf30,152405
-,TMEM191B,728229
A6NKC9,SH2D7,646892
Q5JPB2,ZNF831,128611
-,FAM90A24P,441332
-,FAM90A14P,645651
-,FAM90A13P,441314
-,FAM90A15P,389630
-,FAM90A23P,645572
-,FAM90A12P,645879
-,FAM90A22P,645558
-,FAM90A9P,441327
-,FAM90A7P,441317
-,FAM90A8P,441324
-,FAM90A20P,728430
-,FAM90A10P,441328
-,MIR646HG,284757
Q8N9C0,IGSF22,283284
-,MIR126,406913
F2Z333,C1orf233,643988
-,LOC728819,728819
Q8TC26,TMEM163,81615
P0C7Q6,SLC35G6,643664
Q9BSK0,MARVELD1,83742
-,CEBPZOS,100505876
Q96DB9,FXYD5,53827
P0CE67,C3orf79,152118
Q8WU67,ABHD3,171586
Q6PJG9,LRFN4,78999
Q8NDV1,ST6GALNAC3,256435
Q8IZ02,LRRC34,151827
Q8NA42,ZNF383,163087
Q15842,KCNJ8,3764
Q969Z4,RELT,84957
Q9Y2P4,SLC27A6,28965
B0FP48,UPK3BL,100134938
P17025,ZNF182,7569
Q14587,ZNF268,10795
Q8N7C4,TMEM217,221468
O43868,SLC28A2,9153
Q9Y234,LIPT1,51601
Q9NS84,CHST7,56548
Q2TAM9,TUSC1,286319
O95972,BMP15,9210
-,MIR760,100126348
-,LINC00313,114038
Q86UV6,TRIM74,378108
Q00978,IRF9,10379
-,CACNA2D3-AS1,100874237
-,SNHG21,100505616
-,SCARNA15,677778
Q49A92,C8orf34,116328
Q9NSC7,ST6GALNAC1,55808
-,LOC102724015,102724015
-,ESRG,790952
P55259,GP2,2813
Q8N3R3,TCAIM,285343
-,LOC100421372,100421372
-,C14orf132,56967
-,IGHV3-38,28429
Q16280,CNGA2,1260
P0C7U1,ASAH2B,653308
-,WWC2-AS2,152641
Q6ZQX7,C17orf97,400566
Q5DID0,UMODL1,89766
-,ZNF723P,646864
-,IGLV1-51,28820
Q8NB42,ZNF527,84503
Q969X0,RILPL2,196383
-,RRP7B,91695
Q96M43,NBPF4,148545
P0CG34|P0CG35,TMSB15A,11013
O95780,ZNF682,91120
Q5JUR7,TEX30,93081
Q96LX7,CCDC17,149483
Q8ND61,C3orf20,84077
O95925,EPPIN,57119
P60413,KRTAP10-12,386685
Q96J77,TPD52L3,89882
Q07507,DPT,1805
-,LOC339685,339685
Q86X45,LRRC6,23639
O95988,TCL1B,9623
O75897,SULT1C4,27233
Q9BT30,ALKBH7,84266
P04196,HRG,3273
-,KRT87P,85349
Q9NZM6,PKD2L2,27039
Q2KHT4,GSG1,83445
Q3SYC2,MOGAT2,80168
Q6QHC5,DEGS2,123099
-,LOC554174,554174
Q9NSA2,KCND1,3750
P51857,AKR1D1,6718
-,IGKV1-6,28943
Q86SU0,ILDR1,286676
-,IGKV1D-37,28894
-,IGHV3-64D,102723170
-,ARF1P1,442334
Q96A23,CPNE4,131034
-,GBAP1,2630
P20036,HLA-DPA1,3113
-,HNRNPA3P1,10151
Q6ZMV9,KIF6,221458
-,RHEBP1,6008
-,RNASEH1P1,284203
-,RPL7AP10,161406
-,RPS18P5,100131863
-,RPS26P47,400156
-,SRP9P1,653226
-,TMED10P1,286102
-,VDAC1P5,10187
-,MIR383,494332
-,TRPM2-AS,101928607
-,MIR497,574456
-,MIR544A,664613
-,MIR6835,102465502
-,LINC00707,100507127
-,MIR370,442915
-,MNX1-AS1,645249
-,IQCH-AS1,100506686
Q9Y259,CHKB,1120
Q9UKJ0,PILRB,29990
-,TBC1D3F,84218
Q96N20,ZNF75A,7627
Q8IYP9,ZDHHC23,254887
P50226,SULT1A2,6799
Q8N8R5,C2orf69,205327
-,LOC399491,399491
Q8TDW4,ST7L,54879
-,GUSBP11,91316
P17481,HOXB8,3218
-,LOC389831,389831
Q8TB68,PRR7,80758
Q2NL67,PARP6,56965
Q9NUN7,ACER3,55331
Q8TAI7,RHEBL1,121268
-,PCBP1-AS1,400960
-,IGLL3P,91353
Q969X2,ST6GALNAC6,30815
Q86YD3,TMEM25,84866
-,HERC2P9,440248
Q8IWD4,CCDC117,150275
-,LOC339352,339352
-,LOC389908,389908
Q9BUX1,CHAC1,79094
-,GOLGA8G,283768
Q66K66,TMEM198,130612
Q14586,ZNF267,10308
-,GOLGA8EP,390535
P56746,CLDN15,24146
Q6IPR1,LYRM5,144363
Q9NYS0,NKIRAS1,28512
O15432,SLC31A2,1318
-,LOC285812,285812
Q9H3L0,MMADHC,27249
P32019,INPP5B,3633
Q6UX65,DRAM2,128338
Q9NP78,ABCB9,23457
-,LINC00491,285708
-,LOC286059,286059
Q9UK39,CCRN4L,25819
Q12999,TSPAN31,6302
Q9NVD3,SETD4,54093
C9JLR9,C11orf95,65998
Q96GC6,ZNF274,10782
Q9NYX4,CALY,50632
-,LOC283454,283454
Q96H35,RBM18,92400
-,LOC285442,285442
Q7L4E1,FAM73B,84895
Q96IK1,BOD1,91272
Q9NQ89,C12orf4,57102
Q969W1,ZDHHC16,84287
Q9UJG1,MOSPD1,56180
Q8NG48,LINS,55180
-,LOC389765,389765
-,RNU6-6P,26826
P31371,FGF9,2254
-,ALG1L9P,285407
Q6UY11,DLK2,65989
Q3LIE5,ADPRM,56985
Q4G0I0,C16orf91,283951
Q5TH74,STPG1,90529
Q86UB9,TMEM135,65084
-,SMA5,11042
Q86VR8,FJX1,24147
Q96AT9,RPE,6120
-,MGC27345,157247
-,FAM86GP,387745
Q8WVE7,TMEM170A,124491
-,FAM86EP,348926
O76082,SLC22A5,6584
Q86T75,NBPF11,200030
-,SNHG11,128439
Q9BRV3,SLC50A1,55974
Q9BU70,C9orf156,51531
Q9UJT1,TUBD1,51174
-,ARMC10P1,389137
P37287,PIGA,5277
-,LOC148430,148430
Q9NSK7,C19orf12,83636
-,LOC441155,441155
-,SNORD52,26797
Q96DW6,SLC25A38,54977
-,LOC441454,441454
-,ANXA2P1,303
-,DLEU1,10301
Q9H6X4,TMEM134,80194
Q04900,CD164,8763
Q92484,SMPDL3A,10924
Q2I0M4,LRRC26,389816
Q6IQ16,SPOPL,339745
-,OR7E156P,283491
Q9NUP1,BLOC1S4,55330
-,PP7080,25845
-,DSPA2D,144383
-,OR7E104P,81137
Q96DR4,STARD4,134429
Q8WYN0,ATG4A,115201
Q9GZZ0,HOXD1,3231
P57738,TCTA,6988
Q8WU43,C2orf15,150590
Q8NEB5,PPAPDC1B,84513
A8MSI8,LYRM9,201229
-,RPS10P29,388885
Q8TDY8,IGDCC4,57722
Q9NYP3,DONSON,29980
Q9BSG1,ZNF2,7549
-,TP73-AS1,57212
-,OR7E31P,375601
Q9BWT1,CDCA7,83879
Q8WVE6,TMEM171,134285
Q86X40,LRRC28,123355
Q8NH41,OR4K15,81127
Q8TDI7,TMC2,117532
P22557,ALAS2,212
A1A4V9,C16orf93,90835
-,MIR676,100500887
-,TRIM64C,646754
D6RCP7,USP17L19,100287404
O00253,AGRP,181
O75952,CABYR,26256
O94823,ATP10B,23120
O95006,OR2F2,135948
P14151,SELL,6402
P60852,ZP1,22917
Q16445,GABRA6,2559
Q3MIW9,DPCR1,135656
Q6ZTI6,FAM101A,144347
Q6ZV65,FAM47E-STBD1,100631383
Q86W28,NLRP8,126205
Q86XM0,CATSPERD,257062
Q8NHS2,GOT1L1,137362
Q9GZK7,OR11A1,26531
-,SNHG20,654434
-,MIR139,406931
-,MIR150,406942
-,MIR638,693223
-,PART1,25859
-,NNT-AS1,100652772
-,MIR424,494336
-,MIR582,693167
-,MIR410,574434
-,MIR375,494324
-,MIR409,574413
P0CG30,GSTT2,2953
Q9NRM1,ENAM,10117
Q8TCD5,NT5C,30833
Q96GK7,FAHD2A,51011
Q9H3H3,C11orf68,83638
-,WASH2P,375260
P0C870,JMJD7,100137047
-,MEMO1,7795
-,ROR1-AS1,101927034
-,SNHG14,104472715
-,LINC01138,388685
P51512,MMP16,4325
-,JPX,554203
C9JVW0,INAFM1,255783
-,NAPA-AS1,100505681
C9JLR9,C11orf95,65998
-,TRAF3IP2-AS1,643749
-,LINC01122,400955
-,LINC01534,101927621
Q5K4E3,PRSS36,146547
-,LINC00675,100289255
