DrugBank_ID,Drug_Name,UniProt_ID
DB00001,Lepirudin,P00734
DB00002,Cetuximab,P00533
DB00002,Cetuximab,O75015
DB00002,Cetuximab,P02745
DB00002,Cetuximab,P02746
DB00002,Cetuximab,P02747
DB00002,Cetuximab,P08637
DB00002,Cetuximab,P12314
DB00002,Cetuximab,P12318
DB00003,Dornase alfa,P24855
DB00004,Denileukin diftitox,P01589
DB00004,Denileukin diftitox,P14784
DB00005,Etanercept,P01375
DB00005,Etanercept,P01374
DB00005,Etanercept,P12314
DB00005,Etanercept,P12318
DB00005,Etanercept,P31994
DB00005,Etanercept,P31995
DB00005,Etanercept,P08637
DB00005,Etanercept,O75015
DB00005,Etanercept,P02745
DB00006,Bivalirudin,P00734
DB00007,Leuprolide,P30968
DB00007,Leuprolide,P01148
DB00008,Peginterferon alfa-2a,P48551
DB00008,Peginterferon alfa-2a,P17181
DB00008,Peginterferon alfa-2a,P01563
DB00009,Alteplase,P00747
DB00009,Alteplase,P02671
DB00009,Alteplase,P02679
DB00009,Alteplase,P05121
DB00010,Sermorelin,Q02643
DB00011,Interferon alfa-n1,P17181
DB00011,Interferon alfa-n1,P48551
DB00012,Darbepoetin alfa,P19235
DB00013,Urokinase,P00747
DB00013,Urokinase,Q03405
DB00013,Urokinase,P05121
DB00013,Urokinase,P05120
DB00013,Urokinase,P00749
DB00013,Urokinase,P05154
DB00013,Urokinase,P98164
DB00013,Urokinase,Q9Y5Y6
DB00013,Urokinase,P14543
DB00014,Goserelin,P22888
DB00014,Goserelin,P30968
DB00014,Goserelin,P01148
DB00015,Reteplase,P00747
DB00015,Reteplase,P02671
DB00015,Reteplase,P05121
DB00016,Erythropoietin,P19235
DB00017,Salmon calcitonin,P30988
DB00018,Interferon alfa-n3,P17181
DB00018,Interferon alfa-n3,P48551
DB00019,Pegfilgrastim,Q99062
DB00020,Sargramostim,P15509
DB00020,Sargramostim,P26951
DB00020,Sargramostim,P32927
DB00020,Sargramostim,P34741
DB00022,Peginterferon alfa-2b,P17181
DB00022,Peginterferon alfa-2b,P48551
DB00022,Peginterferon alfa-2b,P01563
DB00024,Thyrotropin alfa,P16473
DB00025,"Antihemophilic factor, human recombinant",P00742
DB00025,"Antihemophilic factor, human recombinant",P00740
DB00025,"Antihemophilic factor, human recombinant",P04275
DB00025,"Antihemophilic factor, human recombinant",O14832
DB00025,"Antihemophilic factor, human recombinant",P07307
DB00025,"Antihemophilic factor, human recombinant",P11021
DB00025,"Antihemophilic factor, human recombinant",P27797
DB00025,"Antihemophilic factor, human recombinant",P27824
DB00025,"Antihemophilic factor, human recombinant",P49257
DB00025,"Antihemophilic factor, human recombinant",Q07954
DB00025,"Antihemophilic factor, human recombinant",Q8NI22
DB00026,Anakinra,P14778
DB00028,Human immunoglobulin G,P12314
DB00028,Human immunoglobulin G,Q92637
DB00028,Human immunoglobulin G,P12318
DB00028,Human immunoglobulin G,P31994
DB00028,Human immunoglobulin G,P31995
DB00028,Human immunoglobulin G,P08637
DB00028,Human immunoglobulin G,O75015
DB00028,Human immunoglobulin G,P01024
DB00028,Human immunoglobulin G,P0C0L4
DB00028,Human immunoglobulin G,P0C0L5
DB00028,Human immunoglobulin G,P01031
DB00029,Anistreplase,P00747
DB00029,Anistreplase,P02671
DB00029,Anistreplase,P05121
DB00030,Insulin human,P06213
DB00030,Insulin human,P08069
DB00030,Insulin human,P16870
DB00030,Insulin human,P48745
DB00030,Insulin human,P98164
DB00030,Insulin human,Q16270
DB00031,Tenecteplase,P00747
DB00032,Menotropins,P23945
DB00032,Menotropins,P22888
DB00033,Interferon gamma-1b,P15260
DB00033,Interferon gamma-1b,P38484
DB00034,Interferon alfa-2a,P17181
DB00034,Interferon alfa-2a,P48551
DB00035,Desmopressin,P30518
DB00035,Desmopressin,P37288
DB00035,Desmopressin,P47901
DB00035,Desmopressin,P30559
DB00036,Coagulation factor VIIa Recombinant Human,P00742
DB00036,Coagulation factor VIIa Recombinant Human,P13726
DB00038,Oprelvekin,Q14626
DB00039,Palifermin,P21802
DB00039,Palifermin,P11362
DB00039,Palifermin,P98160
DB00040,Glucagon,P47871
DB00040,Glucagon,O95838
DB00040,Glucagon,P43220
DB00041,Aldesleukin,P14784
DB00041,Aldesleukin,P01589
DB00041,Aldesleukin,P31785
DB00041,Aldesleukin,P60568
DB00042,Botulinum toxin type B,P63027
DB00042,Botulinum toxin type B,P23763
DB00042,Botulinum toxin type B,Q8N9I0
DB00043,Omalizumab,P01854
DB00043,Omalizumab,P30273
DB00044,Lutropin alfa,P22888
DB00045,Lyme disease vaccine (recombinant OspA),O60603
DB00046,Insulin lispro,P06213
DB00046,Insulin lispro,P08069
DB00047,Insulin glargine,P06213
DB00047,Insulin glargine,P01308
DB00047,Insulin glargine,P08069
DB00048,Collagenase clostridium histolyticum,P02452
DB00048,Collagenase clostridium histolyticum,P02458
DB00048,Collagenase clostridium histolyticum,P02461
DB00050,Cetrorelix,P30968
DB00051,Adalimumab,P01375
DB00052,Somatotropin,P10912
DB00052,Somatotropin,P16471
DB00054,Abciximab,P05106
DB00054,Abciximab,P08514
DB00054,Abciximab,P12318
DB00054,Abciximab,P31994
DB00054,Abciximab,P04004
DB00055,Drotrecogin alfa,P00451
DB00055,Drotrecogin alfa,P12259
DB00055,Drotrecogin alfa,P05121
DB00055,Drotrecogin alfa,P07204
DB00055,Drotrecogin alfa,P07225
DB00055,Drotrecogin alfa,P00734
DB00055,Drotrecogin alfa,P02776
DB00055,Drotrecogin alfa,P05154
DB00055,Drotrecogin alfa,P35237
DB00055,Drotrecogin alfa,Q9UNN8
DB00056,Gemtuzumab ozogamicin,P20138
DB00056,Gemtuzumab ozogamicin,O75015
DB00056,Gemtuzumab ozogamicin,P08637
DB00056,Gemtuzumab ozogamicin,P12314
DB00058,Alpha-1-proteinase inhibitor,P08246
DB00060,Interferon beta-1a,P17181
DB00060,Interferon beta-1a,P48551
DB00060,Interferon beta-1a,P01574
DB00061,Pegademase,P62993
DB00063,Eptifibatide,P05106
DB00063,Eptifibatide,P08514
DB00063,Eptifibatide,P54289
DB00065,Infliximab,P01375
DB00066,Follitropin,P23945
DB00067,Vasopressin,P30518
DB00067,Vasopressin,P37288
DB00067,Vasopressin,P47901
DB00067,Vasopressin,P30559
DB00068,Interferon beta-1b,P17181
DB00068,Interferon beta-1b,P48551
DB00069,Interferon alfacon-1,P17181
DB00069,Interferon alfacon-1,P48551
DB00070,Hyaluronidase (ovine),P01137
DB00071,Insulin pork,P06213
DB00071,Insulin pork,P08069
DB00072,Trastuzumab,P04626
DB00073,Rituximab,P11836
DB00074,Basiliximab,P01589
DB00074,Basiliximab,P14784
DB00075,Muromonab,P04234
DB00075,Muromonab,P07766
DB00075,Muromonab,P09693
DB00075,Muromonab,P20963
DB00075,Muromonab,O75015
DB00078,Ibritumomab tiuxetan,P11836
DB00081,Tositumomab,P11836
DB00081,Tositumomab,P31994
DB00082,Pegvisomant,P10912
DB00083,Botulinum toxin type A,P60880
DB00083,Botulinum toxin type A,P62745
DB00086,Streptokinase,P00747
DB00086,Streptokinase,P25116
DB00087,Alemtuzumab,P31358
DB00087,Alemtuzumab,O75015
DB00087,Alemtuzumab,P08637
DB00087,Alemtuzumab,P12314
DB00087,Alemtuzumab,P12318
DB00087,Alemtuzumab,P31994
DB00087,Alemtuzumab,P31995
DB00089,Capromab pendetide,Q04609
DB00091,Cyclosporine,P49069
DB00091,Cyclosporine,Q96LZ3
DB00091,Cyclosporine,P62937
DB00091,Cyclosporine,P30405
DB00091,Cyclosporine,Q08209
DB00092,Alefacept,P06729
DB00092,Alefacept,P19256
DB00092,Alefacept,P08637
DB00092,Alefacept,O75015
DB00094,Urofollitropin,P23945
DB00095,Efalizumab,P20702
DB00095,Efalizumab,P20701
DB00097,Choriogonadotropin alfa,P23945
DB00097,Choriogonadotropin alfa,P22888
DB00098,Antithymocyte immunoglobulin (rabbit),Q95460
DB00098,Antithymocyte immunoglobulin (rabbit),P42081
DB00098,Antithymocyte immunoglobulin (rabbit),P31994
DB00098,Antithymocyte immunoglobulin (rabbit),P20701
DB00098,Antithymocyte immunoglobulin (rabbit),P06756
DB00098,Antithymocyte immunoglobulin (rabbit),P05556
DB00098,Antithymocyte immunoglobulin (rabbit),P05106
DB00098,Antithymocyte immunoglobulin (rabbit),P06126
DB00098,Antithymocyte immunoglobulin (rabbit),P01730
DB00099,Filgrastim,Q99062
DB00100,Coagulation Factor IX (Recombinant),P00742
DB00100,Coagulation Factor IX (Recombinant),P03951
DB00100,Coagulation Factor IX (Recombinant),P08709
DB00100,Coagulation Factor IX (Recombinant),P00451
DB00100,Coagulation Factor IX (Recombinant),Q07954
DB00100,Coagulation Factor IX (Recombinant),P38435
DB00102,Becaplermin,P09619
DB00102,Becaplermin,P16234
DB00102,Becaplermin,P01023
DB00104,Octreotide,P30874
DB00105,Interferon alfa-2b,P48551
DB00105,Interferon alfa-2b,P17181
DB00105,Interferon alfa-2b,P01563
DB00106,Abarelix,P30968
DB00107,Oxytocin,P30559
DB00107,Oxytocin,P30518
DB00107,Oxytocin,P47901
DB00107,Oxytocin,P37288
DB00108,Natalizumab,P13612
DB00108,Natalizumab,O75015
DB00108,Natalizumab,P12314
DB00108,Natalizumab,P05362
DB00110,Palivizumab,O75015
DB00110,Palivizumab,P08637
DB00110,Palivizumab,P12314
DB00110,Palivizumab,P00736
DB00110,Palivizumab,P02745
DB00110,Palivizumab,P02746
DB00110,Palivizumab,P02747
DB00110,Palivizumab,P31994
DB00111,Daclizumab,P01589
DB00111,Daclizumab,P14784
DB00111,Daclizumab,O75015
DB00111,Daclizumab,P00736
DB00111,Daclizumab,P02745
DB00111,Daclizumab,P02746
DB00111,Daclizumab,P02747
DB00111,Daclizumab,P08637
DB00111,Daclizumab,P12314
DB00111,Daclizumab,P12318
DB00111,Daclizumab,P31994
DB00111,Daclizumab,P31995
DB00112,Bevacizumab,P15692
DB00112,Bevacizumab,P02745
DB00112,Bevacizumab,P02746
DB00112,Bevacizumab,P02747
DB00112,Bevacizumab,P08637
DB00112,Bevacizumab,P12314
DB00112,Bevacizumab,P12318
DB00112,Bevacizumab,P31994
DB00112,Bevacizumab,P31995
DB00114,Pyridoxal phosphate,P80404
DB00114,Pyridoxal phosphate,P00734
DB00114,Pyridoxal phosphate,Q9BYV1
DB00114,Pyridoxal phosphate,Q99259
DB00114,Pyridoxal phosphate,P35520
DB00114,Pyridoxal phosphate,Q16719
DB00114,Pyridoxal phosphate,P34896
DB00114,Pyridoxal phosphate,Q9Y697
DB00114,Pyridoxal phosphate,P17174
DB00114,Pyridoxal phosphate,P04181
DB00114,Pyridoxal phosphate,P11926
DB00114,Pyridoxal phosphate,Q8N5Z0
DB00114,Pyridoxal phosphate,Q9NVS9
DB00114,Pyridoxal phosphate,O95470
DB00114,Pyridoxal phosphate,P17735
DB00114,Pyridoxal phosphate,Q16773
DB00114,Pyridoxal phosphate,P06737
DB00114,Pyridoxal phosphate,O15270
DB00114,Pyridoxal phosphate,Q9Y600
DB00114,Pyridoxal phosphate,P19113
DB00114,Pyridoxal phosphate,Q96A70
DB00114,Pyridoxal phosphate,P20132
DB00114,Pyridoxal phosphate,O75600
DB00114,Pyridoxal phosphate,P23378
DB00114,Pyridoxal phosphate,P24298
DB00114,Pyridoxal phosphate,Q9Y617
DB00114,Pyridoxal phosphate,P13196
DB00114,Pyridoxal phosphate,P21549
DB00114,Pyridoxal phosphate,Q96GD0
DB00114,Pyridoxal phosphate,O15269
DB00114,Pyridoxal phosphate,P32929
DB00114,Pyridoxal phosphate,P54687
DB00114,Pyridoxal phosphate,O15382
DB00114,Pyridoxal phosphate,O94903
DB00114,Pyridoxal phosphate,P00505
DB00114,Pyridoxal phosphate,P11216
DB00114,Pyridoxal phosphate,P11217
DB00114,Pyridoxal phosphate,P20711
DB00114,Pyridoxal phosphate,Q53ET4
DB00114,Pyridoxal phosphate,Q05329
DB00114,Pyridoxal phosphate,Q6YP21
DB00114,Pyridoxal phosphate,Q6ZQY3
DB00114,Pyridoxal phosphate,Q96I15
DB00114,Pyridoxal phosphate,Q6WRI0
DB00114,Pyridoxal phosphate,Q8IUZ5
DB00114,Pyridoxal phosphate,P34897
DB00114,Pyridoxal phosphate,P22557
DB00114,Pyridoxal phosphate,Q8TD30
DB00114,Pyridoxal phosphate,Q96EN8
DB00114,Pyridoxal phosphate,Q96GA7
DB00114,Pyridoxal phosphate,Q9GZT4
DB00114,Pyridoxal phosphate,Q9HD40
DB00114,Pyridoxal phosphate,Q9NUV7
DB00114,Pyridoxal phosphate,Q9UGI5
DB00115,Cyanocobalamin,Q99707
DB00115,Cyanocobalamin,P22033
DB00115,Cyanocobalamin,Q9UBK8
DB00115,Cyanocobalamin,Q8IVH4
DB00115,Cyanocobalamin,Q9Y4U1
DB00115,Cyanocobalamin,P42898
DB00117,Histidine,P19113
DB00117,Histidine,P12081
DB00117,Histidine,Q99624
DB00117,Histidine,P42357
DB00118,Ademetionine,P21964
DB00118,Ademetionine,Q8N1G2
DB00118,Ademetionine,Q9HBK9
DB00118,Ademetionine,Q14749
DB00118,Ademetionine,P17707
DB00118,Ademetionine,P31153
DB00118,Ademetionine,P35520
DB00118,Ademetionine,Q00266
DB00119,Pyruvic acid,P80404
DB00119,Pyruvic acid,P22748
DB00119,Pyruvic acid,O15427
DB00119,Pyruvic acid,P36021
DB00119,Pyruvic acid,Q9BYV1
DB00119,Pyruvic acid,O15375
DB00119,Pyruvic acid,P30613
DB00119,Pyruvic acid,O15403
DB00119,Pyruvic acid,O60669
DB00119,Pyruvic acid,P11177
DB00119,Pyruvic acid,P14618
DB00119,Pyruvic acid,O15374
DB00119,Pyruvic acid,O95907
DB00119,Pyruvic acid,P53985
DB00119,Pyruvic acid,P11498
DB00120,Phenylalanine,P07101
DB00120,Phenylalanine,P17735
DB00120,Phenylalanine,Q9UHI5
DB00120,Phenylalanine,Q9Y285
DB00120,Phenylalanine,P00439
DB00120,Phenylalanine,O95363
DB00120,Phenylalanine,Q9NSD9
DB00121,Biotin,P05166
DB00121,Biotin,P50747
DB00121,Biotin,Q9HCC0
DB00121,Biotin,O00763
DB00121,Biotin,Q96RQ3
DB00121,Biotin,P11498
DB00121,Biotin,P05165
DB00121,Biotin,Q13085
DB00122,Choline,Q15822
DB00122,Choline,P36544
DB00122,Choline,Q9Y5K3
DB00123,Lysine,P30825
DB00123,Lysine,O43246
DB00123,Lysine,Q8WY07
DB00123,Lysine,P52569
DB00123,Lysine,Q15046
DB00125,Arginine,Q8WY07
DB00125,Arginine,P04183
DB00125,Arginine,Q96A70
DB00125,Arginine,P04424
DB00125,Arginine,P35228
DB00125,Arginine,P30825
DB00125,Arginine,P78540
DB00125,Arginine,O43246
DB00125,Arginine,P00966
DB00125,Arginine,P29474
DB00126,Ascorbic acid,Q9UHI7
DB00126,Ascorbic acid,Q9UGH3
DB00126,Ascorbic acid,O00469
DB00126,Ascorbic acid,O14832
DB00126,Ascorbic acid,O60568
DB00126,Ascorbic acid,O75936
DB00126,Ascorbic acid,P09172
DB00126,Ascorbic acid,P19021
DB00126,Ascorbic acid,Q32P28
DB00126,Ascorbic acid,Q8IVL5
DB00126,Ascorbic acid,Q8IVL6
DB00126,Ascorbic acid,P13674
DB00126,Ascorbic acid,Q8N543
DB00126,Ascorbic acid,Q6N063
DB00126,Ascorbic acid,Q6NS38
DB00126,Ascorbic acid,Q96Q83
DB00126,Ascorbic acid,Q9BY66
DB00126,Ascorbic acid,Q02809
DB00126,Ascorbic acid,Q9NVH6
DB00126,Ascorbic acid,Q9NXG6
DB00126,Ascorbic acid,Q9GZT9
DB00126,Ascorbic acid,Q96KS0
DB00126,Ascorbic acid,Q9H6Z9
DB00128,Aspartic acid,Q05586
DB00128,Aspartic acid,Q13224
DB00128,Aspartic acid,Q12879
DB00128,Aspartic acid,Q8N142
DB00128,Aspartic acid,Q9UJS0
DB00128,Aspartic acid,P17174
DB00128,Aspartic acid,P45381
DB00128,Aspartic acid,P08243
DB00128,Aspartic acid,P00966
DB00128,Aspartic acid,Q03154
DB00128,Aspartic acid,P00505
DB00128,Aspartic acid,P14868
DB00128,Aspartic acid,O75746
DB00128,Aspartic acid,Q12797
DB00128,Aspartic acid,P22234
DB00128,Aspartic acid,P30520
DB00128,Aspartic acid,P43005
DB00128,Aspartic acid,Q6PI48
DB00128,Aspartic acid,Q7L266
DB00128,Aspartic acid,P07998
DB00128,Aspartic acid,P61626
DB00129,Ornithine,P04181
DB00129,Ornithine,P00480
DB00129,Ornithine,P05089
DB00129,Ornithine,P54368
DB00129,Ornithine,P30825
DB00129,Ornithine,P52569
DB00129,Ornithine,Q9BXI2
DB00129,Ornithine,P78540
DB00129,Ornithine,Q9Y619
DB00129,Ornithine,P50440
DB00130,L-Glutamine,P17812
DB00130,L-Glutamine,Q06203
DB00130,L-Glutamine,P15104
DB00131,Adenosine phosphate,Q13131
DB00131,Adenosine phosphate,P55263
DB00131,Adenosine phosphate,Q9Y478
DB00131,Adenosine phosphate,Q9NR19
DB00131,Adenosine phosphate,Q08828
DB00131,Adenosine phosphate,P33121
DB00131,Adenosine phosphate,P16220
DB00131,Adenosine phosphate,Q07343
DB00131,Adenosine phosphate,P06737
DB00131,Adenosine phosphate,P49773
DB00131,Adenosine phosphate,Q08499
DB00131,Adenosine phosphate,P09467
DB00132,alpha-Linolenic acid,O60427
DB00132,alpha-Linolenic acid,O95864
DB00132,alpha-Linolenic acid,Q8NER1
DB00132,alpha-Linolenic acid,P35354
DB00132,alpha-Linolenic acid,O14842
DB00132,alpha-Linolenic acid,Q07869
DB00132,alpha-Linolenic acid,Q96RI1
DB00132,alpha-Linolenic acid,Q03181
DB00132,alpha-Linolenic acid,P37231
DB00132,alpha-Linolenic acid,P19793
DB00132,alpha-Linolenic acid,Q9NXB9
DB00132,alpha-Linolenic acid,Q9NYP7
DB00132,alpha-Linolenic acid,P32418
DB00133,Serine,P35520
DB00133,Serine,P20132
DB00133,Serine,Q9GZT4
DB00133,Serine,O15270
DB00133,Serine,O15269
DB00133,Serine,P49591
DB00133,Serine,P21549
DB00134,Methionine,Q9UBK8
DB00134,Methionine,Q99707
DB00134,Methionine,P50579
DB00134,Methionine,Q93088
DB00134,Methionine,Q9H2M3
DB00135,Tyrosine,P07101
DB00135,Tyrosine,Q9Y2Z4
DB00135,Tyrosine,P54577
DB00135,Tyrosine,P17735
DB00136,Calcitriol,P11473
DB00136,Calcitriol,P31260
DB00138,Cystine,Q9UPY5
DB00138,Cystine,O60931
DB00139,Succinic acid,P51649
DB00139,Succinic acid,Q9BXA5
DB00140,Riboflavin,Q969G6
DB00140,Riboflavin,P30043
DB00140,Riboflavin,P05164
DB00141,N-Acetylglucosamine,P15291
DB00141,N-Acetylglucosamine,O60513
DB00141,N-Acetylglucosamine,Q9UJ70
DB00141,N-Acetylglucosamine,Q9UK23
DB00141,N-Acetylglucosamine,P54802
DB00141,N-Acetylglucosamine,P51606
DB00142,Glutamic acid,Q13255
DB00142,Glutamic acid,Q14833
DB00142,Glutamic acid,Q16099
DB00142,Glutamic acid,Q16478
DB00142,Glutamic acid,Q14831
DB00142,Glutamic acid,O00222
DB00142,Glutamic acid,O00341
DB00142,Glutamic acid,O14841
DB00142,Glutamic acid,O15067
DB00142,Glutamic acid,O15382
DB00142,Glutamic acid,O15399
DB00142,Glutamic acid,O94925
DB00142,Glutamic acid,P00505
DB00142,Glutamic acid,P07814
DB00142,Glutamic acid,P08243
DB00142,Glutamic acid,P15104
DB00142,Glutamic acid,P17174
DB00142,Glutamic acid,P17735
DB00142,Glutamic acid,P24298
DB00142,Glutamic acid,P38435
DB00142,Glutamic acid,P43003
DB00142,Glutamic acid,P43004
DB00142,Glutamic acid,P43005
DB00142,Glutamic acid,P48506
DB00142,Glutamic acid,P48664
DB00142,Glutamic acid,P49448
DB00142,Glutamic acid,P49915
DB00142,Glutamic acid,P54687
DB00142,Glutamic acid,P80404
DB00142,Glutamic acid,Q05586
DB00142,Glutamic acid,Q05932
DB00142,Glutamic acid,Q07075
DB00142,Glutamic acid,Q12879
DB00142,Glutamic acid,Q13224
DB00142,Glutamic acid,Q14957
DB00142,Glutamic acid,Q5JPH6
DB00142,Glutamic acid,Q6IA69
DB00142,Glutamic acid,Q8N159
DB00142,Glutamic acid,Q8N5Z0
DB00142,Glutamic acid,Q8TCU5
DB00142,Glutamic acid,Q8TD30
DB00142,Glutamic acid,Q9UDR5
DB00142,Glutamic acid,Q9UI32
DB00142,Glutamic acid,Q9ULA0
DB00142,Glutamic acid,Q9UPY5
DB00142,Glutamic acid,Q9Y646
DB00142,Glutamic acid,Q9Y617
DB00142,Glutamic acid,P00367
DB00142,Glutamic acid,P39086
DB00142,Glutamic acid,P42261
DB00142,Glutamic acid,P48507
DB00142,Glutamic acid,Q04609
DB00142,Glutamic acid,Q05329
DB00142,Glutamic acid,Q99259
DB00142,Glutamic acid,O95954
DB00142,Glutamic acid,P42262
DB00142,Glutamic acid,P42263
DB00142,Glutamic acid,P48058
DB00142,Glutamic acid,P54886
DB00142,Glutamic acid,Q13002
DB00142,Glutamic acid,Q13003
DB00143,Glutathione,P15121
DB00143,Glutathione,P20839
DB00143,Glutathione,P14780
DB00143,Glutathione,P08684
DB00143,Glutathione,P00390
DB00143,Glutathione,P48637
DB00143,Glutathione,P09488
DB00143,Glutathione,Q9Y2Q3
DB00143,Glutathione,Q16772
DB00143,Glutathione,P21266
DB00143,Glutathione,O15217
DB00143,Glutathione,Q03013
DB00143,Glutathione,Q7RTV2
DB00143,Glutathione,P09211
DB00143,Glutathione,P78417
DB00143,Glutathione,P07203
DB00143,Glutathione,P18283
DB00143,Glutathione,P30711
DB00143,Glutathione,O43708
DB00143,Glutathione,O75715
DB00143,Glutathione,P22352
DB00143,Glutathione,Q04760
DB00143,Glutathione,Q16873
DB00143,Glutathione,O14880
DB00143,Glutathione,O60760
DB00143,Glutathione,P08263
DB00143,Glutathione,P09210
DB00143,Glutathione,P10620
DB00143,Glutathione,P10768
DB00143,Glutathione,P19440
DB00143,Glutathione,P28161
DB00143,Glutathione,P35754
DB00143,Glutathione,P36969
DB00143,Glutathione,P46439
DB00143,Glutathione,P59796
DB00143,Glutathione,Q16775
DB00143,Glutathione,Q6NSD4
DB00143,Glutathione,Q96SL4
DB00143,Glutathione,Q99735
DB00143,Glutathione,Q9H4Y5
DB00143,Glutathione,Q9NS18
DB00144,Phosphatidyl serine,Q9UG56
DB00144,Phosphatidyl serine,Q8WTV0
DB00144,Phosphatidyl serine,P17252
DB00144,Phosphatidyl serine,P48651
DB00144,Phosphatidyl serine,P49619
DB00144,Phosphatidyl serine,Q16760
DB00144,Phosphatidyl serine,Q9BVG9
DB00144,Phosphatidyl serine,Q9NXE4
DB00144,Phosphatidyl serine,Q9NY59
DB00144,Phosphatidyl serine,Q9Y2Q0
DB00145,Glycine,Q12879
DB00145,Glycine,O75600
DB00145,Glycine,P13196
DB00145,Glycine,P22557
DB00145,Glycine,P41250
DB00145,Glycine,Q14032
DB00145,Glycine,Q14330
DB00145,Glycine,P48637
DB00145,Glycine,Q14957
DB00145,Glycine,Q53ET4
DB00145,Glycine,Q6IB77
DB00145,Glycine,P34897
DB00145,Glycine,Q8WU03
DB00145,Glycine,Q969I3
DB00145,Glycine,Q9BYV1
DB00145,Glycine,Q9P0Z9
DB00145,Glycine,O60391
DB00145,Glycine,P23415
DB00145,Glycine,P21549
DB00145,Glycine,P48167
DB00145,Glycine,P34896
DB00145,Glycine,O75311
DB00145,Glycine,P23416
DB00145,Glycine,Q14749
DB00145,Glycine,P50440
DB00146,Calcifediol,P11473
DB00148,Creatine,P06732
DB00148,Creatine,P12532
DB00148,Creatine,P12277
DB00148,Creatine,P17540
DB00148,Creatine,Q14353
DB00149,Leucine,Q15031
DB00149,Leucine,O60294
DB00149,Leucine,Q9UIC8
DB00149,Leucine,Q9P2J5
DB00149,Leucine,O15382
DB00149,Leucine,P54687
DB00150,Tryptophan,P14902
DB00150,Tryptophan,P23381
DB00150,Tryptophan,Q9UGM6
DB00151,Cysteine,P48507
DB00151,Cysteine,P48506
DB00151,Cysteine,P17174
DB00151,Cysteine,P00505
DB00151,Cysteine,P32929
DB00151,Cysteine,P35520
DB00151,Cysteine,P49589
DB00151,Cysteine,P16455
DB00151,Cysteine,P48637
DB00151,Cysteine,Q9HA77
DB00151,Cysteine,Q9Y600
DB00151,Cysteine,Q9Y697
DB00151,Cysteine,Q16878
DB00152,Thiamine,Q9H3S4
DB00153,Ergocalciferol,P11473
DB00153,Ergocalciferol,Q06432
DB00156,Threonine,P26639
DB00156,Threonine,Q9BW92
DB00157,NADH,P03897
DB00157,NADH,O60701
DB00157,NADH,P07327
DB00157,NADH,Q00796
DB00157,NADH,P08319
DB00157,NADH,P00326
DB00157,NADH,P00325
DB00157,NADH,P40394
DB00157,NADH,P21695
DB00157,NADH,Q6ZMR3
DB00157,NADH,P11766
DB00157,NADH,P15121
DB00157,NADH,Q99714
DB00157,NADH,P40926
DB00157,NADH,P00338
DB00157,NADH,P23368
DB00157,NADH,P51659
DB00157,NADH,Q9BYZ2
DB00157,NADH,P07864
DB00157,NADH,P07195
DB00157,NADH,Q08426
DB00157,NADH,Q16836
DB00157,NADH,Q16798
DB00157,NADH,Q02338
DB00157,NADH,P40925
DB00157,NADH,P31937
DB00157,NADH,P37058
DB00157,NADH,P04035
DB00157,NADH,P48163
DB00157,NADH,O43175
DB00157,NADH,P56937
DB00157,NADH,P51553
DB00157,NADH,O43837
DB00157,NADH,P50213
DB00157,NADH,P14061
DB00157,NADH,P37059
DB00157,NADH,Q92781
DB00157,NADH,O95479
DB00157,NADH,Q92506
DB00157,NADH,P17516
DB00157,NADH,P12268
DB00157,NADH,P42330
DB00157,NADH,P15428
DB00157,NADH,Q13630
DB00157,NADH,Q04828
DB00157,NADH,P28845
DB00157,NADH,P26439
DB00157,NADH,P14060
DB00157,NADH,P20839
DB00157,NADH,P40939
DB00157,NADH,P05091
DB00157,NADH,P80365
DB00157,NADH,P52895
DB00157,NADH,Q15738
DB00157,NADH,P48448
DB00157,NADH,Q02252
DB00157,NADH,P30838
DB00157,NADH,P00352
DB00157,NADH,O14556
DB00157,NADH,P49189
DB00157,NADH,P47895
DB00157,NADH,P30837
DB00157,NADH,P43353
DB00157,NADH,P04406
DB00157,NADH,O94788
DB00157,NADH,P51648
DB00157,NADH,P51649
DB00157,NADH,P49419
DB00157,NADH,P30043
DB00157,NADH,Q96C36
DB00157,NADH,P32322
DB00157,NADH,P00367
DB00157,NADH,P11177
DB00157,NADH,P29803
DB00157,NADH,P08559
DB00157,NADH,P53004
DB00157,NADH,P16219
DB00157,NADH,P00374
DB00157,NADH,Q02218
DB00157,NADH,P49448
DB00157,NADH,Q9UBM7
DB00157,NADH,P16083
DB00157,NADH,P03891
DB00157,NADH,Q9UDR5
DB00157,NADH,O75251
DB00157,NADH,P11586
DB00157,NADH,P13995
DB00157,NADH,P30038
DB00157,NADH,P00387
DB00157,NADH,Q86Y39
DB00157,NADH,P03905
DB00157,NADH,P09417
DB00157,NADH,P03886
DB00157,NADH,Q13423
DB00157,NADH,Q16718
DB00157,NADH,Q16795
DB00157,NADH,P03901
DB00157,NADH,O95299
DB00157,NADH,O95182
DB00157,NADH,O15239
DB00157,NADH,P03923
DB00157,NADH,P03915
DB00157,NADH,O00483
DB00157,NADH,P56556
DB00157,NADH,O14561
DB00157,NADH,O43678
DB00157,NADH,P51970
DB00157,NADH,O95167
DB00157,NADH,O95169
DB00157,NADH,O95298
DB00157,NADH,O75438
DB00157,NADH,P28331
DB00157,NADH,O96000
DB00157,NADH,O95168
DB00157,NADH,O43676
DB00157,NADH,O95178
DB00157,NADH,P17568
DB00157,NADH,Q9Y6M9
DB00157,NADH,O75306
DB00157,NADH,O43674
DB00157,NADH,O43677
DB00157,NADH,O95139
DB00157,NADH,P56181
DB00157,NADH,P09622
DB00157,NADH,O75489
DB00157,NADH,P00390
DB00157,NADH,Q9UI09
DB00157,NADH,O43920
DB00157,NADH,O43181
DB00157,NADH,P49821
DB00157,NADH,P19404
DB00157,NADH,Q9P0J0
DB00157,NADH,Q16878
DB00157,NADH,O75380
DB00157,NADH,Q9NRX3
DB00157,NADH,O00217
DB00157,NADH,Q02928
DB00157,NADH,P10515
DB00157,NADH,P48728
DB00157,NADH,Q15800
DB00157,NADH,P09601
DB00157,NADH,P30519
DB00157,NADH,P05093
DB00157,NADH,P14679
DB00158,Folic acid,P41440
DB00158,Folic acid,Q96NT5
DB00158,Folic acid,P41439
DB00158,Folic acid,P14207
DB00158,Folic acid,P15328
DB00159,Icosapent,P35354
DB00159,Icosapent,P23219
DB00159,Icosapent,P37231
DB00159,Icosapent,Q03181
DB00159,Icosapent,O14842
DB00159,Icosapent,P32418
DB00159,Icosapent,O15540
DB00159,Icosapent,O60427
DB00159,Icosapent,O60488
DB00159,Icosapent,Q8NER1
DB00159,Icosapent,Q07869
DB00159,Icosapent,P09917
DB00160,Alanine,P80404
DB00160,Alanine,P21549
DB00160,Alanine,P24298
DB00160,Alanine,Q9Y697
DB00160,Alanine,Q7Z2H8
DB00160,Alanine,Q9UHI5
DB00160,Alanine,Q9BYV1
DB00160,Alanine,P49588
DB00160,Alanine,P43007
DB00160,Alanine,Q16719
DB00160,Alanine,Q5JTZ9
DB00160,Alanine,Q8IUZ5
DB00160,Alanine,Q8TD30
DB00161,Valine,P05166
DB00161,Valine,P54687
DB00161,Valine,P26640
DB00162,Vitamin A,P48443
DB00162,Vitamin A,P05090
DB00162,Vitamin A,P41222
DB00162,Vitamin A,Q96NR8
DB00162,Vitamin A,Q92781
DB00162,Vitamin A,Q8NBN7
DB00162,Vitamin A,O94788
DB00162,Vitamin A,P00352
DB00162,Vitamin A,O95237
DB00162,Vitamin A,O75911
DB00162,Vitamin A,P47895
DB00162,Vitamin A,Q6NUM9
DB00162,Vitamin A,Q8TC12
DB00162,Vitamin A,Q9BTZ2
DB00162,Vitamin A,Q9HBH5
DB00162,Vitamin A,Q9NYR8
DB00163,Vitamin E,Q9UDX3
DB00163,Vitamin E,Q9UDX4
DB00163,Vitamin E,O76054
DB00163,Vitamin E,O75469
DB00163,Vitamin E,P05771
DB00163,Vitamin E,P09917
DB00163,Vitamin E,P17252
DB00163,Vitamin E,P23743
DB00163,Vitamin E,P62714
DB00163,Vitamin E,P67775
DB00165,Pyridoxine,O00764
DB00165,Pyridoxine,P20711
DB00166,Lipoic acid,Q9Y234
DB00166,Lipoic acid,P22303
DB00166,Lipoic acid,P35354
DB00166,Lipoic acid,Q9Y289
DB00166,Lipoic acid,O43766
DB00167,Isoleucine,P45954
DB00167,Isoleucine,P54687
DB00167,Isoleucine,O15382
DB00167,Isoleucine,P41252
DB00167,Isoleucine,Q9NSE4
DB00169,Cholecalciferol,P11473
DB00170,Menadione,P38435
DB00170,Menadione,Q9BQB6
DB00170,Menadione,Q8N0U8
DB00170,Menadione,Q06278
DB00170,Menadione,P00734
DB00170,Menadione,P00740
DB00170,Menadione,P04070
DB00170,Menadione,P07225
DB00170,Menadione,P16083
DB00170,Menadione,P15559
DB00170,Menadione,P02818
DB00172,Proline,P23284
DB00172,Proline,P62937
DB00172,Proline,P32322
DB00172,Proline,P07814
DB00172,Proline,Q9UN76
DB00172,Proline,Q99884
DB00172,Proline,Q96C36
DB00172,Proline,O15460
DB00172,Proline,O43272
DB00172,Proline,O43447
DB00172,Proline,O94903
DB00172,Proline,P13674
DB00172,Proline,P30405
DB00172,Proline,P45877
DB00172,Proline,Q13427
DB00172,Proline,Q32P28
DB00172,Proline,Q4W8W1
DB00172,Proline,Q7L3T8
DB00172,Proline,Q8IVL5
DB00172,Proline,Q8IVL6
DB00172,Proline,Q53H96
DB00172,Proline,Q96EM0
DB00173,Adenine,P07741
DB00173,Adenine,Q13126
DB00173,Adenine,O00763
DB00173,Adenine,P24666
DB00173,Adenine,Q9BY49
DB00173,Adenine,P78362
DB00174,Asparagine,Q9H2H9
DB00174,Asparagine,Q15758
DB00174,Asparagine,P08243
DB00174,Asparagine,O43776
DB00174,Asparagine,Q7L266
DB00174,Asparagine,Q96I59
DB00175,Pravastatin,P04035
DB00175,Pravastatin,Q92769
DB00176,Fluvoxamine,P31645
DB00176,Fluvoxamine,Q12809
DB00177,Valsartan,P30556
DB00178,Ramipril,P12821
DB00178,Ramipril,P46663
DB00180,Flunisolide,P04150
DB00181,Baclofen,O75899
DB00181,Baclofen,Q9UBS5
DB00181,Baclofen,P61073
DB00182,Amphetamine,Q05940
DB00182,Amphetamine,Q01959
DB00182,Amphetamine,Q16568
DB00182,Amphetamine,Q96RJ0
DB00182,Amphetamine,P21397
DB00182,Amphetamine,P23975
DB00182,Amphetamine,P35348
DB00182,Amphetamine,P08588
DB00182,Amphetamine,P14416
DB00182,Amphetamine,P27338
DB00182,Amphetamine,P31645
DB00183,Pentagastrin,P32239
DB00184,Nicotine,P43681
DB00184,Nicotine,P36544
DB00184,Nicotine,P17787
DB00184,Nicotine,Q15822
DB00184,Nicotine,P32297
DB00184,Nicotine,P30532
DB00184,Nicotine,Q15825
DB00184,Nicotine,Q9UGM1
DB00184,Nicotine,Q9GZZ6
DB00184,Nicotine,Q05901
DB00184,Nicotine,P30926
DB00184,Nicotine,P11511
DB00184,Nicotine,P28329
DB00185,Cevimeline,P20309
DB00185,Cevimeline,P11229
DB00186,Lorazepam,P14867
DB00186,Lorazepam,P30536
DB00187,Esmolol,P08588
DB00188,Bortezomib,P28074
DB00188,Bortezomib,P20618
DB00188,Bortezomib,P07477
DB00189,Ethchlorvynol,P14867
DB00189,Ethchlorvynol,P47870
DB00190,Carbidopa,P20711
DB00191,Phentermine,P23975
DB00191,Phentermine,P31645
DB00191,Phentermine,Q01959
DB00191,Phentermine,P21397
DB00191,Phentermine,P27338
DB00191,Phentermine,P01303
DB00192,Indecainide,Q14524
DB00193,Tramadol,P35372
DB00193,Tramadol,P23975
DB00193,Tramadol,P31645
DB00193,Tramadol,Q99250
DB00193,Tramadol,P41145
DB00193,Tramadol,P41143
DB00193,Tramadol,Q05586
DB00193,Tramadol,P30542
DB00193,Tramadol,P08913
DB00193,Tramadol,P28335
DB00193,Tramadol,P36544
DB00193,Tramadol,P20309
DB00193,Tramadol,P11229
DB00193,Tramadol,P25103
DB00193,Tramadol,Q8NER1
DB00194,Vidarabine,P29275
DB00195,Betaxolol,P08588
DB00195,Betaxolol,P07550
DB00197,Troglitazone,P37231
DB00197,Troglitazone,P62508
DB00197,Troglitazone,P11474
DB00197,Troglitazone,Q03181
DB00197,Troglitazone,Q07869
DB00197,Troglitazone,P09211
DB00197,Troglitazone,O60488
DB00197,Troglitazone,P05121
DB00197,Troglitazone,Q99808
DB00198,Oseltamivir,Q99519
DB00198,Oseltamivir,Q9Y3R4
DB00199,Erythromycin,O43193
DB00199,Erythromycin,Q12809
DB00200,Hydroxocobalamin,Q99707
DB00200,Hydroxocobalamin,P22033
DB00200,Hydroxocobalamin,Q8IVH4
DB00200,Hydroxocobalamin,P20061
DB00200,Hydroxocobalamin,Q9BXJ7
DB00200,Hydroxocobalamin,O60494
DB00200,Hydroxocobalamin,Q9Y4U1
DB00201,Caffeine,P30542
DB00201,Caffeine,P29274
DB00201,Caffeine,P29275
DB00201,Caffeine,P0DMS8
DB00201,Caffeine,Q08499
DB00201,Caffeine,P21589
DB00201,Caffeine,Q07343
DB00201,Caffeine,P21817
DB00201,Caffeine,P27815
DB00201,Caffeine,P78527
DB00201,Caffeine,O00329
DB00201,Caffeine,P42336
DB00201,Caffeine,P42338
DB00201,Caffeine,Q14643
DB00201,Caffeine,Q13315
DB00202,Succinylcholine,Q9GZZ6
DB00202,Succinylcholine,P08172
DB00202,Succinylcholine,P20309
DB00203,Sildenafil,O76074
DB00203,Sildenafil,P05155
DB00203,Sildenafil,P18545
DB00203,Sildenafil,Q13956
DB00203,Sildenafil,P11926
DB00203,Sildenafil,Q9NZQ7
DB00204,Dofetilide,Q12809
DB00204,Dofetilide,O95069
DB00204,Dofetilide,Q14500
DB00205,Pyrimethamine,P00374
DB00205,Pyrimethamine,P07686
DB00205,Pyrimethamine,P15328
DB00206,Reserpine,Q05940
DB00206,Reserpine,P54219
DB00206,Reserpine,O15392
DB00207,Azithromycin,Q9UM07
DB00208,Ticlopidine,Q9H244
DB00208,Ticlopidine,P25105
DB00209,Trospium,P08912
DB00209,Trospium,P20309
DB00209,Trospium,P11229
DB00210,Adapalene,P10826
DB00210,Adapalene,P13631
DB00210,Adapalene,P28702
DB00210,Adapalene,P48443
DB00210,Adapalene,P19793
DB00210,Adapalene,P05412
DB00210,Adapalene,O60603
DB00210,Adapalene,P10276
DB00210,Adapalene,P17174
DB00211,Midodrine,P35348
DB00211,Midodrine,P35368
DB00211,Midodrine,P25100
DB00213,Pantoprazole,P20648
DB00213,Pantoprazole,P51164
DB00213,Pantoprazole,O94760
DB00214,Torasemide,P55011
DB00214,Torasemide,Q13621
DB00215,Citalopram,P31645
DB00215,Citalopram,P35367
DB00216,Eletriptan,P28222
DB00216,Eletriptan,P28221
DB00216,Eletriptan,P30939
DB00216,Eletriptan,P08908
DB00216,Eletriptan,P28566
DB00216,Eletriptan,P41595
DB00216,Eletriptan,P34969
DB00217,Bethanidine,P48048
DB00217,Bethanidine,P08913
DB00217,Bethanidine,P08588
DB00218,Moxifloxacin,P11388
DB00218,Moxifloxacin,P27169
DB00219,Oxyphenonium,P11229
DB00221,Isoetharine,P08588
DB00221,Isoetharine,P07550
DB00222,Glimepiride,Q14654
DB00222,Glimepiride,P48048
DB00222,Glimepiride,Q09428
DB00222,Glimepiride,O60706
DB00223,Diflorasone,P04150
DB00223,Diflorasone,P04054
DB00226,Guanadrel,P23975
DB00227,Lovastatin,P04035
DB00227,Lovastatin,P20701
DB00227,Lovastatin,Q92769
DB00228,Enflurane,P14867
DB00228,Enflurane,Q06432
DB00228,Enflurane,P23415
DB00228,Enflurane,P98194
DB00228,Enflurane,Q05586
DB00228,Enflurane,O14983
DB00230,Pregabalin,P54289
DB00231,Temazepam,P14867
DB00231,Temazepam,P30536
DB00232,Methyclothiazide,Q13621
DB00232,Methyclothiazide,P00915
DB00232,Methyclothiazide,P00918
DB00232,Methyclothiazide,P22748
DB00233,Aminosalicylic acid,P00374
DB00233,Aminosalicylic acid,P23219
DB00233,Aminosalicylic acid,P35354
DB00233,Aminosalicylic acid,O15111
DB00233,Aminosalicylic acid,P09917
DB00233,Aminosalicylic acid,Q9NZK7
DB00234,Reboxetine,P23975
DB00235,Milrinone,Q14432
DB00237,Butabarbital,P14867
DB00237,Butabarbital,Q9GZZ6
DB00237,Butabarbital,P42261
DB00237,Butabarbital,P42262
DB00237,Butabarbital,P42263
DB00237,Butabarbital,P48058
DB00237,Butabarbital,P39086
DB00237,Butabarbital,Q13002
DB00237,Butabarbital,Q13003
DB00237,Butabarbital,Q16099
DB00237,Butabarbital,Q16478
DB00239,Oxiconazole,O75469
DB00240,Alclometasone,P04150
DB00240,Alclometasone,P08185
DB00241,Butalbital,P47869
DB00241,Butalbital,P34903
DB00241,Butalbital,P48169
DB00241,Butalbital,P31644
DB00241,Butalbital,Q16445
DB00241,Butalbital,P14867
DB00241,Butalbital,P43681
DB00241,Butalbital,P36544
DB00241,Butalbital,P42262
DB00241,Butalbital,Q13002
DB00242,Cladribine,P23921
DB00242,Cladribine,P31350
DB00242,Cladribine,Q7LG56
DB00242,Cladribine,P09884
DB00242,Cladribine,Q07864
DB00242,Cladribine,P56282
DB00242,Cladribine,Q9NRF9
DB00242,Cladribine,Q9NR33
DB00242,Cladribine,P00491
DB00242,Cladribine,P00813
DB00242,Cladribine,P09874
DB00243,Ranolazine,P00747
DB00243,Ranolazine,P35498
DB00243,Ranolazine,Q14500
DB00243,Ranolazine,Q13936
DB00243,Ranolazine,P35348
DB00243,Ranolazine,P08588
DB00244,Mesalazine,P35354
DB00244,Mesalazine,P23219
DB00244,Mesalazine,P09917
DB00244,Mesalazine,P37231
DB00244,Mesalazine,O15111
DB00244,Mesalazine,O14920
DB00244,Mesalazine,P35228
DB00245,Benzatropine,P11229
DB00245,Benzatropine,Q01959
DB00245,Benzatropine,P35367
DB00245,Benzatropine,P31645
DB00245,Benzatropine,P23975
DB00246,Ziprasidone,P14416
DB00246,Ziprasidone,P28223
DB00246,Ziprasidone,P08908
DB00246,Ziprasidone,P28221
DB00246,Ziprasidone,P28335
DB00246,Ziprasidone,P36544
DB00246,Ziprasidone,P21728
DB00246,Ziprasidone,P21918
DB00246,Ziprasidone,P35462
DB00246,Ziprasidone,P21917
DB00246,Ziprasidone,P28222
DB00246,Ziprasidone,P28566
DB00246,Ziprasidone,P50406
DB00246,Ziprasidone,P34969
DB00246,Ziprasidone,P35367
DB00246,Ziprasidone,P35348
DB00246,Ziprasidone,P35368
DB00246,Ziprasidone,P08913
DB00246,Ziprasidone,P18089
DB00246,Ziprasidone,P18825
DB00246,Ziprasidone,P11229
DB00246,Ziprasidone,P08172
DB00246,Ziprasidone,P20309
DB00246,Ziprasidone,P08173
DB00246,Ziprasidone,P08912
DB00246,Ziprasidone,P46098
DB00246,Ziprasidone,P47898
DB00247,Methysergide,P41595
DB00247,Methysergide,P28335
DB00247,Methysergide,P28223
DB00247,Methysergide,P08908
DB00247,Methysergide,P34969
DB00247,Methysergide,P28222
DB00247,Methysergide,P30939
DB00247,Methysergide,P28566
DB00248,Cabergoline,P14416
DB00248,Cabergoline,P41595
DB00248,Cabergoline,P35462
DB00248,Cabergoline,P28223
DB00248,Cabergoline,P18089
DB00248,Cabergoline,P28221
DB00248,Cabergoline,P21917
DB00248,Cabergoline,P08913
DB00248,Cabergoline,P08908
DB00248,Cabergoline,P18825
DB00248,Cabergoline,P21918
DB00248,Cabergoline,P21728
DB00248,Cabergoline,P28222
DB00248,Cabergoline,P28335
DB00248,Cabergoline,P34969
DB00248,Cabergoline,P35348
DB00248,Cabergoline,P35368
DB00248,Cabergoline,P25100
DB00248,Cabergoline,P08588
DB00248,Cabergoline,P07550
DB00249,Idoxuridine,P04183
DB00252,Phenytoin,Q14524
DB00252,Phenytoin,P35498
DB00252,Phenytoin,Q12809
DB00252,Phenytoin,Q13936
DB00252,Phenytoin,Q99250
DB00252,Phenytoin,Q9UQD0
DB00252,Phenytoin,O75469
DB00252,Phenytoin,Q07699
DB00252,Phenytoin,Q9NY46
DB00253,Medrysone,P04150
DB00253,Medrysone,P62508
DB00253,Medrysone,O95718
DB00253,Medrysone,P11474
DB00255,Diethylstilbestrol,Q92731
DB00255,Diethylstilbestrol,P03372
DB00255,Diethylstilbestrol,P62508
DB00255,Diethylstilbestrol,P11474
DB00255,Diethylstilbestrol,O95718
DB00255,Diethylstilbestrol,Q15596
DB00255,Diethylstilbestrol,O75469
DB00255,Diethylstilbestrol,P10275
DB00255,Diethylstilbestrol,P04278
DB00257,Clotrimazole,O15554
DB00257,Clotrimazole,P25025
DB00257,Clotrimazole,O75469
DB00257,Clotrimazole,Q8TDS4
DB00260,Cycloserine,Q05586
DB00261,Anagrelide,Q14432
DB00262,Carmustine,P00390
DB00264,Metoprolol,P08588
DB00264,Metoprolol,P07550
DB00265,Crotamiton,Q9HBA0
DB00266,Dicoumarol,Q9BQB6
DB00266,Dicoumarol,P15559
DB00266,Dicoumarol,Q08257
DB00268,Ropinirole,P35462
DB00268,Ropinirole,P14416
DB00268,Ropinirole,P21917
DB00268,Ropinirole,P35348
DB00269,Chlorotrianisene,P03372
DB00270,Isradipine,Q13936
DB00270,Isradipine,P54289
DB00270,Isradipine,Q08289
DB00270,Isradipine,O95180
DB00270,Isradipine,Q9NY47
DB00270,Isradipine,Q01668
DB00270,Isradipine,Q13698
DB00272,Betazole,P25021
DB00273,Topiramate,P14867
DB00273,Topiramate,P35498
DB00273,Topiramate,P39086
DB00273,Topiramate,P00918
DB00273,Topiramate,P22748
DB00273,Topiramate,Q13936
DB00273,Topiramate,P00915
DB00273,Topiramate,P07451
DB00273,Topiramate,Q15878
DB00275,Olmesartan,P30556
DB00276,Amsacrine,P11388
DB00276,Amsacrine,Q02880
DB00276,Amsacrine,Q12809
DB00276,Amsacrine,P02763
DB00276,Amsacrine,P02768
DB00277,Theophylline,P30542
DB00277,Theophylline,P29274
DB00277,Theophylline,P29275
DB00277,Theophylline,Q07343
DB00277,Theophylline,O76074
DB00277,Theophylline,P27815
DB00277,Theophylline,Q14432
DB00277,Theophylline,Q92769
DB00277,Theophylline,P09874
DB00277,Theophylline,Q7Z5B4
DB00277,Theophylline,P21589
DB00277,Theophylline,Q99829
DB00278,Argatroban,P00734
DB00279,Liothyronine,P10827
DB00279,Liothyronine,P10828
DB00279,Liothyronine,P12004
DB00280,Disopyramide,Q14524
DB00280,Disopyramide,P11229
DB00280,Disopyramide,P08172
DB00280,Disopyramide,P20309
DB00280,Disopyramide,Q9NZV8
DB00280,Disopyramide,Q9UK17
DB00280,Disopyramide,Q12809
DB00280,Disopyramide,P19652
DB00281,Lidocaine,Q9Y5Y9
DB00281,Lidocaine,Q15858
DB00281,Lidocaine,Q14524
DB00281,Lidocaine,Q9UI33
DB00281,Lidocaine,P00533
DB00281,Lidocaine,P35499
DB00281,Lidocaine,P02763
DB00281,Lidocaine,P19652
DB00282,Pamidronic acid,P14324
DB00282,Pamidronic acid,O95749
DB00282,Pamidronic acid,P42574
DB00282,Pamidronic acid,P55211
DB00283,Clemastine,P35367
DB00284,Acarbose,O43451
DB00284,Acarbose,P14410
DB00284,Acarbose,P04746
DB00284,Acarbose,P10253
DB00285,Venlafaxine,P31645
DB00285,Venlafaxine,P23975
DB00285,Venlafaxine,Q01959
DB00286,Conjugated estrogens,Q92731
DB00286,Conjugated estrogens,P03372
DB00287,Travoprost,P43088
DB00288,Amcinonide,P04150
DB00288,Amcinonide,P62508
DB00288,Amcinonide,O95718
DB00288,Amcinonide,P11474
DB00288,Amcinonide,P04083
DB00289,Atomoxetine,P23975
DB00289,Atomoxetine,P31645
DB00289,Atomoxetine,Q05586
DB00289,Atomoxetine,P48549
DB00289,Atomoxetine,P41145
DB00290,Bleomycin,P18858
DB00290,Bleomycin,P49916
DB00292,Etomidate,P14867
DB00292,Etomidate,P18089
DB00292,Etomidate,Q99928
DB00293,Raltitrexed,P04818
DB00293,Raltitrexed,Q05932
DB00294,Etonogestrel,P06401
DB00295,Morphine,P35372
DB00295,Morphine,P41145
DB00295,Morphine,P41143
DB00295,Morphine,Q9Y6Y9
DB00296,Ropivacaine,Q9Y5Y9
DB00297,Bupivacaine,Q9Y5Y9
DB00297,Bupivacaine,P34995
DB00298,Dapiprazole,P35348
DB00298,Dapiprazole,P25100
DB00298,Dapiprazole,P35368
DB00298,Dapiprazole,P14416
DB00299,Penciclovir,P04183
DB00302,Tranexamic acid,P00747
DB00304,Desogestrel,P06401
DB00304,Desogestrel,P03372
DB00306,Talbutal,P47869
DB00306,Talbutal,P34903
DB00306,Talbutal,P48169
DB00306,Talbutal,P31644
DB00306,Talbutal,Q16445
DB00306,Talbutal,P14867
DB00306,Talbutal,Q99928
DB00306,Talbutal,P43681
DB00306,Talbutal,P36544
DB00306,Talbutal,P42262
DB00306,Talbutal,Q13002
DB00307,Bexarotene,P19793
DB00307,Bexarotene,P28702
DB00307,Bexarotene,P48443
DB00308,Ibutilide,Q13936
DB00308,Ibutilide,Q02641
DB00308,Ibutilide,Q12809
DB00308,Ibutilide,P54289
DB00308,Ibutilide,Q06432
DB00308,Ibutilide,O00180
DB00308,Ibutilide,Q9Y257
DB00308,Ibutilide,Q9H252
DB00308,Ibutilide,Q9NS40
DB00308,Ibutilide,Q14654
DB00309,Vindesine,Q9H4B7
DB00310,Chlorthalidone,P00915
DB00310,Chlorthalidone,Q13621
DB00311,Ethoxzolamide,P00918
DB00311,Ethoxzolamide,P22748
DB00311,Ethoxzolamide,P43166
DB00311,Ethoxzolamide,P00915
DB00311,Ethoxzolamide,P07451
DB00312,Pentobarbital,P14867
DB00312,Pentobarbital,P47869
DB00312,Pentobarbital,P34903
DB00312,Pentobarbital,P48169
DB00312,Pentobarbital,P31644
DB00312,Pentobarbital,Q16445
DB00312,Pentobarbital,P43681
DB00312,Pentobarbital,P36544
DB00312,Pentobarbital,P42262
DB00312,Pentobarbital,Q13002
DB00312,Pentobarbital,Q05586
DB00312,Pentobarbital,O75469
DB00313,Valproic acid,Q9UKV0
DB00313,Valproic acid,P49840
DB00313,Valproic acid,P80404
DB00313,Valproic acid,P45954
DB00313,Valproic acid,Q02218
DB00313,Valproic acid,P51649
DB00313,Valproic acid,P35498
DB00313,Valproic acid,Q92769
DB00313,Valproic acid,Q07869
DB00313,Valproic acid,Q03181
DB00313,Valproic acid,P37231
DB00313,Valproic acid,Q13547
DB00313,Valproic acid,P38936
DB00313,Valproic acid,P14210
DB00313,Valproic acid,P11926
DB00313,Valproic acid,Q9NZQ7
DB00315,Zolmitriptan,P28222
DB00315,Zolmitriptan,P28221
DB00315,Zolmitriptan,P30939
DB00315,Zolmitriptan,P28566
DB00315,Zolmitriptan,P34969
DB00315,Zolmitriptan,P08908
DB00315,Zolmitriptan,P28223
DB00315,Zolmitriptan,P41595
DB00316,Acetaminophen,P35354
DB00316,Acetaminophen,P23219
DB00316,Acetaminophen,P31645
DB00316,Acetaminophen,P23975
DB00316,Acetaminophen,Q15185
DB00316,Acetaminophen,Q8NER1
DB00317,Gefitinib,P00533
DB00318,Codeine,P35372
DB00318,Codeine,P41145
DB00318,Codeine,P41143
DB00320,Dihydroergotamine,P28222
DB00320,Dihydroergotamine,P28221
DB00320,Dihydroergotamine,P30939
DB00320,Dihydroergotamine,P14416
DB00320,Dihydroergotamine,P08913
DB00320,Dihydroergotamine,P08908
DB00320,Dihydroergotamine,P28566
DB00320,Dihydroergotamine,P28223
DB00320,Dihydroergotamine,P41595
DB00320,Dihydroergotamine,P28335
DB00320,Dihydroergotamine,P35348
DB00320,Dihydroergotamine,P35462
DB00320,Dihydroergotamine,P21917
DB00320,Dihydroergotamine,Q13639
DB00320,Dihydroergotamine,P13945
DB00321,Amitriptyline,P23975
DB00321,Amitriptyline,P31645
DB00321,Amitriptyline,P28223
DB00321,Amitriptyline,P08908
DB00321,Amitriptyline,P41143
DB00321,Amitriptyline,P41145
DB00321,Amitriptyline,P04629
DB00321,Amitriptyline,Q16620
DB00321,Amitriptyline,P35348
DB00321,Amitriptyline,P25100
DB00321,Amitriptyline,P08913
DB00321,Amitriptyline,P35367
DB00321,Amitriptyline,O43526
DB00321,Amitriptyline,Q09470
DB00321,Amitriptyline,P25021
DB00321,Amitriptyline,Q9H3N8
DB00321,Amitriptyline,Q99720
DB00321,Amitriptyline,P28335
DB00321,Amitriptyline,P35368
DB00321,Amitriptyline,P34969
DB00321,Amitriptyline,P28221
DB00321,Amitriptyline,P35372
DB00321,Amitriptyline,P28222
DB00321,Amitriptyline,P50406
DB00321,Amitriptyline,O43525
DB00321,Amitriptyline,P11229
DB00321,Amitriptyline,Q12809
DB00322,Floxuridine,P04818
DB00323,Tolcapone,P21964
DB00324,Fluorometholone,P04150
DB00325,Nitroprusside,P16066
DB00325,Nitroprusside,Q02153
DB00325,Nitroprusside,Q14571
DB00325,Nitroprusside,Q14573
DB00325,Nitroprusside,Q02108
DB00325,Nitroprusside,Q14643
DB00327,Hydromorphone,P35372
DB00327,Hydromorphone,P41143
DB00327,Hydromorphone,P41145
DB00328,Indomethacin,P35354
DB00328,Indomethacin,P14555
DB00328,Indomethacin,P23219
DB00328,Indomethacin,P19525
DB00328,Indomethacin,Q8N8N7
DB00328,Indomethacin,P37231
DB00328,Indomethacin,Q04760
DB00328,Indomethacin,Q9Y5Y4
DB00328,Indomethacin,Q07869
DB00328,Indomethacin,P42330
DB00331,Metformin,Q16134
DB00331,Metformin,Q9Y478
DB00331,Metformin,Q96FL8
DB00331,Metformin,O00763
DB00331,Metformin,P21695
DB00332,Ipratropium,P20309
DB00332,Ipratropium,P11229
DB00332,Ipratropium,P08172
DB00333,Methadone,P35372
DB00333,Methadone,Q05586
DB00333,Methadone,P41143
DB00333,Methadone,P36544
DB00333,Methadone,P46098
DB00333,Methadone,P32297
DB00333,Methadone,P43681
DB00333,Methadone,P17787
DB00334,Olanzapine,P28223
DB00334,Olanzapine,P14416
DB00334,Olanzapine,P21728
DB00334,Olanzapine,P21918
DB00334,Olanzapine,P35462
DB00334,Olanzapine,P21917
DB00334,Olanzapine,P28335
DB00334,Olanzapine,P46098
DB00334,Olanzapine,P50406
DB00334,Olanzapine,P35367
DB00334,Olanzapine,P35348
DB00334,Olanzapine,P35368
DB00334,Olanzapine,P11229
DB00334,Olanzapine,P08172
DB00334,Olanzapine,P20309
DB00334,Olanzapine,P08173
DB00334,Olanzapine,P08908
DB00334,Olanzapine,P08588
DB00334,Olanzapine,P14867
DB00335,Atenolol,P08588
DB00335,Atenolol,P07550
DB00337,Pimecrolimus,P42345
DB00337,Pimecrolimus,Q08209
DB00337,Pimecrolimus,P62942
DB00338,Omeprazole,P20648
DB00338,Omeprazole,P51164
DB00338,Omeprazole,P35869
DB00340,Metixene,P11229
DB00341,Cetirizine,P35367
DB00342,Terfenadine,P35367
DB00342,Terfenadine,P20309
DB00342,Terfenadine,P11229
DB00342,Terfenadine,P08912
DB00342,Terfenadine,P08173
DB00342,Terfenadine,P08172
DB00342,Terfenadine,Q12809
DB00343,Diltiazem,Q13936
DB00343,Diltiazem,Q06432
DB00343,Diltiazem,P54289
DB00344,Protriptyline,P23975
DB00344,Protriptyline,P31645
DB00345,Aminohippuric acid,Q8TCC7
DB00346,Alfuzosin,P35348
DB00346,Alfuzosin,P35368
DB00346,Alfuzosin,P25100
DB00347,Trimethadione,O43497
DB00348,Nitisinone,P32754
DB00349,Clobazam,P14867
DB00349,Clobazam,Q99928
DB00350,Minoxidil,P48048
DB00350,Minoxidil,P23219
DB00351,Megestrol acetate,P06401
DB00351,Megestrol acetate,P04150
DB00353,Methylergometrine,P21728
DB00353,Methylergometrine,P41595
DB00354,Buclizine,P35367
DB00354,Buclizine,P11229
DB00356,Chlorzoxazone,Q12791
DB00357,Aminoglutethimide,P05108
DB00357,Aminoglutethimide,P11511
DB00358,Mefloquine,P29274
DB00360,Sapropterin,P00439
DB00360,Sapropterin,P29474
DB00360,Sapropterin,P07101
DB00360,Sapropterin,P17752
DB00361,Vinorelbine,P07437
DB00361,Vinorelbine,P28482
DB00361,Vinorelbine,P10415
DB00361,Vinorelbine,P27816
DB00363,Clozapine,P14416
DB00363,Clozapine,P28223
DB00363,Clozapine,P21728
DB00363,Clozapine,P35462
DB00363,Clozapine,P21917
DB00363,Clozapine,P21918
DB00363,Clozapine,P08908
DB00363,Clozapine,P28222
DB00363,Clozapine,P28221
DB00363,Clozapine,P28566
DB00363,Clozapine,P46098
DB00363,Clozapine,P28335
DB00363,Clozapine,P50406
DB00363,Clozapine,P34969
DB00363,Clozapine,P18825
DB00363,Clozapine,P35367
DB00363,Clozapine,Q9H3N8
DB00363,Clozapine,P35348
DB00363,Clozapine,P35368
DB00363,Clozapine,P08913
DB00363,Clozapine,P18089
DB00363,Clozapine,P11229
DB00363,Clozapine,P08172
DB00363,Clozapine,P20309
DB00363,Clozapine,P08173
DB00363,Clozapine,P08912
DB00363,Clozapine,Q9NYX4
DB00363,Clozapine,P09211
DB00363,Clozapine,Q9UBS5
DB00363,Clozapine,O75899
DB00363,Clozapine,P14867
DB00363,Clozapine,P18505
DB00363,Clozapine,Q8N1C3
DB00364,Sucralfate,P0DJD9
DB00364,Sucralfate,P09038
DB00364,Sucralfate,P01133
DB00364,Sucralfate,P02671
DB00366,Doxylamine,P35367
DB00366,Doxylamine,P11229
DB00366,Doxylamine,Q14994
DB00367,Levonorgestrel,P06401
DB00367,Levonorgestrel,P18405
DB00367,Levonorgestrel,P03372
DB00367,Levonorgestrel,P10275
DB00367,Levonorgestrel,P04278
DB00367,Levonorgestrel,P04150
DB00368,Norepinephrine,P35348
DB00368,Norepinephrine,P35368
DB00368,Norepinephrine,P25100
DB00368,Norepinephrine,P08913
DB00368,Norepinephrine,P18089
DB00368,Norepinephrine,P18825
DB00368,Norepinephrine,P08588
DB00368,Norepinephrine,P07550
DB00368,Norepinephrine,P13945
DB00368,Norepinephrine,P00439
DB00368,Norepinephrine,Q05940
DB00368,Norepinephrine,P54219
DB00370,Mirtazapine,P28223
DB00370,Mirtazapine,Q9UE69
DB00370,Mirtazapine,P08913
DB00370,Mirtazapine,P28335
DB00370,Mirtazapine,P35348
DB00370,Mirtazapine,P41145
DB00370,Mirtazapine,P35367
DB00371,Meprobamate,P14867
DB00371,Meprobamate,P47869
DB00371,Meprobamate,P34903
DB00371,Meprobamate,P48169
DB00371,Meprobamate,P31644
DB00371,Meprobamate,Q16445
DB00371,Meprobamate,Q02156
DB00371,Meprobamate,Q9HBH1
DB00372,Thiethylperazine,P14416
DB00373,Timolol,P08588
DB00373,Timolol,P07550
DB00374,Treprostinil,P43119
DB00374,Treprostinil,P43116
DB00374,Treprostinil,Q13258
DB00374,Treprostinil,Q03181
DB00374,Treprostinil,Q9H244
DB00376,Trihexyphenidyl,P11229
DB00376,Trihexyphenidyl,P08172
DB00376,Trihexyphenidyl,P20309
DB00376,Trihexyphenidyl,P08173
DB00376,Trihexyphenidyl,P08912
DB00376,Trihexyphenidyl,P13945
DB00377,Palonosetron,P46098
DB00378,Dydrogesterone,P06401
DB00379,Mexiletine,Q14524
DB00379,Mexiletine,P35869
DB00380,Dexrazoxane,P11388
DB00380,Dexrazoxane,Q02880
DB00381,Amlodipine,Q13936
DB00381,Amlodipine,Q9P0X4
DB00381,Amlodipine,P54289
DB00381,Amlodipine,Q00975
DB00381,Amlodipine,Q02641
DB00381,Amlodipine,Q8IZS8
DB00381,Amlodipine,P00915
DB00381,Amlodipine,P17405
DB00382,Tacrine,P06276
DB00382,Tacrine,P22303
DB00382,Tacrine,P23141
DB00383,Oxyphencyclimine,P20309
DB00383,Oxyphencyclimine,P11229
DB00383,Oxyphencyclimine,P08172
DB00383,Oxyphencyclimine,P08912
DB00384,Triamterene,P51170
DB00384,Triamterene,P37088
DB00384,Triamterene,P51168
DB00384,Triamterene,P51172
DB00385,Valrubicin,P11388
DB00385,Valrubicin,Q02880
DB00387,Procyclidine,P20309
DB00387,Procyclidine,P11229
DB00387,Procyclidine,P08172
DB00387,Procyclidine,P08173
DB00387,Procyclidine,P08912
DB00388,Phenylephrine,P35348
DB00388,Phenylephrine,P35368
DB00388,Phenylephrine,P25100
DB00388,Phenylephrine,P14416
DB00389,Carbimazole,P07202
DB00390,Digoxin,P05023
DB00390,Digoxin,P54709
DB00390,Digoxin,P14415
DB00390,Digoxin,P05026
DB00390,Digoxin,P13637
DB00390,Digoxin,P50993
DB00390,Digoxin,Q6ZQN7
DB00391,Sulpiride,P14416
DB00391,Sulpiride,P35462
DB00391,Sulpiride,P00918
DB00391,Sulpiride,P07451
DB00391,Sulpiride,P21917
DB00392,Profenamine,P11229
DB00392,Profenamine,Q8TCU5
DB00392,Profenamine,P35367
DB00392,Profenamine,P08172
DB00393,Nimodipine,Q13936
DB00393,Nimodipine,Q01668
DB00393,Nimodipine,O60840
DB00393,Nimodipine,Q13698
DB00393,Nimodipine,Q02641
DB00393,Nimodipine,Q08289
DB00393,Nimodipine,P54284
DB00393,Nimodipine,O00305
DB00393,Nimodipine,P08235
DB00393,Nimodipine,P35869
DB00394,Beclomethasone dipropionate,P04150
DB00394,Beclomethasone dipropionate,O95718
DB00394,Beclomethasone dipropionate,P62508
DB00394,Beclomethasone dipropionate,P11474
DB00395,Carisoprodol,P14867
DB00395,Carisoprodol,P47870
DB00395,Carisoprodol,P18507
DB00395,Carisoprodol,P31644
DB00395,Carisoprodol,P34903
DB00396,Progesterone,P06401
DB00396,Progesterone,P08235
DB00396,Progesterone,P03372
DB00396,Progesterone,P05093
DB00396,Progesterone,P41145
DB00396,Progesterone,P02763
DB00396,Progesterone,P04150
DB00396,Progesterone,P10275
DB00396,Progesterone,P04278
DB00396,Progesterone,Q92731
DB00397,Phenylpropanolamine,P21728
DB00397,Phenylpropanolamine,O14746
DB00397,Phenylpropanolamine,P08588
DB00397,Phenylpropanolamine,P07550
DB00397,Phenylpropanolamine,P08913
DB00398,Sorafenib,P15056
DB00398,Sorafenib,P04049
DB00398,Sorafenib,P35916
DB00398,Sorafenib,P35968
DB00398,Sorafenib,P17948
DB00398,Sorafenib,P36888
DB00398,Sorafenib,P09619
DB00398,Sorafenib,P10721
DB00398,Sorafenib,P11362
DB00398,Sorafenib,P07949
DB00398,Sorafenib,P00533
DB00399,Zoledronic acid,O95749
DB00399,Zoledronic acid,P14324
DB00400,Griseofulvin,Q99456
DB00401,Nisoldipine,Q13936
DB00401,Nisoldipine,P54289
DB00401,Nisoldipine,Q08289
DB00401,Nisoldipine,Q01668
DB00401,Nisoldipine,Q13698
DB00402,Eszopiclone,P14867
DB00402,Eszopiclone,P30536
DB00402,Eszopiclone,P47869
DB00402,Eszopiclone,P34903
DB00402,Eszopiclone,P31644
DB00403,Ceruletide,P32238
DB00403,Ceruletide,P32239
DB00404,Alprazolam,P14867
DB00404,Alprazolam,P30536
DB00405,Dexbrompheniramine,P35367
DB00407,Ardeparin,P01008
DB00407,Ardeparin,P05546
DB00408,Loxapine,P28223
DB00408,Loxapine,P14416
DB00408,Loxapine,P28335
DB00408,Loxapine,P08908
DB00408,Loxapine,P28222
DB00408,Loxapine,P28221
DB00408,Loxapine,P28566
DB00408,Loxapine,P46098
DB00408,Loxapine,P47898
DB00408,Loxapine,P50406
DB00408,Loxapine,P34969
DB00408,Loxapine,P35348
DB00408,Loxapine,P35368
DB00408,Loxapine,P08913
DB00408,Loxapine,P18089
DB00408,Loxapine,P18825
DB00408,Loxapine,P08588
DB00408,Loxapine,P11229
DB00408,Loxapine,P08172
DB00408,Loxapine,P20309
DB00408,Loxapine,P08173
DB00408,Loxapine,P08912
DB00408,Loxapine,P21728
DB00408,Loxapine,P35462
DB00408,Loxapine,P21917
DB00408,Loxapine,P21918
DB00408,Loxapine,P35367
DB00408,Loxapine,P25021
DB00408,Loxapine,Q9H3N8
DB00408,Loxapine,P31645
DB00408,Loxapine,P23975
DB00408,Loxapine,Q01959
DB00409,Remoxipride,P14416
DB00409,Remoxipride,P21917
DB00409,Remoxipride,P35462
DB00409,Remoxipride,P28223
DB00409,Remoxipride,Q99720
DB00411,Carbamoylcholine,P11229
DB00411,Carbamoylcholine,P08172
DB00411,Carbamoylcholine,Q15822
DB00411,Carbamoylcholine,P20309
DB00411,Carbamoylcholine,P08173
DB00412,Rosiglitazone,P37231
DB00412,Rosiglitazone,P19793
DB00412,Rosiglitazone,O60488
DB00413,Pramipexole,P35462
DB00413,Pramipexole,P14416
DB00413,Pramipexole,P21917
DB00413,Pramipexole,P08908
DB00413,Pramipexole,P08913
DB00414,Acetohexamide,P48048
DB00414,Acetohexamide,Q09428
DB00415,Ampicillin,P46059
DB00415,Ampicillin,Q16348
DB00416,Metocurine iodide,Q15822
DB00416,Metocurine iodide,P17787
DB00416,Metocurine iodide,P43681
DB00417,Phenoxymethylpenicillin,P46059
DB00418,Secobarbital,P47869
DB00418,Secobarbital,P34903
DB00418,Secobarbital,P48169
DB00418,Secobarbital,P31644
DB00418,Secobarbital,Q16445
DB00418,Secobarbital,P14867
DB00418,Secobarbital,P43681
DB00418,Secobarbital,P36544
DB00418,Secobarbital,P42262
DB00418,Secobarbital,Q13002
DB00418,Secobarbital,Q05586
DB00419,Miglustat,Q16739
DB00420,Promazine,P14416
DB00420,Promazine,P08912
DB00420,Promazine,P28223
DB00420,Promazine,P28335
DB00420,Promazine,P35348
DB00420,Promazine,P11229
DB00420,Promazine,P35367
DB00421,Spironolactone,P08235
DB00421,Spironolactone,P04150
DB00421,Spironolactone,P10275
DB00421,Spironolactone,P06401
DB00421,Spironolactone,P03372
DB00421,Spironolactone,O75469
DB00421,Spironolactone,Q13936
DB00422,Methylphenidate,Q01959
DB00422,Methylphenidate,P23975
DB00422,Methylphenidate,P08908
DB00423,Methocarbamol,P00915
DB00424,Hyoscyamine,P11229
DB00424,Hyoscyamine,P08172
DB00424,Hyoscyamine,P08912
DB00424,Hyoscyamine,P20309
DB00424,Hyoscyamine,P08173
DB00424,Hyoscyamine,Q08828
DB00425,Zolpidem,P14867
DB00425,Zolpidem,Q99928
DB00425,Zolpidem,P47869
DB00425,Zolpidem,P34903
DB00425,Zolpidem,P18507
DB00427,Triprolidine,P35367
DB00428,Streptozocin,P11168
DB00428,Streptozocin,O60502
DB00429,Carboprost tromethamine,P34995
DB00429,Carboprost tromethamine,P43088
DB00431,Lindane,P18505
DB00431,Lindane,P23415
DB00431,Lindane,P23416
DB00431,Lindane,O75311
DB00431,Lindane,P48167
DB00431,Lindane,P28472
DB00431,Lindane,P24046
DB00431,Lindane,P06401
DB00431,Lindane,P03372
DB00431,Lindane,O75469
DB00432,Trifluridine,P04818
DB00433,Prochlorperazine,P14416
DB00433,Prochlorperazine,P35367
DB00433,Prochlorperazine,P35348
DB00433,Prochlorperazine,P08913
DB00434,Cyproheptadine,P35367
DB00434,Cyproheptadine,P28223
DB00434,Cyproheptadine,P28335
DB00434,Cyproheptadine,P41595
DB00434,Cyproheptadine,P25021
DB00434,Cyproheptadine,P11229
DB00434,Cyproheptadine,P08172
DB00434,Cyproheptadine,P20309
DB00434,Cyproheptadine,P34969
DB00435,Nitric Oxide,P33402
DB00435,Nitric Oxide,P14902
DB00435,Nitric Oxide,Q02153
DB00435,Nitric Oxide,Q02108
DB00435,Nitric Oxide,P04731
DB00435,Nitric Oxide,P29474
DB00436,Bendroflumethiazide,P55017
DB00436,Bendroflumethiazide,Q12791
DB00436,Bendroflumethiazide,Q13621
DB00436,Bendroflumethiazide,P00915
DB00436,Bendroflumethiazide,P00918
DB00436,Bendroflumethiazide,P22748
DB00437,Allopurinol,P47989
DB00439,Cerivastatin,P04035
DB00440,Trimethoprim,P00374
DB00441,Gemcitabine,P23921
DB00441,Gemcitabine,P31350
DB00441,Gemcitabine,P04818
DB00441,Gemcitabine,P30085
DB00443,Betamethasone,P04150
DB00444,Teniposide,P11388
DB00444,Teniposide,Q02880
DB00445,Epirubicin,Q02880
DB00445,Epirubicin,P11388
DB00446,Chloramphenicol,P08174
DB00448,Lansoprazole,P20648
DB00448,Lansoprazole,P10636
DB00449,Dipivefrin,P35348
DB00449,Dipivefrin,P08913
DB00449,Dipivefrin,P07550
DB00449,Dipivefrin,P06276
DB00449,Dipivefrin,P08588
DB00449,Dipivefrin,P22303
DB00450,Droperidol,P35348
DB00450,Droperidol,P14416
DB00451,Levothyroxine,P06756
DB00451,Levothyroxine,P05106
DB00451,Levothyroxine,P10827
DB00451,Levothyroxine,P10828
DB00452,Framycetin,P61073
DB00454,Meperidine,P41145
DB00454,Meperidine,Q05586
DB00454,Meperidine,Q13224
DB00454,Meperidine,Q12879
DB00454,Meperidine,Q14957
DB00454,Meperidine,O15399
DB00454,Meperidine,P11229
DB00454,Meperidine,P35372
DB00454,Meperidine,Q01959
DB00454,Meperidine,P23975
DB00454,Meperidine,P31645
DB00454,Meperidine,P23141
DB00455,Loratadine,P35367
DB00455,Loratadine,Q12809
DB00457,Prazosin,P35348
DB00457,Prazosin,P35368
DB00457,Prazosin,P25100
DB00457,Prazosin,Q12809
DB00457,Prazosin,P08913
DB00457,Prazosin,P18089
DB00458,Imipramine,P23975
DB00458,Imipramine,P31645
DB00458,Imipramine,P28223
DB00458,Imipramine,P35367
DB00458,Imipramine,P35348
DB00458,Imipramine,P25100
DB00458,Imipramine,P11229
DB00458,Imipramine,P08172
DB00458,Imipramine,P20309
DB00458,Imipramine,P08173
DB00458,Imipramine,P08912
DB00458,Imipramine,Q9NZV8
DB00458,Imipramine,Q9UK17
DB00458,Imipramine,P28335
DB00458,Imipramine,P35368
DB00458,Imipramine,P34969
DB00458,Imipramine,P21728
DB00458,Imipramine,P14416
DB00458,Imipramine,Q12809
DB00458,Imipramine,Q01959
DB00458,Imipramine,P08908
DB00458,Imipramine,P50406
DB00458,Imipramine,O95259
DB00459,Acitretin,P19793
DB00459,Acitretin,P10276
DB00459,Acitretin,P10826
DB00459,Acitretin,P13631
DB00459,Acitretin,P48443
DB00459,Acitretin,P28702
DB00459,Acitretin,P40763
DB00459,Acitretin,P09455
DB00461,Nabumetone,P35354
DB00461,Nabumetone,P23219
DB00462,Methscopolamine bromide,P08172
DB00462,Methscopolamine bromide,P11229
DB00462,Methscopolamine bromide,P20309
DB00463,Metharbital,P47869
DB00463,Metharbital,P34903
DB00463,Metharbital,P48169
DB00463,Metharbital,P31644
DB00463,Metharbital,Q16445
DB00463,Metharbital,P14867
DB00463,Metharbital,Q99928
DB00463,Metharbital,P43681
DB00463,Metharbital,P36544
DB00463,Metharbital,P42262
DB00463,Metharbital,Q13002
DB00464,Sodium tetradecyl sulfate,P07225
DB00464,Sodium tetradecyl sulfate,P04070
DB00465,Ketorolac,P35354
DB00465,Ketorolac,P23219
DB00467,Enoxacin,P11388
DB00467,Enoxacin,Q02880
DB00468,Quinine,P14770
DB00468,Quinine,O15554
DB00469,Tenoxicam,P35354
DB00469,Tenoxicam,P23219
DB00470,Dronabinol,P21554
DB00470,Dronabinol,P34972
DB00471,Montelukast,Q9Y271
DB00471,Montelukast,P09917
DB00472,Fluoxetine,P31645
DB00472,Fluoxetine,P28335
DB00472,Fluoxetine,Q15822
DB00472,Fluoxetine,P32297
DB00472,Fluoxetine,P30926
DB00472,Fluoxetine,P61024
DB00472,Fluoxetine,Q12809
DB00473,Hexylcaine,Q14524
DB00473,Hexylcaine,Q9Y5Y9
DB00474,Methohexital,P14867
DB00475,Chlordiazepoxide,P14867
DB00475,Chlordiazepoxide,P30536
DB00476,Duloxetine,P31645
DB00476,Duloxetine,P23975
DB00476,Duloxetine,Q01959
DB00477,Chlorpromazine,P14416
DB00477,Chlorpromazine,P21728
DB00477,Chlorpromazine,P08908
DB00477,Chlorpromazine,P28223
DB00477,Chlorpromazine,P35348
DB00477,Chlorpromazine,P35368
DB00477,Chlorpromazine,P35367
DB00477,Chlorpromazine,Q12809
DB00477,Chlorpromazine,P35462
DB00477,Chlorpromazine,P28335
DB00477,Chlorpromazine,P08913
DB00477,Chlorpromazine,P11229
DB00477,Chlorpromazine,P20309
DB00477,Chlorpromazine,P50406
DB00477,Chlorpromazine,P34969
DB00477,Chlorpromazine,P21917
DB00477,Chlorpromazine,P21918
DB00477,Chlorpromazine,P17405
DB00477,Chlorpromazine,P02763
DB00477,Chlorpromazine,Q9H3N8
DB00477,Chlorpromazine,P0DP23
DB00480,Lenalidomide,Q96SW2
DB00480,Lenalidomide,O14788
DB00480,Lenalidomide,P01375
DB00480,Lenalidomide,P33151
DB00480,Lenalidomide,P35354
DB00481,Raloxifene,P03372
DB00481,Raloxifene,Q92731
DB00481,Raloxifene,P50453
DB00481,Raloxifene,P04155
DB00482,Celecoxib,P35354
DB00482,Celecoxib,Q99519
DB00482,Celecoxib,P40763
DB00482,Celecoxib,P00918
DB00482,Celecoxib,P07451
DB00482,Celecoxib,P55287
DB00482,Celecoxib,O15530
DB00483,Gallamine triethiodide,P08172
DB00483,Gallamine triethiodide,P22303
DB00483,Gallamine triethiodide,Q15822
DB00483,Gallamine triethiodide,P11229
DB00483,Gallamine triethiodide,P08912
DB00484,Brimonidine,P08913
DB00484,Brimonidine,P18089
DB00484,Brimonidine,P18825
DB00486,Nabilone,P34972
DB00486,Nabilone,P21554
DB00487,Pefloxacin,P11388
DB00487,Pefloxacin,Q02880
DB00489,Sotalol,P08588
DB00489,Sotalol,P07550
DB00489,Sotalol,Q12809
DB00490,Buspirone,P08908
DB00490,Buspirone,P14416
DB00490,Buspirone,P35462
DB00490,Buspirone,P21917
DB00490,Buspirone,P35348
DB00491,Miglitol,P10253
DB00491,Miglitol,Q14697
DB00491,Miglitol,Q8TET4
DB00491,Miglitol,O43451
DB00492,Fosinopril,P12821
DB00493,Cefotaxime,Q4U2R8
DB00493,Cefotaxime,Q8TCC7
DB00493,Cefotaxime,Q9NSA0
DB00493,Cefotaxime,Q9Y694
DB00493,Cefotaxime,P46059
DB00493,Cefotaxime,P02768
DB00493,Cefotaxime,Q16348
DB00494,Entacapone,P21964
DB00495,Zidovudine,P36888
DB00495,Zidovudine,O14746
DB00496,Darifenacin,P20309
DB00496,Darifenacin,P11229
DB00496,Darifenacin,P08172
DB00496,Darifenacin,P08173
DB00496,Darifenacin,P08912
DB00497,Oxycodone,P35372
DB00497,Oxycodone,P41145
DB00497,Oxycodone,P41143
DB00497,Oxycodone,Q00975
DB00498,Phenindione,Q9BQB6
DB00499,Flutamide,P10275
DB00499,Flutamide,P35869
DB00499,Flutamide,O75469
DB00500,Tolmetin,P35354
DB00500,Tolmetin,P23219
DB00501,Cimetidine,P25021
DB00502,Haloperidol,P28335
DB00502,Haloperidol,P14416
DB00502,Haloperidol,P28223
DB00502,Haloperidol,P35462
DB00502,Haloperidol,Q99705
DB00502,Haloperidol,Q05940
DB00502,Haloperidol,Q99720
DB00502,Haloperidol,P35367
DB00502,Haloperidol,P20309
DB00502,Haloperidol,P35348
DB00502,Haloperidol,P08913
DB00502,Haloperidol,P18089
DB00502,Haloperidol,P18825
DB00502,Haloperidol,P08908
DB00502,Haloperidol,P50406
DB00502,Haloperidol,P34969
DB00502,Haloperidol,Q13224
DB00502,Haloperidol,P21728
DB00503,Ritonavir,O75469
DB00504,Levallorphan,P35372
DB00504,Levallorphan,Q15822
DB00505,Tridihexethyl,P20309
DB00505,Tridihexethyl,P11229
DB00505,Tridihexethyl,P08172
DB00505,Tridihexethyl,P08912
DB00508,Triflupromazine,P14416
DB00508,Triflupromazine,P21728
DB00508,Triflupromazine,P41595
DB00508,Triflupromazine,P11229
DB00508,Triflupromazine,P08172
DB00509,Dextrothyroxine,P10827
DB00509,Dextrothyroxine,P10828
DB00509,Dextrothyroxine,P07202
DB00511,Acetyldigitoxin,P05023
DB00513,Aminocaproic acid,P00747
DB00513,Aminocaproic acid,P00750
DB00513,Aminocaproic acid,P08519
DB00514,Dextromethorphan,Q99720
DB00514,Dextromethorphan,Q8TCU5
DB00514,Dextromethorphan,P11511
DB00514,Dextromethorphan,Q15822
DB00514,Dextromethorphan,P31645
DB00514,Dextromethorphan,O00264
DB00514,Dextromethorphan,P32297
DB00514,Dextromethorphan,P43681
DB00514,Dextromethorphan,P30926
DB00514,Dextromethorphan,P17787
DB00514,Dextromethorphan,P36544
DB00514,Dextromethorphan,P35372
DB00514,Dextromethorphan,P41143
DB00514,Dextromethorphan,P41145
DB00514,Dextromethorphan,P13498
DB00514,Dextromethorphan,P23975
DB00515,Cisplatin,P29372
DB00515,Cisplatin,P01023
DB00515,Cisplatin,P02787
DB00515,Cisplatin,O00244
DB00517,Anisotropine methylbromide,P11229
DB00517,Anisotropine methylbromide,P08172
DB00517,Anisotropine methylbromide,P20309
DB00517,Anisotropine methylbromide,P08912
DB00518,Albendazole,Q71U36
DB00518,Albendazole,P68371
DB00519,Trandolapril,P12821
DB00521,Carteolol,P07550
DB00521,Carteolol,P08588
DB00522,Bentiromide,P05981
DB00523,Alitretinoin,P10276
DB00523,Alitretinoin,P19793
DB00523,Alitretinoin,P10826
DB00523,Alitretinoin,P28702
DB00523,Alitretinoin,P13631
DB00523,Alitretinoin,P48443
DB00523,Alitretinoin,P17936
DB00523,Alitretinoin,Q15238
DB00523,Alitretinoin,Q6V0L0
DB00524,Metolazone,P55017
DB00525,Tolnaftate,Q14534
DB00527,Cinchocaine,Q14524
DB00527,Cinchocaine,Q9Y5Y9
DB00527,Cinchocaine,P0DP23
DB00528,Lercanidipine,Q06432
DB00528,Lercanidipine,P54289
DB00530,Erlotinib,O75469
DB00530,Erlotinib,P00533
DB00531,Cyclophosphamide,O75469
DB00532,Mephenytoin,Q14524
DB00532,Mephenytoin,O75469
DB00533,Rofecoxib,P35354
DB00533,Rofecoxib,P15502
DB00534,Chlormerodrin,Q13621
DB00534,Chlormerodrin,P51649
DB00535,Cefdinir,P05164
DB00536,Guanidine,P05091
DB00536,Guanidine,P07998
DB00536,Guanidine,P78352
DB00536,Guanidine,Q14353
DB00537,Ciprofloxacin,P11388
DB00537,Ciprofloxacin,Q12809
DB00539,Toremifene,P03372
DB00539,Toremifene,P04278
DB00540,Nortriptyline,P23975
DB00540,Nortriptyline,P31645
DB00540,Nortriptyline,P28223
DB00540,Nortriptyline,P08908
DB00540,Nortriptyline,P35367
DB00540,Nortriptyline,P35348
DB00540,Nortriptyline,P25100
DB00540,Nortriptyline,P28335
DB00540,Nortriptyline,P35368
DB00540,Nortriptyline,P08913
DB00540,Nortriptyline,P08588
DB00540,Nortriptyline,P14416
DB00540,Nortriptyline,O00264
DB00540,Nortriptyline,P11229
DB00541,Vincristine,P07437
DB00541,Vincristine,P68366
DB00542,Benazepril,P12821
DB00543,Amoxapine,P31645
DB00543,Amoxapine,P23975
DB00543,Amoxapine,P14416
DB00543,Amoxapine,P21728
DB00543,Amoxapine,P08913
DB00543,Amoxapine,P35348
DB00543,Amoxapine,P11229
DB00543,Amoxapine,P14867
DB00543,Amoxapine,P28223
DB00543,Amoxapine,P28335
DB00543,Amoxapine,P50406
DB00543,Amoxapine,P34969
DB00543,Amoxapine,P35462
DB00543,Amoxapine,P21917
DB00543,Amoxapine,P35367
DB00543,Amoxapine,P41595
DB00543,Amoxapine,P46098
DB00543,Amoxapine,P08908
DB00543,Amoxapine,P28222
DB00543,Amoxapine,Q9H3N8
DB00543,Amoxapine,Q01959
DB00544,Fluorouracil,P04818
DB00544,Fluorouracil,O14746
DB00544,Fluorouracil,Q12882
DB00545,Pyridostigmine,P00742
DB00545,Pyridostigmine,P06276
DB00545,Pyridostigmine,P22303
DB00547,Desoximetasone,P04150
DB00547,Desoximetasone,P62508
DB00547,Desoximetasone,O95718
DB00547,Desoximetasone,P11474
DB00548,Azelaic acid,Q9H8P0
DB00548,Azelaic acid,P51857
DB00548,Azelaic acid,P31213
DB00548,Azelaic acid,P14679
DB00548,Azelaic acid,P18405
DB00549,Zafirlukast,Q9Y271
DB00550,Propylthiouracil,P07202
DB00550,Propylthiouracil,P49895
DB00551,Acetohydroxamic acid,P39900
DB00552,Pentostatin,P00813
DB00553,Methoxsalen,P11509
DB00554,Piroxicam,P35354
DB00554,Piroxicam,P23219
DB00555,Lamotrigine,Q15878
DB00555,Lamotrigine,P35498
DB00555,Lamotrigine,Q9UI33
DB00555,Lamotrigine,P30542
DB00555,Lamotrigine,P29274
DB00555,Lamotrigine,P35348
DB00555,Lamotrigine,P08913
DB00555,Lamotrigine,P08588
DB00555,Lamotrigine,P21728
DB00555,Lamotrigine,P14416
DB00555,Lamotrigine,P14867
DB00555,Lamotrigine,P35367
DB00555,Lamotrigine,P41145
DB00555,Lamotrigine,P02708
DB00555,Lamotrigine,P28223
DB00555,Lamotrigine,P46098
DB00555,Lamotrigine,P42261
DB00557,Hydroxyzine,P35367
DB00557,Hydroxyzine,Q12809
DB00558,Zanamivir,Q9Y3R4
DB00559,Bosentan,P24530
DB00559,Bosentan,P25101
DB00561,Doxapram,O14649
DB00561,Doxapram,Q9NPC2
DB00562,Benzthiazide,P55017
DB00562,Benzthiazide,P00915
DB00562,Benzthiazide,P00918
DB00562,Benzthiazide,P22748
DB00562,Benzthiazide,Q16790
DB00562,Benzthiazide,O43570
DB00563,Methotrexate,P04818
DB00563,Methotrexate,P31939
DB00563,Methotrexate,P00374
DB00563,Methotrexate,P41440
DB00563,Methotrexate,Q96NT5
DB00564,Carbamazepine,P35498
DB00564,Carbamazepine,P43681
DB00564,Carbamazepine,O75469
DB00565,Cisatracurium,Q9GZZ6
DB00565,Cisatracurium,Q15822
DB00565,Cisatracurium,P02708
DB00565,Cisatracurium,P08172
DB00568,Cinnarizine,P35367
DB00568,Cinnarizine,Q13936
DB00568,Cinnarizine,Q01668
DB00568,Cinnarizine,O60840
DB00568,Cinnarizine,Q13698
DB00568,Cinnarizine,O43497
DB00568,Cinnarizine,O95180
DB00568,Cinnarizine,Q9P0X4
DB00568,Cinnarizine,P14416
DB00568,Cinnarizine,P21728
DB00568,Cinnarizine,P11229
DB00569,Fondaparinux,P00742
DB00569,Fondaparinux,P01008
DB00570,Vinblastine,Q71U36
DB00570,Vinblastine,P07437
DB00570,Vinblastine,Q9UJT1
DB00570,Vinblastine,P23258
DB00570,Vinblastine,Q9UJT0
DB00570,Vinblastine,Q13885
DB00570,Vinblastine,P05412
DB00571,Propranolol,P08588
DB00571,Propranolol,P07550
DB00571,Propranolol,P13945
DB00571,Propranolol,P08908
DB00571,Propranolol,P28222
DB00572,Atropine,P11229
DB00572,Atropine,P08172
DB00572,Atropine,P20309
DB00572,Atropine,P08173
DB00572,Atropine,P08912
DB00572,Atropine,P23415
DB00572,Atropine,P43681
DB00572,Atropine,P17787
DB00573,Fenoprofen,P35354
DB00573,Fenoprofen,P23219
DB00573,Fenoprofen,Q07869
DB00573,Fenoprofen,P37231
DB00574,Fenfluramine,P31645
DB00574,Fenfluramine,P28221
DB00574,Fenfluramine,P28335
DB00574,Fenfluramine,Q99720
DB00574,Fenfluramine,P28223
DB00574,Fenfluramine,P41595
DB00574,Fenfluramine,P08908
DB00575,Clonidine,P18089
DB00575,Clonidine,P18825
DB00575,Clonidine,P08913
DB00575,Clonidine,Q16853
DB00575,Clonidine,P35348
DB00575,Clonidine,P35368
DB00575,Clonidine,P25100
DB00579,Mazindol,P23975
DB00579,Mazindol,Q01959
DB00579,Mazindol,P31645
DB00579,Mazindol,Q05940
DB00580,Valdecoxib,P35354
DB00580,Valdecoxib,P00918
DB00580,Valdecoxib,P07451
DB00583,Levocarnitine,Q92523
DB00583,Levocarnitine,P47989
DB00583,Levocarnitine,P23141
DB00583,Levocarnitine,P05164
DB00583,Levocarnitine,P50416
DB00583,Levocarnitine,Q9H015
DB00583,Levocarnitine,O76082
DB00583,Levocarnitine,P43155
DB00583,Levocarnitine,Q8N8R3
DB00583,Levocarnitine,O43772
DB00583,Levocarnitine,Q9UKG9
DB00583,Levocarnitine,P23786
DB00584,Enalapril,P12821
DB00585,Nizatidine,P25021
DB00586,Diclofenac,P35354
DB00586,Diclofenac,P23219
DB00588,Fluticasone propionate,P04150
DB00588,Fluticasone propionate,P06401
DB00588,Fluticasone propionate,P47712
DB00588,Fluticasone propionate,P08235
DB00589,Lisuride,P14416
DB00589,Lisuride,P35462
DB00589,Lisuride,P21917
DB00589,Lisuride,P28223
DB00589,Lisuride,P28335
DB00589,Lisuride,P21728
DB00589,Lisuride,P21918
DB00589,Lisuride,P08908
DB00589,Lisuride,P28221
DB00589,Lisuride,P41595
DB00589,Lisuride,P28222
DB00589,Lisuride,P08913
DB00589,Lisuride,P18089
DB00589,Lisuride,P18825
DB00589,Lisuride,P34969
DB00590,Doxazosin,P35348
DB00590,Doxazosin,P25100
DB00590,Doxazosin,Q12809
DB00590,Doxazosin,P35368
DB00591,Fluocinolone acetonide,P04150
DB00591,Fluocinolone acetonide,P04083
DB00591,Fluocinolone acetonide,P07355
DB00591,Fluocinolone acetonide,P12429
DB00591,Fluocinolone acetonide,P09525
DB00591,Fluocinolone acetonide,P08758
DB00591,Fluocinolone acetonide,P04054
DB00592,Piperazine,P28472
DB00593,Ethosuximide,O43497
DB00594,Amiloride,P37088
DB00594,Amiloride,P51168
DB00594,Amiloride,P51170
DB00594,Amiloride,P51172
DB00594,Amiloride,P19801
DB00594,Amiloride,Q16515
DB00594,Amiloride,P78348
DB00594,Amiloride,P19634
DB00594,Amiloride,P00749
DB00596,Ulobetasol,P04150
DB00596,Ulobetasol,P62508
DB00596,Ulobetasol,O95718
DB00596,Ulobetasol,P11474
DB00598,Labetalol,P08588
DB00598,Labetalol,P07550
DB00598,Labetalol,P35348
DB00599,Thiopental,P14867
DB00599,Thiopental,P47869
DB00599,Thiopental,P34903
DB00599,Thiopental,P48169
DB00599,Thiopental,P31644
DB00599,Thiopental,Q16445
DB00599,Thiopental,P43681
DB00599,Thiopental,P36544
DB00599,Thiopental,P42262
DB00599,Thiopental,Q13002
DB00599,Thiopental,O00519
DB00599,Thiopental,P20309
DB00600,Monobenzone,P14679
DB00603,Medroxyprogesterone acetate,P06401
DB00603,Medroxyprogesterone acetate,P03372
DB00603,Medroxyprogesterone acetate,P08183
DB00603,Medroxyprogesterone acetate,P14867
DB00604,Cisapride,Q13639
DB00604,Cisapride,P46098
DB00604,Cisapride,P28223
DB00604,Cisapride,Q12809
DB00605,Sulindac,P35354
DB00605,Sulindac,P15121
DB00605,Sulindac,P23219
DB00605,Sulindac,P27361
DB00605,Sulindac,Q03181
DB00605,Sulindac,Q9Y5Y4
DB00605,Sulindac,O60218
DB00606,Cyclothiazide,P54710
DB00606,Cyclothiazide,P00915
DB00606,Cyclothiazide,P00918
DB00606,Cyclothiazide,Q6FHJ7
DB00608,Chloroquine,Q16570
DB00608,Chloroquine,P09210
DB00608,Chloroquine,P01375
DB00608,Chloroquine,Q9NR96
DB00608,Chloroquine,P09429
DB00608,Chloroquine,P09488
DB00608,Chloroquine,Q9BYF1
DB00609,Ethionamide,Q16236
DB00610,Metaraminol,P35348
DB00610,Metaraminol,P14416
DB00611,Butorphanol,P41145
DB00611,Butorphanol,P41143
DB00611,Butorphanol,P35372
DB00612,Bisoprolol,P08588
DB00612,Bisoprolol,P07550
DB00613,Amodiaquine,P50135
DB00615,Rifabutin,P07900
DB00615,Rifabutin,P14625
DB00617,Paramethadione,Q9P0X4
DB00617,Paramethadione,O43497
DB00618,Demeclocycline,P30518
DB00619,Imatinib,P11274
DB00619,Imatinib,P10721
DB00619,Imatinib,P07949
DB00619,Imatinib,P16234
DB00619,Imatinib,P00519
DB00619,Imatinib,P09619
DB00619,Imatinib,P07333
DB00619,Imatinib,Q08345
DB00619,Imatinib,Q16832
DB00619,Imatinib,Q07820
DB00620,Triamcinolone,P04150
DB00621,Oxandrolone,P10275
DB00622,Nicardipine,Q13936
DB00622,Nicardipine,Q08289
DB00622,Nicardipine,P54289
DB00622,Nicardipine,Q01668
DB00622,Nicardipine,P54750
DB00622,Nicardipine,Q01064
DB00622,Nicardipine,P35348
DB00622,Nicardipine,P35368
DB00622,Nicardipine,P25100
DB00622,Nicardipine,P11229
DB00622,Nicardipine,P08172
DB00622,Nicardipine,P20309
DB00622,Nicardipine,P08173
DB00622,Nicardipine,P08912
DB00622,Nicardipine,Q06432
DB00622,Nicardipine,O43497
DB00622,Nicardipine,O95180
DB00622,Nicardipine,Q9P0X4
DB00622,Nicardipine,P0DP23
DB00623,Fluphenazine,P14416
DB00623,Fluphenazine,P21728
DB00623,Fluphenazine,P28222
DB00623,Fluphenazine,P10275
DB00623,Fluphenazine,P28223
DB00623,Fluphenazine,P28335
DB00623,Fluphenazine,P0DP23
DB00624,Testosterone,P10275
DB00624,Testosterone,P03372
DB00624,Testosterone,P08235
DB00626,Bacitracin,P14735
DB00626,Bacitracin,P01023
DB00627,Niacin,P49019
DB00627,Niacin,Q8TDS4
DB00627,Niacin,Q15274
DB00627,Niacin,P40261
DB00627,Niacin,Q96PD7
DB00628,Clorazepic acid,P14867
DB00628,Clorazepic acid,P30536
DB00629,Guanabenz,P08913
DB00629,Guanabenz,P18089
DB00630,Alendronic acid,P14324
DB00630,Alendronic acid,P29074
DB00630,Alendronic acid,Q13332
DB00630,Alendronic acid,P23469
DB00630,Alendronic acid,P38606
DB00631,Clofarabine,P09884
DB00631,Clofarabine,P23921
DB00631,Clofarabine,Q7LG56
DB00631,Clofarabine,P31350
DB00633,Dexmedetomidine,P08913
DB00635,Prednisone,P04150
DB00636,Clofibrate,Q07869
DB00636,Clofibrate,P06858
DB00637,Astemizole,P35367
DB00637,Astemizole,Q12809
DB00637,Astemizole,O95259
DB00637,Astemizole,P10636
DB00638,Inulin,P01308
DB00640,Adenosine,P30542
DB00640,Adenosine,P29274
DB00640,Adenosine,P29275
DB00640,Adenosine,P0DMS8
DB00641,Simvastatin,P04035
DB00641,Simvastatin,P20701
DB00641,Simvastatin,Q92769
DB00642,Pemetrexed,P04818
DB00642,Pemetrexed,P31939
DB00642,Pemetrexed,P00374
DB00642,Pemetrexed,P22102
DB00643,Mebendazole,Q71U36
DB00643,Mebendazole,P68371
DB00644,Gonadorelin,P30968
DB00644,Gonadorelin,Q96P88
DB00645,Dyclonine,Q9Y5Y9
DB00645,Dyclonine,Q14524
DB00647,Dextropropoxyphene,P35372
DB00647,Dextropropoxyphene,P41143
DB00647,Dextropropoxyphene,P41145
DB00647,Dextropropoxyphene,Q05586
DB00648,Mitotane,P15538
DB00648,Mitotane,P03372
DB00648,Mitotane,P06401
DB00648,Mitotane,P10275
DB00648,Mitotane,P10109
DB00650,Leucovorin,P00374
DB00650,Leucovorin,Q96NT5
DB00651,Dyphylline,Q07343
DB00651,Dyphylline,P27815
DB00651,Dyphylline,Q08493
DB00651,Dyphylline,Q08499
DB00651,Dyphylline,P30542
DB00651,Dyphylline,P29274
DB00651,Dyphylline,P21589
DB00652,Pentazocine,Q99720
DB00652,Pentazocine,P35372
DB00652,Pentazocine,P41145
DB00653,Magnesium sulfate,Q13936
DB00654,Latanoprost,P43088
DB00655,Estrone,P03372
DB00655,Estrone,Q92731
DB00655,Estrone,P10275
DB00655,Estrone,P11511
DB00655,Estrone,P04278
DB00656,Trazodone,P28223
DB00656,Trazodone,P28335
DB00656,Trazodone,P31645
DB00656,Trazodone,P08908
DB00656,Trazodone,P35367
DB00656,Trazodone,P35348
DB00656,Trazodone,P08913
DB00657,Mecamylamine,Q15822
DB00657,Mecamylamine,P36544
DB00657,Mecamylamine,P43681
DB00657,Mecamylamine,P17787
DB00659,Acamprosate,Q05586
DB00659,Acamprosate,P41594
DB00659,Acamprosate,Q9UBS5
DB00661,Verapamil,Q13936
DB00661,Verapamil,Q00975
DB00661,Verapamil,O00555
DB00661,Verapamil,Q14654
DB00661,Verapamil,O43497
DB00661,Verapamil,O95180
DB00661,Verapamil,Q12809
DB00661,Verapamil,P31645
DB00661,Verapamil,P35348
DB00661,Verapamil,P35368
DB00661,Verapamil,P25100
DB00661,Verapamil,Q06432
DB00661,Verapamil,P08183
DB00662,Trimethobenzamide,P14416
DB00663,Flumethasone,P04150
DB00663,Flumethasone,P62508
DB00663,Flumethasone,O95718
DB00663,Flumethasone,P11474
DB00665,Nilutamide,P10275
DB00666,Nafarelin,P30968
DB00666,Nafarelin,Q96P88
DB00668,Epinephrine,P35348
DB00668,Epinephrine,P35368
DB00668,Epinephrine,P08588
DB00668,Epinephrine,P07550
DB00668,Epinephrine,P08913
DB00668,Epinephrine,P18089
DB00668,Epinephrine,P25100
DB00668,Epinephrine,P01375
DB00669,Sumatriptan,P08908
DB00669,Sumatriptan,P28221
DB00669,Sumatriptan,P28222
DB00669,Sumatriptan,P30939
DB00670,Pirenzepine,P11229
DB00672,Chlorpropamide,Q09428
DB00672,Chlorpropamide,P78508
DB00673,Aprepitant,P25103
DB00674,Galantamine,P22303
DB00674,Galantamine,P36544
DB00674,Galantamine,A9X444
DB00674,Galantamine,P06276
DB00675,Tamoxifen,P03372
DB00675,Tamoxifen,Q92731
DB00675,Tamoxifen,P17252
DB00675,Tamoxifen,P04278
DB00675,Tamoxifen,Q15125
DB00675,Tamoxifen,P10275
DB00675,Tamoxifen,Q12809
DB00675,Tamoxifen,O75469
DB00675,Tamoxifen,P62508
DB00675,Tamoxifen,P45983
DB00676,Benzyl benzoate,Q05469
DB00677,Isoflurophate,P22303
DB00677,Isoflurophate,P06276
DB00677,Isoflurophate,P02787
DB00678,Losartan,P19235
DB00678,Losartan,P30556
DB00679,Thioridazine,P14416
DB00679,Thioridazine,P21728
DB00679,Thioridazine,P35348
DB00679,Thioridazine,P35368
DB00679,Thioridazine,P28223
DB00679,Thioridazine,Q12809
DB00680,Moricizine,Q14524
DB00682,Warfarin,Q9BQB6
DB00682,Warfarin,O75469
DB00683,Midazolam,P14867
DB00683,Midazolam,P30536
DB00683,Midazolam,P29274
DB00685,Trovafloxacin,P11388
DB00686,Pentosan polysulfate,P09038
DB00686,Pentosan polysulfate,P05230
DB00686,Pentosan polysulfate,P08620
DB00687,Fludrocortisone,P08235
DB00687,Fludrocortisone,P10275
DB00687,Fludrocortisone,P04150
DB00688,Mycophenolate mofetil,P20839
DB00688,Mycophenolate mofetil,P12268
DB00688,Mycophenolate mofetil,P43116
DB00688,Mycophenolate mofetil,Q03393
DB00690,Flurazepam,P14867
DB00690,Flurazepam,P30536
DB00691,Moexipril,P12821
DB00692,Phentolamine,P35348
DB00692,Phentolamine,P08913
DB00692,Phentolamine,P14416
DB00692,Phentolamine,Q14654
DB00693,Fluorescein,Q8TCC7
DB00693,Fluorescein,P06310
DB00694,Daunorubicin,P11388
DB00694,Daunorubicin,Q02880
DB00695,Furosemide,Q13621
DB00695,Furosemide,P00918
DB00695,Furosemide,Q9HC97
DB00696,Ergotamine,P28221
DB00696,Ergotamine,P28222
DB00696,Ergotamine,P28223
DB00696,Ergotamine,P35348
DB00696,Ergotamine,P35368
DB00696,Ergotamine,P25100
DB00696,Ergotamine,P14416
DB00696,Ergotamine,P08913
DB00696,Ergotamine,P21728
DB00696,Ergotamine,P08908
DB00696,Ergotamine,P30939
DB00696,Ergotamine,P28335
DB00696,Ergotamine,P41595
DB00696,Ergotamine,P18825
DB00697,Tizanidine,P35348
DB00697,Tizanidine,P08913
DB00697,Tizanidine,Q9Y2I1
DB00699,Nicergoline,P35348
DB00700,Eplerenone,P08235
DB00703,Methazolamide,P00915
DB00703,Methazolamide,P22748
DB00703,Methazolamide,P00918
DB00703,Methazolamide,P43166
DB00703,Methazolamide,P07451
DB00704,Naltrexone,P35372
DB00704,Naltrexone,P41145
DB00704,Naltrexone,P41143
DB00704,Naltrexone,Q99720
DB00706,Tamsulosin,P35348
DB00706,Tamsulosin,P25100
DB00706,Tamsulosin,P35368
DB00707,Porfimer sodium,P01130
DB00707,Porfimer sodium,P12314
DB00708,Sufentanil,P35372
DB00708,Sufentanil,P41143
DB00708,Sufentanil,P41145
DB00710,Ibandronate,O95749
DB00710,Ibandronate,P14324
DB00711,Diethylcarbamazine,P09917
DB00711,Diethylcarbamazine,P23219
DB00712,Flurbiprofen,P35354
DB00712,Flurbiprofen,P23219
DB00713,Oxacillin,P46059
DB00713,Oxacillin,Q16348
DB00714,Apomorphine,P21917
DB00714,Apomorphine,P14416
DB00714,Apomorphine,P35462
DB00714,Apomorphine,P21918
DB00714,Apomorphine,P21728
DB00714,Apomorphine,P28335
DB00714,Apomorphine,P18825
DB00714,Apomorphine,P18089
DB00714,Apomorphine,P08908
DB00714,Apomorphine,P28223
DB00714,Apomorphine,P41595
DB00714,Apomorphine,P08913
DB00714,Apomorphine,P28221
DB00714,Apomorphine,P28222
DB00715,Paroxetine,P31645
DB00715,Paroxetine,P23975
DB00715,Paroxetine,P28223
DB00715,Paroxetine,P35348
DB00715,Paroxetine,P08913
DB00715,Paroxetine,P08588
DB00715,Paroxetine,P14416
DB00715,Paroxetine,P35367
DB00715,Paroxetine,P11229
DB00715,Paroxetine,P41595
DB00715,Paroxetine,P21728
DB00716,Nedocromil,Q9Y271
DB00716,Nedocromil,Q9NS75
DB00716,Nedocromil,P21462
DB00716,Nedocromil,Q13258
DB00717,Norethisterone,P06401
DB00717,Norethisterone,P10275
DB00717,Norethisterone,P04150
DB00719,Azatadine,P35367
DB00720,Clodronic acid,P12235
DB00720,Clodronic acid,P05141
DB00720,Clodronic acid,P12236
DB00721,Procaine,Q9Y5Y9
DB00721,Procaine,Q8TCU5
DB00721,Procaine,P46098
DB00721,Procaine,Q01959
DB00721,Procaine,Q15822
DB00721,Procaine,Q12791
DB00721,Procaine,P47712
DB00721,Procaine,Q86U10
DB00721,Procaine,P21397
DB00721,Procaine,P26358
DB00721,Procaine,Q9Y6K1
DB00722,Lisinopril,P12821
DB00722,Lisinopril,P00797
DB00723,Methoxamine,P35348
DB00723,Methoxamine,P25100
DB00723,Methoxamine,P35368
DB00724,Imiquimod,Q9NYK1
DB00724,Imiquimod,Q9NR97
DB00725,Homatropine methylbromide,P08172
DB00725,Homatropine methylbromide,P11229
DB00725,Homatropine methylbromide,P08173
DB00725,Homatropine methylbromide,P08912
DB00725,Homatropine methylbromide,P20309
DB00726,Trimipramine,P31645
DB00726,Trimipramine,P23975
DB00726,Trimipramine,Q01959
DB00726,Trimipramine,P28223
DB00726,Trimipramine,P08908
DB00726,Trimipramine,P35348
DB00726,Trimipramine,P35368
DB00726,Trimipramine,P14416
DB00726,Trimipramine,P18089
DB00726,Trimipramine,P35367
DB00726,Trimipramine,P28335
DB00726,Trimipramine,P46098
DB00726,Trimipramine,P28221
DB00726,Trimipramine,P08913
DB00726,Trimipramine,P21728
DB00726,Trimipramine,P08588
DB00726,Trimipramine,P11229
DB00727,Nitroglycerin,Q02153
DB00727,Nitroglycerin,Q02108
DB00727,Nitroglycerin,P00533
DB00727,Nitroglycerin,P16066
DB00728,Rocuronium,Q15822
DB00728,Rocuronium,P08172
DB00728,Rocuronium,P46098
DB00731,Nateglinide,Q09428
DB00731,Nateglinide,P37231
DB00732,Atracurium besylate,Q15822
DB00733,Pralidoxime,P22303
DB00733,Pralidoxime,P06276
DB00734,Risperidone,P28223
DB00734,Risperidone,P14416
DB00734,Risperidone,P35368
DB00734,Risperidone,P18089
DB00734,Risperidone,P35348
DB00734,Risperidone,P18825
DB00734,Risperidone,P35367
DB00734,Risperidone,P28335
DB00734,Risperidone,P28221
DB00734,Risperidone,P08908
DB00734,Risperidone,P34969
DB00734,Risperidone,P21728
DB00735,Naftifine,Q14534
DB00736,Esomeprazole,P20648
DB00736,Esomeprazole,P51164
DB00736,Esomeprazole,O94760
DB00737,Meclizine,P35367
DB00737,Meclizine,Q14994
DB00738,Pentamidine,Q15661
DB00738,Pentamidine,O14717
DB00740,Riluzole,Q14524
DB00740,Riluzole,Q9UPY5
DB00740,Riluzole,Q9UI33
DB00741,Hydrocortisone,P04150
DB00741,Hydrocortisone,P04083
DB00743,Gadobenic acid,P02768
DB00744,Zileuton,P09917
DB00745,Modafinil,Q01959
DB00745,Modafinil,P35368
DB00746,Deferoxamine,P05067
DB00747,Scopolamine,P11229
DB00747,Scopolamine,P08172
DB00747,Scopolamine,P20309
DB00747,Scopolamine,P08173
DB00747,Scopolamine,P08912
DB00747,Scopolamine,P43681
DB00747,Scopolamine,P17787
DB00747,Scopolamine,P14410
DB00748,Carbinoxamine,P35367
DB00749,Etodolac,P35354
DB00749,Etodolac,P23219
DB00749,Etodolac,P19793
DB00750,Prilocaine,Q14524
DB00751,Epinastine,P35367
DB00751,Epinastine,P25021
DB00751,Epinastine,P28223
DB00751,Epinastine,P34969
DB00751,Epinastine,P35348
DB00751,Epinastine,P08913
DB00752,Tranylcypromine,P27338
DB00752,Tranylcypromine,P21397
DB00753,Isoflurane,P14867
DB00753,Isoflurane,P98194
DB00753,Isoflurane,P23415
DB00753,Isoflurane,P42261
DB00753,Isoflurane,Q09470
DB00753,Isoflurane,P30049
DB00753,Isoflurane,P43681
DB00753,Isoflurane,P17787
DB00753,Isoflurane,P0DP23
DB00754,Ethotoin,Q14524
DB00754,Ethotoin,O75469
DB00755,Tretinoin,P10276
DB00755,Tretinoin,P10826
DB00755,Tretinoin,P13631
DB00755,Tretinoin,P28702
DB00755,Tretinoin,P48443
DB00755,Tretinoin,P19793
DB00755,Tretinoin,P29762
DB00755,Tretinoin,P49788
DB00755,Tretinoin,P00352
DB00755,Tretinoin,O94788
DB00755,Tretinoin,Q8NFJ5
DB00755,Tretinoin,P31025
DB00755,Tretinoin,Q9NY56
DB00755,Tretinoin,P02753
DB00755,Tretinoin,Q16654
DB00755,Tretinoin,Q14081
DB00756,Hexachlorophene,O14521
DB00756,Hexachlorophene,P00367
DB00756,Hexachlorophene,P03372
DB00757,Dolasetron,P46098
DB00758,Clopidogrel,Q9H244
DB00759,Tetracycline,P04156
DB00761,Potassium chloride,P55011
DB00761,Potassium chloride,Q13621
DB00761,Potassium chloride,Q9H2X9
DB00761,Potassium chloride,Q9UHW9
DB00761,Potassium chloride,Q9Y666
DB00761,Potassium chloride,Q9UP95
DB00762,Irinotecan,Q969P6
DB00762,Irinotecan,P11387
DB00763,Methimazole,P07202
DB00764,Mometasone,P04150
DB00764,Mometasone,P06401
DB00765,Metyrosine,P07101
DB00767,Benzquinamide,P35367
DB00767,Benzquinamide,P08173
DB00767,Benzquinamide,P11229
DB00767,Benzquinamide,P08912
DB00767,Benzquinamide,P08172
DB00767,Benzquinamide,P20309
DB00768,Olopatadine,P35367
DB00768,Olopatadine,P25021
DB00768,Olopatadine,Q9Y5N1
DB00768,Olopatadine,P23297
DB00768,Olopatadine,P80511
DB00768,Olopatadine,P04271
DB00768,Olopatadine,Q99584
DB00768,Olopatadine,P29034
DB00769,Hydrocortamate,P04150
DB00770,Alprostadil,P34995
DB00770,Alprostadil,P43116
DB00770,Alprostadil,P43115
DB00770,Alprostadil,P35408
DB00770,Alprostadil,P21731
DB00770,Alprostadil,Q9Y5Y4
DB00771,Clidinium,P11229
DB00772,Malathion,P06276
DB00772,Malathion,P22303
DB00773,Etoposide,P11388
DB00773,Etoposide,Q02880
DB00774,Hydroflumethiazide,Q13621
DB00774,Hydroflumethiazide,P43166
DB00774,Hydroflumethiazide,Q16790
DB00774,Hydroflumethiazide,P05023
DB00774,Hydroflumethiazide,Q12791
DB00774,Hydroflumethiazide,P00915
DB00774,Hydroflumethiazide,P00918
DB00774,Hydroflumethiazide,P22748
DB00774,Hydroflumethiazide,O43570
DB00775,Tirofiban,P08514
DB00775,Tirofiban,P05106
DB00776,Oxcarbazepine,Q9UI33
DB00776,Oxcarbazepine,P35498
DB00777,Propiomazine,P35367
DB00777,Propiomazine,P11229
DB00777,Propiomazine,P35348
DB00777,Propiomazine,P14416
DB00777,Propiomazine,P28223
DB00777,Propiomazine,P28335
DB00778,Roxithromycin,P08183
DB00780,Phenelzine,P21397
DB00780,Phenelzine,P27338
DB00780,Phenelzine,Q16853
DB00780,Phenelzine,P80404
DB00780,Phenelzine,P24298
DB00780,Phenelzine,Q8TD30
DB00780,Phenelzine,Q9UGI5
DB00782,Propantheline,P11229
DB00783,Estradiol,P03372
DB00783,Estradiol,Q92731
DB00783,Estradiol,O75469
DB00783,Estradiol,P43681
DB00783,Estradiol,Q99527
DB00783,Estradiol,P00846
DB00783,Estradiol,Q14457
DB00784,Mefenamic acid,P35354
DB00784,Mefenamic acid,P23219
DB00785,Cryptenamine,P08172
DB00785,Cryptenamine,P08588
DB00788,Naproxen,P23219
DB00788,Naproxen,P35354
DB00788,Naproxen,P16233
DB00789,Gadopentetic acid,P52209
DB00790,Perindopril,P12821
DB00790,Perindopril,Q6FHJ7
DB00792,Tripelennamine,P35367
DB00794,Primidone,P47869
DB00794,Primidone,P34903
DB00794,Primidone,P48169
DB00794,Primidone,P31644
DB00794,Primidone,Q16445
DB00794,Primidone,P14867
DB00794,Primidone,P43681
DB00794,Primidone,P36544
DB00794,Primidone,P42262
DB00794,Primidone,Q13002
DB00795,Sulfasalazine,P09917
DB00795,Sulfasalazine,P35354
DB00795,Sulfasalazine,P23219
DB00795,Sulfasalazine,P24752
DB00795,Sulfasalazine,P04054
DB00795,Sulfasalazine,O14920
DB00795,Sulfasalazine,Q04864
DB00795,Sulfasalazine,Q01201
DB00795,Sulfasalazine,Q04206
DB00795,Sulfasalazine,Q9UNQ0
DB00795,Sulfasalazine,Q9UPY5
DB00795,Sulfasalazine,P19838
DB00795,Sulfasalazine,Q00653
DB00795,Sulfasalazine,O15111
DB00795,Sulfasalazine,P37231
DB00796,Candesartan cilexetil,P30556
DB00797,Tolazoline,P35348
DB00797,Tolazoline,P14416
DB00797,Tolazoline,P08913
DB00797,Tolazoline,P35367
DB00797,Tolazoline,P25021
DB00797,Tolazoline,P18825
DB00797,Tolazoline,P18089
DB00799,Tazarotene,P10276
DB00799,Tazarotene,P28702
DB00799,Tazarotene,P13631
DB00799,Tazarotene,P10826
DB00800,Fenoldopam,P21918
DB00800,Fenoldopam,P21728
DB00800,Fenoldopam,P35368
DB00800,Fenoldopam,P25100
DB00800,Fenoldopam,P35348
DB00800,Fenoldopam,P18089
DB00800,Fenoldopam,P18825
DB00800,Fenoldopam,P08913
DB00801,Halazepam,P14867
DB00801,Halazepam,P30536
DB00802,Alfentanil,P35372
DB00804,Dicyclomine,P11229
DB00804,Dicyclomine,P20309
DB00804,Dicyclomine,P08172
DB00805,Minaprine,P21397
DB00805,Minaprine,P41595
DB00805,Minaprine,P28223
DB00805,Minaprine,P28335
DB00805,Minaprine,P22303
DB00805,Minaprine,P31645
DB00805,Minaprine,P21728
DB00805,Minaprine,P14416
DB00805,Minaprine,P11229
DB00806,Pentoxifylline,P29274
DB00806,Pentoxifylline,P21589
DB00806,Pentoxifylline,P01375
DB00806,Pentoxifylline,P30542
DB00807,Proparacaine,Q9Y5Y9
DB00808,Indapamide,P55017
DB00808,Indapamide,P51787
DB00809,Tropicamide,P08173
DB00809,Tropicamide,P11229
DB00809,Tropicamide,P08172
DB00809,Tropicamide,P20309
DB00810,Biperiden,P11229
DB00811,Ribavirin,P20839
DB00811,Ribavirin,P12268
DB00812,Phenylbutazone,P23219
DB00812,Phenylbutazone,P35354
DB00812,Phenylbutazone,Q16647
DB00813,Fentanyl,P35372
DB00813,Fentanyl,P41143
DB00813,Fentanyl,P41145
DB00813,Fentanyl,P08183
DB00814,Meloxicam,P35354
DB00814,Meloxicam,P23219
DB00815,Sodium lauryl sulfate,P02768
DB00816,Orciprenaline,P07550
DB00817,Rosoxacin,Q02880
DB00817,Rosoxacin,P11388
DB00818,Propofol,P47870
DB00818,Propofol,P28472
DB00818,Propofol,P14867
DB00818,Propofol,P35499
DB00818,Propofol,Q99250
DB00819,Acetazolamide,P00915
DB00819,Acetazolamide,P00918
DB00819,Acetazolamide,P22748
DB00819,Acetazolamide,O43570
DB00819,Acetazolamide,Q9ULX7
DB00819,Acetazolamide,P07451
DB00819,Acetazolamide,P43166
DB00819,Acetazolamide,P29972
DB00820,Tadalafil,O76074
DB00820,Tadalafil,Q9HCR9
DB00820,Tadalafil,P18545
DB00821,Carprofen,P35354
DB00821,Carprofen,P23219
DB00822,Disulfiram,P09172
DB00822,Disulfiram,P05091
DB00822,Disulfiram,P51648
DB00823,Ethynodiol diacetate,P06401
DB00823,Ethynodiol diacetate,P03372
DB00824,Enprofylline,Q07343
DB00824,Enprofylline,P29275
DB00824,Enprofylline,P27815
DB00824,Enprofylline,P21589
DB00824,Enprofylline,P30542
DB00824,Enprofylline,P29274
DB00824,Enprofylline,P0DMS8
DB00825,Levomenthol,Q7Z2W7
DB00825,Levomenthol,O75762
DB00825,Levomenthol,Q8NET8
DB00825,Levomenthol,Q13936
DB00825,Levomenthol,P41145
DB00827,Cinoxacin,Q02880
DB00827,Cinoxacin,P11388
DB00829,Diazepam,P14867
DB00829,Diazepam,P30536
DB00830,Phenmetrazine,P23975
DB00830,Phenmetrazine,Q01959
DB00831,Trifluoperazine,P14416
DB00831,Trifluoperazine,Q9NYX4
DB00831,Trifluoperazine,P35348
DB00831,Trifluoperazine,P0DP25
DB00831,Trifluoperazine,P0DP24
DB00831,Trifluoperazine,P0DP23
DB00831,Trifluoperazine,P63316
DB00831,Trifluoperazine,P26447
DB00834,Mifepristone,P06401
DB00834,Mifepristone,P04150
DB00834,Mifepristone,O75469
DB00835,Brompheniramine,P35367
DB00835,Brompheniramine,P11229
DB00835,Brompheniramine,P08172
DB00835,Brompheniramine,P20309
DB00835,Brompheniramine,P08173
DB00835,Brompheniramine,P08912
DB00836,Loperamide,P35372
DB00836,Loperamide,P41143
DB00836,Loperamide,P41145
DB00836,Loperamide,P01189
DB00836,Loperamide,O00555
DB00836,Loperamide,Q12809
DB00836,Loperamide,P0DP23
DB00838,Clocortolone,P04150
DB00838,Clocortolone,P04054
DB00839,Tolazamide,Q09428
DB00839,Tolazamide,P78508
DB00841,Dobutamine,P35348
DB00841,Dobutamine,P08588
DB00841,Dobutamine,P07550
DB00841,Dobutamine,P03372
DB00842,Oxazepam,P14867
DB00842,Oxazepam,P30536
DB00843,Donepezil,P22303
DB00843,Donepezil,P28223
DB00843,Donepezil,P06276
DB00843,Donepezil,P29475
DB00843,Donepezil,P98066
DB00843,Donepezil,P01584
DB00843,Donepezil,Q00653
DB00843,Donepezil,Q05586
DB00844,Nalbuphine,P41145
DB00844,Nalbuphine,P35372
DB00844,Nalbuphine,P41143
DB00845,Clofazimine,P37231
DB00845,Clofazimine,P22001
DB00846,Flurandrenolide,P04150
DB00846,Flurandrenolide,P62508
DB00846,Flurandrenolide,O95718
DB00846,Flurandrenolide,P11474
DB00847,Cysteamine,P61278
DB00847,Cysteamine,P49146
DB00848,Levamisole,P32297
DB00848,Levamisole,P05186
DB00848,Levamisole,P10696
DB00849,Methylphenobarbital,P47869
DB00849,Methylphenobarbital,P34903
DB00849,Methylphenobarbital,P48169
DB00849,Methylphenobarbital,P31644
DB00849,Methylphenobarbital,Q16445
DB00849,Methylphenobarbital,P14867
DB00849,Methylphenobarbital,P43681
DB00849,Methylphenobarbital,P36544
DB00849,Methylphenobarbital,P42262
DB00849,Methylphenobarbital,Q13002
DB00849,Methylphenobarbital,O75469
DB00850,Perphenazine,P14416
DB00850,Perphenazine,P21728
DB00850,Perphenazine,P0DP23
DB00851,Dacarbazine,Q14181
DB00851,Dacarbazine,P52209
DB00852,Pseudoephedrine,P23975
DB00852,Pseudoephedrine,Q01959
DB00852,Pseudoephedrine,P35348
DB00852,Pseudoephedrine,P08913
DB00852,Pseudoephedrine,P31645
DB00852,Pseudoephedrine,P14416
DB00852,Pseudoephedrine,P07550
DB00852,Pseudoephedrine,P08588
DB00852,Pseudoephedrine,O95644
DB00852,Pseudoephedrine,P01375
DB00852,Pseudoephedrine,P19838
DB00852,Pseudoephedrine,P18846
DB00852,Pseudoephedrine,P60568
DB00854,Levorphanol,P35372
DB00854,Levorphanol,P41143
DB00854,Levorphanol,P41145
DB00855,Aminolevulinic acid,P13716
DB00855,Aminolevulinic acid,P50336
DB00857,Terbinafine,Q14534
DB00860,Prednisolone,P04150
DB00860,Prednisolone,P08235
DB00861,Diflunisal,P35354
DB00861,Diflunisal,P23219
DB00862,Vardenafil,O76074
DB00862,Vardenafil,P18545
DB00862,Vardenafil,Q13956
DB00863,Ranitidine,P25021
DB00863,Ranitidine,P22303
DB00864,Tacrolimus,P62942
DB00864,Tacrolimus,Q08209
DB00865,Benzphetamine,Q05940
DB00865,Benzphetamine,P08913
DB00865,Benzphetamine,P35348
DB00865,Benzphetamine,Q01959
DB00866,Alprenolol,P08588
DB00866,Alprenolol,P07550
DB00866,Alprenolol,P08908
DB00866,Alprenolol,P13945
DB00867,Ritodrine,P07550
DB00867,Ritodrine,P08588
DB00867,Ritodrine,P48048
DB00867,Ritodrine,Q12791
DB00867,Ritodrine,P98194
DB00867,Ritodrine,Q15746
DB00867,Ritodrine,O75897
DB00868,Benzonatate,Q14524
DB00869,Dorzolamide,P00918
DB00869,Dorzolamide,P22748
DB00869,Dorzolamide,P00915
DB00869,Dorzolamide,P07451
DB00870,Suprofen,P23219
DB00870,Suprofen,P35354
DB00871,Terbutaline,P07550
DB00871,Terbutaline,P13945
DB00871,Terbutaline,P08588
DB00872,Conivaptan,P37288
DB00872,Conivaptan,P30518
DB14596,Loteprednol etabonate,P04150
DB14596,Loteprednol etabonate,P62508
DB14596,Loteprednol etabonate,O95718
DB14596,Loteprednol etabonate,P11474
DB00874,Guaifenesin,Q05586
DB00875,Flupentixol,P14416
DB00875,Flupentixol,P21728
DB00875,Flupentixol,P28223
DB00875,Flupentixol,P35348
DB00875,Flupentixol,P35462
DB00875,Flupentixol,P21917
DB00875,Flupentixol,P28335
DB00875,Flupentixol,P11229
DB00876,Eprosartan,P30556
DB00877,Sirolimus,P42345
DB00880,Chlorothiazide,P55017
DB00880,Chlorothiazide,P00915
DB00880,Chlorothiazide,P00918
DB00881,Quinapril,P12821
DB00882,Clomifene,P03372
DB00882,Clomifene,Q92731
DB00883,Isosorbide dinitrate,P16066
DB00884,Risedronic acid,P14324
DB00885,Pemirolast,P35367
DB00887,Bumetanide,Q13621
DB00887,Bumetanide,P55011
DB00887,Bumetanide,Q9UP95
DB00887,Bumetanide,Q9H2X9
DB00887,Bumetanide,P13569
DB00889,Granisetron,P46098
DB00889,Granisetron,O95264
DB00890,Dienestrol,P03372
DB00890,Dienestrol,P04278
DB00892,Oxybuprocaine,Q9Y5Y9
DB00893,Iron Dextran,P68871
DB00893,Iron Dextran,P69905
DB00893,Iron Dextran,P02794
DB00893,Iron Dextran,P02792
DB00894,Testolactone,P11511
DB00895,Benzylpenicilloyl polylysine,P30273
DB00895,Benzylpenicilloyl polylysine,P12319
DB00896,Rimexolone,P04150
DB00896,Rimexolone,P11474
DB00897,Triazolam,P14867
DB00897,Triazolam,P30536
DB00898,Ethanol,P14867
DB00898,Ethanol,Q8TCU5
DB00898,Ethanol,P23415
DB00898,Ethanol,P23416
DB00898,Ethanol,Q02641
DB00898,Ethanol,P46098
DB00898,Ethanol,P47869
DB00898,Ethanol,Q9GZZ6
DB00898,Ethanol,Q13936
DB00898,Ethanol,P31644
DB00898,Ethanol,P48169
DB00898,Ethanol,P34903
DB00898,Ethanol,P42261
DB00898,Ethanol,Q06432
DB00898,Ethanol,Q15822
DB00898,Ethanol,Q16445
DB00898,Ethanol,P42262
DB00898,Ethanol,P48058
DB00898,Ethanol,P42263
DB00898,Ethanol,P43681
DB00898,Ethanol,P17787
DB00898,Ethanol,P48549
DB00898,Ethanol,P48051
DB00898,Ethanol,P19320
DB00898,Ethanol,Q99808
DB00898,Ethanol,P48544
DB00898,Ethanol,P36544
DB00898,Ethanol,Q9UGM1
DB00898,Ethanol,P18505
DB00898,Ethanol,P28472
DB00898,Ethanol,P47870
DB00898,Ethanol,Q13698
DB00898,Ethanol,Q01668
DB00898,Ethanol,P30926
DB00898,Ethanol,P32297
DB00898,Ethanol,P30532
DB00898,Ethanol,Q15825
DB00898,Ethanol,Q05901
DB00898,Ethanol,Q8N1C3
DB00898,Ethanol,Q99928
DB00898,Ethanol,P78334
DB00898,Ethanol,O00591
DB00898,Ethanol,Q9UN88
DB00898,Ethanol,O14764
DB00898,Ethanol,Q14542
DB00898,Ethanol,A5X5Y0
DB00898,Ethanol,O95264
DB00898,Ethanol,Q70Z44
DB00898,Ethanol,Q8WXA8
DB00898,Ethanol,Q9Y698
DB00898,Ethanol,Q92806
DB00898,Ethanol,P32004
DB00898,Ethanol,P22303
DB00898,Ethanol,P40394
DB00899,Remifentanil,P35372
DB00899,Remifentanil,P41143
DB00899,Remifentanil,P41145
DB00900,Didanosine,P00491
DB00901,Bitolterol,P07550
DB00901,Bitolterol,P13945
DB00902,Methdilazine,P35367
DB00903,Etacrynic acid,Q13621
DB00903,Etacrynic acid,P05023
DB00903,Etacrynic acid,Q9UJU2
DB00903,Etacrynic acid,P09211
DB00904,Ondansetron,P46098
DB00904,Ondansetron,Q13639
DB00904,Ondansetron,P35372
DB00904,Ondansetron,P08908
DB00904,Ondansetron,P28222
DB00905,Bimatoprost,P43088
DB00905,Bimatoprost,P34995
DB00905,Bimatoprost,P43115
DB00906,Tiagabine,P30531
DB00907,Cocaine,Q01959
DB00907,Cocaine,P23975
DB00907,Cocaine,P35498
DB00907,Cocaine,P31645
DB00907,Cocaine,P11229
DB00907,Cocaine,P08172
DB00907,Cocaine,Q99720
DB00907,Cocaine,P23141
DB00908,Quinidine,Q14524
DB00908,Quinidine,O00180
DB00908,Quinidine,Q9Y257
DB00908,Quinidine,Q12809
DB00908,Quinidine,P35348
DB00908,Quinidine,P35368
DB00908,Quinidine,P25100
DB00909,Zonisamide,P35498
DB00909,Zonisamide,Q99250
DB00909,Zonisamide,Q9NY46
DB00909,Zonisamide,P35499
DB00909,Zonisamide,Q14524
DB00909,Zonisamide,Q15858
DB00909,Zonisamide,Q9UI33
DB00909,Zonisamide,Q07699
DB00909,Zonisamide,O60939
DB00909,Zonisamide,Q9NY72
DB00909,Zonisamide,Q8IWT1
DB00909,Zonisamide,O43497
DB00909,Zonisamide,O95180
DB00909,Zonisamide,Q9P0X4
DB00909,Zonisamide,P00915
DB00909,Zonisamide,P00918
DB00909,Zonisamide,P07451
DB00909,Zonisamide,P22748
DB00909,Zonisamide,P35218
DB00909,Zonisamide,Q9Y2D0
DB00909,Zonisamide,P23280
DB00909,Zonisamide,P43166
DB00909,Zonisamide,P35219
DB00909,Zonisamide,Q16790
DB00909,Zonisamide,Q9NS85
DB00909,Zonisamide,O75493
DB00909,Zonisamide,O43570
DB00909,Zonisamide,Q8N1Q1
DB00909,Zonisamide,Q9ULX7
DB00909,Zonisamide,P27338
DB00909,Zonisamide,P21397
DB00909,Zonisamide,P14867
DB00910,Paricalcitol,P11473
DB00912,Repaglinide,Q09428
DB00912,Repaglinide,P35367
DB00912,Repaglinide,O60706
DB00912,Repaglinide,P37231
DB00913,Anileridine,P35372
DB00914,Phenformin,Q13131
DB00914,Phenformin,P54619
DB00914,Phenformin,Q9Y478
DB00914,Phenformin,Q15842
DB00915,Amantadine,Q8TCU5
DB00915,Amantadine,P14416
DB00915,Amantadine,P36544
DB00915,Amantadine,P43681
DB00915,Amantadine,P32297
DB00917,Dinoprostone,P43116
DB00917,Dinoprostone,P34995
DB00917,Dinoprostone,P43115
DB00917,Dinoprostone,P35408
DB00917,Dinoprostone,P43088
DB00917,Dinoprostone,Q9Y5Y4
DB00918,Almotriptan,P28221
DB00918,Almotriptan,P28222
DB00920,Ketotifen,P35367
DB00920,Ketotifen,P52209
DB00921,Buprenorphine,P41145
DB00921,Buprenorphine,P35372
DB00921,Buprenorphine,P41143
DB00921,Buprenorphine,P41146
DB00922,Levosimendan,P63316
DB00922,Levosimendan,Q14654
DB00922,Levosimendan,Q15842
DB00922,Levosimendan,Q14432
DB00924,Cyclobenzaprine,P28223
DB00924,Cyclobenzaprine,P18825
DB00924,Cyclobenzaprine,P41595
DB00924,Cyclobenzaprine,P28335
DB00924,Cyclobenzaprine,P50406
DB00924,Cyclobenzaprine,P31645
DB00924,Cyclobenzaprine,P23975
DB00924,Cyclobenzaprine,P34969
DB00924,Cyclobenzaprine,O00206
DB00924,Cyclobenzaprine,Q06278
DB00925,Phenoxybenzamine,P35348
DB00925,Phenoxybenzamine,P08913
DB00925,Phenoxybenzamine,P35368
DB00925,Phenoxybenzamine,P14416
DB00925,Phenoxybenzamine,P18825
DB00925,Phenoxybenzamine,P18089
DB00925,Phenoxybenzamine,P07550
DB00925,Phenoxybenzamine,P25100
DB00925,Phenoxybenzamine,P0DP23
DB00926,Etretinate,P10276
DB00926,Etretinate,P19793
DB00926,Etretinate,P10826
DB00926,Etretinate,P48443
DB00926,Etretinate,P28702
DB00926,Etretinate,P13631
DB00927,Famotidine,P25021
DB00928,Azacitidine,P26358
DB00928,Azacitidine,P09874
DB00929,Misoprostol,P43115
DB00929,Misoprostol,P43116
DB00929,Misoprostol,P34995
DB00929,Misoprostol,P43119
DB00929,Misoprostol,P35408
DB00933,Mesoridazine,P14416
DB00933,Mesoridazine,P28223
DB00934,Maprotiline,P23975
DB00934,Maprotiline,P35367
DB00934,Maprotiline,P11229
DB00934,Maprotiline,P08172
DB00934,Maprotiline,P20309
DB00934,Maprotiline,P08173
DB00934,Maprotiline,P08912
DB00934,Maprotiline,P35348
DB00934,Maprotiline,P28223
DB00934,Maprotiline,P28335
DB00934,Maprotiline,P34969
DB00934,Maprotiline,P14416
DB00934,Maprotiline,P08913
DB00935,Oxymetazoline,P35348
DB00935,Oxymetazoline,P08913
DB00935,Oxymetazoline,P18089
DB00935,Oxymetazoline,P18825
DB00935,Oxymetazoline,P35368
DB00935,Oxymetazoline,P25100
DB00935,Oxymetazoline,P08908
DB00935,Oxymetazoline,P28222
DB00935,Oxymetazoline,P28221
DB00936,Salicylic acid,P23219
DB00936,Salicylic acid,P35354
DB00936,Salicylic acid,P00915
DB00936,Salicylic acid,P22748
DB00936,Salicylic acid,P00918
DB00936,Salicylic acid,O43570
DB00936,Salicylic acid,P23280
DB00936,Salicylic acid,Q04828
DB00937,Diethylpropion,P23975
DB00937,Diethylpropion,Q01959
DB00937,Diethylpropion,P31645
DB00938,Salmeterol,P07550
DB00938,Salmeterol,P08588
DB00938,Salmeterol,P13945
DB00939,Meclofenamic acid,P23219
DB00939,Meclofenamic acid,P35354
DB00939,Meclofenamic acid,P09917
DB00939,Meclofenamic acid,O43526
DB00939,Meclofenamic acid,O43525
DB00940,Methantheline,P25021
DB00940,Methantheline,P08912
DB00940,Methantheline,P08172
DB00940,Methantheline,P20309
DB00940,Methantheline,P08173
DB00940,Methantheline,P11229
DB00941,Hexafluronium,P06276
DB00942,Cycrimine,P11229
DB00944,Demecarium,P22303
DB00944,Demecarium,P06276
DB00945,Acetylsalicylic acid,P23219
DB00945,Acetylsalicylic acid,P35354
DB00945,Acetylsalicylic acid,P04035
DB00945,Acetylsalicylic acid,Q04828
DB00945,Acetylsalicylic acid,Q13131
DB00945,Acetylsalicylic acid,P25101
DB00945,Acetylsalicylic acid,P04637
DB00945,Acetylsalicylic acid,P11021
DB00945,Acetylsalicylic acid,P51812
DB00945,Acetylsalicylic acid,P25963
DB00945,Acetylsalicylic acid,P98066
DB00945,Acetylsalicylic acid,P29466
DB00945,Acetylsalicylic acid,P42574
DB00945,Acetylsalicylic acid,P24385
DB00945,Acetylsalicylic acid,P01106
DB00945,Acetylsalicylic acid,P12004
DB00945,Acetylsalicylic acid,Q99519
DB00946,Phenprocoumon,Q9BQB6
DB00947,Fulvestrant,P03372
DB00949,Felbamate,Q13224
DB00949,Felbamate,Q12879
DB00950,Fexofenadine,P35367
DB00952,Naratriptan,P08908
DB00952,Naratriptan,P28221
DB00952,Naratriptan,P28222
DB00952,Naratriptan,P30939
DB00953,Rizatriptan,P28222
DB00953,Rizatriptan,P28221
DB00953,Rizatriptan,P30939
DB00953,Rizatriptan,P34969
DB00953,Rizatriptan,P08908
DB00953,Rizatriptan,P28566
DB00956,Hydrocodone,P35372
DB00956,Hydrocodone,P41143
DB00956,Hydrocodone,Q99720
DB00957,Norgestimate,P06401
DB00957,Norgestimate,P03372
DB00957,Norgestimate,P10275
DB00959,Methylprednisolone,P04150
DB00959,Methylprednisolone,P04083
DB00960,Pindolol,P08588
DB00960,Pindolol,P07550
DB00960,Pindolol,P13945
DB00960,Pindolol,P08908
DB00960,Pindolol,P28222
DB00961,Mepivacaine,Q9Y5Y9
DB00962,Zaleplon,P14867
DB00963,Bromfenac,P35354
DB00963,Bromfenac,P23219
DB00964,Apraclonidine,P35348
DB00964,Apraclonidine,P08913
DB00964,Apraclonidine,P18089
DB00966,Telmisartan,P37231
DB00966,Telmisartan,P30556
DB00967,Desloratadine,P35367
DB00968,Methyldopa,P20711
DB00968,Methyldopa,P08913
DB00968,Methyldopa,P14416
DB00969,Alosetron,P46098
DB00969,Alosetron,O95264
DB00970,Dactinomycin,P11388
DB00970,Dactinomycin,P11387
DB00972,Azelastine,P35367
DB00972,Azelastine,P25021
DB00972,Azelastine,P04054
DB00972,Azelastine,Q16873
DB00973,Ezetimibe,Q9UHC9
DB00973,Ezetimibe,P35610
DB00973,Ezetimibe,P15144
DB00975,Dipyridamole,Q9Y233
DB00975,Dipyridamole,O76074
DB00975,Dipyridamole,P27815
DB00975,Dipyridamole,P00813
DB00975,Dipyridamole,P53805
DB00975,Dipyridamole,P02763
DB00977,Ethinylestradiol,P03372
DB00977,Ethinylestradiol,O75469
DB00978,Lomefloxacin,P11388
DB00978,Lomefloxacin,Q02880
DB00979,Cyclopentolate,P11229
DB00979,Cyclopentolate,P08912
DB00980,Ramelteon,P49286
DB00980,Ramelteon,P48039
DB00981,Physostigmine,P22303
DB00981,Physostigmine,P43681
DB00981,Physostigmine,P17787
DB00982,Isotretinoin,P13631
DB00982,Isotretinoin,P10276
DB00983,Formoterol,P07550
DB00983,Formoterol,P08588
DB00983,Formoterol,P13945
DB00984,Nandrolone phenpropionate,P10275
DB00985,Dimenhydrinate,P35367
DB00986,Glycopyrronium,P11229
DB00986,Glycopyrronium,P20309
DB00986,Glycopyrronium,P08172
DB00986,Glycopyrronium,P08173
DB00986,Glycopyrronium,P08912
DB00987,Cytarabine,P06746
DB00988,Dopamine,P14416
DB00988,Dopamine,P21728
DB00988,Dopamine,P21918
DB00988,Dopamine,P35462
DB00988,Dopamine,P21917
DB00988,Dopamine,Q01959
DB00988,Dopamine,P09172
DB00988,Dopamine,P08908
DB00988,Dopamine,P34969
DB00988,Dopamine,P23975
DB00988,Dopamine,P31645
DB00988,Dopamine,P46098
DB00988,Dopamine,O95264
DB00988,Dopamine,P00441
DB00988,Dopamine,Q05940
DB00989,Rivastigmine,P22303
DB00989,Rivastigmine,P06276
DB00990,Exemestane,P11511
DB00991,Oxaprozin,P23219
DB00991,Oxaprozin,P35354
DB00992,Methyl aminolevulinate,P22830
DB00993,Azathioprine,Q06203
DB00993,Azathioprine,P63000
DB00994,Neomycin,P41180
DB00995,Auranofin,P30044
DB00995,Auranofin,O14920
DB00995,Auranofin,P62508
DB00995,Auranofin,O95718
DB00995,Auranofin,P11474
DB00996,Gabapentin,P54289
DB00996,Gabapentin,O75899
DB00996,Gabapentin,Q9UBS5
DB00996,Gabapentin,Q9NY47
DB00996,Gabapentin,P30542
DB00996,Gabapentin,O43525
DB00996,Gabapentin,Q9NR82
DB00997,Doxorubicin,P11388
DB00997,Doxorubicin,Q02880
DB00997,Doxorubicin,P11387
DB00997,Doxorubicin,O14746
DB00997,Doxorubicin,Q14978
DB00998,Frovatriptan,P28221
DB00998,Frovatriptan,P28222
DB00999,Hydrochlorothiazide,P55017
DB00999,Hydrochlorothiazide,Q12791
DB00999,Hydrochlorothiazide,P12821
DB01001,Albuterol,P07550
DB01001,Albuterol,P08588
DB01001,Albuterol,P13945
DB01002,Levobupivacaine,Q9Y5Y9
DB01003,Cromoglicic acid,P07900
DB01003,Cromoglicic acid,P25815
DB01005,Hydroxyurea,P23921
DB01005,Hydroxyurea,P31350
DB01006,Letrozole,P11511
DB01007,Tioconazole,Q16850
DB01009,Ketoprofen,P35354
DB01009,Ketoprofen,P23219
DB01009,Ketoprofen,P25024
DB01010,Edrophonium,P06276
DB01010,Edrophonium,P22303
DB01011,Metyrapone,P15538
DB01012,Cinacalcet,P41180
DB01013,Clobetasol propionate,P04150
DB01013,Clobetasol propionate,P04083
DB01013,Clobetasol propionate,P08235
DB01014,Balsalazide,P37231
DB01014,Balsalazide,P35354
DB01014,Balsalazide,P23219
DB01014,Balsalazide,P09917
DB01016,Glyburide,Q09428
DB01016,Glyburide,O60706
DB01016,Glyburide,O95342
DB01016,Glyburide,O95477
DB01016,Glyburide,Q14654
DB01016,Glyburide,P50416
DB01016,Glyburide,P13569
DB01016,Glyburide,Q8TD43
DB01017,Minocycline,P01584
DB01017,Minocycline,P09917
DB01017,Minocycline,P14780
DB01017,Minocycline,P15692
DB01017,Minocycline,P29466
DB01017,Minocycline,P42574
DB01017,Minocycline,P99999
DB01017,Minocycline,P28482
DB01017,Minocycline,P35228
DB01018,Guanfacine,P08913
DB01018,Guanfacine,P18089
DB01019,Bethanechol,P20309
DB01019,Bethanechol,P08912
DB01019,Bethanechol,P11229
DB01019,Bethanechol,P08172
DB01019,Bethanechol,P08173
DB01020,Isosorbide mononitrate,P33402
DB01021,Trichlormethiazide,P55017
DB01021,Trichlormethiazide,P05023
DB01021,Trichlormethiazide,Q13621
DB01021,Trichlormethiazide,P00915
DB01021,Trichlormethiazide,P00918
DB01021,Trichlormethiazide,P22748
DB01022,Phylloquinone,P38435
DB01022,Phylloquinone,P00734
DB01022,Phylloquinone,P02818
DB01023,Felodipine,Q13936
DB01023,Felodipine,P54289
DB01023,Felodipine,Q08289
DB01023,Felodipine,Q01668
DB01023,Felodipine,Q13698
DB01023,Felodipine,O95180
DB01023,Felodipine,Q9NY47
DB01023,Felodipine,Q01064
DB01023,Felodipine,P54750
DB01023,Felodipine,P08235
DB01023,Felodipine,P02585
DB01023,Felodipine,P63316
DB01023,Felodipine,P0DP23
DB01024,Mycophenolic acid,P12268
DB01024,Mycophenolic acid,P20839
DB01025,Amlexanox,P07900
DB01025,Amlexanox,P80511
DB01025,Amlexanox,Q99584
DB01025,Amlexanox,P08700
DB01025,Amlexanox,P05230
DB01026,Ketoconazole,P05093
DB01026,Ketoconazole,P10275
DB01026,Ketoconazole,P08686
DB01026,Ketoconazole,Q12809
DB01026,Ketoconazole,O75469
DB01026,Ketoconazole,Q14994
DB01028,Methoxyflurane,P14867
DB01028,Methoxyflurane,P42261
DB01028,Methoxyflurane,P23415
DB01028,Methoxyflurane,Q09470
DB01028,Methoxyflurane,P98194
DB01028,Methoxyflurane,P03886
DB01029,Irbesartan,P30556
DB01029,Irbesartan,P05412
DB01030,Topotecan,P11387
DB01030,Topotecan,Q969P6
DB01031,Ethinamate,P00918
DB01031,Ethinamate,P00915
DB01032,Probenecid,Q4U2R8
DB01032,Probenecid,Q9NSA0
DB01032,Probenecid,Q8TCC7
DB01032,Probenecid,Q9NYV7
DB01032,Probenecid,Q96RD7
DB01033,Mercaptopurine,P00492
DB01033,Mercaptopurine,P20839
DB01033,Mercaptopurine,Q06203
DB01035,Procainamide,Q12809
DB01035,Procainamide,Q14524
DB01035,Procainamide,P26358
DB01036,Tolterodine,P20309
DB01036,Tolterodine,P08172
DB01036,Tolterodine,P08912
DB01036,Tolterodine,P11229
DB01036,Tolterodine,P08173
DB01037,Selegiline,P27338
DB01037,Selegiline,P25103
DB01037,Selegiline,P21397
DB01038,Carphenazine,P14416
DB01038,Carphenazine,P21728
DB01038,Carphenazine,P21918
DB01039,Fenofibrate,Q07869
DB01039,Fenofibrate,O75469
DB01039,Fenofibrate,Q9NPA2
DB01041,Thalidomide,Q96SW2
DB01041,Thalidomide,P02763
DB01041,Thalidomide,P01375
DB01043,Memantine,Q05586
DB01043,Memantine,P46098
DB01043,Memantine,P36544
DB01043,Memantine,P14416
DB01043,Memantine,P14867
DB01045,Rifampin,O75469
DB01046,Lubiprostone,P51788
DB01047,Fluocinonide,P04150
DB01047,Fluocinonide,P62508
DB01047,Fluocinonide,O95718
DB01047,Fluocinonide,P11474
DB01047,Fluocinonide,Q99835
DB01049,Ergoloid mesylate,P21728
DB01049,Ergoloid mesylate,P35348
DB01049,Ergoloid mesylate,P08588
DB01049,Ergoloid mesylate,P08908
DB01050,Ibuprofen,P35354
DB01050,Ibuprofen,P23219
DB01050,Ibuprofen,P10145
DB01050,Ibuprofen,P25025
DB01050,Ibuprofen,P25024
DB01050,Ibuprofen,P10415
DB01050,Ibuprofen,P07204
DB01050,Ibuprofen,P12104
DB01050,Ibuprofen,P37231
DB01050,Ibuprofen,P13569
DB01050,Ibuprofen,Q07869
DB01050,Ibuprofen,P07359
DB01050,Ibuprofen,P31151
DB01051,Novobiocin,Q02880
DB01051,Novobiocin,P11388
DB01053,Benzylpenicillin,Q8TCC7
DB01053,Benzylpenicillin,P46059
DB01053,Benzylpenicillin,Q16348
DB01054,Nitrendipine,Q13936
DB01054,Nitrendipine,P54289
DB01054,Nitrendipine,Q08289
DB01054,Nitrendipine,Q01668
DB01054,Nitrendipine,Q13698
DB01054,Nitrendipine,Q9NY47
DB01054,Nitrendipine,O95180
DB01054,Nitrendipine,Q12791
DB01056,Tocainide,Q14524
DB01057,Echothiophate,P06276
DB01057,Echothiophate,P22303
DB01058,Praziquantel,O60760
DB01059,Norfloxacin,P11388
DB01062,Oxybutynin,P20309
DB01062,Oxybutynin,P08172
DB01062,Oxybutynin,P11229
DB01063,Acetophenazine,P14416
DB01063,Acetophenazine,P10275
DB01064,Isoprenaline,P08588
DB01064,Isoprenaline,P07550
DB01064,Isoprenaline,P13945
DB01064,Isoprenaline,P29460
DB01064,Isoprenaline,P00441
DB01065,Melatonin,P48039
DB01065,Melatonin,P49286
DB01065,Melatonin,P16083
DB01065,Melatonin,P03372
DB01065,Melatonin,Q92753
DB01065,Melatonin,P05164
DB01065,Melatonin,P11678
DB01065,Melatonin,P27797
DB01065,Melatonin,P0DP23
DB01067,Glipizide,Q09428
DB01067,Glipizide,P78508
DB01067,Glipizide,P37231
DB01068,Clonazepam,P14867
DB01068,Clonazepam,O75469
DB01069,Promethazine,P35367
DB01069,Promethazine,P14416
DB01069,Promethazine,P11229
DB01069,Promethazine,P08172
DB01069,Promethazine,P20309
DB01069,Promethazine,P08173
DB01069,Promethazine,P08912
DB01069,Promethazine,P35348
DB01069,Promethazine,P25021
DB01069,Promethazine,P35498
DB01069,Promethazine,P0DP23
DB01069,Promethazine,Q05586
DB01070,Dihydrotachysterol,P11473
DB01073,Fludarabine,P27707
DB01073,Fludarabine,P09884
DB01073,Fludarabine,P23921
DB01073,Fludarabine,P00813
DB01074,Perhexiline,P50416
DB01074,Perhexiline,P23786
DB01074,Perhexiline,Q92523
DB01074,Perhexiline,Q12809
DB01075,Diphenhydramine,P35367
DB01075,Diphenhydramine,P08172
DB01075,Diphenhydramine,P50135
DB01076,Atorvastatin,P04035
DB01076,Atorvastatin,P27487
DB01076,Atorvastatin,P35869
DB01076,Atorvastatin,Q92769
DB01076,Atorvastatin,Q14994
DB01077,Etidronic acid,Q13332
DB01077,Etidronic acid,P38606
DB01077,Etidronic acid,P12235
DB01077,Etidronic acid,P05141
DB01077,Etidronic acid,P12236
DB01078,Deslanoside,P05023
DB01079,Tegaserod,Q13639
DB01079,Tegaserod,P28335
DB01079,Tegaserod,P28223
DB01079,Tegaserod,P41595
DB01080,Vigabatrin,P80404
DB01081,Diphenoxylate,P35372
DB01081,Diphenoxylate,P41143
DB01082,Streptomycin,Q9UM07
DB01083,Orlistat,P16233
DB01083,Orlistat,P07098
DB01083,Orlistat,P21554
DB01083,Orlistat,P49327
DB01084,Emedastine,P35367
DB01085,Pilocarpine,P20309
DB01085,Pilocarpine,P11229
DB01085,Pilocarpine,P08172
DB01085,Pilocarpine,P08912
DB01085,Pilocarpine,P08173
DB01086,Benzocaine,Q9Y5Y9
DB01087,Primaquine,P08729
DB01087,Primaquine,P16083
DB01088,Iloprost,P43119
DB01088,Iloprost,P34995
DB01088,Iloprost,P43116
DB01088,Iloprost,P27815
DB01088,Iloprost,Q07343
DB01088,Iloprost,Q08493
DB01088,Iloprost,Q08499
DB01088,Iloprost,P00750
DB01088,Iloprost,Q9Y5Y4
DB01089,Deserpidine,Q05940
DB01089,Deserpidine,P12821
DB01090,Pentolinium,P32297
DB01090,Pentolinium,P30926
DB01090,Pentolinium,Q9GZZ6
DB01090,Pentolinium,P43681
DB01091,Butenafine,Q14534
DB01092,Ouabain,P05023
DB01092,Ouabain,P50993
DB01092,Ouabain,P13637
DB01093,Dimethyl sulfoxide,Q01344
DB01093,Dimethyl sulfoxide,Q8WXI7
DB01093,Dimethyl sulfoxide,P01106
DB01095,Fluvastatin,P04035
DB01095,Fluvastatin,Q92769
DB01097,Leflunomide,Q02127
DB01097,Leflunomide,Q14289
DB01097,Leflunomide,P35869
DB01098,Rosuvastatin,P04035
DB01098,Rosuvastatin,P20701
DB01099,Flucytosine,P26358
DB01100,Pimozide,P14416
DB01100,Pimozide,P35462
DB01100,Pimozide,Q12809
DB01100,Pimozide,P0DP23
DB01101,Capecitabine,P04818
DB01102,Arbutamine,P08588
DB01102,Arbutamine,P07550
DB01102,Arbutamine,P13945
DB01104,Sertraline,P31645
DB01104,Sertraline,Q01959
DB01104,Sertraline,O00264
DB01104,Sertraline,P23975
DB01104,Sertraline,Q7RTT9
DB01105,Sibutramine,Q01959
DB01105,Sibutramine,P31645
DB01105,Sibutramine,P23975
DB01106,Levocabastine,P35367
DB01106,Levocabastine,O95665
DB01107,Methyprylon,P14867
DB01108,Trilostane,P14060
DB01108,Trilostane,P26439
DB01108,Trilostane,P03372
DB01108,Trilostane,Q92731
DB01109,Heparin,P01008
DB01109,Heparin,P00742
DB01109,Heparin,P16109
DB01109,Heparin,P22455
DB01109,Heparin,P08620
DB01109,Heparin,O95750
DB01109,Heparin,P11362
DB01109,Heparin,P05230
DB01109,Heparin,P21802
DB01109,Heparin,P09038
DB01109,Heparin,P02776
DB01109,Heparin,P14210
DB01110,Miconazole,P29474
DB01110,Miconazole,P35228
DB01110,Miconazole,O75469
DB01110,Miconazole,Q12791
DB01110,Miconazole,Q14500
DB01110,Miconazole,Q13936
DB01113,Papaverine,Q07343
DB01113,Papaverine,Q08499
DB01113,Papaverine,O76074
DB01113,Papaverine,Q9Y233
DB01114,Chlorpheniramine,P35367
DB01114,Chlorpheniramine,P31645
DB01114,Chlorpheniramine,P23975
DB01114,Chlorpheniramine,Q01959
DB01115,Nifedipine,Q13936
DB01115,Nifedipine,Q01668
DB01115,Nifedipine,Q08289
DB01115,Nifedipine,O75469
DB01115,Nifedipine,Q13698
DB01115,Nifedipine,Q9UK17
DB01115,Nifedipine,O43497
DB01115,Nifedipine,P0DP23
DB01116,Trimethaphan,Q9GZZ6
DB01116,Trimethaphan,P43681
DB01117,Atovaquone,Q02127
DB01118,Amiodarone,Q12809
DB01118,Amiodarone,P08588
DB01118,Amiodarone,Q9P0X4
DB01118,Amiodarone,Q13936
DB01118,Amiodarone,P37231
DB01118,Amiodarone,Q07869
DB01118,Amiodarone,Q86YN6
DB01119,Diazoxide,Q14654
DB01119,Diazoxide,P25705
DB01120,Gliclazide,Q09428
DB01120,Gliclazide,P15692
DB01121,Phenacemide,P35498
DB01122,Ambenonium,P22303
DB01123,Proflavine,P00734
DB01124,Tolbutamide,Q09428
DB01124,Tolbutamide,O60706
DB01124,Tolbutamide,P48048
DB01125,Anisindione,P38435
DB01125,Anisindione,P00734
DB01126,Dutasteride,P18405
DB01126,Dutasteride,P31213
DB01126,Dutasteride,Q9H8P0
DB01127,Econazole,O75469
DB01128,Bicalutamide,P10275
DB01129,Rabeprazole,P20648
DB01130,Prednicarbate,P04150
DB01130,Prednicarbate,P62508
DB01130,Prednicarbate,O95718
DB01130,Prednicarbate,P11474
DB01131,Proguanil,Q9HBH1
DB01132,Pioglitazone,P37231
DB01132,Pioglitazone,P27338
DB01133,Tiludronic acid,Q05209
DB01133,Tiludronic acid,P29350
DB01133,Tiludronic acid,P23469
DB01133,Tiludronic acid,Q93050
DB01135,Doxacurium,Q15822
DB01135,Doxacurium,P08172
DB01136,Carvedilol,P08588
DB01136,Carvedilol,P07550
DB01136,Carvedilol,P35368
DB01136,Carvedilol,P35348
DB01136,Carvedilol,P25100
DB01136,Carvedilol,O95298
DB01136,Carvedilol,P15692
DB01136,Carvedilol,P16860
DB01136,Carvedilol,P17302
DB01136,Carvedilol,Q12809
DB01136,Carvedilol,P19320
DB01136,Carvedilol,P18825
DB01136,Carvedilol,P18089
DB01136,Carvedilol,P08913
DB01136,Carvedilol,P16581
DB01136,Carvedilol,Q16665
DB01136,Carvedilol,P48050
DB01136,Carvedilol,P63252
DB01138,Sulfinpyrazone,Q96S37
DB01138,Sulfinpyrazone,P33527
DB01138,Sulfinpyrazone,Q92887
DB01138,Sulfinpyrazone,O75469
DB01142,Doxepin,P35367
DB01142,Doxepin,P25021
DB01142,Doxepin,P23975
DB01142,Doxepin,P31645
DB01142,Doxepin,P28223
DB01142,Doxepin,P41595
DB01142,Doxepin,P28335
DB01142,Doxepin,P11229
DB01142,Doxepin,P08172
DB01142,Doxepin,P20309
DB01142,Doxepin,P08173
DB01142,Doxepin,P08912
DB01142,Doxepin,P35348
DB01142,Doxepin,P35368
DB01142,Doxepin,P25100
DB01142,Doxepin,P08908
DB01142,Doxepin,P50406
DB01142,Doxepin,Q9H3N8
DB01142,Doxepin,Q12809
DB01143,Amifostine,P10696
DB01144,Diclofenamide,P00918
DB01144,Diclofenamide,P00915
DB01144,Diclofenamide,P22748
DB01144,Diclofenamide,P43166
DB01144,Diclofenamide,P07451
DB01146,Diphenylpyraline,P35367
DB01146,Diphenylpyraline,Q01959
DB01148,Flavoxate,P11229
DB01148,Flavoxate,P08172
DB01148,Flavoxate,P08912
DB01149,Nefazodone,P28223
DB01149,Nefazodone,P28335
DB01149,Nefazodone,P31645
DB01149,Nefazodone,P08908
DB01149,Nefazodone,P23975
DB01149,Nefazodone,Q01959
DB01149,Nefazodone,P35368
DB01149,Nefazodone,P08913
DB01149,Nefazodone,P35348
DB01149,Nefazodone,Q12809
DB01151,Desipramine,P23975
DB01151,Desipramine,P31645
DB01151,Desipramine,P28223
DB01151,Desipramine,P07550
DB01151,Desipramine,P08588
DB01151,Desipramine,P17405
DB01151,Desipramine,P35367
DB01151,Desipramine,P35348
DB01151,Desipramine,P11229
DB01151,Desipramine,P08172
DB01151,Desipramine,P20309
DB01151,Desipramine,P08173
DB01151,Desipramine,P08912
DB01151,Desipramine,P08908
DB01151,Desipramine,P28335
DB01151,Desipramine,P14416
DB01151,Desipramine,P08913
DB01154,Thiamylal,Q15842
DB01154,Thiamylal,Q14654
DB01154,Thiamylal,P14867
DB01154,Thiamylal,Q99928
DB01156,Bupropion,Q01959
DB01156,Bupropion,P23975
DB01156,Bupropion,P31645
DB01156,Bupropion,P32297
DB01156,Bupropion,P46098
DB01157,Trimetrexate,P00374
DB01157,Trimetrexate,Q9HBH1
DB01158,Bretylium,P05023
DB01158,Bretylium,P08588
DB01159,Halothane,O14649
DB01159,Halothane,Q9NPC2
DB01159,Halothane,P14867
DB01159,Halothane,P20020
DB01159,Halothane,Q12791
DB01159,Halothane,Q8TCU5
DB01159,Halothane,O60391
DB01159,Halothane,Q12879
DB01159,Halothane,P23415
DB01159,Halothane,P08100
DB01159,Halothane,P48051
DB01159,Halothane,P48549
DB01159,Halothane,P03886
DB01159,Halothane,O15554
DB01159,Halothane,P59768
DB01159,Halothane,Q6W5P4
DB01160,Dinoprost tromethamine,P43088
DB01160,Dinoprost tromethamine,P43119
DB01161,Chloroprocaine,P35498
DB01161,Chloroprocaine,P05023
DB01161,Chloroprocaine,Q01959
DB01162,Terazosin,P35348
DB01162,Terazosin,P35368
DB01162,Terazosin,P25100
DB01162,Terazosin,P01137
DB01162,Terazosin,Q12809
DB01162,Terazosin,Q9H252
DB01162,Terazosin,Q9NS40
DB01164,Calcium chloride,Q99584
DB01165,Ofloxacin,P11388
DB01166,Cilostazol,Q14432
DB01168,Procarbazine,P21397
DB01169,Arsenic trioxide,O14920
DB01169,Arsenic trioxide,Q16881
DB01169,Arsenic trioxide,P05412
DB01169,Arsenic trioxide,P24385
DB01169,Arsenic trioxide,P27361
DB01169,Arsenic trioxide,P28482
DB01169,Arsenic trioxide,P31749
DB01169,Arsenic trioxide,P38936
DB01169,Arsenic trioxide,P29590
DB01170,Guanethidine,P23975
DB01171,Moclobemide,P21397
DB01171,Moclobemide,P27338
DB01173,Orphenadrine,O15399
DB01173,Orphenadrine,Q05586
DB01173,Orphenadrine,O60391
DB01173,Orphenadrine,Q8TCU5
DB01173,Orphenadrine,P35367
DB01173,Orphenadrine,P23975
DB01173,Orphenadrine,Q9Y5Y9
DB01174,Phenobarbital,P14867
DB01174,Phenobarbital,P43681
DB01174,Phenobarbital,P36544
DB01174,Phenobarbital,P42262
DB01174,Phenobarbital,Q13002
DB01174,Phenobarbital,Q05586
DB01174,Phenobarbital,O75469
DB01175,Escitalopram,P31645
DB01175,Escitalopram,P11229
DB01175,Escitalopram,P35367
DB01175,Escitalopram,P08908
DB01175,Escitalopram,P28223
DB01175,Escitalopram,P35348
DB01175,Escitalopram,P28335
DB01175,Escitalopram,P08913
DB01175,Escitalopram,P14416
DB01175,Escitalopram,P23975
DB01175,Escitalopram,Q01959
DB01176,Cyclizine,P35367
DB01176,Cyclizine,P49888
DB01177,Idarubicin,P11388
DB01177,Idarubicin,Q02880
DB01178,Chlormezanone,P30536
DB01179,Podofilox,P68366
DB01179,Podofilox,P07437
DB01179,Podofilox,P11388
DB01179,Podofilox,Q02880
DB01180,Rescinnamine,P12821
DB01181,Ifosfamide,O75469
DB01182,Propafenone,Q14524
DB01182,Propafenone,Q12809
DB01182,Propafenone,P08588
DB01182,Propafenone,P07550
DB01183,Naloxone,P35372
DB01183,Naloxone,P41143
DB01183,Naloxone,P41145
DB01183,Naloxone,P03372
DB01183,Naloxone,O00206
DB01183,Naloxone,P23141
DB01184,Domperidone,P35462
DB01184,Domperidone,P14416
DB01184,Domperidone,P28223
DB01185,Fluoxymesterone,P10275
DB01185,Fluoxymesterone,P03372
DB01185,Fluoxymesterone,P04150
DB01185,Fluoxymesterone,P80365
DB01186,Pergolide,P14416
DB01186,Pergolide,P35462
DB01186,Pergolide,P21917
DB01186,Pergolide,P21918
DB01186,Pergolide,P21728
DB01186,Pergolide,P08908
DB01186,Pergolide,P41595
DB01186,Pergolide,P28223
DB01186,Pergolide,P28221
DB01186,Pergolide,P08913
DB01186,Pergolide,P28222
DB01186,Pergolide,P28335
DB01186,Pergolide,P35348
DB01186,Pergolide,P35368
DB01186,Pergolide,P25100
DB01188,Ciclopirox,P05023
DB01189,Desflurane,P14867
DB01189,Desflurane,P23415
DB01189,Desflurane,P42261
DB01189,Desflurane,Q09470
DB01189,Desflurane,P03886
DB01189,Desflurane,P98194
DB01189,Desflurane,P30049
DB01191,Dexfenfluramine,P31645
DB01191,Dexfenfluramine,P28335
DB01192,Oxymorphone,P35372
DB01192,Oxymorphone,P41143
DB01193,Acebutolol,P08588
DB01193,Acebutolol,P07550
DB01194,Brinzolamide,P00918
DB01194,Brinzolamide,P00915
DB01194,Brinzolamide,P22748
DB01194,Brinzolamide,P35218
DB01194,Brinzolamide,P07451
DB01195,Flecainide,P35499
DB01195,Flecainide,Q14524
DB01195,Flecainide,Q12809
DB01195,Flecainide,Q92736
DB01196,Estramustine,Q92731
DB01196,Estramustine,P03372
DB01196,Estramustine,P11137
DB01196,Estramustine,P78559
DB01197,Captopril,P12821
DB01197,Captopril,P08253
DB01197,Captopril,P14780
DB01197,Captopril,P09960
DB01197,Captopril,P46663
DB01198,Zopiclone,P14867
DB01198,Zopiclone,P47869
DB01198,Zopiclone,P34903
DB01198,Zopiclone,P31644
DB01198,Zopiclone,P30536
DB01199,Tubocurarine,Q15822
DB01199,Tubocurarine,P46098
DB01199,Tubocurarine,P22303
DB01199,Tubocurarine,P36544
DB01200,Bromocriptine,P14416
DB01200,Bromocriptine,P35462
DB01200,Bromocriptine,P28221
DB01200,Bromocriptine,P08913
DB01200,Bromocriptine,P08908
DB01200,Bromocriptine,P18825
DB01200,Bromocriptine,P18089
DB01200,Bromocriptine,P41595
DB01200,Bromocriptine,P21917
DB01200,Bromocriptine,P28223
DB01200,Bromocriptine,P28222
DB01200,Bromocriptine,P28335
DB01200,Bromocriptine,P21918
DB01200,Bromocriptine,P21728
DB01200,Bromocriptine,P35348
DB01200,Bromocriptine,P35368
DB01200,Bromocriptine,P25100
DB01200,Bromocriptine,P34969
DB01202,Levetiracetam,Q00975
DB01202,Levetiracetam,Q7L0J3
DB01202,Levetiracetam,P46098
DB01203,Nadolol,P08588
DB01203,Nadolol,P07550
DB01204,Mitoxantrone,P11388
DB01204,Mitoxantrone,Q02880
DB01205,Flumazenil,P18507
DB01205,Flumazenil,P31644
DB01205,Flumazenil,P14867
DB01205,Flumazenil,Q99928
DB01205,Flumazenil,P47869
DB01205,Flumazenil,P34903
DB01205,Flumazenil,P30536
DB01206,Lomustine,Q9H169
DB01208,Sparfloxacin,P11388
DB01209,Dezocine,P35372
DB01209,Dezocine,P41145
DB01210,Levobunolol,P08588
DB01210,Levobunolol,P07550
DB01211,Clarithromycin,Q12809
DB01211,Clarithromycin,Q9Y6L6
DB01211,Clarithromycin,Q9NPD5
DB01212,Ceftriaxone,Q9NSA0
DB01212,Ceftriaxone,Q4U2R8
DB01212,Ceftriaxone,Q8TCC7
DB01212,Ceftriaxone,P46059
DB01213,Fomepizole,P07327
DB01213,Fomepizole,P00325
DB01213,Fomepizole,P00326
DB01213,Fomepizole,P04040
DB01214,Metipranolol,P08588
DB01214,Metipranolol,P07550
DB01215,Estazolam,P14867
DB01215,Estazolam,P30536
DB01216,Finasteride,P31213
DB01216,Finasteride,Q9H8P0
DB01216,Finasteride,P18405
DB01216,Finasteride,P51857
DB01217,Anastrozole,P11511
DB01218,Halofantrine,Q12809
DB01218,Halofantrine,P0DP25
DB01218,Halofantrine,P0DP24
DB01218,Halofantrine,P0DP23
DB01219,Dantrolene,P21817
DB01220,Rifaximin,O75469
DB01221,Ketamine,Q8TCU5
DB01221,Ketamine,P46098
DB01221,Ketamine,P36544
DB01221,Ketamine,P06276
DB01221,Ketamine,P29475
DB01221,Ketamine,P25103
DB01221,Ketamine,P14416
DB01221,Ketamine,P41143
DB01221,Ketamine,P23975
DB01221,Ketamine,P41145
DB01221,Ketamine,P35372
DB01221,Ketamine,P11229
DB01221,Ketamine,P28223
DB01221,Ketamine,P08908
DB01222,Budesonide,P04150
DB01222,Budesonide,P04083
DB01223,Aminophylline,Q14432
DB01223,Aminophylline,P30542
DB01223,Aminophylline,P0DMS8
DB01223,Aminophylline,Q92769
DB01224,Quetiapine,P28223
DB01224,Quetiapine,P14416
DB01224,Quetiapine,P08908
DB01224,Quetiapine,P28222
DB01224,Quetiapine,P28221
DB01224,Quetiapine,P28566
DB01224,Quetiapine,P28335
DB01224,Quetiapine,P46098
DB01224,Quetiapine,P50406
DB01224,Quetiapine,P34969
DB01224,Quetiapine,P21728
DB01224,Quetiapine,P21918
DB01224,Quetiapine,P35462
DB01224,Quetiapine,P21917
DB01224,Quetiapine,P35367
DB01224,Quetiapine,P35348
DB01224,Quetiapine,P08913
DB01224,Quetiapine,P18089
DB01224,Quetiapine,P18825
DB01224,Quetiapine,P11229
DB01224,Quetiapine,P08172
DB01224,Quetiapine,P20309
DB01224,Quetiapine,P08173
DB01224,Quetiapine,P08912
DB01225,Enoxaparin,P01008
DB01225,Enoxaparin,P00742
DB01225,Enoxaparin,P00734
DB01226,Mivacurium,Q15822
DB01226,Mivacurium,P08172
DB01226,Mivacurium,P20309
DB01226,Mivacurium,P06276
DB01227,Levacetylmethadol,P35372
DB01227,Levacetylmethadol,P30926
DB01227,Levacetylmethadol,P32297
DB01228,Encainide,Q14524
DB01229,Paclitaxel,Q9H4B7
DB01229,Paclitaxel,P10415
DB01229,Paclitaxel,O75469
DB01231,Diphenidol,P08172
DB01231,Diphenidol,P11229
DB01231,Diphenidol,P20309
DB01231,Diphenidol,P08173
DB01233,Metoclopramide,Q13639
DB01233,Metoclopramide,P46098
DB01233,Metoclopramide,P11229
DB01233,Metoclopramide,P14416
DB01234,Dexamethasone,P04150
DB01234,Dexamethasone,P51843
DB01234,Dexamethasone,P04083
DB01234,Dexamethasone,P35228
DB01234,Dexamethasone,O75469
DB01235,Levodopa,P21728
DB01235,Levodopa,P21918
DB01235,Levodopa,P14416
DB01235,Levodopa,P35462
DB01235,Levodopa,P21917
DB01236,Sevoflurane,P14867
DB01236,Sevoflurane,P23415
DB01236,Sevoflurane,P42261
DB01236,Sevoflurane,P98194
DB01236,Sevoflurane,Q96ER9
DB01236,Sevoflurane,P03886
DB01237,Bromodiphenhydramine,P35367
DB01238,Aripiprazole,P14416
DB01238,Aripiprazole,P28223
DB01238,Aripiprazole,P08908
DB01238,Aripiprazole,P35348
DB01238,Aripiprazole,P35368
DB01238,Aripiprazole,P35462
DB01238,Aripiprazole,P28221
DB01238,Aripiprazole,P34969
DB01238,Aripiprazole,P08913
DB01238,Aripiprazole,P18825
DB01238,Aripiprazole,P35367
DB01238,Aripiprazole,P28222
DB01238,Aripiprazole,P28335
DB01238,Aripiprazole,P46098
DB01238,Aripiprazole,P50406
DB01238,Aripiprazole,P21728
DB01238,Aripiprazole,P21917
DB01238,Aripiprazole,P18089
DB01238,Aripiprazole,P28566
DB01238,Aripiprazole,P21918
DB01238,Aripiprazole,P41595
DB01238,Aripiprazole,P47898
DB01238,Aripiprazole,P08588
DB01238,Aripiprazole,P07550
DB01238,Aripiprazole,P25021
DB01238,Aripiprazole,Q9Y5N1
DB01238,Aripiprazole,Q9H3N8
DB01238,Aripiprazole,P11229
DB01238,Aripiprazole,P08172
DB01238,Aripiprazole,P20309
DB01238,Aripiprazole,P08173
DB01238,Aripiprazole,P08912
DB01238,Aripiprazole,P41145
DB01238,Aripiprazole,P35372
DB01238,Aripiprazole,P41143
DB01238,Aripiprazole,Q05586
DB01238,Aripiprazole,Q01959
DB01238,Aripiprazole,P31645
DB01239,Chlorprothixene,P14416
DB01239,Chlorprothixene,P21728
DB01239,Chlorprothixene,P35462
DB01239,Chlorprothixene,P28223
DB01239,Chlorprothixene,P35367
DB01239,Chlorprothixene,P08908
DB01239,Chlorprothixene,P11229
DB01239,Chlorprothixene,P08172
DB01239,Chlorprothixene,P20309
DB01239,Chlorprothixene,P08173
DB01239,Chlorprothixene,P08912
DB01240,Epoprostenol,Q16647
DB01240,Epoprostenol,Q9H244
DB01240,Epoprostenol,P43119
DB01241,Gemfibrozil,Q07869
DB01241,Gemfibrozil,P06858
DB01241,Gemfibrozil,Q9Y6L6
DB01241,Gemfibrozil,Q8TCC7
DB01241,Gemfibrozil,O94956
DB01241,Gemfibrozil,Q9NPD5
DB01242,Clomipramine,P31645
DB01242,Clomipramine,P28223
DB01242,Clomipramine,P41595
DB01242,Clomipramine,P28335
DB01242,Clomipramine,P23975
DB01242,Clomipramine,P09211
DB01243,Chloroxine,P41145
DB01244,Bepridil,O00555
DB01244,Bepridil,O95180
DB01244,Bepridil,Q9NY47
DB01244,Bepridil,P05023
DB01244,Bepridil,P51787
DB01244,Bepridil,P63316
DB01244,Bepridil,Q01064
DB01244,Bepridil,P54750
DB01244,Bepridil,Q12809
DB01244,Bepridil,P0DP23
DB01245,Decamethonium,Q15822
DB01245,Decamethonium,P02708
DB01245,Decamethonium,P43681
DB01245,Decamethonium,P17787
DB01245,Decamethonium,P22303
DB01246,Alimemazine,P35367
DB01247,Isocarboxazid,P21397
DB01247,Isocarboxazid,P27338
DB01248,Docetaxel,Q9H4B7
DB01248,Docetaxel,P10415
DB01248,Docetaxel,O75469
DB01250,Olsalazine,P23219
DB01250,Olsalazine,P51580
DB01250,Olsalazine,P47989
DB01251,Gliquidone,Q09428
DB01251,Gliquidone,Q15842
DB01251,Gliquidone,P78508
DB01253,Ergometrine,P35348
DB01253,Ergometrine,P14416
DB01254,Dasatinib,P00519
DB01254,Dasatinib,P12931
DB01254,Dasatinib,P29317
DB01254,Dasatinib,P06239
DB01254,Dasatinib,P07947
DB01254,Dasatinib,P10721
DB01254,Dasatinib,P09619
DB01254,Dasatinib,P06241
DB01254,Dasatinib,P11274
DB01254,Dasatinib,P51692
DB01254,Dasatinib,P42684
DB01254,Dasatinib,Q06187
DB01254,Dasatinib,Q92570
DB01254,Dasatinib,P41240
DB01254,Dasatinib,P54756
DB01254,Dasatinib,P54760
DB01254,Dasatinib,P09769
DB01254,Dasatinib,P42685
DB01254,Dasatinib,P11142
DB01254,Dasatinib,P07948
DB01254,Dasatinib,Q9NYL2
DB01254,Dasatinib,Q16539
DB01254,Dasatinib,Q06203
DB01255,Lisdexamfetamine,Q96RJ0
DB01257,Eculizumab,P01031
DB01259,Lapatinib,P00533
DB01259,Lapatinib,P04626
DB01259,Lapatinib,O00418
DB01260,Desonide,P04150
DB01260,Desonide,P62508
DB01260,Desonide,O95718
DB01260,Desonide,P11474
DB01261,Sitagliptin,P27487
DB01262,Decitabine,P26358
DB01262,Decitabine,Q9Y6K1
DB01262,Decitabine,Q9UBC3
DB01262,Decitabine,Q13547
DB01267,Paliperidone,P28223
DB01267,Paliperidone,P14416
DB01267,Paliperidone,P21917
DB01267,Paliperidone,P35462
DB01267,Paliperidone,P28335
DB01267,Paliperidone,P35367
DB01267,Paliperidone,P35348
DB01267,Paliperidone,P35368
DB01267,Paliperidone,P28221
DB01267,Paliperidone,P08913
DB01267,Paliperidone,P18089
DB01267,Paliperidone,P18825
DB01267,Paliperidone,P08908
DB01267,Paliperidone,P21728
DB01267,Paliperidone,P34969
DB01268,Sunitinib,P09619
DB01268,Sunitinib,P17948
DB01268,Sunitinib,P10721
DB01268,Sunitinib,P35968
DB01268,Sunitinib,P35916
DB01268,Sunitinib,P36888
DB01268,Sunitinib,P07333
DB01268,Sunitinib,P16234
DB01268,Sunitinib,P08581
DB01269,Panitumumab,P00533
DB01270,Ranibizumab,P15692
DB01271,Idursulfase,P22304
DB01272,Alglucosidase alfa,P10253
DB01272,Alglucosidase alfa,P20645
DB01272,Alglucosidase alfa,P11717
DB01273,Varenicline,P43681
DB01273,Varenicline,P36544
DB01273,Varenicline,P32297
DB01273,Varenicline,Q15825
DB01273,Varenicline,P17787
DB01274,Arformoterol,P07550
DB01274,Arformoterol,Q08828
DB01275,Hydralazine,Q16853
DB01275,Hydralazine,Q16665
DB01275,Hydralazine,P13674
DB01276,Exenatide,P43220
DB01277,Mecasermin,P05019
DB01277,Mecasermin,P08069
DB01277,Mecasermin,P17936
DB01277,Mecasermin,P06213
DB01277,Mecasermin,P11717
DB01278,Pramlintide,P30988
DB01278,Pramlintide,O60894
DB01278,Pramlintide,O60895
DB01278,Pramlintide,O60896
DB01278,Pramlintide,P43220
DB01279,Galsulfase,P15848
DB01280,Nelarabine,P09884
DB01280,Nelarabine,P18858
DB01280,Nelarabine,P49642
DB01280,Nelarabine,P23921
DB01281,Abatacept,P33681
DB01281,Abatacept,P42081
DB01282,Carbetocin,P30559
DB01283,Lumiracoxib,P35354
DB01283,Lumiracoxib,P23219
DB01284,Tetracosactide,Q01718
DB01285,Corticotropin,Q01718
DB01285,Corticotropin,P06850
DB01288,Fenoterol,P07550
DB01288,Fenoterol,P08588
DB01288,Fenoterol,P13945
DB01291,Pirbuterol,P07550
DB01291,Pirbuterol,P08588
DB01294,Bismuth subsalicylate,P02768
DB01296,Glucosamine,P01584
DB01296,Glucosamine,P14416
DB01296,Glucosamine,P01579
DB01296,Glucosamine,Q04206
DB01297,Practolol,P08588
DB01299,Sulfadoxine,P27338
DB01303,Oxtriphylline,Q14432
DB01303,Oxtriphylline,P27815
DB01303,Oxtriphylline,P29274
DB01303,Oxtriphylline,P30542
DB01303,Oxtriphylline,Q92769
DB01306,Insulin aspart,P06213
DB01306,Insulin aspart,P01308
DB01306,Insulin aspart,P08069
DB01307,Insulin detemir,P06213
DB01307,Insulin detemir,P01308
DB01307,Insulin detemir,P08069
DB01309,Insulin glulisine,P06213
DB01309,Insulin glulisine,P08069
DB01320,Fosphenytoin,Q14524
DB01323,St. John's Wort,P23975
DB01324,Polythiazide,P55017
DB01325,Quinethazone,Q13621
DB01325,Quinethazone,P55011
DB01325,Quinethazone,P55017
DB01325,Quinethazone,P00915
DB01325,Quinethazone,P00918
DB01327,Cefazolin,P27169
DB01327,Cefazolin,P40933
DB01327,Cefazolin,P60568
DB01336,Metocurine,Q15822
DB01336,Metocurine,P08172
DB01337,Pancuronium,Q15822
DB01337,Pancuronium,P08172
DB01337,Pancuronium,P20309
DB01338,Pipecuronium,Q15822
DB01338,Pipecuronium,P08172
DB01338,Pipecuronium,P20309
DB01339,Vecuronium,Q15822
DB01340,Cilazapril,P12821
DB01345,Potassium cation,P05023
DB01346,Quinidine barbiturate,P14867
DB01346,Quinidine barbiturate,P47869
DB01346,Quinidine barbiturate,Q14524
DB01346,Quinidine barbiturate,O00180
DB01346,Quinidine barbiturate,P42262
DB01348,Spirapril,P12821
DB01351,Amobarbital,P14867
DB01351,Amobarbital,P47869
DB01351,Amobarbital,P34903
DB01351,Amobarbital,P48169
DB01351,Amobarbital,P31644
DB01351,Amobarbital,Q16445
DB01351,Amobarbital,P43681
DB01351,Amobarbital,P36544
DB01351,Amobarbital,P42262
DB01351,Amobarbital,Q13002
DB01353,Butobarbital,P47869
DB01353,Butobarbital,P34903
DB01353,Butobarbital,P48169
DB01353,Butobarbital,P31644
DB01353,Butobarbital,Q16445
DB01353,Butobarbital,P14867
DB01353,Butobarbital,P43681
DB01353,Butobarbital,P36544
DB01353,Butobarbital,P42262
DB01353,Butobarbital,Q13002
DB01356,Lithium cation,P49841
DB01356,Lithium cation,P29218
DB01356,Lithium cation,O14732
DB01356,Lithium cation,P42263
DB01357,Mestranol,P03372
DB01359,Penbutolol,P08588
DB01359,Penbutolol,P07550
DB01359,Penbutolol,P08908
DB01359,Penbutolol,P28222
DB01363,Ephedra sinica root,Q01959
DB01363,Ephedra sinica root,P23975
DB01363,Ephedra sinica root,P08913
DB01363,Ephedra sinica root,P18089
DB01363,Ephedra sinica root,P18825
DB01363,Ephedra sinica root,P21397
DB01363,Ephedra sinica root,P27338
DB01363,Ephedra sinica root,P08588
DB01363,Ephedra sinica root,P07550
DB01363,Ephedra sinica root,P13945
DB01363,Ephedra sinica root,P31645
DB01363,Ephedra sinica root,Q05940
DB01363,Ephedra sinica root,P54219
DB01364,Ephedrine,P35348
DB01364,Ephedrine,P08588
DB01364,Ephedrine,P07550
DB01364,Ephedrine,P14416
DB01364,Ephedrine,P23975
DB01365,Mephentermine,P35348
DB01365,Mephentermine,P14416
DB01365,Mephentermine,P08588
DB01366,Procaterol,P07550
DB01367,Rasagiline,P27338
DB01367,Rasagiline,P10415
DB01370,Aluminium,P05023
DB01370,Aluminium,P06870
DB01370,Aluminium,P05067
DB01370,Aluminium,P02787
DB01373,Calcium,Q13936
DB01373,Calcium,P98194
DB01373,Calcium,P02585
DB01373,Calcium,P63316
DB01373,Calcium,Q01082
DB01373,Calcium,P04271
DB01373,Calcium,P20810
DB01373,Calcium,P49747
DB01373,Calcium,P19801
DB01373,Calcium,Q99584
DB01373,Calcium,P05187
DB01373,Calcium,P05109
DB01373,Calcium,P06702
DB01373,Calcium,P29034
DB01373,Calcium,P00450
DB01373,Calcium,P12644
DB01373,Calcium,P08493
DB01373,Calcium,Q8TAB3
DB01373,Calcium,O75340
DB01373,Calcium,P0DP23
DB01378,Magnesium cation,P05023
DB01380,Cortisone acetate,P04150
DB01380,Cortisone acetate,P62508
DB01380,Cortisone acetate,O95718
DB01380,Cortisone acetate,P11474
DB01380,Cortisone acetate,P04083
DB01381,Ginkgo biloba,P23975
DB01381,Ginkgo biloba,P14555
DB01381,Ginkgo biloba,P23415
DB01381,Ginkgo biloba,P14867
DB01381,Ginkgo biloba,P47870
DB01381,Ginkgo biloba,P18507
DB01381,Ginkgo biloba,P21397
DB01381,Ginkgo biloba,P35228
DB01382,Glymidine,P48048
DB01382,Glymidine,P78508
DB01382,Glymidine,Q09428
DB01388,Mibefradil,O43497
DB01388,Mibefradil,O95180
DB01388,Mibefradil,Q13936
DB01388,Mibefradil,Q01668
DB01388,Mibefradil,O60840
DB01388,Mibefradil,Q9P0X4
DB01388,Mibefradil,Q13698
DB01388,Mibefradil,Q02641
DB01388,Mibefradil,Q08289
DB01388,Mibefradil,P54284
DB01388,Mibefradil,O00305
DB01390,Sodium bicarbonate,Q9UK17
DB01390,Sodium bicarbonate,O95180
DB01392,Yohimbine,P08913
DB01392,Yohimbine,P18089
DB01392,Yohimbine,P18825
DB01392,Yohimbine,P08908
DB01392,Yohimbine,P28222
DB01392,Yohimbine,P28221
DB01392,Yohimbine,P14416
DB01392,Yohimbine,P35462
DB01392,Yohimbine,P28223
DB01392,Yohimbine,P28335
DB01392,Yohimbine,P48048
DB01392,Yohimbine,P41595
DB01393,Bezafibrate,Q03181
DB01393,Bezafibrate,P37231
DB01393,Bezafibrate,Q07869
DB01393,Bezafibrate,O75469
DB01393,Bezafibrate,P19793
DB01393,Bezafibrate,P28702
DB01393,Bezafibrate,P48443
DB01394,Colchicine,P07437
DB01395,Drospirenone,P08235
DB01395,Drospirenone,P10275
DB01395,Drospirenone,P06401
DB01395,Drospirenone,P04150
DB01396,Digitoxin,P05023
DB01396,Digitoxin,P54709
DB01396,Digitoxin,P14415
DB01396,Digitoxin,P05026
DB01396,Digitoxin,P13637
DB01396,Digitoxin,P50993
DB01397,Magnesium salicylate,P35354
DB01397,Magnesium salicylate,P23219
DB01399,Salsalate,P35354
DB01399,Salsalate,P23219
DB01400,Neostigmine,P22303
DB01401,Choline magnesium trisalicylate,P23219
DB01401,Choline magnesium trisalicylate,P35354
DB01403,Methotrimeprazine,P14416
DB01403,Methotrimeprazine,P21728
DB01403,Methotrimeprazine,P21918
DB01403,Methotrimeprazine,P35462
DB01403,Methotrimeprazine,P21917
DB01403,Methotrimeprazine,P28223
DB01403,Methotrimeprazine,P28335
DB01403,Methotrimeprazine,P35367
DB01403,Methotrimeprazine,P11229
DB01403,Methotrimeprazine,P08172
DB01403,Methotrimeprazine,P20309
DB01403,Methotrimeprazine,P08173
DB01403,Methotrimeprazine,P08912
DB01403,Methotrimeprazine,P35348
DB01403,Methotrimeprazine,P35368
DB01403,Methotrimeprazine,P25100
DB01403,Methotrimeprazine,P08913
DB01403,Methotrimeprazine,P18089
DB01403,Methotrimeprazine,P18825
DB01404,Ginseng,P35869
DB01404,Ginseng,P05231
DB01404,Ginseng,P35354
DB01406,Danazol,P03372
DB01406,Danazol,P10275
DB01406,Danazol,P06401
DB01406,Danazol,P30968
DB01406,Danazol,Q96P88
DB01406,Danazol,P13500
DB01407,Clenbuterol,P07550
DB01407,Clenbuterol,P08588
DB01407,Clenbuterol,P13945
DB01407,Clenbuterol,P01138
DB01407,Clenbuterol,P01375
DB01409,Tiotropium,P20309
DB01409,Tiotropium,P11229
DB01409,Tiotropium,P08172
DB01409,Tiotropium,P08173
DB01409,Tiotropium,P08912
DB01410,Ciclesonide,P04150
DB01410,Ciclesonide,P08185
DB01418,Acenocoumarol,Q9BQB6
DB01419,Antrafenine,P23219
DB01419,Antrafenine,P35354
DB01420,Testosterone propionate,P10275
DB01421,Paromomycin,P08865
DB01421,Paromomycin,Q96L21
DB01426,Ajmaline,Q14524
DB01427,Amrinone,P27815
DB01427,Amrinone,Q14432
DB01427,Amrinone,Q13370
DB01427,Amrinone,P01375
DB01428,Oxybenzone,Q05469
DB01428,Oxybenzone,P06401
DB01428,Oxybenzone,P10275
DB01428,Oxybenzone,P03372
DB01428,Oxybenzone,Q92731
DB01430,Almitrine,P05023
DB01435,Antipyrine,P23219
DB01435,Antipyrine,P35354
DB01436,Alfacalcidol,P11473
DB01436,Alfacalcidol,O15528
DB01436,Alfacalcidol,P19793
DB01437,Glutethimide,P14867
DB01437,Glutethimide,P10635
DB01438,Phenazopyridine,P35498
DB01440,gamma-Hydroxybutyric acid,O75899
DB01440,gamma-Hydroxybutyric acid,Q9UBS5
DB01440,gamma-Hydroxybutyric acid,Q9HAB3
DB01452,Diamorphine,P35372
DB01452,Diamorphine,P41145
DB01452,Diamorphine,P41143
DB01452,Diamorphine,P23141
DB01463,Fencamfamin,Q01959
DB01463,Fencamfamin,P14416
DB01493,Ethylestrenol,P10275
DB01501,Difenoxin,P35372
DB01544,Flunitrazepam,P14867
DB01544,Flunitrazepam,P30536
DB01551,Dihydrocodeine,P35372
DB01556,Chlorphentermine,P31645
DB01558,Bromazepam,P14867
DB01559,Clotiazepam,P14867
DB01559,Clotiazepam,P30536
DB01576,Dextroamphetamine,Q05940
DB01576,Dextroamphetamine,P23975
DB01576,Dextroamphetamine,Q01959
DB01576,Dextroamphetamine,Q96RJ0
DB01576,Dextroamphetamine,P35368
DB01576,Dextroamphetamine,P35348
DB01577,Metamfetamine,Q01959
DB01577,Metamfetamine,P31645
DB01577,Metamfetamine,P23975
DB01577,Metamfetamine,Q05940
DB01577,Metamfetamine,P54219
DB01577,Metamfetamine,Q96RJ0
DB01577,Metamfetamine,P08913
DB01577,Metamfetamine,P18089
DB01577,Metamfetamine,P18825
DB01577,Metamfetamine,P21397
DB01577,Metamfetamine,P27338
DB01577,Metamfetamine,P35368
DB01577,Metamfetamine,P14416
DB01579,Phendimetrazine,P35348
DB01579,Phendimetrazine,P23975
DB01579,Phendimetrazine,P35368
DB01580,Oxprenolol,P08588
DB01580,Oxprenolol,P13945
DB01580,Oxprenolol,P07550
DB01583,Liotrix,P10827
DB01583,Liotrix,P10828
DB01586,Ursodeoxycholic acid,P52895
DB01586,Ursodeoxycholic acid,P53004
DB01586,Ursodeoxycholic acid,Q9UGH3
DB01586,Ursodeoxycholic acid,Q96RI1
DB01587,Ketazolam,P14867
DB01588,Prazepam,P14867
DB01588,Prazepam,P30536
DB01589,Quazepam,P14867
DB01589,Quazepam,P30536
DB01590,Everolimus,P42345
DB01591,Solifenacin,P20309
DB01591,Solifenacin,P08172
DB01591,Solifenacin,P08173
DB01591,Solifenacin,P08912
DB01591,Solifenacin,P11229
DB01592,Iron,P69905
DB01592,Iron,P02786
DB01592,Iron,Q9GZT9
DB01592,Iron,Q9BY41
DB01592,Iron,Q9NZD4
DB01592,Iron,Q16595
DB01592,Iron,P02794
DB01592,Iron,P39748
DB01592,Iron,Q96FI4
DB01592,Iron,Q969S2
DB01592,Iron,P06746
DB01592,Iron,P00450
DB01592,Iron,P02787
DB01593,Zinc,P46663
DB01593,Zinc,P16455
DB01593,Zinc,P04075
DB01593,Zinc,P68104
DB01593,Zinc,P06733
DB01593,Zinc,O14556
DB01593,Zinc,P15531
DB01593,Zinc,P07237
DB01593,Zinc,P30101
DB01593,Zinc,Q06830
DB01593,Zinc,P78330
DB01593,Zinc,P60174
DB01593,Zinc,P49411
DB01593,Zinc,P03372
DB01593,Zinc,P08700
DB01593,Zinc,P02795
DB01593,Zinc,O14618
DB01593,Zinc,Q13547
DB01593,Zinc,P56524
DB01593,Zinc,P29372
DB01593,Zinc,P04279
DB01593,Zinc,P00441
DB01593,Zinc,Q9BY41
DB01593,Zinc,O15304
DB01593,Zinc,P23415
DB01593,Zinc,Q00987
DB01593,Zinc,P01308
DB01593,Zinc,P46939
DB01593,Zinc,P45381
DB01593,Zinc,P05109
DB01593,Zinc,P06702
DB01593,Zinc,P14780
DB01593,Zinc,O15350
DB01593,Zinc,P29034
DB01593,Zinc,P04637
DB01593,Zinc,P25713
DB01593,Zinc,O75340
DB01593,Zinc,Q8N907
DB01593,Zinc,P04731
DB01593,Zinc,P04217
DB01593,Zinc,P01023
DB01593,Zinc,P01019
DB01593,Zinc,P02765
DB01593,Zinc,P02743
DB01593,Zinc,P02647
DB01593,Zinc,P02652
DB01593,Zinc,P06727
DB01593,Zinc,Q0VD83
DB01593,Zinc,P02649
DB01593,Zinc,O14791
DB01593,Zinc,P02746
DB01593,Zinc,P02747
DB01593,Zinc,P00736
DB01593,Zinc,P09871
DB01593,Zinc,P01024
DB01593,Zinc,P0C0L5
DB01593,Zinc,P04003
DB01593,Zinc,P20851
DB01593,Zinc,P01031
DB01593,Zinc,P46736
DB01593,Zinc,P07357
DB01593,Zinc,P07358
DB01593,Zinc,P07360
DB01593,Zinc,P00751
DB01593,Zinc,P08603
DB01593,Zinc,P05156
DB01593,Zinc,P10909
DB01593,Zinc,P00450
DB01593,Zinc,P15169
DB01593,Zinc,P22792
DB01593,Zinc,P81605
DB01593,Zinc,P15924
DB01593,Zinc,P00748
DB01593,Zinc,P05160
DB01593,Zinc,P00734
DB01593,Zinc,O75636
DB01593,Zinc,P02671
DB01593,Zinc,P02751
DB01593,Zinc,P06396
DB01593,Zinc,P69905
DB01593,Zinc,P68871
DB01593,Zinc,P00739
DB01593,Zinc,Q86YZ3
DB01593,Zinc,P35858
DB01593,Zinc,P01876
DB01593,Zinc,P01871
DB01593,Zinc,P01599
DB01593,Zinc,P01619
DB01593,Zinc,P80748
DB01593,Zinc,P19827
DB01593,Zinc,P19823
DB01593,Zinc,Q06033
DB01593,Zinc,Q14624
DB01593,Zinc,P01591
DB01593,Zinc,P14923
DB01593,Zinc,P03952
DB01593,Zinc,P01042
DB01593,Zinc,P04264
DB01593,Zinc,P13645
DB01593,Zinc,P02533
DB01593,Zinc,P08779
DB01593,Zinc,P35908
DB01593,Zinc,P13647
DB01593,Zinc,P02538
DB01593,Zinc,P35527
DB01593,Zinc,P19652
DB01593,Zinc,Q96PD5
DB01593,Zinc,P27169
DB01593,Zinc,P20742
DB01593,Zinc,P31151
DB01593,Zinc,P49908
DB01593,Zinc,P01009
DB01593,Zinc,P01011
DB01593,Zinc,P29622
DB01593,Zinc,P08185
DB01593,Zinc,P05546
DB01593,Zinc,P04278
DB01593,Zinc,P02787
DB01593,Zinc,P02766
DB01593,Zinc,P04004
DB01593,Zinc,P51693
DB01593,Zinc,Q06481
DB01593,Zinc,P05067
DB01593,Zinc,P09874
DB01595,Nitrazepam,P14867
DB01595,Nitrazepam,P35498
DB01597,Cilastatin,P16444
DB01599,Probucol,O95477
DB01599,Probucol,P23141
DB01600,Tiaprofenic acid,P23219
DB01600,Tiaprofenic acid,P35354
DB01608,Periciazine,P21728
DB01608,Periciazine,P08913
DB01608,Periciazine,P35368
DB01608,Periciazine,P10275
DB01611,Hydroxychloroquine,Q9NYK1
DB01611,Hydroxychloroquine,Q9NR96
DB01611,Hydroxychloroquine,Q9BYF1
DB01612,Amyl Nitrite,P16066
DB01613,Erythrityl tetranitrate,P16066
DB01613,Erythrityl tetranitrate,P20594
DB01616,Alverine,P08908
DB01618,Molindone,P14416
DB01618,Molindone,P08908
DB01618,Molindone,P28223
DB01618,Molindone,P11229
DB01619,Phenindamine,P35367
DB01620,Pheniramine,Q9H3N8
DB01620,Pheniramine,P35367
DB01620,Pheniramine,Q14994
DB01621,Pipotiazine,P14416
DB01621,Pipotiazine,P21728
DB01621,Pipotiazine,P28223
DB01621,Pipotiazine,P08908
DB01622,Thioproperazine,P14416
DB01622,Thioproperazine,P35348
DB01622,Thioproperazine,P35368
DB01622,Thioproperazine,P21728
DB01623,Thiothixene,P14416
DB01623,Thiothixene,P21728
DB01623,Thiothixene,P28223
DB01624,Zuclopenthixol,P21728
DB01624,Zuclopenthixol,P21918
DB01624,Zuclopenthixol,P14416
DB01624,Zuclopenthixol,P35348
DB01624,Zuclopenthixol,P08913
DB01624,Zuclopenthixol,P28223
DB01624,Zuclopenthixol,P35367
DB01625,Isopropamide,P20309
DB01625,Isopropamide,P08173
DB01626,Pargyline,P27338
DB01626,Pargyline,P21397
DB01628,Etoricoxib,P35354
DB01632,5-O-phosphono-alpha-D-ribofuranosyl diphosphate,P00492
DB01632,5-O-phosphono-alpha-D-ribofuranosyl diphosphate,Q9NWZ5
DB01632,5-O-phosphono-alpha-D-ribofuranosyl diphosphate,P07741
DB01656,Roflumilast,P27815
DB01698,Rutin,P42330
DB01698,Rutin,P16152
DB01708,Prasterone,P11413
DB01708,Prasterone,P03372
DB01708,Prasterone,Q92731
DB01708,Prasterone,P14867
DB01708,Prasterone,Q05586
DB01708,Prasterone,P10275
DB01708,Prasterone,Q07869
DB01708,Prasterone,Q99720
DB01708,Prasterone,O75469
DB01708,Prasterone,Q14994
DB01744,Camphor,Q8NER1
DB01744,Camphor,Q8NET8
DB01744,Camphor,O75762
DB01744,Camphor,Q7Z2W7
DB01759,Kojic acid,P14679
DB01878,Benzophenone,P03372
DB01878,Benzophenone,Q92731
DB01942,Formic acid,P29475
DB01942,Formic acid,P09601
DB01942,Formic acid,P05230
DB01942,Formic acid,O60760
DB01942,Formic acid,P13716
DB01942,Formic acid,P00918
DB01942,Formic acid,P07998
DB01942,Formic acid,Q13363
DB01942,Formic acid,O14936
DB01942,Formic acid,Q9BVM4
DB01942,Formic acid,P20472
DB01942,Formic acid,P14621
DB01942,Formic acid,Q9NQX3
DB01942,Formic acid,Q99418
DB01956,Taurine,Q13224
DB01956,Taurine,P14867
DB01956,Taurine,Q9UBS5
DB01956,Taurine,P23415
DB01956,Taurine,P48167
DB01956,Taurine,O75311
DB01956,Taurine,P23416
DB02266,Flufenamic acid,P10275
DB02266,Flufenamic acid,P35354
DB02266,Flufenamic acid,P23219
DB02266,Flufenamic acid,P42330
DB02266,Flufenamic acid,Q07869
DB02266,Flufenamic acid,P37231
DB02300,Calcipotriol,P11473
DB02325,Isopropyl alcohol,P01375
DB02325,Isopropyl alcohol,P14555
DB02325,Isopropyl alcohol,P30793
DB02325,Isopropyl alcohol,P09601
DB02325,Isopropyl alcohol,P55055
DB02325,Isopropyl alcohol,P29474
DB02383,Tolrestat,P15121
DB02383,Tolrestat,Q99720
DB02383,Tolrestat,P14550
DB02383,Tolrestat,O60218
DB02530,gamma-Aminobutyric acid,Q9UBS5
DB02530,gamma-Aminobutyric acid,O75899
DB02530,gamma-Aminobutyric acid,P13612
DB02530,gamma-Aminobutyric acid,P30531
DB02530,gamma-Aminobutyric acid,P31644
DB02530,gamma-Aminobutyric acid,P14867
DB02530,gamma-Aminobutyric acid,P47870
DB02530,gamma-Aminobutyric acid,P34903
DB02530,gamma-Aminobutyric acid,P47869
DB02530,gamma-Aminobutyric acid,P48066
DB02530,gamma-Aminobutyric acid,P18507
DB02530,gamma-Aminobutyric acid,P50440
DB02546,Vorinostat,Q13547
DB02546,Vorinostat,Q92769
DB02546,Vorinostat,O15379
DB02546,Vorinostat,Q9UBN7
DB02546,Vorinostat,Q9BY41
DB02594,Doxecitine,O00142
DB02594,Doxecitine,P27707
DB02638,Terlipressin,P37288
DB02638,Terlipressin,P47901
DB02638,Terlipressin,P30518
DB02659,Cholic Acid,P04054
DB02659,Cholic Acid,P22830
DB02659,Cholic Acid,P23141
DB02659,Cholic Acid,P00326
DB02659,Cholic Acid,P62508
DB02659,Cholic Acid,P51161
DB02659,Cholic Acid,P13073
DB02659,Cholic Acid,P00395
DB02659,Cholic Acid,P00403
DB02659,Cholic Acid,P00414
DB02659,Cholic Acid,P20674
DB02659,Cholic Acid,P10606
DB02659,Cholic Acid,P09669
DB02659,Cholic Acid,P24311
DB02659,Cholic Acid,P15954
DB02659,Cholic Acid,P10176
DB02659,Cholic Acid,Q02221
DB02659,Cholic Acid,P14854
DB02659,Cholic Acid,P24310
DB02659,Cholic Acid,Q96RI1
DB02659,Cholic Acid,Q8TDU6
DB02701,Nicotinamide,Q10588
DB02701,Nicotinamide,P09874
DB02701,Nicotinamide,Q9NXA8
DB02701,Nicotinamide,P00338
DB02745,Uridine,P19971
DB02745,Uridine,P62312
DB02772,Sucrose,Q8TE23
DB02772,Sucrose,P61626
DB02772,Sucrose,P68133
DB02772,Sucrose,O00244
DB02772,Sucrose,Q9Y3I0
DB02789,Pregnenolone,P11474
DB02789,Pregnenolone,O75469
DB02789,Pregnenolone,O00204
DB02893,D-Methionine,P50579
DB02925,Piretanide,Q13621
DB03017,Lauric acid,O00206
DB03017,Lauric acid,P02788
DB03017,Lauric acid,P14555
DB03017,Lauric acid,P41235
DB03017,Lauric acid,P98155
DB03017,Lauric acid,Q9NZD2
DB03017,Lauric acid,P07360
DB03017,Lauric acid,Q9UNK4
DB03017,Lauric acid,Q9Y6Y9
DB03017,Lauric acid,Q07869
DB03017,Lauric acid,P17900
DB03017,Lauric acid,P11766
DB03085,Glycolic acid,P11413
DB03088,Pidolic acid,P04746
DB03088,Pidolic acid,P19961
DB03088,Pidolic acid,P15692
DB03088,Pidolic acid,P0CG04
DB03088,Pidolic acid,P01709
DB03088,Pidolic acid,Q03403
DB03088,Pidolic acid,Q9UKQ2
DB03088,Pidolic acid,Q701N4
DB03088,Pidolic acid,O43612
DB03088,Pidolic acid,P80075
DB03128,Acetylcholine,P11229
DB03128,Acetylcholine,P08172
DB03128,Acetylcholine,P20309
DB03128,Acetylcholine,P08173
DB03128,Acetylcholine,P36544
DB03147,Flavin adenine dinucleotide,P29475
DB03147,Flavin adenine dinucleotide,Q12882
DB03147,Flavin adenine dinucleotide,P47989
DB03147,Flavin adenine dinucleotide,P15559
DB03147,Flavin adenine dinucleotide,P21397
DB03147,Flavin adenine dinucleotide,Q16881
DB03147,Flavin adenine dinucleotide,P27338
DB03147,Flavin adenine dinucleotide,P00390
DB03147,Flavin adenine dinucleotide,P16083
DB03147,Flavin adenine dinucleotide,Q16795
DB03147,Flavin adenine dinucleotide,Q86YB8
DB03147,Flavin adenine dinucleotide,P00387
DB03147,Flavin adenine dinucleotide,P26440
DB03147,Flavin adenine dinucleotide,Q9UKU7
DB03147,Flavin adenine dinucleotide,O95831
DB03147,Flavin adenine dinucleotide,P16435
DB03147,Flavin adenine dinucleotide,Q92947
DB03147,Flavin adenine dinucleotide,P11310
DB03147,Flavin adenine dinucleotide,P14920
DB03147,Flavin adenine dinucleotide,P16219
DB03147,Flavin adenine dinucleotide,Q96RQ9
DB03147,Flavin adenine dinucleotide,P09622
DB03147,Flavin adenine dinucleotide,Q9UHQ9
DB03147,Flavin adenine dinucleotide,P22570
DB03147,Flavin adenine dinucleotide,Q15067
DB03147,Flavin adenine dinucleotide,P55789
DB03175,Propyl alcohol,P61626
DB03193,Stearic acid,Q07869
DB03193,Stearic acid,Q9UNK4
DB03247,Flavin mononucleotide,P30043
DB03247,Flavin mononucleotide,Q9UJM8
DB03247,Flavin mononucleotide,Q9NVS9
DB03247,Flavin mononucleotide,Q969G6
DB03247,Flavin mononucleotide,P29475
DB03247,Flavin mononucleotide,Q12882
DB03247,Flavin mononucleotide,Q02127
DB03247,Flavin mononucleotide,O00141
DB03247,Flavin mononucleotide,O75676
DB03247,Flavin mononucleotide,Q9NYQ3
DB03247,Flavin mononucleotide,P16435
DB03247,Flavin mononucleotide,Q96CD2
DB03255,Phenol,Q16790
DB03255,Phenol,Q9ULX7
DB03255,Phenol,P00918
DB03255,Phenol,O43570
DB03255,Phenol,P22748
DB03255,Phenol,P00915
DB03255,Phenol,P02768
DB03310,Glutathione disulfide,P10620
DB03310,Glutathione disulfide,P08263
DB03310,Glutathione disulfide,P28161
DB03310,Glutathione disulfide,P00390
DB03312,Brivudine,O00142
DB03312,Brivudine,P04183
DB03404,Hemin,P13196
DB03585,Oxyphenbutazone,P02768
DB03585,Oxyphenbutazone,Q9NZK7
DB03604,Tiratricol,P10828
DB03604,Tiratricol,P10827
DB03604,Tiratricol,Q02127
DB03614,Mecobalamin,Q99707
DB03615,Ribostamycin,P07237
DB03619,Deoxycholic acid,P09211
DB03619,Deoxycholic acid,Q96RI1
DB03619,Deoxycholic acid,Q8TDU6
DB03619,Deoxycholic acid,P12004
DB03619,Deoxycholic acid,Q7Z2Z2
DB03619,Deoxycholic acid,P08263
DB03754,Tromethamine,P17707
DB03754,Tromethamine,P05067
DB03756,Doconexent,Q07869
DB03756,Doconexent,P37231
DB03756,Doconexent,P19793
DB03756,Doconexent,P28702
DB03756,Doconexent,P48443
DB03756,Doconexent,P23219
DB03756,Doconexent,P35354
DB03756,Doconexent,P36956
DB03756,Doconexent,P01106
DB03766,Propanoic acid,Q9NQX3
DB03783,Phenacetin,P23219
DB03783,Phenacetin,P20839
DB03793,Benzoic acid,P51151
DB03793,Benzoic acid,P46059
DB03793,Benzoic acid,P14920
DB03796,Palmitic Acid,Q01469
DB03796,Palmitic Acid,P15090
DB03796,Palmitic Acid,P00709
DB03796,Palmitic Acid,Q07869
DB03796,Palmitic Acid,P08100
DB03796,Palmitic Acid,P50897
DB03796,Palmitic Acid,P02689
DB03796,Palmitic Acid,P09466
DB03796,Palmitic Acid,Q14541
DB03796,Palmitic Acid,P10632
DB03796,Palmitic Acid,O43617
DB03843,Formaldehyde,O75762
DB03852,Eucalyptol,Q7Z2W7
DB03904,Urea,P05089
DB03904,Urea,P00918
DB03904,Urea,P35222
DB03929,D-Serine,Q05586
DB03929,D-Serine,P23415
DB03929,D-Serine,P29508
DB04115,Berberine,O14746
DB04115,Berberine,O15392
DB04160,Pyrophosphoric acid,P14324
DB04173,Fructose,P49789
DB04209,Dequalinium,P98170
DB04209,Dequalinium,P29973
DB04209,Dequalinium,Q9UGI6
DB04209,Dequalinium,Q9H2S1
DB04209,Dequalinium,Q92952
DB04209,Dequalinium,Q16280
DB04209,Dequalinium,Q12791
DB04209,Dequalinium,P17252
DB04209,Dequalinium,P37840
DB04209,Dequalinium,P0DP23
DB04224,Oleic Acid,P07148
DB04224,Oleic Acid,P15090
DB04224,Oleic Acid,Q07869
DB04224,Oleic Acid,Q03181
DB04224,Oleic Acid,P19793
DB04224,Oleic Acid,P37231
DB04224,Oleic Acid,P02689
DB04272,Citric acid,P15121
DB04272,Citric acid,Q9HBA0
DB04272,Citric acid,O75390
DB04272,Citric acid,P12931
DB04272,Citric acid,P07998
DB04272,Citric acid,P12724
DB04272,Citric acid,Q96RQ9
DB04272,Citric acid,Q9GZU7
DB04272,Citric acid,O14964
DB04272,Citric acid,P40926
DB04272,Citric acid,P15086
DB04272,Citric acid,P62312
DB04272,Citric acid,Q9HB21
DB04272,Citric acid,P07360
DB04272,Citric acid,P07741
DB04272,Citric acid,Q9BY32
DB04335,Inosine,P00491
DB04339,Carbocisteine,Q14145
DB04339,Carbocisteine,Q16236
DB04339,Carbocisteine,Q63HM9
DB04339,Carbocisteine,Q9UNP4
DB04348,Taurocholic acid,P19835
DB04348,Taurocholic acid,Q12908
DB04348,Taurocholic acid,Q8TDU6
DB04348,Taurocholic acid,Q96RI1
DB04348,Taurocholic acid,P51161
DB04465,Lactose,P17931
DB04465,Lactose,P16278
DB04465,Lactose,Q7Z4J2
DB04465,Lactose,Q9NZD2
DB04485,Thymidine,O00142
DB04485,Thymidine,P04183
DB04519,Caprylic acid,Q07869
DB04540,Cholesterol,Q9Y5K3
DB04540,Cholesterol,Q14994
DB04540,Cholesterol,P11473
DB04540,Cholesterol,Q9ULY5
DB04540,Cholesterol,P35398
DB04557,Arachidonic Acid,P23219
DB04557,Arachidonic Acid,Q07869
DB04557,Arachidonic Acid,Q96RI1
DB04557,Arachidonic Acid,P19793
DB04564,Gluconolactone,P09848
DB04573,Estriol,P03372
DB04573,Estriol,Q92731
DB04573,Estriol,P04278
DB04574,Estrone sulfate,P03372
DB04574,Estrone sulfate,Q92731
DB04575,Quinestrol,P03372
DB04657,Carboxin,P31040
DB04703,Hesperidin,Q00975
DB04703,Hesperidin,Q96GD4
DB04711,Iodipamide,P02768
DB04743,Nimesulide,P35354
DB04743,Nimesulide,P02788
DB04743,Nimesulide,P50591
DB04743,Nimesulide,Q9NZK7
DB04794,Bifonazole,P20813
DB04812,Benoxaprofen,P24752
DB04813,Bithionol,Q07820
DB04813,Bithionol,Q92731
DB04813,Bithionol,P17655
DB04813,Bithionol,P03372
DB04815,Clioquinol,P41145
DB04817,Metamizole,P23219
DB04818,Iproniazid,P27338
DB04818,Iproniazid,P21397
DB04820,Nialamide,P27338
DB04820,Nialamide,P21397
DB04820,Nialamide,P21964
DB04821,Nomifensine,P14416
DB04821,Nomifensine,P23975
DB04821,Nomifensine,Q01959
DB04821,Nomifensine,P27338
DB04821,Nomifensine,P21397
DB04821,Nomifensine,P05164
DB04821,Nomifensine,P31645
DB04821,Nomifensine,Q05940
DB04824,Phenolphthalein,O60656
DB04824,Phenolphthalein,O75469
DB04824,Phenolphthalein,Q14994
DB04824,Phenolphthalein,P03372
DB04824,Phenolphthalein,P04278
DB04825,Prenylamine,Q9H1R3
DB04825,Prenylamine,P0DP23
DB04828,Zomepirac,P35354
DB04828,Zomepirac,P23219
DB04828,Zomepirac,Q9Y5Y4
DB04832,Zimelidine,P31645
DB04832,Zimelidine,P27338
DB04832,Zimelidine,P21397
DB04834,Rapacuronium,P08172
DB04835,Maraviroc,P51681
DB04836,Amineptine,Q01959
DB04836,Amineptine,P23975
DB04836,Amineptine,P31645
DB04837,Clofedanol,P35367
DB04838,Cyclandelate,P54289
DB04838,Cyclandelate,P23141
DB04839,Cyproterone acetate,P10275
DB04839,Cyproterone acetate,P07288
DB04840,Debrisoquine,P23975
DB04841,Flunarizine,O43497
DB04841,Flunarizine,O95180
DB04841,Flunarizine,Q9P0X4
DB04841,Flunarizine,P0DP23
DB04841,Flunarizine,O00555
DB04841,Flunarizine,P35367
DB04842,Fluspirilene,P14416
DB04842,Fluspirilene,P28223
DB04842,Fluspirilene,Q06432
DB04843,Mepenzolate,P11229
DB04843,Mepenzolate,P20309
DB04843,Mepenzolate,P08912
DB04844,Tetrabenazine,Q05940
DB04844,Tetrabenazine,P14416
DB04845,Ixabepilone,Q13509
DB04846,Celiprolol,P08588
DB04846,Celiprolol,P07550
DB04846,Celiprolol,P13945
DB04846,Celiprolol,P08913
DB04846,Celiprolol,P18089
DB04846,Celiprolol,P18825
DB04847,Roxadustat,Q9GZT9
DB04847,Roxadustat,Q96KS0
DB04847,Roxadustat,Q9H6Z9
DB04854,Febuxostat,P47989
DB04855,Dronedarone,P35348
DB04855,Dronedarone,P35368
DB04855,Dronedarone,P25100
DB04855,Dronedarone,P08913
DB04855,Dronedarone,P18089
DB04855,Dronedarone,P18825
DB04855,Dronedarone,Q12809
DB04855,Dronedarone,Q13936
DB04855,Dronedarone,Q01668
DB04855,Dronedarone,O60840
DB04855,Dronedarone,Q13698
DB04855,Dronedarone,Q02641
DB04855,Dronedarone,Q08289
DB04855,Dronedarone,P54284
DB04855,Dronedarone,O00305
DB04855,Dronedarone,O95069
DB04855,Dronedarone,Q14524
DB04855,Dronedarone,P48549
DB04855,Dronedarone,P51787
DB04855,Dronedarone,Q14500
DB04855,Dronedarone,P32418
DB04855,Dronedarone,Q9UK17
DB04855,Dronedarone,P22460
DB04855,Dronedarone,P08588
DB04855,Dronedarone,P10827
DB04861,Nebivolol,P08588
DB04861,Nebivolol,P07550
DB04861,Nebivolol,P13945
DB04864,Huperzine A,P22303
DB04864,Huperzine A,P04746
DB04864,Huperzine A,P09917
DB04865,Omacetaxine mepesuccinate,P39023
DB04868,Nilotinib,P00519
DB04868,Nilotinib,P10721
DB04868,Nilotinib,P16234
DB04868,Nilotinib,Q99062
DB04868,Nilotinib,Q16832
DB04871,Lorcaserin,P28335
DB04876,Vildagliptin,P27487
DB04880,Enoximone,Q14432
DB04890,Bepotastine,P35367
DB04895,Pegaptanib,P15692
DB04895,Pegaptanib,O14786
DB04896,Milnacipran,P31645
DB04896,Milnacipran,P23975
DB04896,Milnacipran,Q05586
DB04898,Ximelagatran,P00734
DB04899,Nesiritide,P16066
DB04899,Nesiritide,P20594
DB04899,Nesiritide,P17342
DB04908,Flibanserin,P08908
DB04908,Flibanserin,P28223
DB04908,Flibanserin,P21917
DB04920,Clevidipine,O60840
DB04920,Clevidipine,Q13698
DB04920,Clevidipine,Q01668
DB04920,Clevidipine,Q13936
DB04930,Permethrin,P35498
DB04930,Permethrin,P03372
DB04930,Permethrin,O75469
DB04931,Afamelanotide,Q01726
DB04931,Afamelanotide,P32245
DB04932,Defibrotide,P30542
DB04932,Defibrotide,P29274
DB04932,Defibrotide,P29275
DB04938,Ospemifene,P03372
DB04941,Crofelemer,Q5XXA6
DB04941,Crofelemer,P13569
DB04946,Iloperidone,P28223
DB04946,Iloperidone,P14416
DB04946,Iloperidone,P08908
DB04946,Iloperidone,P28335
DB04946,Iloperidone,P50406
DB04946,Iloperidone,P34969
DB04946,Iloperidone,P35348
DB04946,Iloperidone,P08913
DB04946,Iloperidone,P18089
DB04946,Iloperidone,P18825
DB04946,Iloperidone,P08588
DB04946,Iloperidone,P07550
DB04946,Iloperidone,P21728
DB04946,Iloperidone,P35462
DB04946,Iloperidone,P21917
DB04946,Iloperidone,P21918
DB04946,Iloperidone,P35367
DB04948,Lofexidine,P08913
DB04948,Lofexidine,P35348
DB04948,Lofexidine,P08908
DB04948,Lofexidine,P34969
DB04948,Lofexidine,P28335
DB04948,Lofexidine,P28221
DB04951,Pirfenidone,P01137
DB04953,Ezogabine,O43525
DB04953,Ezogabine,O43526
DB04953,Ezogabine,P56696
DB04953,Ezogabine,Q9NR82
DB05013,Ingenol mebutate,Q05655
DB05013,Ingenol mebutate,P17252
DB05015,Belinostat,Q13547
DB05016,Ataluren,P11532
DB05018,Migalastat,P06280
DB05039,Indacaterol,P07550
DB05057,Erdosteine,Q9UNI1
DB05084,Abaloparatide,Q03431
DB05087,Ganaxolone,P14867
DB05099,Ancrod,P02671
DB05187,Elafibranor,Q07869
DB05187,Elafibranor,Q03181
DB05187,Elafibranor,P37231
DB05219,Crisaborole,P27815
DB05219,Crisaborole,Q07343
DB05219,Crisaborole,Q08493
DB05219,Crisaborole,Q08499
DB05239,Cobimetinib,Q02750
DB05246,Methsuximide,O43497
DB05258,Interferon alfa,P17181
DB05260,Gallium nitrate,P01584
DB05260,Gallium nitrate,P31350
DB05260,Gallium nitrate,P21281
DB05271,Rotigotine,P35462
DB05271,Rotigotine,P21917
DB05271,Rotigotine,P14416
DB05271,Rotigotine,P21918
DB05271,Rotigotine,P21728
DB05271,Rotigotine,P08908
DB05271,Rotigotine,P18089
DB05294,Vandetanib,P07949
DB05294,Vandetanib,P00533
DB05294,Vandetanib,P35968
DB05294,Vandetanib,P15692
DB05294,Vandetanib,Q13882
DB05294,Vandetanib,Q02763
DB05299,Keyhole limpet hemocyanin,P60568
DB05311,Ecallantide,P03952
DB05316,Pimavanserin,P28223
DB05316,Pimavanserin,P28335
DB05316,Pimavanserin,Q99720
DB05332,Romiplostim,P40238
DB05332,Romiplostim,P11362
DB05332,Romiplostim,P16234
DB05332,Romiplostim,P10721
DB05332,Romiplostim,P35968
DB05332,Romiplostim,P17948
DB05332,Romiplostim,P07949
DB05332,Romiplostim,P35869
DB05332,Romiplostim,P09619
DB05351,Dexlansoprazole,P20648
DB05351,Dexlansoprazole,P51164
DB05351,Dexlansoprazole,O94760
DB05381,Histamine,P35367
DB05381,Histamine,P25021
DB05381,Histamine,Q9Y5N1
DB05381,Histamine,Q9H3N8
DB05381,Histamine,Q05940
DB05382,Iodine,Q92911
DB05389,Tetrachlorodecaoxide,Q7L5Y9
DB05389,Tetrachlorodecaoxide,Q86VB7
DB05467,Palovarotene,P13631
DB05501,Mavorixafor,P61073
DB05521,Telaprevir,Q9Y6L6
DB05521,Telaprevir,O94956
DB05528,Mipomersen,P04114
DB05541,Brivaracetam,Q7L0J3
DB05541,Brivaracetam,P35498
DB05578,Ramucirumab,P35968
DB05630,Sodium stibogluconate,P11387
DB05667,Levoketoconazole,P05093
DB05667,Levoketoconazole,P15538
DB05667,Levoketoconazole,P19099
DB05667,Levoketoconazole,P05108
DB05667,Levoketoconazole,Q16850
DB05676,Apremilast,Q86V67
DB05676,Apremilast,P11802
DB05676,Apremilast,Q00534
DB05679,Ustekinumab,P29460
DB05679,Ustekinumab,Q9HBH1
DB05679,Ustekinumab,P29459
DB05679,Ustekinumab,Q9NPF7
DB05773,Trastuzumab emtansine,P04626
DB05777,Thrombomodulin Alfa,P00734
DB05777,Thrombomodulin Alfa,P12259
DB05812,Abiraterone,P05093
DB05829,Parathyroid hormone,P49190
DB05829,Parathyroid hormone,Q03431
DB05889,Inotuzumab ozogamicin,P20273
DB05990,Obeticholic acid,Q96RI1
DB06016,Cariprazine,P35462
DB06016,Cariprazine,P14416
DB06016,Cariprazine,P08908
DB06016,Cariprazine,P41595
DB06016,Cariprazine,P28223
DB06016,Cariprazine,P35367
DB06016,Cariprazine,P28335
DB06016,Cariprazine,P35348
DB06043,Olaratumab,P16234
DB06077,Lumateperone,P31645
DB06077,Lumateperone,P28223
DB06077,Lumateperone,P14416
DB06077,Lumateperone,P21728
DB06081,Caplacizumab,P04275
DB06083,Tapinarof,P35869
DB06119,Cenobamate,P35498
DB06119,Cenobamate,P14867
DB06137,Tirbanibulin,P07437
DB06137,Tirbanibulin,P12931
DB06144,Sertindole,P14416
DB06144,Sertindole,P28223
DB06144,Sertindole,P28335
DB06144,Sertindole,P50406
DB06144,Sertindole,Q12809
DB06144,Sertindole,P35348
DB06144,Sertindole,P35368
DB06144,Sertindole,P25100
DB06148,Mianserin,P08913
DB06148,Mianserin,P28223
DB06148,Mianserin,P28335
DB06148,Mianserin,P35367
DB06148,Mianserin,P23975
DB06148,Mianserin,P31645
DB06148,Mianserin,Q9H3N8
DB06148,Mianserin,P08908
DB06148,Mianserin,P18825
DB06148,Mianserin,P41595
DB06148,Mianserin,P30939
DB06148,Mianserin,P18089
DB06148,Mianserin,P35462
DB06148,Mianserin,P41145
DB06148,Mianserin,Q01959
DB06148,Mianserin,P34969
DB06148,Mianserin,P14416
DB06148,Mianserin,P50406
DB06148,Mianserin,P35348
DB06148,Mianserin,P21728
DB06151,Acetylcysteine,P48637
DB06151,Acetylcysteine,Q9UPY5
DB06151,Acetylcysteine,Q03154
DB06151,Acetylcysteine,O14920
DB06151,Acetylcysteine,O15111
DB06151,Acetylcysteine,Q13224
DB06151,Acetylcysteine,Q05586
DB06151,Acetylcysteine,Q12879
DB06151,Acetylcysteine,O15399
DB06151,Acetylcysteine,Q8TCU5
DB06152,Nylidrin,P48551
DB06152,Nylidrin,Q9P0X4
DB06153,Pizotifen,P11229
DB06153,Pizotifen,P08172
DB06153,Pizotifen,P20309
DB06153,Pizotifen,P28223
DB06153,Pizotifen,P41595
DB06153,Pizotifen,P28335
DB06153,Pizotifen,P08908
DB06153,Pizotifen,P28222
DB06153,Pizotifen,P35367
DB06153,Pizotifen,P35348
DB06153,Pizotifen,P35368
DB06153,Pizotifen,P25100
DB06153,Pizotifen,P08913
DB06153,Pizotifen,P18089
DB06153,Pizotifen,P18825
DB06154,Pentaerythritol tetranitrate,P69905
DB06154,Pentaerythritol tetranitrate,P68871
DB06155,Rimonabant,P21554
DB06155,Rimonabant,Q9Y2T6
DB06168,Canakinumab,P01584
DB06174,Noscapine,Q99720
DB06176,Romidepsin,Q13547
DB06176,Romidepsin,Q92769
DB06176,Romidepsin,P56524
DB06176,Romidepsin,Q9UBN7
DB06186,Ipilimumab,P16410
DB06193,Pixantrone,Q02880
DB06193,Pixantrone,P11388
DB06196,Icatibant,P30411
DB06196,Icatibant,P15144
DB06199,Atrasentan,P25101
DB06199,Atrasentan,P24530
DB06201,Rufinamide,Q15858
DB06201,Rufinamide,P41594
DB06202,Lasofoxifene,P03372
DB06202,Lasofoxifene,Q92731
DB06202,Lasofoxifene,P34972
DB06203,Alogliptin,P27487
DB06204,Tapentadol,P35372
DB06204,Tapentadol,P23975
DB06204,Tapentadol,P41145
DB06204,Tapentadol,P41143
DB06204,Tapentadol,P31645
DB06205,Hyaluronidase (human recombinant),P01137
DB06207,Silodosin,P35348
DB06207,Silodosin,P25100
DB06207,Silodosin,P35368
DB06207,Silodosin,Q12809
DB06209,Prasugrel,Q9H244
DB06210,Eltrombopag,P40238
DB06212,Tolvaptan,P30518
DB06212,Tolvaptan,P37288
DB06213,Regadenoson,P29274
DB06216,Asenapine,P28223
DB06216,Asenapine,P14416
DB06216,Asenapine,P08908
DB06216,Asenapine,P28222
DB06216,Asenapine,P41595
DB06216,Asenapine,P28335
DB06216,Asenapine,P47898
DB06216,Asenapine,P50406
DB06216,Asenapine,P34969
DB06216,Asenapine,P35462
DB06216,Asenapine,P21917
DB06216,Asenapine,P21728
DB06216,Asenapine,P35348
DB06216,Asenapine,P08913
DB06216,Asenapine,P18089
DB06216,Asenapine,P18825
DB06216,Asenapine,P35367
DB06216,Asenapine,P25021
DB06216,Asenapine,P08588
DB06216,Asenapine,P07550
DB06217,Vernakalant,Q14524
DB06217,Vernakalant,P22460
DB06217,Vernakalant,Q9UK17
DB06217,Vernakalant,Q12809
DB06218,Lacosamide,Q9UI33
DB06218,Lacosamide,Q16555
DB06218,Lacosamide,Q15858
DB06218,Lacosamide,Q9NY46
DB06218,Lacosamide,Q9Y5Y9
DB06219,Dalbavancin,P16233
DB06228,Rivaroxaban,P00742
DB06230,Nalmefene,P41145
DB06230,Nalmefene,P41143
DB06230,Nalmefene,P35372
DB06237,Avanafil,O76074
DB06243,Eflornithine,P11926
DB06249,Arzoxifene,Q92731
DB06249,Arzoxifene,P03372
DB06262,Droxidopa,P35348
DB06262,Droxidopa,P35368
DB06262,Droxidopa,P25100
DB06262,Droxidopa,P08913
DB06262,Droxidopa,P18089
DB06262,Droxidopa,P18825
DB06262,Droxidopa,P08588
DB06262,Droxidopa,P07550
DB06262,Droxidopa,P13945
DB06262,Droxidopa,P00439
DB06267,Udenafil,O76074
DB06268,Sitaxentan,P25101
DB06268,Sitaxentan,P24530
DB06271,Sulodexide,P05546
DB06271,Sulodexide,P01008
DB06273,Tocilizumab,P08887
DB06273,Tocilizumab,P40189
DB06274,Alvimopan,P35372
DB06274,Alvimopan,P41145
DB06274,Alvimopan,P41143
DB06282,Levocetirizine,P35367
DB06283,Ziconotide,Q00975
DB06283,Ziconotide,O00555
DB06285,Teriparatide,P01270
DB06285,Teriparatide,Q03431
DB06287,Temsirolimus,P42345
DB06288,Amisulpride,P34969
DB06288,Amisulpride,P28223
DB06288,Amisulpride,P14416
DB06288,Amisulpride,P35462
DB06288,Amisulpride,P35372
DB06288,Amisulpride,P41143
DB06288,Amisulpride,P41145
DB06292,Dapagliflozin,P31639
DB06317,Elotuzumab,Q9NQ25
DB06335,Saxagliptin,P27487
DB06343,Teprotumumab,P08069
DB06366,Pertuzumab,P04626
DB06372,Rilonacept,P01584
DB06372,Rilonacept,P01583
DB06372,Rilonacept,P18510
DB06374,Elacestrant,P03372
DB06401,Bazedoxifene,P03372
DB06401,Bazedoxifene,Q92731
DB06402,Telavancin,P34998
DB06402,Telavancin,P32297
DB06402,Telavancin,Q15822
DB06403,Ambrisentan,P25101
DB06403,Ambrisentan,P24530
DB06404,Human C1-esterase inhibitor,P00736
DB06404,Human C1-esterase inhibitor,P09871
DB06404,Human C1-esterase inhibitor,P03952
DB06404,Human C1-esterase inhibitor,P00748
DB06404,Human C1-esterase inhibitor,P03951
DB06404,Human C1-esterase inhibitor,P00750
DB06404,Human C1-esterase inhibitor,P00734
DB06410,Doxercalciferol,P11473
DB06412,Oxymetholone,P10275
DB06413,Armodafinil,Q01959
DB06413,Armodafinil,P25100
DB06439,Tyloxapol,P06858
DB06439,Tyloxapol,Q04864
DB06439,Tyloxapol,Q01201
DB06439,Tyloxapol,Q04206
DB06439,Tyloxapol,Q00653
DB06439,Tyloxapol,P19838
DB06441,Cangrelor,Q9H244
DB06448,Lonafarnib,P49354
DB06448,Lonafarnib,P49356
DB06480,Prucalopride,Q13639
DB06589,Pazopanib,P17948
DB06589,Pazopanib,P35968
DB06589,Pazopanib,P35916
DB06589,Pazopanib,P16234
DB06589,Pazopanib,P09619
DB06589,Pazopanib,P10721
DB06589,Pazopanib,P22607
DB06589,Pazopanib,Q08881
DB06589,Pazopanib,P05230
DB06589,Pazopanib,Q9UQQ2
DB06594,Agomelatine,P28335
DB06594,Agomelatine,P48039
DB06594,Agomelatine,P49286
DB06595,Midostaurin,P17252
DB06595,Midostaurin,P35968
DB06595,Midostaurin,P16234
DB06595,Midostaurin,P09619
DB06595,Midostaurin,P36888
DB06595,Midostaurin,P05129
DB06595,Midostaurin,P10721
DB06602,Reslizumab,P05113
DB06603,Panobinostat,Q13547
DB06605,Apixaban,P00742
DB06606,Teplizumab,P07766
DB06607,Catumaxomab,P12318
DB06607,Catumaxomab,P08637
DB06607,Catumaxomab,O75015
DB06607,Catumaxomab,P07766
DB06607,Catumaxomab,P12314
DB06607,Catumaxomab,P16422
DB06612,Mepolizumab,P05113
DB06616,Bosutinib,P07948
DB06616,Bosutinib,Q02750
DB06616,Bosutinib,P36507
DB06616,Bosutinib,Q9Y2U5
DB06616,Bosutinib,Q13555
DB06616,Bosutinib,P09769
DB06616,Bosutinib,P08631
DB06616,Bosutinib,P42680
DB06616,Bosutinib,Q9H2G2
DB06616,Bosutinib,P12931
DB06616,Bosutinib,P00519
DB06626,Axitinib,P17948
DB06626,Axitinib,P35968
DB06626,Axitinib,P35916
DB06626,Axitinib,P00519
DB06637,Dalfampridine,Q09470
DB06637,Dalfampridine,P16389
DB06637,Dalfampridine,P22001
DB06637,Dalfampridine,P22459
DB06637,Dalfampridine,P22460
DB06637,Dalfampridine,P17658
DB06637,Dalfampridine,Q96RP8
DB06637,Dalfampridine,Q16322
DB06637,Dalfampridine,Q14721
DB06637,Dalfampridine,Q92953
DB06637,Dalfampridine,P48547
DB06637,Dalfampridine,Q96PR1
DB06637,Dalfampridine,Q14003
DB06637,Dalfampridine,Q9NSA2
DB06637,Dalfampridine,Q9NZV8
DB06637,Dalfampridine,Q9UK17
DB06643,Denosumab,O14788
DB06650,Ofatumumab,P11836
DB06654,Safinamide,P27338
DB06655,Liraglutide,P43220
DB06663,Pasireotide,P32745
DB06663,Pasireotide,P30872
DB06663,Pasireotide,P30874
DB06663,Pasireotide,P35346
DB06674,Golimumab,P01375
DB06681,Belatacept,P42081
DB06681,Belatacept,P33681
DB06681,Belatacept,P10747
DB06684,Vilazodone,P31645
DB06684,Vilazodone,P08908
DB06688,Sipuleucel-T,P15309
DB06689,Ethanolamine oleate,P00748
DB06691,Mepyramine,P35367
DB06692,Aprotinin,P07477
DB06692,Aprotinin,P17538
DB06692,Aprotinin,P00747
DB06692,Aprotinin,P06870
DB06694,Xylometazoline,P08913
DB06694,Xylometazoline,P18089
DB06694,Xylometazoline,P35348
DB06694,Xylometazoline,P35368
DB06694,Xylometazoline,P25100
DB06694,Xylometazoline,P18825
DB06695,Dabigatran etexilate,P00734
DB06697,Artemether,P05023
DB06698,Betahistine,P35367
DB06698,Betahistine,Q9Y5N1
DB06699,Degarelix,P30968
DB06700,Desvenlafaxine,P23975
DB06700,Desvenlafaxine,P31645
DB06700,Desvenlafaxine,Q01959
DB06701,Dexmethylphenidate,Q01959
DB06701,Dexmethylphenidate,P23975
DB06701,Dexmethylphenidate,P31645
DB06702,Fesoterodine,P20309
DB06702,Fesoterodine,P08173
DB06702,Fesoterodine,P11229
DB06702,Fesoterodine,P08172
DB06702,Fesoterodine,P08912
DB06704,Iobenguane,P23975
DB06705,Gadofosveset trisodium,P02768
DB06706,Isometheptene,P35348
DB06706,Isometheptene,Q05940
DB06707,Levonordefrin,P08913
DB06707,Levonordefrin,P35348
DB06707,Levonordefrin,P35368
DB06707,Levonordefrin,P25100
DB06708,Lumefantrine,P05023
DB06709,Methacholine,P20309
DB06709,Methacholine,P08172
DB06709,Methacholine,P11229
DB06709,Methacholine,P08173
DB06709,Methacholine,P08912
DB06710,Methyltestosterone,P10275
DB06710,Methyltestosterone,P03372
DB06711,Naphazoline,P08913
DB06711,Naphazoline,P35348
DB06711,Naphazoline,P14416
DB06712,Nilvadipine,Q13936
DB06712,Nilvadipine,P54289
DB06712,Nilvadipine,Q08289
DB06712,Nilvadipine,Q01668
DB06712,Nilvadipine,Q13698
DB06712,Nilvadipine,Q8IZS8
DB06712,Nilvadipine,O95180
DB06712,Nilvadipine,Q9P0X4
DB06712,Nilvadipine,O43497
DB06713,Norelgestromin,P06401
DB06713,Norelgestromin,P02768
DB06713,Norelgestromin,P10275
DB06714,Propylhexedrine,Q05940
DB06714,Propylhexedrine,P18825
DB06714,Propylhexedrine,Q96RJ0
DB06716,Fospropofol,P47870
DB06716,Fospropofol,P28472
DB06717,Fosaprepitant,P25103
DB06718,Stanozolol,P10275
DB06719,Buserelin,P22888
DB06719,Buserelin,P30968
DB06720,Velaglucerase alfa,P04062
DB06725,Lornoxicam,P23219
DB06725,Lornoxicam,P35354
DB06729,Sulfaphenazole,P11712
DB06736,Aceclofenac,P35354
DB06736,Aceclofenac,P23219
DB06751,Drotaverine,P27815
DB06751,Drotaverine,Q13936
DB06752,Chymopapain,P13727
DB06754,Danaparoid,P01008
DB06756,Betaine,Q93088
DB06757,Manganese cation,P50213
DB06757,Manganese cation,P51553
DB06757,Manganese cation,Q15750
DB06757,Manganese cation,P05089
DB06757,Manganese cation,P04179
DB06757,Manganese cation,P15104
DB06757,Manganese cation,Q16822
DB06757,Manganese cation,P36873
DB06764,Tetryzoline,P35348
DB06764,Tetryzoline,P18825
DB06764,Tetryzoline,P08913
DB06766,Alcaftadine,P35367
DB06772,Cabazitaxel,Q9H4B7
DB06773,Human calcitonin,P12814
DB06773,Human calcitonin,P30988
DB06774,Capsaicin,Q8NER1
DB06774,Capsaicin,Q99623
DB06775,Carglumic acid,P31327
DB06777,Chenodeoxycholic acid,Q96RI1
DB06777,Chenodeoxycholic acid,O75469
DB06777,Chenodeoxycholic acid,Q8TDU6
DB06777,Chenodeoxycholic acid,P52895
DB06779,Dalteparin,P01008
DB06779,Dalteparin,P15692
DB06779,Dalteparin,P16109
DB06780,Desoxycorticosterone acetate,P08235
DB06781,Difluprednate,P04150
DB06781,Difluprednate,P04083
DB06785,Ganirelix,P30968
DB06786,Halcinonide,Q99835
DB06786,Halcinonide,P62508
DB06786,Halcinonide,O95718
DB06786,Halcinonide,P11474
DB06787,Hexocyclium,P20309
DB06787,Hexocyclium,P11229
DB06787,Hexocyclium,P08172
DB06787,Hexocyclium,P08173
DB06788,Histrelin,P30968
DB06789,Hydroxyprogesterone caproate,P06401
DB06791,Lanreotide,P30874
DB06791,Lanreotide,P35346
DB06793,Levopropoxyphene,P35372
DB06795,Mafenide,P22748
DB06795,Mafenide,Q9ULX7
DB06795,Mafenide,O43570
DB06795,Mafenide,P00918
DB06795,Mafenide,P23280
DB06797,Mebutamate,Q99928
DB06800,Methylnaltrexone,P35372
DB06800,Methylnaltrexone,P32245
DB06800,Methylnaltrexone,P41145
DB06802,Nepafenac,P23219
DB06802,Nepafenac,P35354
DB06808,Piperacetazine,P14416
DB06809,Plerixafor,P61073
DB06813,Pralatrexate,P00374
DB06813,Pralatrexate,Q05932
DB06813,Pralatrexate,Q9HBH1
DB06813,Pralatrexate,P04818
DB06814,Protokylol,P07550
DB06814,Protokylol,P08588
DB06815,Pyrithione,P51787
DB06819,Phenylbutyric acid,P17252
DB06819,Phenylbutyric acid,Q13547
DB06822,Tinzaparin,P01008
DB06822,Tinzaparin,P13612
DB06822,Tinzaparin,P48061
DB06824,Triethylenetetramine,Q9ULX7
DB06825,Triptorelin,P30968
DB07101,Mirdametinib,Q02750
DB07101,Mirdametinib,P36507
DB07776,Flavone,P10275
DB07776,Flavone,P14867
DB07776,Flavone,P11511
DB07776,Flavone,P30542
DB07776,Flavone,P29275
DB07776,Flavone,P0DMS8
DB07776,Flavone,P11474
DB07776,Flavone,O95718
DB07776,Flavone,Q16678
DB07931,Hexestrol,Q92731
DB07931,Hexestrol,Q04828
DB07931,Hexestrol,P03372
DB07931,Hexestrol,O75469
DB07931,Hexestrol,Q14994
DB08329,Sulthiame,P00918
DB08439,Parecoxib,P35354
DB08439,Parecoxib,P02788
DB08604,Triclosan,P29474
DB08604,Triclosan,O75469
DB08604,Triclosan,P10275
DB08604,Triclosan,Q14994
DB08604,Triclosan,P37231
DB08604,Triclosan,P07202
DB08799,Antazoline,P35367
DB08801,Dimetindene,P35367
DB08801,Dimetindene,P08172
DB08804,Nandrolone decanoate,P10275
DB08804,Nandrolone decanoate,P01100
DB08804,Nandrolone decanoate,P28223
DB08804,Nandrolone decanoate,P28222
DB08804,Nandrolone decanoate,P08069
DB08804,Nandrolone decanoate,P21728
DB08809,Dichloroacetic acid,Q15118
DB08809,Dichloroacetic acid,O43708
DB08813,Nadroparin,P01008
DB08813,Nadroparin,P00742
DB08813,Nadroparin,P16109
DB08813,Nadroparin,P01100
DB08813,Nadroparin,P01106
DB08814,Triflusal,P23219
DB08814,Triflusal,P19838
DB08814,Triflusal,P35228
DB08814,Triflusal,Q9Y233
DB08815,Lurasidone,P14416
DB08815,Lurasidone,P28223
DB08815,Lurasidone,P34969
DB08815,Lurasidone,P08908
DB08815,Lurasidone,P18825
DB08815,Lurasidone,P08913
DB08816,Ticagrelor,Q9H244
DB08818,Hyaluronic acid,P16070
DB08818,Hyaluronic acid,P05362
DB08818,Hyaluronic acid,O75330
DB08818,Hyaluronic acid,Q9Y5Y7
DB08818,Hyaluronic acid,O14594
DB08818,Hyaluronic acid,P13611
DB08818,Hyaluronic acid,Q07021
DB08818,Hyaluronic acid,P10915
DB08818,Hyaluronic acid,Q96S86
DB08818,Hyaluronic acid,Q14520
DB08818,Hyaluronic acid,Q6UX15
DB08818,Hyaluronic acid,Q8WWQ8
DB08818,Hyaluronic acid,P98066
DB08818,Hyaluronic acid,Q9BZV3
DB08818,Hyaluronic acid,Q5JVS0
DB08819,Tafluprost,P43088
DB08820,Ivacaftor,P13569
DB08822,Azilsartan medoxomil,P30556
DB08823,Spinosad,P36544
DB08824,Ioflupane I-123,Q01959
DB08827,Lomitapide,P55157
DB08828,Vismodegib,Q99835
DB08834,Tauroursodeoxycholic acid,P08648
DB08860,Pitavastatin,P04035
DB08860,Pitavastatin,P20701
DB08862,Cholecystokinin,P32238
DB08862,Cholecystokinin,P04049
DB08862,Cholecystokinin,P27361
DB08862,Cholecystokinin,P01133
DB08862,Cholecystokinin,P05771
DB08862,Cholecystokinin,P32239
DB08864,Rilpivirine,Q9Y5Y9
DB08864,Rilpivirine,O75469
DB08865,Crizotinib,Q9UM73
DB08865,Crizotinib,P08581
DB08865,Crizotinib,P08922
DB08865,Crizotinib,Q04912
DB08867,Ulipristal,P06401
DB08867,Ulipristal,P04150
DB08867,Ulipristal,P10275
DB08868,Fingolimod,Q9H228
DB08868,Fingolimod,P21453
DB08868,Fingolimod,Q99500
DB08868,Fingolimod,Q9NYA1
DB08868,Fingolimod,P35462
DB08868,Fingolimod,Q13547
DB08868,Fingolimod,O95977
DB08869,Tesamorelin,Q02643
DB08870,Brentuximab vedotin,P28908
DB08871,Eribulin,Q9H4B7
DB08872,Gabapentin enacarbil,P54289
DB08872,Gabapentin enacarbil,Q9NY47
DB08872,Gabapentin enacarbil,Q9Y289
DB08875,Cabozantinib,P08581
DB08875,Cabozantinib,P07949
DB08875,Cabozantinib,P35968
DB08875,Cabozantinib,P17948
DB08875,Cabozantinib,P35916
DB08875,Cabozantinib,P10721
DB08875,Cabozantinib,Q16620
DB08875,Cabozantinib,P36888
DB08875,Cabozantinib,P30530
DB08875,Cabozantinib,P08922
DB08875,Cabozantinib,Q06418
DB08875,Cabozantinib,Q12866
DB08875,Cabozantinib,Q02763
DB08877,Ruxolitinib,O60674
DB08877,Ruxolitinib,P23458
DB08877,Ruxolitinib,P52333
DB08877,Ruxolitinib,P29597
DB08877,Ruxolitinib,Q03405
DB08878,Aminopterin,Q9HBH1
DB08879,Belimumab,Q9Y275
DB08880,Teriflunomide,P04035
DB08880,Teriflunomide,Q02127
DB08881,Vemurafenib,P15056
DB08882,Linagliptin,P27487
DB08883,Perampanel,P42261
DB08883,Perampanel,P48058
DB08883,Perampanel,P42263
DB08883,Perampanel,P42262
DB08885,Aflibercept,P15692
DB08885,Aflibercept,P49763
DB08885,Aflibercept,P49765
DB08888,Ocriplasmin,P02751
DB08888,Ocriplasmin,P01023
DB08888,Ocriplasmin,P08697
DB08889,Carfilzomib,P28074
DB08889,Carfilzomib,P28062
DB08889,Carfilzomib,P20618
DB08889,Carfilzomib,P28065
DB08889,Carfilzomib,P49721
DB08889,Carfilzomib,P40306
DB08890,Linaclotide,P25092
DB08893,Mirabegron,P13945
DB08893,Mirabegron,P08588
DB08894,Peginesatide,P19235
DB08895,Tofacitinib,P23458
DB08895,Tofacitinib,O60674
DB08895,Tofacitinib,P52333
DB08895,Tofacitinib,P29597
DB08896,Regorafenib,P17948
DB08896,Regorafenib,P35968
DB08896,Regorafenib,P35916
DB08896,Regorafenib,P10721
DB08896,Regorafenib,P16234
DB08896,Regorafenib,P09619
DB08896,Regorafenib,P11362
DB08896,Regorafenib,P21802
DB08896,Regorafenib,Q02763
DB08896,Regorafenib,Q16832
DB08896,Regorafenib,P04629
DB08896,Regorafenib,P29317
DB08896,Regorafenib,P04049
DB08896,Regorafenib,P15056
DB08896,Regorafenib,Q15759
DB08896,Regorafenib,P42685
DB08896,Regorafenib,P00519
DB08896,Regorafenib,P07949
DB08896,Regorafenib,P07333
DB08897,Aclidinium,P11229
DB08897,Aclidinium,P08172
DB08897,Aclidinium,P08173
DB08897,Aclidinium,P08912
DB08897,Aclidinium,P20309
DB08899,Enzalutamide,P10275
DB08900,Teduglutide,O95838
DB08901,Ponatinib,P00519
DB08901,Ponatinib,P11274
DB08901,Ponatinib,P10721
DB08901,Ponatinib,P07949
DB08901,Ponatinib,Q02763
DB08901,Ponatinib,P36888
DB08901,Ponatinib,P11362
DB08901,Ponatinib,P21802
DB08901,Ponatinib,P22607
DB08901,Ponatinib,P22455
DB08901,Ponatinib,P06239
DB08901,Ponatinib,P12931
DB08901,Ponatinib,P07948
DB08901,Ponatinib,P35968
DB08901,Ponatinib,P16234
DB08904,Certolizumab pegol,P01375
DB08905,Formestane,P11511
DB08906,Fluticasone furoate,P04150
DB08906,Fluticasone furoate,P06401
DB08906,Fluticasone furoate,P08235
DB08907,Canagliflozin,P31639
DB08908,Dimethyl fumarate,Q14145
DB08908,Dimethyl fumarate,Q04206
DB08910,Pomalidomide,Q96SW2
DB08910,Pomalidomide,P01375
DB08910,Pomalidomide,P35354
DB08911,Trametinib,Q02750
DB08911,Trametinib,P36507
DB08912,Dabrafenib,P15056
DB08912,Dabrafenib,P04049
DB08912,Dabrafenib,P57059
DB08912,Dabrafenib,Q8NG66
DB08912,Dabrafenib,P53667
DB08916,Afatinib,P00533
DB08916,Afatinib,Q15303
DB08916,Afatinib,P04626
DB08918,Levomilnacipran,P31645
DB08918,Levomilnacipran,P23975
DB08931,Riociguat,P33402
DB08931,Riociguat,Q02846
DB08932,Macitentan,P25101
DB08932,Macitentan,P24530
DB08935,Obinutuzumab,P11836
DB08936,Chlorcyclizine,P35367
DB08943,Isoconazole,P05093
DB08949,Inositol nicotinate,P49019
DB08949,Inositol nicotinate,Q8TDS4
DB08950,Indoramin,P18089
DB08950,Indoramin,P18825
DB08950,Indoramin,P25100
DB08950,Indoramin,P35348
DB08951,Indoprofen,P23219
DB08951,Indoprofen,P35354
DB08951,Indoprofen,P25024
DB08951,Indoprofen,P25025
DB08951,Indoprofen,P07148
DB08951,Indoprofen,P14618
DB08954,Ifenprodil,Q13224
DB08954,Ifenprodil,Q05586
DB08954,Ifenprodil,Q9UNI1
DB08954,Ifenprodil,P48549
DB08954,Ifenprodil,P48051
DB08954,Ifenprodil,P48544
DB08955,Ibuproxam,P25025
DB08955,Ibuproxam,P09917
DB08955,Ibuproxam,P25024
DB08964,Gemeprost,P43115
DB08964,Gemeprost,P43116
DB08974,Flubendazole,Q71U36
DB08980,Fendiline,P41595
DB08981,Fenbufen,P23219
DB08981,Fenbufen,P35354
DB08995,Diosmin,P35869
DB08996,Dimetacrine,P22303
DB09007,Chlorphenoxamine,P35367
DB09009,Articaine,P35498
DB09016,Butriptyline,P31645
DB09016,Butriptyline,P35367
DB09016,Butriptyline,P28223
DB09017,Brotizolam,P14867
DB09019,Bromhexine,O15393
DB09019,Bromhexine,Q9BYF1
DB09020,Bisacodyl,Q92482
DB09020,Bisacodyl,P05023
DB09023,Benactyzine,P08912
DB09026,Aliskiren,P00797
DB09029,Secukinumab,Q16552
DB09030,Vorapaxar,P25116
DB09031,Miltefosine,P04054
DB09031,Miltefosine,P08183
DB09033,Vedolizumab,P13612
DB09033,Vedolizumab,P26010
DB09034,Suvorexant,O43613
DB09034,Suvorexant,O43614
DB09035,Nivolumab,Q15116
DB09036,Siltuximab,P05231
DB09037,Pembrolizumab,Q15116
DB09037,Pembrolizumab,Q9NZQ7
DB09038,Empagliflozin,P31639
DB09039,Eliglustat,Q16739
DB09043,Albiglutide,P43220
DB09045,Dulaglutide,P43220
DB09046,Metreleptin,P48357
DB09047,Finafloxacin,P11388
DB09048,Netupitant,P25103
DB09049,Naloxegol,P35372
DB09052,Blinatumomab,P15391
DB09052,Blinatumomab,P04234
DB09053,Ibrutinib,Q06187
DB09054,Idelalisib,O00329
DB09056,Amorolfine,Q01118
DB09059,Atosiban,P30559
DB09059,Atosiban,P37288
DB09059,Atosiban,P47901
DB09059,Atosiban,P30518
DB09061,Cannabidiol,P21554
DB09061,Cannabidiol,P34972
DB09061,Cannabidiol,P47775
DB09061,Cannabidiol,P23415
DB09061,Cannabidiol,O75311
DB09061,Cannabidiol,Q14330
DB09061,Cannabidiol,Q9Y2T6
DB09061,Cannabidiol,P08908
DB09061,Cannabidiol,P28223
DB09061,Cannabidiol,P36544
DB09061,Cannabidiol,P41143
DB09061,Cannabidiol,P35372
DB09061,Cannabidiol,P37231
DB09061,Cannabidiol,Q8NER1
DB09061,Cannabidiol,O43497
DB09061,Cannabidiol,O95180
DB09061,Cannabidiol,Q9P0X4
DB09061,Cannabidiol,O75762
DB09061,Cannabidiol,Q7Z2W7
DB09061,Cannabidiol,Q9Y5S1
DB09061,Cannabidiol,Q8NET8
DB09061,Cannabidiol,Q9HBA0
DB09061,Cannabidiol,P21796
DB09061,Cannabidiol,P46098
DB09061,Cannabidiol,P30542
DB09061,Cannabidiol,P23219
DB09061,Cannabidiol,P35354
DB09061,Cannabidiol,P24752
DB09061,Cannabidiol,P05093
DB09061,Cannabidiol,P04035
DB09061,Cannabidiol,P00390
DB09061,Cannabidiol,P07203
DB09061,Cannabidiol,P14902
DB09061,Cannabidiol,P15559
DB09061,Cannabidiol,P04040
DB09061,Cannabidiol,P00441
DB09061,Cannabidiol,Q16613
DB09061,Cannabidiol,Q02083
DB09063,Ceritinib,Q9UM73
DB09064,Ciprofibrate,Q07869
DB09065,Cobicistat,P08684
DB09065,Cobicistat,P20815
DB09065,Cobicistat,P24462
DB09066,Corifollitropin alfa,P23945
DB09067,Corticorelin ovine triflutate,P34998
DB09067,Corticorelin ovine triflutate,Q13324
DB09068,Vortioxetine,P31645
DB09068,Vortioxetine,P46098
DB09068,Vortioxetine,P34969
DB09068,Vortioxetine,P28222
DB09068,Vortioxetine,P08908
DB09068,Vortioxetine,P08588
DB09068,Vortioxetine,P23975
DB09069,Trimetazidine,P42765
DB09070,Tibolone,P03372
DB09071,Tasimelteon,P48039
DB09071,Tasimelteon,P49286
DB09072,Sodium oxybate,Q9HAB3
DB09073,Palbociclib,P11802
DB09073,Palbociclib,Q00534
DB09074,Olaparib,P09874
DB09074,Olaparib,Q9UGN5
DB09074,Olaparib,Q9Y6F1
DB09074,Olaparib,P42330
DB09075,Edoxaban,P00742
DB09076,Umeclidinium,P20309
DB09076,Umeclidinium,P08172
DB09076,Umeclidinium,P11229
DB09076,Umeclidinium,P08173
DB09076,Umeclidinium,P08912
DB09078,Lenvatinib,P17948
DB09078,Lenvatinib,P35968
DB09078,Lenvatinib,P35916
DB09078,Lenvatinib,P11362
DB09078,Lenvatinib,P21802
DB09078,Lenvatinib,P22607
DB09078,Lenvatinib,P22455
DB09078,Lenvatinib,P16234
DB09078,Lenvatinib,P07949
DB09078,Lenvatinib,P10721
DB09079,Nintedanib,P17948
DB09079,Nintedanib,P35968
DB09079,Nintedanib,P35916
DB09079,Nintedanib,P16234
DB09079,Nintedanib,P09619
DB09079,Nintedanib,P11362
DB09079,Nintedanib,P21802
DB09079,Nintedanib,P22607
DB09079,Nintedanib,P36888
DB09079,Nintedanib,P06239
DB09079,Nintedanib,P07948
DB09079,Nintedanib,P12931
DB09080,Olodaterol,P07550
DB09082,Vilanterol,P07550
DB09083,Ivabradine,Q9UL51
DB09084,Benzydamine,P35354
DB09084,Benzydamine,P23219
DB09085,Tetracaine,P21817
DB09085,Tetracaine,Q92736
DB09085,Tetracaine,P35498
DB09085,Tetracaine,Q9Y5Y9
DB09086,Eugenol,P27338
DB09086,Eugenol,P03372
DB09086,Eugenol,Q92731
DB09086,Eugenol,P10275
DB09086,Eugenol,Q8NET8
DB09088,Amylocaine,P35498
DB09089,Trimebutine,P35372
DB09089,Trimebutine,Q13936
DB09089,Trimebutine,Q12791
DB09089,Trimebutine,P11229
DB09089,Trimebutine,P08172
DB09089,Trimebutine,P20309
DB09089,Trimebutine,P08173
DB09089,Trimebutine,O43497
DB09090,Pinaverium,Q13698
DB09091,Tixocortol,P04150
DB09091,Tixocortol,Q92769
DB09092,Xanthinol,Q13423
DB09092,Xanthinol,P04406
DB09092,Xanthinol,P50213
DB09092,Xanthinol,Q02218
DB09092,Xanthinol,P40926
DB09092,Xanthinol,P39023
DB09093,Chlortetracycline,P84077
DB09093,Chlortetracycline,P54762
DB09093,Chlortetracycline,P16233
DB09093,Chlortetracycline,Q9UM07
DB09095,Difluocortolone,P12429
DB09095,Difluocortolone,P04150
DB09096,Benzoyl peroxide,P04040
DB09096,Benzoyl peroxide,Q96A70
DB09096,Benzoyl peroxide,P17252
DB09096,Benzoyl peroxide,P08294
DB09097,Quinagolide,P14416
DB09097,Quinagolide,P21728
DB09098,Somatrem,P10912
DB09098,Somatrem,P08069
DB09099,Somatostatin,P30872
DB09099,Somatostatin,P30874
DB09099,Somatostatin,P32745
DB09099,Somatostatin,P31391
DB09099,Somatostatin,P35346
DB09099,Somatostatin,P41143
DB09099,Somatostatin,P35372
DB09100,"Thyroid, porcine",P10827
DB09100,"Thyroid, porcine",P10828
DB09103,Ancestim,P10721
DB09107,Methoxy polyethylene glycol-epoetin beta,P19235
DB09108,Simoctocog alfa,P04275
DB09109,Turoctocog alfa,P00740
DB09109,Turoctocog alfa,P00742
DB09109,Turoctocog alfa,P00734
DB09112,Nitrous acid,P69905
DB09112,Nitrous acid,P68871
DB09112,Nitrous acid,P02144
DB09116,Calcium carbimide,P48448
DB09116,Calcium carbimide,P30837
DB09116,Calcium carbimide,P05091
DB09116,Calcium carbimide,P00352
DB09118,Stiripentol,P14867
DB09118,Stiripentol,P00338
DB09118,Stiripentol,P07195
DB09118,Stiripentol,Q99928
DB09119,Eslicarbazepine acetate,Q99571
DB09119,Eslicarbazepine acetate,O43497
DB09119,Eslicarbazepine acetate,P35498
DB09120,Zucapsaicin,Q8NER1
DB09121,Aurothioglucose,Q08828
DB09121,Aurothioglucose,Q08462
DB09121,Aurothioglucose,O95622
DB09122,Peginterferon beta-1a,P17181
DB09123,Dienogest,P06401
DB09123,Dienogest,P10275
DB09124,Medrogestone,P06401
DB09126,Chorionic Gonadotropin (Human),P22888
DB09128,Brexpiprazole,P08908
DB09128,Brexpiprazole,P14416
DB09128,Brexpiprazole,P35462
DB09128,Brexpiprazole,P28223
DB09128,Brexpiprazole,P41595
DB09128,Brexpiprazole,P34969
DB09128,Brexpiprazole,P35348
DB09128,Brexpiprazole,P35368
DB09128,Brexpiprazole,P25100
DB09128,Brexpiprazole,P18825
DB09128,Brexpiprazole,P35367
DB09128,Brexpiprazole,P11229
DB09129,Chromic chloride,P06213
DB09130,Copper,P05067
DB09130,Copper,P23526
DB09130,Copper,P62807
DB09130,Copper,P04406
DB09130,Copper,P15531
DB09130,Copper,P10412
DB09130,Copper,Q06830
DB09130,Copper,P05109
DB09130,Copper,P08865
DB09130,Copper,P63261
DB09130,Copper,P06733
DB09130,Copper,P68104
DB09130,Copper,P05787
DB09130,Copper,P07237
DB09130,Copper,P30101
DB09130,Copper,P10809
DB09130,Copper,P48723
DB09130,Copper,P11021
DB09130,Copper,P14625
DB09130,Copper,P02787
DB09130,Copper,P15880
DB09130,Copper,Q07955
DB09130,Copper,P22626
DB09130,Copper,P31943
DB09130,Copper,P31942
DB09130,Copper,P14866
DB09130,Copper,P23246
DB09130,Copper,Q15428
DB09130,Copper,P63244
DB09130,Copper,P12814
DB09130,Copper,Q03154
DB09130,Copper,P09525
DB09130,Copper,P08758
DB09130,Copper,P27797
DB09130,Copper,P14618
DB09130,Copper,P14550
DB09130,Copper,P00387
DB09130,Copper,P00390
DB09130,Copper,P29401
DB09130,Copper,P32119
DB09130,Copper,P30041
DB09130,Copper,P62937
DB09130,Copper,P11142
DB09130,Copper,P07900
DB09130,Copper,Q15185
DB09130,Copper,P31948
DB09130,Copper,P56537
DB09130,Copper,P60842
DB09130,Copper,P06744
DB09130,Copper,P00338
DB09130,Copper,P00558
DB09130,Copper,P07437
DB09130,Copper,P23528
DB09130,Copper,P31946
DB09130,Copper,P17174
DB09130,Copper,P48637
DB09130,Copper,P51858
DB09130,Copper,P50213
DB09130,Copper,O00299
DB09130,Copper,Q06323
DB09130,Copper,P30086
DB09130,Copper,P18669
DB09130,Copper,P43487
DB09130,Copper,O60701
DB09130,Copper,P61769
DB09130,Copper,O75880
DB09130,Copper,F7VJQ1
DB09130,Copper,P23415
DB09130,Copper,P42858
DB09130,Copper,Q96FI4
DB09130,Copper,Q969S2
DB09130,Copper,Q6MZM0
DB09130,Copper,P05121
DB09130,Copper,P29034
DB09130,Copper,P26447
DB09130,Copper,P37840
DB09130,Copper,P23560
DB09130,Copper,Q99497
DB09130,Copper,P10997
DB09130,Copper,Q9UHF0
DB09130,Copper,P04217
DB09130,Copper,P43652
DB09130,Copper,P01019
DB09130,Copper,P02765
DB09130,Copper,P02743
DB09130,Copper,P02647
DB09130,Copper,P02652
DB09130,Copper,P06727
DB09130,Copper,Q0VD83
DB09130,Copper,P02655
DB09130,Copper,P02656
DB09130,Copper,P05090
DB09130,Copper,P02649
DB09130,Copper,P02749
DB09130,Copper,P25311
DB09130,Copper,P02747
DB09130,Copper,P09871
DB09130,Copper,P01024
DB09130,Copper,P0C0L5
DB09130,Copper,P04003
DB09130,Copper,P01031
DB09130,Copper,P07358
DB09130,Copper,P02748
DB09130,Copper,P08603
DB09130,Copper,P05156
DB09130,Copper,P05452
DB09130,Copper,P10909
DB09130,Copper,P00734
DB09130,Copper,Q07021
DB09130,Copper,P06396
DB09130,Copper,P69905
DB09130,Copper,P68871
DB09130,Copper,P45973
DB09130,Copper,P00739
DB09130,Copper,P35858
DB09130,Copper,P01857
DB09130,Copper,P01861
DB09130,Copper,P01619
DB09130,Copper,P15814
DB09130,Copper,P19823
DB09130,Copper,P01042
DB09130,Copper,P04264
DB09130,Copper,P13645
DB09130,Copper,P35908
DB09130,Copper,P35527
DB09130,Copper,P02750
DB09130,Copper,P51884
DB09130,Copper,Q96PD5
DB09130,Copper,P00747
DB09130,Copper,P27169
DB09130,Copper,P02775
DB09130,Copper,P01009
DB09130,Copper,P29622
DB09130,Copper,P08185
DB09130,Copper,P05543
DB09130,Copper,P01008
DB09130,Copper,P05546
DB09130,Copper,P36955
DB09130,Copper,P08697
DB09130,Copper,P05155
DB09130,Copper,P02766
DB09130,Copper,P04004
DB09130,Copper,P51693
DB09130,Copper,P0DPH7
DB09131,Cupric Chloride,P04070
DB09131,Cupric Chloride,P04080
DB09140,Oxygen,P00395
DB09140,Oxygen,Q9Y5S8
DB09142,Sincalide,P32239
DB09142,Sincalide,P32238
DB09143,Sonidegib,Q99835
DB09147,Ferric pyrophosphate,P02792
DB09147,Ferric pyrophosphate,P69905
DB09147,Ferric pyrophosphate,P68871
DB09148,Florbetaben F-18,P05067
DB09149,Florbetapir F-18,P05067
DB09151,Flutemetamol (18F),P05067
DB09154,Sodium citrate,P22748
DB09158,Trypan blue free acid,P18031
DB09167,Dosulepin,P08908
DB09167,Dosulepin,P28223
DB09167,Dosulepin,P35367
DB09167,Dosulepin,P11229
DB09167,Dosulepin,P08172
DB09167,Dosulepin,P20309
DB09167,Dosulepin,P08173
DB09167,Dosulepin,P08912
DB09167,Dosulepin,P08913
DB09167,Dosulepin,P35348
DB09167,Dosulepin,P23975
DB09167,Dosulepin,P31645
DB09185,Viloxazine,P23975
DB09185,Viloxazine,P41595
DB09185,Viloxazine,P28335
DB09185,Viloxazine,P35368
DB09185,Viloxazine,P07550
DB09185,Viloxazine,P35367
DB09185,Viloxazine,P25021
DB09185,Viloxazine,P11229
DB09185,Viloxazine,P08172
DB09185,Viloxazine,P20309
DB09185,Viloxazine,P08173
DB09185,Viloxazine,P21397
DB09185,Viloxazine,P27338
DB09194,Etoperidone,P28223
DB09194,Etoperidone,P28335
DB09194,Etoperidone,P35348
DB09194,Etoperidone,P08913
DB09194,Etoperidone,P14416
DB09194,Etoperidone,P11229
DB09195,Lorpiprazole,P28223
DB09195,Lorpiprazole,P28335
DB09195,Lorpiprazole,P35348
DB09195,Lorpiprazole,P08913
DB09195,Lorpiprazole,P35367
DB09195,Lorpiprazole,P31645
DB09205,Moxisylyte,P35348
DB09205,Moxisylyte,P25100
DB09209,Pholcodine,P35372
DB09209,Pholcodine,P41145
DB09209,Pholcodine,P41143
DB09212,Loxoprofen,P35354
DB09212,Loxoprofen,P23219
DB09213,Dexibuprofen,P35354
DB09213,Dexibuprofen,P23219
DB09213,Dexibuprofen,P10415
DB09213,Dexibuprofen,P07204
DB09213,Dexibuprofen,P00750
DB09213,Dexibuprofen,P12104
DB09213,Dexibuprofen,P37231
DB09213,Dexibuprofen,P13569
DB09213,Dexibuprofen,P46059
DB09213,Dexibuprofen,Q07869
DB09213,Dexibuprofen,P07359
DB09213,Dexibuprofen,P31151
DB09214,Dexketoprofen,P23219
DB09214,Dexketoprofen,P35354
DB09215,Droxicam,P23219
DB09215,Droxicam,P35354
DB09216,Tolfenamic acid,P23219
DB09216,Tolfenamic acid,P35354
DB09220,Nicorandil,O60706
DB09225,Zotepine,P21728
DB09225,Zotepine,P14416
DB09225,Zotepine,P34969
DB09225,Zotepine,P23975
DB09225,Zotepine,P31645
DB09225,Zotepine,P28223
DB09225,Zotepine,P50406
DB09228,Conestat alfa,P00736
DB09228,Conestat alfa,P09871
DB09228,Conestat alfa,P03952
DB09228,Conestat alfa,P00748
DB09228,Conestat alfa,P00734
DB09228,Conestat alfa,P03951
DB09228,Conestat alfa,P00750
DB09236,Lacidipine,Q13936
DB09237,Levamlodipine,Q13936
DB09237,Levamlodipine,Q01668
DB09237,Levamlodipine,P29474
DB09237,Levamlodipine,P35228
DB09238,Manidipine,Q13936
DB09238,Manidipine,O43497
DB09238,Manidipine,Q01668
DB09238,Manidipine,O95180
DB09238,Manidipine,Q9P0X4
DB09241,Methylene blue,P33402
DB09241,Methylene blue,P29475
DB09241,Methylene blue,P21397
DB09242,Moxonidine,P08913
DB09242,Moxonidine,Q9Y2I1
DB09242,Moxonidine,P18089
DB09242,Moxonidine,P18825
DB09256,Tegafur,P04818
DB09257,Gimeracil,Q12882
DB09258,Bemiparin,P00742
DB09258,Bemiparin,P01008
DB09258,Bemiparin,P05546
DB09265,Lixisenatide,P43220
DB09266,Technetium Tc-99m tilmanocept,P22897
DB09270,Ubidecarenone,P56181
DB09270,Ubidecarenone,P31040
DB09272,Eluxadoline,P35372
DB09272,Eluxadoline,P41143
DB09272,Eluxadoline,P41145
DB09280,Lumacaftor,P13569
DB09282,Molsidomine,P33402
DB09291,Rolapitant,P25103
DB09292,Sacubitril,P08473
DB09300,Butylscopolamine,P20309
DB09300,Butylscopolamine,P08912
DB09300,Butylscopolamine,P08172
DB09301,Chondroitin sulfate,P23560
DB09301,Chondroitin sulfate,P39905
DB09301,Chondroitin sulfate,P15692
DB09301,Chondroitin sulfate,P13500
DB09302,Alirocumab,Q8NBP7
DB09303,Evolocumab,Q8NBP7
DB09310,Catridecacog,P05160
DB09317,"Synthetic Conjugated Estrogens, A",P03372
DB09318,"Synthetic Conjugated Estrogens, B",P03372
DB09327,Tegafur-uracil,Q12882
DB09327,Tegafur-uracil,P04818
DB09329,"Antihemophilic factor (recombinant), PEGylated",P04275
DB09330,Osimertinib,P00533
DB09331,Daratumumab,P28907
DB09332,Kappadione,P00734
DB09332,Kappadione,P08709
DB09332,Kappadione,P00740
DB09332,Kappadione,P00742
DB09332,Kappadione,P04070
DB09332,Kappadione,P38435
DB09332,Kappadione,P07225
DB09333,Iopodic acid,P55073
DB09334,Seractide acetate,Q01718
DB09336,Technetium Tc-99m nofetumomab merpentan,P16422
DB09336,Technetium Tc-99m nofetumomab merpentan,P11836
DB09342,Propoxycaine,P35498
DB09343,Tipiracil,P19971
DB09345,Pramocaine,P35498
DB09351,Levobetaxolol,P08588
DB09352,Hydroxyamphetamine,Q96RJ0
DB09352,Hydroxyamphetamine,P14416
DB09352,Hydroxyamphetamine,P21917
DB09369,Polyestradiol phosphate,P03372
DB09369,Polyestradiol phosphate,P31213
DB09369,Polyestradiol phosphate,P18405
DB09371,Norethynodrel,P03372
DB09371,Norethynodrel,P10275
DB09371,Norethynodrel,P04278
DB09372,Tannic acid,Q5XXA6
DB09383,Meprednisone,P04150
DB09389,Norgestrel,P06401
DB09389,Norgestrel,P18405
DB09389,Norgestrel,P10275
DB09401,Isosorbide,Q02108
DB09409,Magnesium acetate tetrahydrate,Q05586
DB09418,Potassium perchlorate,Q92911
DB09421,Protirelin,P34981
DB09422,Soybean oil,Q07869
DB09456,Insulin beef,P06213
DB09456,Insulin beef,P08069
DB09460,Sodium carbonate,P00915
DB09460,Sodium carbonate,P00918
DB09460,Sodium carbonate,P22748
DB09460,Sodium carbonate,Q16790
DB09462,Glycerin,Q03181
DB09462,Glycerin,Q9NZK7
DB09462,Glycerin,Q9NPH2
DB09462,Glycerin,P00325
DB09462,Glycerin,Q14643
DB09462,Glycerin,P09466
DB09462,Glycerin,P17050
DB09462,Glycerin,P84077
DB09462,Glycerin,O43252
DB09462,Glycerin,O14717
DB09462,Glycerin,O43708
DB09472,Sodium sulfate,P00918
DB09472,Sodium sulfate,P00915
DB09477,Enalaprilat,P12821
DB09477,Enalaprilat,P46663
DB09481,Magnesium carbonate,Q05586
DB09488,Acrivastine,P35367
DB09512,Simethicone,P00742
DB09517,Sodium ferric gluconate complex,P02792
DB09517,Sodium ferric gluconate complex,P68871
DB09517,Sodium ferric gluconate complex,P69905
DB09526,Hydroquinone,P14679
DB09526,Hydroquinone,P05106
DB09526,Hydroquinone,P08514
DB09526,Hydroquinone,Q9Y271
DB09532,Secretin human,P47872
DB09532,Secretin human,P09683
DB09535,Octocrylene,P03372
DB09535,Octocrylene,Q92731
DB09536,Titanium dioxide,Q9UEW3
DB09539,Omega-3-acid ethyl esters,P36956
DB09543,Methyl salicylate,O75762
DB09552,Thonzonium,P21283
DB09555,Dexchlorpheniramine maleate,P35367
DB09559,Necitumumab,P00533
DB09564,Insulin degludec,P06213
DB09564,Insulin degludec,P01308
DB09564,Insulin degludec,P08069
DB09568,Omega-3-carboxylic acids,Q96PD7
DB09568,Omega-3-carboxylic acids,Q99714
DB09568,Omega-3-carboxylic acids,P30084
DB09568,Omega-3-carboxylic acids,Q16836
DB09568,Omega-3-carboxylic acids,Q9GZR5
DB09568,Omega-3-carboxylic acids,P06858
DB09570,Ixazomib,P28074
DB10770,Foreskin fibroblast (neonatal),P17948
DB10770,Foreskin fibroblast (neonatal),P05231
DB10770,Foreskin fibroblast (neonatal),P14778
DB10770,Foreskin fibroblast (neonatal),P37173
DB10770,Foreskin fibroblast (neonatal),P05230
DB10770,Foreskin fibroblast (neonatal),P01579
DB10770,Foreskin fibroblast (neonatal),P21802
DB10770,Foreskin fibroblast (neonatal),P15509
DB10770,Foreskin fibroblast (neonatal),P09619
DB10770,Foreskin fibroblast (neonatal),P01137
DB10770,Foreskin fibroblast (neonatal),P01375
DB10772,Foreskin keratinocyte (neonatal),P05230
DB10772,Foreskin keratinocyte (neonatal),P00533
DB10772,Foreskin keratinocyte (neonatal),P15509
DB10772,Foreskin keratinocyte (neonatal),P01584
DB10772,Foreskin keratinocyte (neonatal),P05231
DB10772,Foreskin keratinocyte (neonatal),P01579
DB10772,Foreskin keratinocyte (neonatal),P16234
DB10772,Foreskin keratinocyte (neonatal),P37173
DB10772,Foreskin keratinocyte (neonatal),P01137
DB10772,Foreskin keratinocyte (neonatal),P01375
DB10772,Foreskin keratinocyte (neonatal),P15692
DB10772,Foreskin keratinocyte (neonatal),P21802
DB11059,Carboxymethylcellulose,P11166
DB11064,Homosalate,P06401
DB11064,Homosalate,P10275
DB11064,Homosalate,P03372
DB11071,Phenyl salicylate,P23219
DB11071,Phenyl salicylate,P35354
DB11075,Hypromellose,P16422
DB11077,Polyethylene glycol 400,P22413
DB11077,Polyethylene glycol 400,Q9BUP3
DB11079,Trolamine salicylate,P23219
DB11079,Trolamine salicylate,P35354
DB11081,Aluminum chloride,P00367
DB11085,Resorcinol,P07202
DB11085,Resorcinol,P23219
DB11085,Resorcinol,Q9ULX7
DB11085,Resorcinol,P00918
DB11085,Resorcinol,O43570
DB11087,Pyrethrum extract,O75469
DB11090,Potassium nitrate,Q12809
DB11091,Hydrogen peroxide,P18031
DB11093,Calcium citrate,P41180
DB11093,Calcium citrate,P27797
DB11093,Calcium citrate,Q99828
DB11093,Calcium citrate,O75340
DB11093,Calcium citrate,P30626
DB11093,Calcium citrate,Q99653
DB11093,Calcium citrate,P09486
DB11093,Calcium citrate,P27824
DB11093,Calcium citrate,P35556
DB11093,Calcium citrate,P04271
DB11093,Calcium citrate,O14958
DB11093,Calcium citrate,Q15493
DB11093,Calcium citrate,Q9UBV8
DB11093,Calcium citrate,P06703
DB11093,Calcium citrate,P13693
DB11093,Calcium citrate,O75838
DB11093,Calcium citrate,Q99584
DB11093,Calcium citrate,P31415
DB11093,Calcium citrate,Q02818
DB11093,Calcium citrate,P80303
DB11093,Calcium citrate,Q75N90
DB11093,Calcium citrate,P28676
DB11093,Calcium citrate,Q9ULU8
DB11093,Calcium citrate,P0DP24
DB11093,Calcium citrate,P0DP25
DB11093,Calcium citrate,Q96FQ6
DB11093,Calcium citrate,P22676
DB11093,Calcium citrate,Q13938
DB11093,Calcium citrate,Q86UW7
DB11093,Calcium citrate,Q96L12
DB11093,Calcium citrate,Q9ULB1
DB11093,Calcium citrate,P62166
DB11093,Calcium citrate,P0DP23
DB11094,Vitamin D,P11473
DB11094,Vitamin D,P02774
DB11113,Castor oil,P43115
DB11113,Castor oil,P35408
DB11117,Undecylenic acid,P07384
DB11120,Turpentine,P28482
DB11124,Racepinephrine,P35348
DB11124,Racepinephrine,P35368
DB11124,Racepinephrine,P08913
DB11124,Racepinephrine,P18089
DB11124,Racepinephrine,P18825
DB11124,Racepinephrine,P25100
DB11124,Racepinephrine,P08588
DB11124,Racepinephrine,P07550
DB11124,Racepinephrine,P13945
DB11130,Opium,P41143
DB11130,Opium,P41145
DB11130,Opium,P35372
DB11131,Capsicum oleoresin,Q8NER1
DB11132,Silicon dioxide,Q9UEW3
DB11133,Omega-3 fatty acids,P37231
DB11133,Omega-3 fatty acids,Q07869
DB11133,Omega-3 fatty acids,P36956
DB11136,Chromium,P00167
DB11145,Oxyquinoline,P50579
DB11148,Butamben,Q06432
DB11148,Butamben,P48048
DB11148,Butamben,O75762
DB11148,Butamben,Q9HBA0
DB11156,Pyrantel,Q9HC97
DB11156,Pyrantel,P11229
DB11157,Anthralin,P35908
DB11157,Anthralin,Q99456
DB11157,Anthralin,Q9UQF2
DB11160,Phenyltoloxamine,P21918
DB11160,Phenyltoloxamine,P14416
DB11160,Phenyltoloxamine,P21917
DB11160,Phenyltoloxamine,P21728
DB11166,Antithrombin Alfa,P00734
DB11166,Antithrombin Alfa,P00742
DB11181,Homatropine,P11229
DB11181,Homatropine,P08172
DB11181,Homatropine,P20309
DB11181,Homatropine,P08173
DB11181,Homatropine,P08912
DB11186,Pentoxyverine,Q99720
DB11186,Pentoxyverine,Q12809
DB11186,Pentoxyverine,P35498
DB11186,Pentoxyverine,P41145
DB11186,Pentoxyverine,P35372
DB11193,Papain,O00206
DB11201,Menthyl salicylate,P23219
DB11201,Menthyl salicylate,P35354
DB11217,Arbutin,P14679
DB11219,Enzacamene,P06401
DB11219,Enzacamene,P10275
DB11219,Enzacamene,Q92731
DB11219,Enzacamene,P03372
DB11221,Dioxybenzone,P04278
DB11235,Thonzylamine,P35367
DB11235,Thonzylamine,P11229
DB11235,Thonzylamine,P08172
DB11235,Thonzylamine,P20309
DB11235,Thonzylamine,P08173
DB11235,Thonzylamine,P08912
DB11254,Hexylresorcinol,P14679
DB11254,Hexylresorcinol,P11387
DB11254,Hexylresorcinol,P21980
DB11259,Diosmetin,P40763
DB11259,Diosmetin,Q16678
DB11263,Polydatin,P14618
DB11268,Protocatechualdehyde,P27338
DB11273,Dihydroergocornine,P08908
DB11273,Dihydroergocornine,P08588
DB11273,Dihydroergocornine,P35348
DB11274,Dihydro-alpha-ergocryptine,P34969
DB11274,Dihydro-alpha-ergocryptine,P41595
DB11274,Dihydro-alpha-ergocryptine,P14416
DB11274,Dihydro-alpha-ergocryptine,P21728
DB11274,Dihydro-alpha-ergocryptine,P35462
DB11275,Epicriptine,P21728
DB11278,DL-Methylephedrine,P08588
DB11278,DL-Methylephedrine,P08913
DB11278,DL-Methylephedrine,P35348
DB11288,Borneol,Q8NET8
DB11294,Coccidioides immitis spherule,P01903
DB11294,Coccidioides immitis spherule,P04439
DB11294,Coccidioides immitis spherule,P01889
DB11300,Thrombin,P03951
DB11300,Thrombin,P00488
DB11300,Thrombin,P05160
DB11300,Thrombin,P02671
DB11300,Thrombin,P02675
DB11300,Thrombin,P02679
DB11300,Thrombin,P12259
DB11300,Thrombin,P00451
DB11300,Thrombin,P25116
DB11300,Thrombin,Q96RI0
DB11311,Prothrombin,P02671
DB11311,Prothrombin,P02675
DB11311,Prothrombin,P00488
DB11311,Prothrombin,Q96IY4
DB11312,Protein C,P12259
DB11312,Protein C,P00451
DB11315,Methscopolamine,P20309
DB11315,Methscopolamine,P08172
DB11323,Glycol salicylate,P23219
DB11323,Glycol salicylate,P35354
DB11324,Nonivamide,Q8NER1
DB11327,Dipyrithione,P35228
DB11327,Dipyrithione,P35354
DB11328,Tetradecyl hydrogen sulfate (ester),Q9UNN8
DB11338,Clove oil,P19320
DB11338,Clove oil,P02778
DB11338,Clove oil,P02452
DB11338,Clove oil,P15509
DB11345,(S)-camphor,Q8NER1
DB11345,(S)-camphor,Q8NET8
DB11345,(S)-camphor,O75762
DB11345,(S)-camphor,Q7Z2W7
DB11348,Calcium Phosphate,P41180
DB11348,Calcium Phosphate,P27797
DB11348,Calcium Phosphate,Q99828
DB11348,Calcium Phosphate,O75340
DB11348,Calcium Phosphate,P30626
DB11348,Calcium Phosphate,Q99653
DB11348,Calcium Phosphate,P09486
DB11348,Calcium Phosphate,P27824
DB11348,Calcium Phosphate,P35556
DB11348,Calcium Phosphate,P04271
DB11348,Calcium Phosphate,O14958
DB11348,Calcium Phosphate,Q15493
DB11348,Calcium Phosphate,Q9UBV8
DB11348,Calcium Phosphate,P06703
DB11348,Calcium Phosphate,P13693
DB11348,Calcium Phosphate,O75838
DB11348,Calcium Phosphate,Q99584
DB11348,Calcium Phosphate,P31415
DB11348,Calcium Phosphate,Q02818
DB11348,Calcium Phosphate,P80303
DB11348,Calcium Phosphate,Q75N90
DB11348,Calcium Phosphate,P28676
DB11348,Calcium Phosphate,Q9ULU8
DB11348,Calcium Phosphate,P0DP24
DB11348,Calcium Phosphate,P0DP25
DB11348,Calcium Phosphate,Q96FQ6
DB11348,Calcium Phosphate,P22676
DB11348,Calcium Phosphate,Q13938
DB11348,Calcium Phosphate,Q86UW7
DB11348,Calcium Phosphate,Q96L12
DB11348,Calcium Phosphate,Q9ULB1
DB11348,Calcium Phosphate,P62166
DB11348,Calcium Phosphate,P0DP23
DB11359,Guaiacol,P02768
DB11359,Guaiacol,P00918
DB11362,Selexipag,P43119
DB11363,Alectinib,Q9UM73
DB11365,Sennosides,Q92482
DB11386,Chlorobutanol,Q12809
DB11496,2-mercaptobenzothiazole,P07202
DB11560,Lesinurad,Q96S37
DB11560,Lesinurad,Q9NSA0
DB11569,Ixekizumab,Q16552
DB11571,Human thrombin,P12259
DB11571,Human thrombin,P00451
DB11571,Human thrombin,P03951
DB11571,Human thrombin,P00488
DB11571,Human thrombin,P05160
DB11571,Human thrombin,P02671
DB11571,Human thrombin,P02675
DB11571,Human thrombin,P02679
DB11572,Thrombin alfa,P12259
DB11572,Thrombin alfa,P00451
DB11572,Thrombin alfa,P02671
DB11572,Thrombin alfa,P02675
DB11572,Thrombin alfa,P02679
DB11577,Indigotindisulfonic acid,P35348
DB11580,Ravulizumab,P01031
DB11581,Venetoclax,P10415
DB11584,Pipradrol,P21728
DB11587,Etafedrine,P07550
DB11588,Carbon monoxide,P02144
DB11590,Thimerosal,Q99707
DB11590,Thimerosal,Q9UPY5
DB11590,Thimerosal,P54710
DB11591,Bilastine,P35367
DB11595,Atezolizumab,Q9NZQ7
DB11597,Human Rho(D) immune globulin,A6PZ59
DB11598,Antithrombin III human,P01008
DB11601,Tuberculin purified protein derivative,O60603
DB11605,Myrrh,Q96RI1
DB11605,Myrrh,O75469
DB11605,Myrrh,Q07869
DB11606,Susoctocog alfa,P04275
DB11607,Efmoroctocog alfa,P04275
DB11608,Eftrenonacog alfa,P55899
DB11611,Lifitegrast,P20701
DB11611,Lifitegrast,P05362
DB11614,Rupatadine,P25105
DB11614,Rupatadine,P35367
DB11619,Gestrinone,P06401
DB11619,Gestrinone,P04150
DB11619,Gestrinone,P10275
DB11619,Gestrinone,P30968
DB11619,Gestrinone,P03372
DB11619,Gestrinone,P04278
DB11626,Tasonermin,P19438
DB11626,Tasonermin,P20333
DB11629,Laropiprant,P43116
DB11629,Laropiprant,P43088
DB11629,Laropiprant,Q9Y5Y4
DB11629,Laropiprant,P43119
DB11629,Laropiprant,Q13258
DB11629,Laropiprant,P21731
DB11629,Laropiprant,P04035
DB11632,Opicapone,P21964
DB11633,Isavuconazole,Q12809
DB11633,Isavuconazole,Q13936
DB11633,Isavuconazole,P48051
DB11633,Isavuconazole,Q92806
DB11633,Isavuconazole,Q14654
DB11633,Isavuconazole,P22460
DB11633,Isavuconazole,Q9UK17
DB11633,Isavuconazole,P51787
DB11633,Isavuconazole,Q14524
DB11635,Tocofersolan,P08183
DB11638,Artenimol,P63261
DB11638,Artenimol,P49419
DB11638,Artenimol,P07355
DB11638,Artenimol,P25705
DB11638,Artenimol,O75964
DB11638,Artenimol,P48047
DB11638,Artenimol,P20810
DB11638,Artenimol,P49368
DB11638,Artenimol,P23528
DB11638,Artenimol,O00299
DB11638,Artenimol,P21291
DB11638,Artenimol,Q16555
DB11638,Artenimol,P15924
DB11638,Artenimol,P68104
DB11638,Artenimol,P06733
DB11638,Artenimol,P21333
DB11638,Artenimol,Q9C0B1
DB11638,Artenimol,P11413
DB11638,Artenimol,O14556
DB11638,Artenimol,P06744
DB11638,Artenimol,P22626
DB11638,Artenimol,Q14103
DB11638,Artenimol,P61978
DB11638,Artenimol,Q5SSJ5
DB11638,Artenimol,P04792
DB11638,Artenimol,P46940
DB11638,Artenimol,Q92945
DB11638,Artenimol,P00338
DB11638,Artenimol,P07195
DB11638,Artenimol,P09382
DB11638,Artenimol,P27816
DB11638,Artenimol,P40925
DB11638,Artenimol,P55786
DB11638,Artenimol,P07737
DB11638,Artenimol,P00558
DB11638,Artenimol,P14618
DB11638,Artenimol,P62937
DB11638,Artenimol,Q06830
DB11638,Artenimol,P27635
DB11638,Artenimol,P50914
DB11638,Artenimol,Q07020
DB11638,Artenimol,P62750
DB11638,Artenimol,P42766
DB11638,Artenimol,P36578
DB11638,Artenimol,P62277
DB11638,Artenimol,P08708
DB11638,Artenimol,P62269
DB11638,Artenimol,P39019
DB11638,Artenimol,P62857
DB11638,Artenimol,P46782
DB11638,Artenimol,P62753
DB11638,Artenimol,P62241
DB11638,Artenimol,P46781
DB11638,Artenimol,Q15637
DB11638,Artenimol,P23246
DB11638,Artenimol,P62316
DB11638,Artenimol,P37108
DB11638,Artenimol,Q08170
DB11638,Artenimol,Q01995
DB11638,Artenimol,P37802
DB11638,Artenimol,P60174
DB11638,Artenimol,P09493
DB11638,Artenimol,Q71U36
DB11638,Artenimol,P08670
DB11638,Artenimol,Q15942
DB11638,Artenimol,P11142
DB11638,Artenimol,Q9BUF5
DB11638,Artenimol,P04350
DB11638,Artenimol,P07437
DB11638,Artenimol,P04075
DB11638,Artenimol,P04406
DB11638,Artenimol,P99999
DB11638,Artenimol,P18669
DB11638,Artenimol,P35579
DB11638,Artenimol,P07237
DB11638,Artenimol,P17844
DB11638,Artenimol,P34897
DB11638,Artenimol,Q13838
DB11638,Artenimol,P06748
DB11638,Artenimol,P02768
DB11639,Dibotermin alfa,Q13873
DB11639,Dibotermin alfa,P36894
DB11640,Amifampridine,Q09470
DB11641,Vinflunine,P07437
DB11642,Pitolisant,Q9Y5N1
DB11642,Pitolisant,Q12809
DB11644,Tafamidis,P02766
DB11652,Tucatinib,P04626
DB11652,Tucatinib,P21860
DB11653,Bremelanotide,P32245
DB11653,Bremelanotide,Q01726
DB11653,Bremelanotide,P41968
DB11653,Bremelanotide,P33032
DB11653,Bremelanotide,Q01718
DB11656,Rebamipide,P21462
DB11660,Latanoprostene bunod,P43088
DB11672,Curcumin,P05067
DB11672,Curcumin,P22748
DB11672,Curcumin,P35354
DB11672,Curcumin,P14780
DB11672,Curcumin,P23219
DB11672,Curcumin,P47989
DB11672,Curcumin,Q9UBC3
DB11672,Curcumin,P45452
DB11672,Curcumin,P00915
DB11672,Curcumin,Q9ULX7
DB11672,Curcumin,P35228
DB11672,Curcumin,P08684
DB11672,Curcumin,Q16790
DB11672,Curcumin,P23280
DB11672,Curcumin,O43570
DB11672,Curcumin,P00918
DB11672,Curcumin,P37231
DB11672,Curcumin,P11473
DB11672,Curcumin,O15440
DB11672,Curcumin,P16152
DB11672,Curcumin,P09211
DB11679,Fruquintinib,P17948
DB11679,Fruquintinib,P35968
DB11679,Fruquintinib,P35916
DB11682,Daprodustat,Q9GZT9
DB11682,Daprodustat,Q96KS0
DB11682,Daprodustat,Q9H6Z9
DB11689,Selumetinib,Q02750
DB11689,Selumetinib,P36507
DB11691,Naldemedine,P41143
DB11691,Naldemedine,P41145
DB11691,Naldemedine,P35372
DB11693,Voclosporin,P49069
DB11693,Voclosporin,P63098
DB11693,Voclosporin,Q96LZ3
DB11693,Voclosporin,Q08209
DB11697,Pacritinib,O60674
DB11697,Pacritinib,P36888
DB11697,Pacritinib,P52333
DB11699,Tropisetron,P46098
DB11699,Tropisetron,P04626
DB11700,Setmelanotide,P32245
DB11703,Acalabrutinib,Q06187
DB11712,Tezacaftor,P13569
DB11714,Durvalumab,Q9NZQ7
DB11718,Encorafenib,P15056
DB11718,Encorafenib,P24385
DB11718,Encorafenib,P04049
DB11718,Encorafenib,P45983
DB11718,Encorafenib,P45984
DB11718,Encorafenib,P53779
DB11718,Encorafenib,P53667
DB11718,Encorafenib,P53671
DB11718,Encorafenib,P45985
DB11718,Encorafenib,Q9NRP7
DB11730,Ribociclib,P11802
DB11730,Ribociclib,Q00534
DB11732,Lasmiditan,P30939
DB11738,Rilmenidine,P18825
DB11738,Rilmenidine,P08913
DB11739,Vonoprazan,P20648
DB11739,Vonoprazan,P51164
DB11742,Ebastine,P35367
DB11750,Clobetasol,P04054
DB11757,Istradefylline,P29274
DB11757,Istradefylline,P30542
DB11760,Talazoparib,P09874
DB11760,Talazoparib,Q9UGN5
DB11761,Tenapanor,P48764
DB11763,Momelotinib,P23458
DB11763,Momelotinib,O60674
DB11763,Momelotinib,P52333
DB11763,Momelotinib,P29597
DB11763,Momelotinib,Q04771
DB11763,Momelotinib,P36888
DB11767,Sarilumab,P08887
DB11767,Sarilumab,P40189
DB11767,Sarilumab,P12314
DB11767,Sarilumab,P12318
DB11767,Sarilumab,P31994
DB11767,Sarilumab,P08637
DB11767,Sarilumab,O75015
DB11771,Tremelimumab,P16410
DB11776,Brodalumab,Q96F46
DB11776,Brodalumab,Q9NRM6
DB11776,Brodalumab,Q8NAC3
DB11776,Brodalumab,Q8NFM7
DB11776,Brodalumab,Q8NFR9
DB11776,Brodalumab,Q16552
DB11788,Neuropeptide Y,P25929
DB11788,Neuropeptide Y,P49146
DB11791,Capmatinib,P08581
DB11793,Niraparib,P09874
DB11793,Niraparib,Q9UGN5
DB11800,Tivozanib,P17948
DB11800,Tivozanib,P35968
DB11800,Tivozanib,P35916
DB11800,Tivozanib,P10721
DB11800,Tivozanib,P09619
DB11800,Tivozanib,P36888
DB11800,Tivozanib,P16234
DB11800,Tivozanib,Q13882
DB11800,Tivozanib,P08581
DB11815,Tilarginine,P29474
DB11817,Baricitinib,P23458
DB11817,Baricitinib,O60674
DB11817,Baricitinib,P52333
DB11817,Baricitinib,P29597
DB11823,Esketamine,Q05586
DB11823,Esketamine,Q13224
DB11823,Esketamine,P23560
DB11823,Esketamine,P13639
DB11823,Esketamine,Q16620
DB11827,Ertugliflozin,P31639
DB11828,Neratinib,P00533
DB11828,Neratinib,P04626
DB11828,Neratinib,P35968
DB11834,Guselkumab,Q9NPF7
DB11837,Osilodrostat,P15538
DB11837,Osilodrostat,P19099
DB11842,Angiotensin II,P50052
DB11842,Angiotensin II,P30556
DB11850,Ublituximab,P11836
DB11853,Relugolix,P30968
DB11855,Revefenacin,P11229
DB11859,Brexanolone,P14867
DB11859,Brexanolone,P18507
DB11859,Brexanolone,O14764
DB11859,Brexanolone,Q99928
DB11859,Brexanolone,P47870
DB11866,Romosozumab,Q9BQB4
DB11886,Infigratinib,P11362
DB11886,Infigratinib,P21802
DB11886,Infigratinib,P22607
DB11886,Infigratinib,P22455
DB11901,Apalutamide,P10275
DB11901,Apalutamide,P14867
DB11914,Lebrikizumab,P35225
DB11915,Valbenazine,Q05940
DB11921,Deflazacort,P04150
DB11928,Vosoritide,P20594
DB11936,Bempedoic acid,P53396
DB11938,Difelikefalin,P41145
DB11942,Selinexor,O14980
DB11945,Avelumab,Q9NZQ7
DB11951,Lemborexant,O43613
DB11951,Lemborexant,O43614
DB11952,Duvelisib,P48736
DB11952,Duvelisib,O00329
DB11963,Dacomitinib,P00533
DB11963,Dacomitinib,P04626
DB11963,Dacomitinib,Q15303
DB11967,Binimetinib,P36507
DB11967,Binimetinib,Q02750
DB11976,Anifrolumab,P17181
DB11976,Anifrolumab,P38484
DB11976,Anifrolumab,P48551
DB11978,Glasdegib,Q99835
DB11978,Glasdegib,P42345
DB11979,Elagolix,P30968
DB11986,Entrectinib,P04629
DB11986,Entrectinib,Q16288
DB11986,Entrectinib,P08922
DB11986,Entrectinib,Q16620
DB11986,Entrectinib,Q9UM73
DB11986,Entrectinib,O60674
DB11986,Entrectinib,Q07912
DB11988,Ocrelizumab,P11836
DB11994,Diacerein,P01584
DB11994,Diacerein,Q13133
DB11994,Diacerein,P55055
DB11994,Diacerein,P09917
DB11994,Diacerein,P05177
DB11994,Diacerein,P08684
DB11994,Diacerein,P05181
DB11994,Diacerein,P11712
DB11994,Diacerein,P10635
DB11995,Avatrombopag,P40238
DB12001,Abemaciclib,P11802
DB12001,Abemaciclib,Q00534
DB12005,Nirogacestat,P49768
DB12005,Nirogacestat,P49810
DB12005,Nirogacestat,Q92542
DB12005,Nirogacestat,Q9NZ42
DB12005,Nirogacestat,Q8WW43
DB12005,Nirogacestat,Q96BI3
DB12007,Isoflavone,Q07869
DB12007,Isoflavone,P37231
DB12010,Fostamatinib,P43405
DB12010,Fostamatinib,P0DMS8
DB12010,Fostamatinib,Q05940
DB12010,Fostamatinib,O00519
DB12010,Fostamatinib,Q99808
DB12010,Fostamatinib,P22309
DB12010,Fostamatinib,O76074
DB12010,Fostamatinib,P09917
DB12010,Fostamatinib,P25774
DB12010,Fostamatinib,P07711
DB12010,Fostamatinib,P00519
DB12010,Fostamatinib,Q9UK32
DB12010,Fostamatinib,P29597
DB12010,Fostamatinib,Q8NI60
DB12010,Fostamatinib,P23458
DB12010,Fostamatinib,P08581
DB12010,Fostamatinib,Q8IY84
DB12010,Fostamatinib,Q9P289
DB12010,Fostamatinib,P17612
DB12010,Fostamatinib,Q9Y6E0
DB12010,Fostamatinib,Q13188
DB12010,Fostamatinib,P42680
DB12010,Fostamatinib,Q9BYT3
DB12010,Fostamatinib,Q8TDR2
DB12010,Fostamatinib,Q9NRP7
DB12010,Fostamatinib,Q15208
DB12010,Fostamatinib,Q9Y2H1
DB12010,Fostamatinib,Q9UEW8
DB12010,Fostamatinib,Q7L7X3
DB12010,Fostamatinib,Q9UL54
DB12010,Fostamatinib,Q9H2K8
DB12010,Fostamatinib,Q9UHD2
DB12010,Fostamatinib,Q02763
DB12010,Fostamatinib,Q15569
DB12010,Fostamatinib,P36897
DB12010,Fostamatinib,P37173
DB12010,Fostamatinib,P35590
DB12010,Fostamatinib,Q9UKI8
DB12010,Fostamatinib,Q86UE8
DB12010,Fostamatinib,Q9UKE5
DB12010,Fostamatinib,Q13470
DB12010,Fostamatinib,Q07912
DB12010,Fostamatinib,Q59H18
DB12010,Fostamatinib,Q9BXA7
DB12010,Fostamatinib,P33981
DB12010,Fostamatinib,P42681
DB12010,Fostamatinib,Q06418
DB12010,Fostamatinib,O75385
DB12010,Fostamatinib,Q8IYT8
DB12010,Fostamatinib,Q6PHR2
DB12010,Fostamatinib,P30291
DB12010,Fostamatinib,P07947
DB12010,Fostamatinib,Q56UN5
DB12010,Fostamatinib,Q9NYL2
DB12010,Fostamatinib,P43403
DB12010,Fostamatinib,Q2M2I8
DB12010,Fostamatinib,P42684
DB12010,Fostamatinib,Q04771
DB12010,Fostamatinib,P36896
DB12010,Fostamatinib,Q96D53
DB12010,Fostamatinib,Q9UM73
DB12010,Fostamatinib,Q8NFD2
DB12010,Fostamatinib,O14965
DB12010,Fostamatinib,Q96GD4
DB12010,Fostamatinib,Q9UQB9
DB12010,Fostamatinib,P30530
DB12010,Fostamatinib,P51451
DB12010,Fostamatinib,Q9NSY1
DB12010,Fostamatinib,O00238
DB12010,Fostamatinib,Q13873
DB12010,Fostamatinib,P51813
DB12010,Fostamatinib,P15056
DB12010,Fostamatinib,Q06187
DB12010,Fostamatinib,Q14012
DB12010,Fostamatinib,Q8IU85
DB12010,Fostamatinib,Q96NX5
DB12010,Fostamatinib,Q9UQM7
DB12010,Fostamatinib,Q13554
DB12010,Fostamatinib,Q13557
DB12010,Fostamatinib,Q13555
DB12010,Fostamatinib,Q8N5S9
DB12010,Fostamatinib,Q96RR4
DB12010,Fostamatinib,O14936
DB12010,Fostamatinib,P07498
DB12010,Fostamatinib,P06493
DB12010,Fostamatinib,Q6DT37
DB12010,Fostamatinib,P11802
DB12010,Fostamatinib,Q00532
DB12010,Fostamatinib,Q92772
DB12010,Fostamatinib,O14757
DB12010,Fostamatinib,O96017
DB12010,Fostamatinib,O14578
DB12010,Fostamatinib,P49759
DB12010,Fostamatinib,P49760
DB12010,Fostamatinib,P49761
DB12010,Fostamatinib,Q9HAZ1
DB12010,Fostamatinib,P07333
DB12010,Fostamatinib,P41240
DB12010,Fostamatinib,P48729
DB12010,Fostamatinib,P68400
DB12010,Fostamatinib,P19784
DB12010,Fostamatinib,P53355
DB12010,Fostamatinib,Q9UIK4
DB12010,Fostamatinib,O43293
DB12010,Fostamatinib,O15075
DB12010,Fostamatinib,Q8N568
DB12010,Fostamatinib,Q9C098
DB12010,Fostamatinib,Q08345
DB12010,Fostamatinib,Q16832
DB12010,Fostamatinib,Q13627
DB12010,Fostamatinib,Q9Y463
DB12010,Fostamatinib,P00533
DB12010,Fostamatinib,Q9BQI3
DB12010,Fostamatinib,P19525
DB12010,Fostamatinib,Q9P2K8
DB12010,Fostamatinib,P21709
DB12010,Fostamatinib,P29317
DB12010,Fostamatinib,P29320
DB12010,Fostamatinib,P54764
DB12010,Fostamatinib,P54756
DB12010,Fostamatinib,Q9UF33
DB12010,Fostamatinib,Q15375
DB12010,Fostamatinib,P29322
DB12010,Fostamatinib,P54762
DB12010,Fostamatinib,P29323
DB12010,Fostamatinib,P54760
DB12010,Fostamatinib,O15197
DB12010,Fostamatinib,P04626
DB12010,Fostamatinib,Q15303
DB12010,Fostamatinib,O75460
DB12010,Fostamatinib,P16591
DB12010,Fostamatinib,P07332
DB12010,Fostamatinib,P11362
DB12010,Fostamatinib,P21802
DB12010,Fostamatinib,P22607
DB12010,Fostamatinib,P09769
DB12010,Fostamatinib,P17948
DB12010,Fostamatinib,P36888
DB12010,Fostamatinib,P35916
DB12010,Fostamatinib,P42345
DB12010,Fostamatinib,P42685
DB12010,Fostamatinib,P06241
DB12010,Fostamatinib,O14976
DB12010,Fostamatinib,P49840
DB12010,Fostamatinib,P49841
DB12010,Fostamatinib,P08631
DB12010,Fostamatinib,Q9H2X6
DB12010,Fostamatinib,Q9H422
DB12010,Fostamatinib,Q9UPZ9
DB12010,Fostamatinib,O14920
DB12010,Fostamatinib,Q14164
DB12010,Fostamatinib,P06213
DB12010,Fostamatinib,P14616
DB12010,Fostamatinib,P51617
DB12010,Fostamatinib,Q9Y616
DB12010,Fostamatinib,Q9NWZ3
DB12010,Fostamatinib,Q08881
DB12010,Fostamatinib,O60674
DB12010,Fostamatinib,P52333
DB12010,Fostamatinib,P35968
DB12010,Fostamatinib,Q9Y2K2
DB12010,Fostamatinib,P10721
DB12010,Fostamatinib,O95835
DB12010,Fostamatinib,P06239
DB12010,Fostamatinib,P53667
DB12010,Fostamatinib,P53671
DB12010,Fostamatinib,Q5S007
DB12010,Fostamatinib,P29376
DB12010,Fostamatinib,P07948
DB12010,Fostamatinib,P36507
DB12010,Fostamatinib,P46734
DB12010,Fostamatinib,Q13163
DB12010,Fostamatinib,P52564
DB12010,Fostamatinib,Q13233
DB12010,Fostamatinib,Q02779
DB12010,Fostamatinib,Q16584
DB12010,Fostamatinib,Q12852
DB12010,Fostamatinib,O43283
DB12010,Fostamatinib,Q6ZN16
DB12010,Fostamatinib,Q9Y2U5
DB12010,Fostamatinib,Q99759
DB12010,Fostamatinib,Q9Y6R4
DB12010,Fostamatinib,O95382
DB12010,Fostamatinib,P80192
DB12010,Fostamatinib,Q92918
DB12010,Fostamatinib,Q12851
DB12010,Fostamatinib,Q8IVH8
DB12010,Fostamatinib,O95819
DB12010,Fostamatinib,Q9Y4K4
DB12010,Fostamatinib,P53779
DB12010,Fostamatinib,O15264
DB12010,Fostamatinib,Q16539
DB12010,Fostamatinib,Q8TD08
DB12010,Fostamatinib,P31152
DB12010,Fostamatinib,Q13164
DB12010,Fostamatinib,P45984
DB12010,Fostamatinib,Q8IW41
DB12010,Fostamatinib,Q9P0L2
DB12010,Fostamatinib,Q7KZI7
DB12010,Fostamatinib,P27448
DB12010,Fostamatinib,Q96L34
DB12010,Fostamatinib,Q7Z460
DB12010,Fostamatinib,Q9Y2H9
DB12010,Fostamatinib,P42679
DB12010,Fostamatinib,Q14680
DB12010,Fostamatinib,Q12866
DB12010,Fostamatinib,Q8N4C8
DB12010,Fostamatinib,Q9BUB5
DB12010,Fostamatinib,Q9HBH9
DB12010,Fostamatinib,Q04912
DB12010,Fostamatinib,O15146
DB12010,Fostamatinib,Q15746
DB12010,Fostamatinib,Q9H1R3
DB12010,Fostamatinib,Q32MK0
DB12010,Fostamatinib,Q86YV6
DB12010,Fostamatinib,Q8NEV4
DB12010,Fostamatinib,Q96PY6
DB12010,Fostamatinib,Q8NG66
DB12010,Fostamatinib,P51955
DB12010,Fostamatinib,P51956
DB12010,Fostamatinib,P51957
DB12010,Fostamatinib,Q6P3R8
DB12010,Fostamatinib,Q8TD19
DB12010,Fostamatinib,P04629
DB12010,Fostamatinib,Q16620
DB12010,Fostamatinib,Q16288
DB12010,Fostamatinib,O60285
DB12010,Fostamatinib,Q9H093
DB12010,Fostamatinib,O95747
DB12010,Fostamatinib,Q13153
DB12010,Fostamatinib,Q13177
DB12010,Fostamatinib,O75914
DB12010,Fostamatinib,O96013
DB12010,Fostamatinib,Q9NQU5
DB12010,Fostamatinib,Q9P286
DB12010,Fostamatinib,Q00536
DB12010,Fostamatinib,Q00537
DB12010,Fostamatinib,P16234
DB12010,Fostamatinib,P09619
DB12010,Fostamatinib,O15530
DB12010,Fostamatinib,Q96Q40
DB12010,Fostamatinib,Q16816
DB12010,Fostamatinib,Q9UBF8
DB12010,Fostamatinib,O00750
DB12010,Fostamatinib,O75747
DB12010,Fostamatinib,O00329
DB12010,Fostamatinib,P48736
DB12010,Fostamatinib,P11309
DB12010,Fostamatinib,Q86V86
DB12010,Fostamatinib,P78356
DB12010,Fostamatinib,Q8TBX8
DB12010,Fostamatinib,Q99640
DB12010,Fostamatinib,Q16512
DB12010,Fostamatinib,Q16513
DB12010,Fostamatinib,P53350
DB12010,Fostamatinib,Q9NYY3
DB12010,Fostamatinib,Q9H4B4
DB12010,Fostamatinib,O00444
DB12010,Fostamatinib,Q13131
DB12010,Fostamatinib,P22694
DB12010,Fostamatinib,Q05655
DB12010,Fostamatinib,Q02156
DB12010,Fostamatinib,P05129
DB12010,Fostamatinib,P41743
DB12010,Fostamatinib,Q04759
DB12010,Fostamatinib,Q15139
DB12010,Fostamatinib,Q13237
DB12010,Fostamatinib,Q13523
DB12010,Fostamatinib,Q05397
DB12010,Fostamatinib,Q14289
DB12010,Fostamatinib,Q13882
DB12010,Fostamatinib,P04049
DB12010,Fostamatinib,P07949
DB12010,Fostamatinib,Q9BRS2
DB12010,Fostamatinib,Q9BVS4
DB12010,Fostamatinib,O14730
DB12010,Fostamatinib,Q13546
DB12010,Fostamatinib,O43353
DB12010,Fostamatinib,P57078
DB12010,Fostamatinib,O75116
DB12010,Fostamatinib,P08922
DB12010,Fostamatinib,Q15418
DB12010,Fostamatinib,P51812
DB12010,Fostamatinib,Q52WX2
DB12010,Fostamatinib,P0C264
DB12010,Fostamatinib,Q96BR1
DB12010,Fostamatinib,P57059
DB12010,Fostamatinib,Q9H0K1
DB12010,Fostamatinib,Q9H2G2
DB12010,Fostamatinib,Q9NRH2
DB12010,Fostamatinib,P12931
DB12010,Fostamatinib,Q9H3Y6
DB12010,Fostamatinib,O94804
DB12010,Fostamatinib,O75716
DB12010,Fostamatinib,Q9UEE5
DB12010,Fostamatinib,O94768
DB12010,Fostamatinib,Q8WU08
DB12015,Alpelisib,P42336
DB12015,Alpelisib,P27986
DB12015,Alpelisib,P03372
DB12016,Ponesimod,P21453
DB12023,Benralizumab,Q01344
DB12023,Benralizumab,P08637
DB12023,Benralizumab,P05113
DB12095,Telotristat ethyl,Q8IWU9
DB12095,Telotristat ethyl,P17752
DB12118,Sotatercept,P27037
DB12118,Sotatercept,P36896
DB12118,Sotatercept,O14793
DB12118,Sotatercept,O95390
DB12129,Tideglusib,P49841
DB12130,Lorlatinib,Q6J9G0
DB12130,Lorlatinib,P07332
DB12130,Lorlatinib,P04629
DB12130,Lorlatinib,Q16620
DB12130,Lorlatinib,Q16288
DB12130,Lorlatinib,Q05397
DB12130,Lorlatinib,Q14289
DB12130,Lorlatinib,Q07912
DB12130,Lorlatinib,P08922
DB12130,Lorlatinib,Q9UM73
DB12130,Lorlatinib,P16591
DB12134,Gepotidacin,P22303
DB12134,Gepotidacin,Q02880
DB12134,Gepotidacin,P11388
DB12141,Gilteritinib,P36888
DB12141,Gilteritinib,P30530
DB12141,Gilteritinib,Q9UM73
DB12147,Erdafitinib,P11362
DB12147,Erdafitinib,P21802
DB12147,Erdafitinib,P22607
DB12147,Erdafitinib,P22455
DB12147,Erdafitinib,P07949
DB12147,Erdafitinib,P07333
DB12147,Erdafitinib,P16234
DB12147,Erdafitinib,P09619
DB12147,Erdafitinib,P10721
DB12147,Erdafitinib,P35968
DB12151,Brincidofovir,P28340
DB12151,Brincidofovir,Q9HCU8
DB12151,Brincidofovir,P56282
DB12151,Brincidofovir,P54098
DB12151,Brincidofovir,Q9UHN1
DB12151,Brincidofovir,P06746
DB12151,Brincidofovir,Q7Z5Q5
DB12151,Brincidofovir,O75417
DB12159,Dupilumab,P24394
DB12159,Dupilumab,P35225
DB12159,Dupilumab,P05112
DB12161,Deutetrabenazine,Q05940
DB12169,Tralokinumab,P35225
DB12184,Gepirone,P08908
DB12212,Landiolol,P08588
DB12212,Landiolol,P07550
DB12218,Capivasertib,P31751
DB12218,Capivasertib,Q9Y243
DB12218,Capivasertib,P31749
DB12235,Estetrol,P03372
DB12235,Estetrol,Q92731
DB12236,Bexagliflozin,P31639
DB12240,Polatuzumab vedotin,P40259
DB12243,Edaravone,P10415
DB12255,Vadadustat,Q9GZT9
DB12255,Vadadustat,Q96KS0
DB12255,Vadadustat,Q9H6Z9
DB12255,Vadadustat,Q16665
DB12255,Vadadustat,Q99814
DB12267,Brigatinib,Q9UM73
DB12267,Brigatinib,P00533
DB12267,Brigatinib,P00519
DB12267,Brigatinib,P08069
DB12267,Brigatinib,P36888
DB12267,Brigatinib,P06213
DB12267,Brigatinib,P08581
DB12267,Brigatinib,Q15303
DB12267,Brigatinib,P04626
DB12274,Aducanumab,P05067
DB12278,Propiverine,P11229
DB12278,Propiverine,P08172
DB12278,Propiverine,P20309
DB12278,Propiverine,P08912
DB12278,Propiverine,Q13936
DB12278,Propiverine,P35348
DB12278,Propiverine,P08173
DB12282,Defactinib,Q05397
DB12282,Defactinib,Q14289
DB12313,Dopexamine,P14416
DB12319,Benzbromarone,Q96S37
DB12319,Benzbromarone,Q5XXA6
DB12319,Benzbromarone,P33527
DB12319,Benzbromarone,P11712
DB12319,Benzbromarone,P33261
DB12328,Cantharidin,P62136
DB12328,Cantharidin,P35869
DB12332,Rucaparib,P09874
DB12332,Rucaparib,Q9UGN5
DB12332,Rucaparib,Q9Y6F1
DB12364,Betrixaban,P00742
DB12366,Vestronidase alfa,P08236
DB12371,Siponimod,P21453
DB12371,Siponimod,Q9H228
DB12390,Seladelpar,Q03181
DB12404,Remimazolam,P14867
DB12404,Remimazolam,Q99928
DB12457,Rimegepant,Q16602
DB12483,Copanlisib,P42336
DB12483,Copanlisib,O00329
DB12483,Copanlisib,P42338
DB12483,Copanlisib,P48736
DB12489,Mirvetuximab soravtansine,P15328
DB12498,Mogamulizumab,P51679
DB12499,Clascoterone,P10275
DB12500,Fedratinib,O60674
DB12500,Fedratinib,P36888
DB12500,Fedratinib,P23458
DB12513,Omaveloxolone,Q16236
DB12513,Omaveloxolone,Q14145
DB12523,Mizolastine,P35367
DB12530,Inebilizumab,P15391
DB12532,Oxethazaine,P01350
DB12537,"1,2-Benzodiazepine",P30536
DB12537,"1,2-Benzodiazepine",P14867
DB12543,Samidorphan,P35372
DB12543,Samidorphan,P41145
DB12543,Samidorphan,P41143
DB12548,Sparsentan,P25101
DB12548,Sparsentan,P30556
DB12548,Sparsentan,P50052
DB12554,Mebeverine,P08912
DB12597,Asciminib,P00519
DB12605,Etripamil,Q13936
DB12612,Ozanimod,P21453
DB12612,Ozanimod,Q9H228
DB12615,Plazomicin,Q9UI43
DB12645,Givinostat,Q13547
DB12645,Givinostat,O60674
DB12688,Moxetumomab pasudotox,P20273
DB12688,Moxetumomab pasudotox,P13639
DB12698,Ibalizumab,P51681
DB12698,Ibalizumab,P61073
DB12698,Ibalizumab,P01730
DB12710,Perazine,P14416
DB12713,Sotagliflozin,P31639
DB12713,Sotagliflozin,P13866
DB12754,Iodide,P00915
DB12754,Iodide,P00918
DB12783,Benserazide,P20711
DB12789,Dinoprost,Q9Y5Y4
DB12789,Dinoprost,Q13258
DB12789,Dinoprost,P35408
DB12789,Dinoprost,P43116
DB12789,Dinoprost,P43115
DB12789,Dinoprost,P34995
DB12789,Dinoprost,P21731
DB12789,Dinoprost,P43088
DB12808,Trifarotene,P13631
DB12808,Trifarotene,P10826
DB12808,Trifarotene,P10276
DB12820,Concizumab,P10646
DB12835,Olipudase alfa,P30613
DB12839,Pegvaliase,P00439
DB12865,Etelcalcetide,P41180
DB12872,Vonicog alfa,P00451
DB12872,Vonicog alfa,P02452
DB12874,Quizartinib,P36888
DB12877,Oxatomide,P35367
DB12887,Tazemetostat,Q15910
DB12887,Tazemetostat,Q92800
DB12893,Sacituzumab govitecan,P09758
DB12893,Sacituzumab govitecan,P11387
DB12893,Sacituzumab govitecan,Q96AE4
DB12914,Resmetirom,P10828
DB12917,Bimekizumab,Q16552
DB12917,Bimekizumab,Q96PD4
DB12941,Darolutamide,P10275
DB12941,Darolutamide,P06401
DB12965,Silver,Q14872
DB12965,Silver,P00450
DB12965,Silver,P02768
DB12965,Silver,P01023
DB12978,Pexidartinib,P07333
DB12978,Pexidartinib,P10721
DB12978,Pexidartinib,P36888
DB12978,Pexidartinib,P09619
DB13007,Enfortumab vedotin,Q96NY8
DB13063,Parthenolide,Q04864
DB13063,Parthenolide,Q01201
DB13063,Parthenolide,Q04206
DB13063,Parthenolide,Q00653
DB13063,Parthenolide,P19838
DB13063,Parthenolide,O14920
DB13074,Macimorelin,Q92847
DB13125,Lusutrombopag,P40238
DB13133,Von Willebrand factor human,P00451
DB13133,Von Willebrand factor human,P02452
DB13133,Von Willebrand factor human,P07306
DB13133,Von Willebrand factor human,Q07954
DB13139,Levosalbutamol,P07550
DB13144,Lenograstim,Q99062
DB13146,Fluciclovine (18F),Q15758
DB13146,Fluciclovine (18F),Q9UM01
DB13146,Fluciclovine (18F),Q8WY07
DB13146,Fluciclovine (18F),Q05586
DB13146,Fluciclovine (18F),P42261
DB13146,Fluciclovine (18F),P42262
DB13146,Fluciclovine (18F),P42263
DB13146,Fluciclovine (18F),P48058
DB13149,Protein S human,P12259
DB13149,Protein S human,P00742
DB13149,Protein S human,P04070
DB13150,Coagulation factor VII human,P13726
DB13150,Coagulation factor VII human,P00742
DB13150,Coagulation factor VII human,P00740
DB13151,Anti-inhibitor coagulant complex,P00742
DB13151,Anti-inhibitor coagulant complex,P00734
DB13151,Anti-inhibitor coagulant complex,P02671
DB13151,Anti-inhibitor coagulant complex,P02675
DB13151,Anti-inhibitor coagulant complex,P00488
DB13151,Anti-inhibitor coagulant complex,P12259
DB13151,Anti-inhibitor coagulant complex,P00451
DB13151,Anti-inhibitor coagulant complex,P08709
DB13152,Coagulation Factor IX Human,P00742
DB13152,Coagulation Factor IX Human,P03951
DB13152,Coagulation Factor IX Human,P08709
DB13152,Coagulation Factor IX Human,P00451
DB13152,Coagulation Factor IX Human,Q07954
DB13152,Coagulation Factor IX Human,P38435
DB13154,Parachlorophenol,P35499
DB13155,Esculin,P10275
DB13158,Clobetasone,P04150
DB13161,Nusinersen,B4DP61
DB13166,Zofenopril,P12821
DB13167,Alclofenac,P35354
DB13170,Plecanatide,P25092
DB13173,Cerliponase alfa,P11717
DB13173,Cerliponase alfa,O14773
DB13178,Inositol,P05067
DB13179,Troleandomycin,O75469
DB13192,Antihemophilic factor human,P00740
DB13192,Antihemophilic factor human,P00742
DB13200,Lipegfilgrastim,Q99062
DB13245,Thiram,O60674
DB13247,Pramiracetam,P08912
DB13257,Ferrous sulfate anhydrous,P69905
DB13257,Ferrous sulfate anhydrous,P02786
DB13262,Aceclidine,P08172
DB13262,Aceclidine,P11229
DB13262,Aceclidine,P20309
DB13262,Aceclidine,P08173
DB13262,Aceclidine,P08912
DB13269,Dichlorobenzyl alcohol,P35498
DB13345,Dihydroergocristine,P08908
DB13345,Dihydroergocristine,P08588
DB13345,Dihydroergocristine,P35348
DB13345,Dihydroergocristine,P21728
DB13345,Dihydroergocristine,P18825
DB13346,Bufexamac,P23219
DB13346,Bufexamac,P35354
DB13346,Bufexamac,Q9UBN7
DB13346,Bufexamac,Q969S8
DB13421,Edoxudine,P04183
DB13501,Bendazac,P23219
DB13501,Bendazac,P35354
DB13503,Tyrothricin,P22303
DB13520,Metergoline,P28223
DB13520,Metergoline,P41595
DB13520,Metergoline,P28221
DB13520,Metergoline,P47898
DB13520,Metergoline,P30939
DB13520,Metergoline,P28566
DB13520,Metergoline,P28222
DB13520,Metergoline,P28335
DB13520,Metergoline,Q99250
DB13521,Alipogene tiparvovec,P06858
DB13615,Mifamurtide,O00206
DB13615,Mifamurtide,Q9HC29
DB13624,Methoxyphenamine,P07550
DB13688,Drisapersen,P11532
DB13720,Diphemanil,P20309
DB13720,Diphemanil,P11229
DB13746,Bioallethrin,P35498
DB13746,Bioallethrin,Q06432
DB13746,Bioallethrin,O43497
DB13746,Bioallethrin,O00555
DB13746,Bioallethrin,Q13936
DB13751,Glycyrrhizic acid,P01375
DB13751,Glycyrrhizic acid,P42574
DB13751,Glycyrrhizic acid,Q00653
DB13751,Glycyrrhizic acid,P06858
DB13751,Glycyrrhizic acid,P28845
DB13766,Lidoflazine,Q99808
DB13766,Lidoflazine,Q9NY46
DB13781,Xamoterol,P08588
DB13781,Xamoterol,P13945
DB13783,Acemetacin,P23219
DB13783,Acemetacin,P35354
DB13800,Calcium levulinate,P31415
DB13800,Calcium levulinate,P22676
DB13800,Calcium levulinate,P0DP23
DB13853,Anethole trithione,P21980
DB13867,Fluticasone,P04150
DB13867,Fluticasone,P06401
DB13867,Fluticasone,P47712
DB13867,Fluticasone,P08235
DB13872,Lormetazepam,P14867
DB13873,Fenofibric acid,Q07869
DB13873,Fenofibric acid,P07148
DB13873,Fenofibric acid,Q9NPA2
DB13873,Fenofibric acid,P37231
DB13873,Fenofibric acid,Q03181
DB13873,Fenofibric acid,O75469
DB13874,Enasidenib,P48735
DB13874,Enasidenib,P51553
DB13874,Enasidenib,O43837
DB13874,Enasidenib,P50213
DB13874,Enasidenib,O75874
DB13881,Tisagenlecleucel,P15391
DB13881,Tisagenlecleucel,P11836
DB13884,Albutrepenonacog alfa,P00742
DB13893,Crotalus adamanteus antivenin,O15496
DB13894,Agkistrodon piscivorus antivenin,O15496
DB13896,Talimogene laherparepvec,P04141
DB13908,Amylmetacresol,Q99250
DB13915,Axicabtagene ciloleucel,P15391
DB13923,Emicizumab,P00740
DB13923,Emicizumab,P00742
DB13925,Dotatate gallium Ga-68,P30874
DB13926,Cenegermin,P04629
DB13926,Cenegermin,P08138
DB13928,Semaglutide,P43220
DB13931,Netarsudil,O75116
DB13931,Netarsudil,P23975
DB13931,Netarsudil,Q13464
DB13932,Voretigene neparvovec,Q16518
DB13933,Nonacog beta pegol,P08709
DB13933,Nonacog beta pegol,P00451
DB13933,Nonacog beta pegol,P00742
DB13943,Testosterone cypionate,P10275
DB13943,Testosterone cypionate,P03372
DB13943,Testosterone cypionate,P08235
DB13944,Testosterone enanthate,P10275
DB13944,Testosterone enanthate,P03372
DB13944,Testosterone enanthate,P08235
DB13946,Testosterone undecanoate,P10275
DB13949,Ferric cation,P02786
DB13952,Estradiol acetate,P03372
DB13952,Estradiol acetate,Q92731
DB13952,Estradiol acetate,O75469
DB13952,Estradiol acetate,P43681
DB13952,Estradiol acetate,Q15596
DB13952,Estradiol acetate,Q99527
DB13952,Estradiol acetate,P00846
DB13952,Estradiol acetate,Q14457
DB13952,Estradiol acetate,P37059
DB13952,Estradiol acetate,P62508
DB13953,Estradiol benzoate,P03372
DB13953,Estradiol benzoate,Q92731
DB13953,Estradiol benzoate,O75469
DB13953,Estradiol benzoate,P43681
DB13953,Estradiol benzoate,Q15596
DB13953,Estradiol benzoate,Q99527
DB13953,Estradiol benzoate,P00846
DB13953,Estradiol benzoate,Q14457
DB13953,Estradiol benzoate,P37059
DB13953,Estradiol benzoate,P62508
DB13954,Estradiol cypionate,P03372
DB13954,Estradiol cypionate,Q92731
DB13954,Estradiol cypionate,O75469
DB13954,Estradiol cypionate,P62508
DB13954,Estradiol cypionate,Q15596
DB13954,Estradiol cypionate,Q99527
DB13954,Estradiol cypionate,P43681
DB13954,Estradiol cypionate,P00846
DB13954,Estradiol cypionate,Q14457
DB13954,Estradiol cypionate,P37059
DB13955,Estradiol dienanthate,P03372
DB13955,Estradiol dienanthate,Q92731
DB13955,Estradiol dienanthate,O75469
DB13955,Estradiol dienanthate,P43681
DB13955,Estradiol dienanthate,Q15596
DB13955,Estradiol dienanthate,Q99527
DB13955,Estradiol dienanthate,P00846
DB13955,Estradiol dienanthate,Q14457
DB13955,Estradiol dienanthate,P37059
DB13955,Estradiol dienanthate,P62508
DB13956,Estradiol valerate,P03372
DB13956,Estradiol valerate,Q92731
DB13956,Estradiol valerate,O75469
DB13956,Estradiol valerate,P62508
DB13956,Estradiol valerate,Q15596
DB13956,Estradiol valerate,Q99527
DB13956,Estradiol valerate,P43681
DB13956,Estradiol valerate,P00846
DB13956,Estradiol valerate,Q14457
DB13956,Estradiol valerate,P37059
DB13961,Fish oil,Q96PD7
DB13961,Fish oil,P35354
DB13961,Fish oil,Q5NUL3
DB13961,Fish oil,Q13936
DB13961,Fish oil,P35498
DB13961,Fish oil,Q00653
DB13961,Fish oil,P36956
DB13961,Fish oil,Q07869
DB13961,Fish oil,P37231
DB13961,Fish oil,Q03181
DB13967,Patent Blue,P02768
DB13979,Besilesomab,Q14081
DB13981,Nomegestrol acetate,P03372
DB13985,Lutetium Lu 177 dotatate,P30874
DB13985,Lutetium Lu 177 dotatate,P30872
DB13985,Lutetium Lu 177 dotatate,P32745
DB13985,Lutetium Lu 177 dotatate,P31391
DB13985,Lutetium Lu 177 dotatate,P35346
DB13995,Ferric pyrophosphate citrate,P02792
DB13995,Ferric pyrophosphate citrate,P02794
DB13995,Ferric pyrophosphate citrate,P69905
DB13995,Ferric pyrophosphate citrate,P68871
DB13996,Magnesium acetate,P05023
DB13998,Lonoctocog alfa,P00742
DB13998,Lonoctocog alfa,P00740
DB13998,Lonoctocog alfa,P04275
DB13998,Lonoctocog alfa,O14832
DB13998,Lonoctocog alfa,P07307
DB13998,Lonoctocog alfa,P11021
DB13998,Lonoctocog alfa,P27797
DB13998,Lonoctocog alfa,P27824
DB13998,Lonoctocog alfa,P49257
DB13998,Lonoctocog alfa,Q07954
DB13998,Lonoctocog alfa,Q8NI22
DB13999,Moroctocog alfa,P00742
DB13999,Moroctocog alfa,P00740
DB13999,Moroctocog alfa,P04275
DB13999,Moroctocog alfa,O14832
DB13999,Moroctocog alfa,P07307
DB13999,Moroctocog alfa,P11021
DB13999,Moroctocog alfa,P27797
DB13999,Moroctocog alfa,P27824
DB13999,Moroctocog alfa,P49257
DB13999,Moroctocog alfa,Q07954
DB13999,Moroctocog alfa,Q8NI22
DB14001,alpha-Tocopherol succinate,Q9UDX4
DB14001,alpha-Tocopherol succinate,O76054
DB14001,alpha-Tocopherol succinate,O75469
DB14001,alpha-Tocopherol succinate,P05771
DB14001,alpha-Tocopherol succinate,P09917
DB14001,alpha-Tocopherol succinate,P17252
DB14001,alpha-Tocopherol succinate,P23743
DB14002,D-alpha-Tocopherol acetate,Q9UDX4
DB14002,D-alpha-Tocopherol acetate,O76054
DB14002,D-alpha-Tocopherol acetate,O75469
DB14002,D-alpha-Tocopherol acetate,P05771
DB14002,D-alpha-Tocopherol acetate,P09917
DB14002,D-alpha-Tocopherol acetate,P17252
DB14004,Tildrakizumab,P29460
DB14004,Tildrakizumab,Q9NZH6
DB14004,Tildrakizumab,Q9NPF7
DB14006,Choline salicylate,Q9Y5K3
DB14006,Choline salicylate,P22303
DB14006,Choline salicylate,P49585
DB14006,Choline salicylate,O14939
DB14006,Choline salicylate,P06276
DB14006,Choline salicylate,Q13393
DB14006,Choline salicylate,P36544
DB14012,Burosumab,Q9GZV9
DB14018,Bromotheophylline,P30542
DB14019,Fosnetupitant,P25103
DB14020,Benzoin,P23141
DB14039,Erenumab,Q16602
DB14040,Eptinezumab,P06881
DB14040,Eptinezumab,P10092
DB14041,Fremanezumab,P06881
DB14041,Fremanezumab,P10092
DB14041,Fremanezumab,Q16602
DB14042,Galcanezumab,P06881
DB14042,Galcanezumab,P10092
DB14042,Galcanezumab,Q16602
DB14083,Bisphenol A diglycidyl ether,Q8NEC5
DB14086,Cianidanol,P22748
DB14086,Cianidanol,P23219
DB14086,Cianidanol,P00915
DB14086,Cianidanol,Q9ULX7
DB14086,Cianidanol,Q16790
DB14086,Cianidanol,P23280
DB14086,Cianidanol,O43570
DB14086,Cianidanol,P00918
DB14104,Linoleic acid,P15090
DB14109,alpha-Arbutin,P10253
DB14123,Racementhol,Q7Z2W7
DB14174,Dipentamethylenethiuram disulfide,P51648
DB14183,Geraniol,Q7Z2W7
DB14184,Cinnamaldehyde,O75762
DB14184,Cinnamaldehyde,Q8NET8
DB14185,Aripiprazole lauroxil,P14416
DB14185,Aripiprazole lauroxil,P08908
DB14185,Aripiprazole lauroxil,P28223
DB14185,Aripiprazole lauroxil,P28222
DB14185,Aripiprazole lauroxil,P28221
DB14185,Aripiprazole lauroxil,P28566
DB14185,Aripiprazole lauroxil,P21728
DB14185,Aripiprazole lauroxil,P21918
DB14185,Aripiprazole lauroxil,P35462
DB14185,Aripiprazole lauroxil,P21917
DB14185,Aripiprazole lauroxil,P28335
DB14185,Aripiprazole lauroxil,P46098
DB14185,Aripiprazole lauroxil,P50406
DB14185,Aripiprazole lauroxil,P34969
DB14185,Aripiprazole lauroxil,P35367
DB14185,Aripiprazole lauroxil,P35348
DB14185,Aripiprazole lauroxil,P35368
DB14185,Aripiprazole lauroxil,P08913
DB14185,Aripiprazole lauroxil,P18089
DB14185,Aripiprazole lauroxil,P18825
DB14185,Aripiprazole lauroxil,P11229
DB14185,Aripiprazole lauroxil,P08172
DB14185,Aripiprazole lauroxil,P20309
DB14185,Aripiprazole lauroxil,P08173
DB14185,Aripiprazole lauroxil,P08912
DB14187,Hydroxycitronellal,Q7Z2W7
DB14212,Methylparaben,O75762
DB14481,Calcium phosphate dihydrate,P41180
DB14481,Calcium phosphate dihydrate,P27797
DB14481,Calcium phosphate dihydrate,Q99828
DB14481,Calcium phosphate dihydrate,O75340
DB14481,Calcium phosphate dihydrate,P30626
DB14481,Calcium phosphate dihydrate,Q99653
DB14481,Calcium phosphate dihydrate,P09486
DB14481,Calcium phosphate dihydrate,P27824
DB14481,Calcium phosphate dihydrate,P35556
DB14481,Calcium phosphate dihydrate,P04271
DB14481,Calcium phosphate dihydrate,O14958
DB14481,Calcium phosphate dihydrate,Q15493
DB14481,Calcium phosphate dihydrate,Q9UBV8
DB14481,Calcium phosphate dihydrate,P06703
DB14481,Calcium phosphate dihydrate,P13693
DB14481,Calcium phosphate dihydrate,O75838
DB14481,Calcium phosphate dihydrate,Q99584
DB14481,Calcium phosphate dihydrate,P31415
DB14481,Calcium phosphate dihydrate,Q02818
DB14481,Calcium phosphate dihydrate,P80303
DB14481,Calcium phosphate dihydrate,Q75N90
DB14481,Calcium phosphate dihydrate,P28676
DB14481,Calcium phosphate dihydrate,Q9ULU8
DB14481,Calcium phosphate dihydrate,P0DP24
DB14481,Calcium phosphate dihydrate,P0DP25
DB14481,Calcium phosphate dihydrate,Q96FQ6
DB14481,Calcium phosphate dihydrate,P22676
DB14481,Calcium phosphate dihydrate,Q13938
DB14481,Calcium phosphate dihydrate,Q86UW7
DB14481,Calcium phosphate dihydrate,Q96L12
DB14481,Calcium phosphate dihydrate,Q9ULB1
DB14481,Calcium phosphate dihydrate,P62166
DB14481,Calcium phosphate dihydrate,P0DP23
DB14487,Zinc acetate,P46663
DB14487,Zinc acetate,P16455
DB14487,Zinc acetate,P04075
DB14487,Zinc acetate,P68104
DB14487,Zinc acetate,P06733
DB14487,Zinc acetate,O14556
DB14487,Zinc acetate,P15531
DB14487,Zinc acetate,P07237
DB14487,Zinc acetate,P30101
DB14487,Zinc acetate,Q06830
DB14487,Zinc acetate,P78330
DB14487,Zinc acetate,P60174
DB14487,Zinc acetate,P49411
DB14487,Zinc acetate,P03372
DB14487,Zinc acetate,P08700
DB14487,Zinc acetate,P02795
DB14487,Zinc acetate,O14618
DB14487,Zinc acetate,Q13547
DB14487,Zinc acetate,P56524
DB14487,Zinc acetate,P29372
DB14487,Zinc acetate,P04279
DB14487,Zinc acetate,P00441
DB14487,Zinc acetate,Q9BY41
DB14487,Zinc acetate,O15304
DB14487,Zinc acetate,P23415
DB14487,Zinc acetate,Q00987
DB14487,Zinc acetate,P01308
DB14487,Zinc acetate,P46939
DB14487,Zinc acetate,P45381
DB14487,Zinc acetate,P05109
DB14487,Zinc acetate,P06702
DB14487,Zinc acetate,P14780
DB14487,Zinc acetate,O15350
DB14487,Zinc acetate,P29034
DB14487,Zinc acetate,P04637
DB14487,Zinc acetate,P25713
DB14487,Zinc acetate,O75340
DB14487,Zinc acetate,Q8N907
DB14487,Zinc acetate,P04731
DB14487,Zinc acetate,P04217
DB14487,Zinc acetate,P01023
DB14487,Zinc acetate,P01019
DB14487,Zinc acetate,P02765
DB14487,Zinc acetate,P02743
DB14487,Zinc acetate,P02647
DB14487,Zinc acetate,P02652
DB14487,Zinc acetate,P06727
DB14487,Zinc acetate,Q0VD83
DB14487,Zinc acetate,P02649
DB14487,Zinc acetate,O14791
DB14487,Zinc acetate,P02746
DB14487,Zinc acetate,P02747
DB14487,Zinc acetate,P00736
DB14487,Zinc acetate,P09871
DB14487,Zinc acetate,P01024
DB14487,Zinc acetate,P0C0L5
DB14487,Zinc acetate,P04003
DB14487,Zinc acetate,P20851
DB14487,Zinc acetate,P01031
DB14487,Zinc acetate,P46736
DB14487,Zinc acetate,P07357
DB14487,Zinc acetate,P07358
DB14487,Zinc acetate,P07360
DB14487,Zinc acetate,P00751
DB14487,Zinc acetate,P08603
DB14487,Zinc acetate,P05156
DB14487,Zinc acetate,P10909
DB14487,Zinc acetate,P00450
DB14487,Zinc acetate,P15169
DB14487,Zinc acetate,P22792
DB14487,Zinc acetate,P81605
DB14487,Zinc acetate,P15924
DB14487,Zinc acetate,P00748
DB14487,Zinc acetate,P05160
DB14487,Zinc acetate,P00734
DB14487,Zinc acetate,O75636
DB14487,Zinc acetate,P02671
DB14487,Zinc acetate,P02751
DB14487,Zinc acetate,P06396
DB14487,Zinc acetate,P69905
DB14487,Zinc acetate,P68871
DB14487,Zinc acetate,P00739
DB14487,Zinc acetate,Q86YZ3
DB14487,Zinc acetate,P35858
DB14487,Zinc acetate,P01876
DB14487,Zinc acetate,P01871
DB14487,Zinc acetate,P01599
DB14487,Zinc acetate,P01619
DB14487,Zinc acetate,P80748
DB14487,Zinc acetate,P19827
DB14487,Zinc acetate,P19823
DB14487,Zinc acetate,Q06033
DB14487,Zinc acetate,Q14624
DB14487,Zinc acetate,P01591
DB14487,Zinc acetate,P14923
DB14487,Zinc acetate,P03952
DB14487,Zinc acetate,P01042
DB14487,Zinc acetate,P04264
DB14487,Zinc acetate,P13645
DB14487,Zinc acetate,P02533
DB14487,Zinc acetate,P08779
DB14487,Zinc acetate,P35908
DB14487,Zinc acetate,P13647
DB14487,Zinc acetate,P02538
DB14487,Zinc acetate,P35527
DB14487,Zinc acetate,P19652
DB14487,Zinc acetate,Q96PD5
DB14487,Zinc acetate,P27169
DB14487,Zinc acetate,P20742
DB14487,Zinc acetate,P31151
DB14487,Zinc acetate,P49908
DB14487,Zinc acetate,P01009
DB14487,Zinc acetate,P01011
DB14487,Zinc acetate,P29622
DB14487,Zinc acetate,P08185
DB14487,Zinc acetate,P05546
DB14487,Zinc acetate,P04278
DB14487,Zinc acetate,P02787
DB14487,Zinc acetate,P02766
DB14487,Zinc acetate,P04004
DB14487,Zinc acetate,P51693
DB14487,Zinc acetate,Q06481
DB14487,Zinc acetate,P05067
DB14487,Zinc acetate,P09874
DB14488,Ferrous gluconate,P02786
DB14488,Ferrous gluconate,Q9GZT9
DB14488,Ferrous gluconate,Q9BY41
DB14488,Ferrous gluconate,Q9NZD4
DB14488,Ferrous gluconate,P69905
DB14488,Ferrous gluconate,Q16595
DB14488,Ferrous gluconate,P02794
DB14488,Ferrous gluconate,P39748
DB14488,Ferrous gluconate,Q96FI4
DB14488,Ferrous gluconate,Q969S2
DB14488,Ferrous gluconate,P06746
DB14488,Ferrous gluconate,P00450
DB14488,Ferrous gluconate,P02787
DB14489,Ferrous succinate,P02786
DB14489,Ferrous succinate,Q9GZT9
DB14489,Ferrous succinate,Q9BY41
DB14489,Ferrous succinate,Q9NZD4
DB14489,Ferrous succinate,P69905
DB14489,Ferrous succinate,Q16595
DB14489,Ferrous succinate,P02794
DB14489,Ferrous succinate,P39748
DB14489,Ferrous succinate,Q96FI4
DB14489,Ferrous succinate,Q969S2
DB14489,Ferrous succinate,P06746
DB14489,Ferrous succinate,P00450
DB14489,Ferrous succinate,P02787
DB14490,Ferrous ascorbate,P02786
DB14490,Ferrous ascorbate,Q9GZT9
DB14490,Ferrous ascorbate,Q9BY41
DB14490,Ferrous ascorbate,Q9NZD4
DB14490,Ferrous ascorbate,P69905
DB14490,Ferrous ascorbate,Q16595
DB14490,Ferrous ascorbate,P02794
DB14490,Ferrous ascorbate,P39748
DB14490,Ferrous ascorbate,Q96FI4
DB14490,Ferrous ascorbate,Q969S2
DB14490,Ferrous ascorbate,P06746
DB14490,Ferrous ascorbate,P00450
DB14490,Ferrous ascorbate,P02787
DB14491,Ferrous fumarate,P02786
DB14491,Ferrous fumarate,Q9GZT9
DB14491,Ferrous fumarate,Q9BY41
DB14491,Ferrous fumarate,Q9NZD4
DB14491,Ferrous fumarate,P69905
DB14491,Ferrous fumarate,Q16595
DB14491,Ferrous fumarate,P02794
DB14491,Ferrous fumarate,P39748
DB14491,Ferrous fumarate,Q96FI4
DB14491,Ferrous fumarate,Q969S2
DB14491,Ferrous fumarate,P06746
DB14491,Ferrous fumarate,P00450
DB14491,Ferrous fumarate,P02787
DB14498,Potassium acetate,P05023
DB14499,Potassium sulfate,P05023
DB14500,Potassium,P05023
DB14501,Ferrous glycine sulfate,P02786
DB14501,Ferrous glycine sulfate,Q9GZT9
DB14501,Ferrous glycine sulfate,Q9BY41
DB14501,Ferrous glycine sulfate,Q9NZD4
DB14501,Ferrous glycine sulfate,P69905
DB14501,Ferrous glycine sulfate,Q16595
DB14501,Ferrous glycine sulfate,P02794
DB14501,Ferrous glycine sulfate,P39748
DB14501,Ferrous glycine sulfate,Q96FI4
DB14501,Ferrous glycine sulfate,Q969S2
DB14501,Ferrous glycine sulfate,P06746
DB14501,Ferrous glycine sulfate,P00450
DB14501,Ferrous glycine sulfate,P02787
DB14502,"Sodium phosphate, dibasic",P22748
DB14507,Lithium citrate,O14732
DB14507,Lithium citrate,P29218
DB14507,Lithium citrate,P49841
DB14507,Lithium citrate,P42263
DB14509,Lithium carbonate,O14732
DB14509,Lithium carbonate,P49840
DB14509,Lithium carbonate,P29218
DB14509,Lithium carbonate,P49841
DB14509,Lithium carbonate,P42263
DB14512,Mometasone furoate,P04150
DB14512,Mometasone furoate,P06401
DB14517,Aluminium phosphate,P02787
DB14517,Aluminium phosphate,P05023
DB14517,Aluminium phosphate,P06870
DB14517,Aluminium phosphate,P05067
DB14518,Aluminum acetate,P02787
DB14518,Aluminum acetate,P05023
DB14518,Aluminum acetate,P06870
DB14518,Aluminum acetate,P05067
DB14520,Tetraferric tricitrate decahydrate,P02786
DB14527,Chromic nitrate,P00167
DB14528,Chromium gluconate,P00167
DB14529,Chromium nicotinate,P00167
DB14530,Chromous sulfate,P00167
DB14533,Zinc chloride,P46663
DB14533,Zinc chloride,P16455
DB14533,Zinc chloride,P04075
DB14533,Zinc chloride,P68104
DB14533,Zinc chloride,P06733
DB14533,Zinc chloride,O14556
DB14533,Zinc chloride,P15531
DB14533,Zinc chloride,P07237
DB14533,Zinc chloride,P30101
DB14533,Zinc chloride,Q06830
DB14533,Zinc chloride,P78330
DB14533,Zinc chloride,P60174
DB14533,Zinc chloride,P49411
DB14533,Zinc chloride,P03372
DB14533,Zinc chloride,P08700
DB14533,Zinc chloride,P02795
DB14533,Zinc chloride,O14618
DB14533,Zinc chloride,Q13547
DB14533,Zinc chloride,P56524
DB14533,Zinc chloride,P29372
DB14533,Zinc chloride,P04279
DB14533,Zinc chloride,P00441
DB14533,Zinc chloride,Q9BY41
DB14533,Zinc chloride,O15304
DB14533,Zinc chloride,P23415
DB14533,Zinc chloride,Q00987
DB14533,Zinc chloride,P01308
DB14533,Zinc chloride,P46939
DB14533,Zinc chloride,P45381
DB14533,Zinc chloride,P05109
DB14533,Zinc chloride,P06702
DB14533,Zinc chloride,P14780
DB14533,Zinc chloride,O15350
DB14533,Zinc chloride,P29034
DB14533,Zinc chloride,P04637
DB14533,Zinc chloride,P25713
DB14533,Zinc chloride,P04731
DB14533,Zinc chloride,P01023
DB14533,Zinc chloride,P02765
DB14533,Zinc chloride,P02647
DB14533,Zinc chloride,Q0VD83
DB14533,Zinc chloride,P02649
DB14533,Zinc chloride,O14791
DB14533,Zinc chloride,P02746
DB14533,Zinc chloride,P02747
DB14533,Zinc chloride,P00736
DB14533,Zinc chloride,P09871
DB14533,Zinc chloride,P01024
DB14533,Zinc chloride,P0C0L5
DB14533,Zinc chloride,P04003
DB14533,Zinc chloride,P20851
DB14533,Zinc chloride,P01031
DB14533,Zinc chloride,P46736
DB14533,Zinc chloride,P08603
DB14533,Zinc chloride,P10909
DB14533,Zinc chloride,P00450
DB14533,Zinc chloride,P15169
DB14533,Zinc chloride,P22792
DB14533,Zinc chloride,P81605
DB14533,Zinc chloride,P02671
DB14533,Zinc chloride,P02751
DB14533,Zinc chloride,P69905
DB14533,Zinc chloride,P68871
DB14533,Zinc chloride,P00738
DB14533,Zinc chloride,P35858
DB14533,Zinc chloride,P19827
DB14533,Zinc chloride,P19823
DB14533,Zinc chloride,Q06033
DB14533,Zinc chloride,Q14624
DB14533,Zinc chloride,P01591
DB14533,Zinc chloride,P03952
DB14533,Zinc chloride,P01042
DB14533,Zinc chloride,P35527
DB14533,Zinc chloride,P19652
DB14533,Zinc chloride,Q96PD5
DB14533,Zinc chloride,P27169
DB14533,Zinc chloride,P20742
DB14533,Zinc chloride,P31151
DB14533,Zinc chloride,P49908
DB14533,Zinc chloride,P01009
DB14533,Zinc chloride,P01011
DB14533,Zinc chloride,P08185
DB14533,Zinc chloride,P05546
DB14533,Zinc chloride,P04278
DB14533,Zinc chloride,P02787
DB14533,Zinc chloride,P02766
DB14533,Zinc chloride,P04004
DB14533,Zinc chloride,P51693
DB14533,Zinc chloride,Q06481
DB14533,Zinc chloride,P05067
DB14533,Zinc chloride,P09874
DB14533,Zinc chloride,P04114
DB14533,Zinc chloride,P02790
DB14533,Zinc chloride,P04196
DB14533,Zinc chloride,P03951
DB14533,Zinc chloride,P41238
DB14533,Zinc chloride,Q02383
DB14539,Hydrocortisone acetate,P04083
DB14539,Hydrocortisone acetate,P04150
DB14539,Hydrocortisone acetate,P80365
DB14539,Hydrocortisone acetate,P14060
DB14540,Hydrocortisone butyrate,P04083
DB14540,Hydrocortisone butyrate,P04150
DB14540,Hydrocortisone butyrate,P80365
DB14540,Hydrocortisone butyrate,P14060
DB14541,Hydrocortisone cypionate,P04083
DB14541,Hydrocortisone cypionate,P04150
DB14541,Hydrocortisone cypionate,P80365
DB14541,Hydrocortisone cypionate,P14060
DB14542,Hydrocortisone phosphate,P04083
DB14542,Hydrocortisone phosphate,P04150
DB14542,Hydrocortisone phosphate,P80365
DB14542,Hydrocortisone phosphate,P14060
DB14543,Hydrocortisone probutate,P04083
DB14543,Hydrocortisone probutate,P04150
DB14543,Hydrocortisone probutate,P80365
DB14543,Hydrocortisone probutate,P14060
DB14544,Hydrocortisone valerate,P04083
DB14544,Hydrocortisone valerate,P04150
DB14544,Hydrocortisone valerate,P80365
DB14544,Hydrocortisone valerate,P14060
DB14548,"Zinc sulfate, unspecified form",P46663
DB14548,"Zinc sulfate, unspecified form",P16455
DB14548,"Zinc sulfate, unspecified form",P04075
DB14548,"Zinc sulfate, unspecified form",P68104
DB14548,"Zinc sulfate, unspecified form",P06733
DB14548,"Zinc sulfate, unspecified form",O14556
DB14548,"Zinc sulfate, unspecified form",P15531
DB14548,"Zinc sulfate, unspecified form",P07237
DB14548,"Zinc sulfate, unspecified form",P30101
DB14548,"Zinc sulfate, unspecified form",Q06830
DB14548,"Zinc sulfate, unspecified form",P78330
DB14548,"Zinc sulfate, unspecified form",P60174
DB14548,"Zinc sulfate, unspecified form",P49411
DB14548,"Zinc sulfate, unspecified form",P03372
DB14548,"Zinc sulfate, unspecified form",P08700
DB14548,"Zinc sulfate, unspecified form",P02795
DB14548,"Zinc sulfate, unspecified form",O14618
DB14548,"Zinc sulfate, unspecified form",Q13547
DB14548,"Zinc sulfate, unspecified form",P56524
DB14548,"Zinc sulfate, unspecified form",P29372
DB14548,"Zinc sulfate, unspecified form",P04279
DB14548,"Zinc sulfate, unspecified form",P00441
DB14548,"Zinc sulfate, unspecified form",Q9BY41
DB14548,"Zinc sulfate, unspecified form",O15304
DB14548,"Zinc sulfate, unspecified form",P23415
DB14548,"Zinc sulfate, unspecified form",Q00987
DB14548,"Zinc sulfate, unspecified form",P01308
DB14548,"Zinc sulfate, unspecified form",P46939
DB14548,"Zinc sulfate, unspecified form",P45381
DB14548,"Zinc sulfate, unspecified form",P05109
DB14548,"Zinc sulfate, unspecified form",P06702
DB14548,"Zinc sulfate, unspecified form",P14780
DB14548,"Zinc sulfate, unspecified form",O15350
DB14548,"Zinc sulfate, unspecified form",P29034
DB14548,"Zinc sulfate, unspecified form",P04637
DB14548,"Zinc sulfate, unspecified form",P25713
DB14548,"Zinc sulfate, unspecified form",P04731
DB14548,"Zinc sulfate, unspecified form",P01023
DB14548,"Zinc sulfate, unspecified form",P02765
DB14548,"Zinc sulfate, unspecified form",P02647
DB14548,"Zinc sulfate, unspecified form",Q0VD83
DB14548,"Zinc sulfate, unspecified form",P02649
DB14548,"Zinc sulfate, unspecified form",O14791
DB14548,"Zinc sulfate, unspecified form",P02746
DB14548,"Zinc sulfate, unspecified form",P02747
DB14548,"Zinc sulfate, unspecified form",P00736
DB14548,"Zinc sulfate, unspecified form",P09871
DB14548,"Zinc sulfate, unspecified form",P01024
DB14548,"Zinc sulfate, unspecified form",P0C0L5
DB14548,"Zinc sulfate, unspecified form",P04003
DB14548,"Zinc sulfate, unspecified form",P20851
DB14548,"Zinc sulfate, unspecified form",P01031
DB14548,"Zinc sulfate, unspecified form",P46736
DB14548,"Zinc sulfate, unspecified form",P08603
DB14548,"Zinc sulfate, unspecified form",P10909
DB14548,"Zinc sulfate, unspecified form",P00450
DB14548,"Zinc sulfate, unspecified form",P15169
DB14548,"Zinc sulfate, unspecified form",P22792
DB14548,"Zinc sulfate, unspecified form",P81605
DB14548,"Zinc sulfate, unspecified form",P02671
DB14548,"Zinc sulfate, unspecified form",P02751
DB14548,"Zinc sulfate, unspecified form",P69905
DB14548,"Zinc sulfate, unspecified form",P68871
DB14548,"Zinc sulfate, unspecified form",P00738
DB14548,"Zinc sulfate, unspecified form",P35858
DB14548,"Zinc sulfate, unspecified form",P19827
DB14548,"Zinc sulfate, unspecified form",P19823
DB14548,"Zinc sulfate, unspecified form",Q06033
DB14548,"Zinc sulfate, unspecified form",Q14624
DB14548,"Zinc sulfate, unspecified form",P01591
DB14548,"Zinc sulfate, unspecified form",P03952
DB14548,"Zinc sulfate, unspecified form",P01042
DB14548,"Zinc sulfate, unspecified form",P35527
DB14548,"Zinc sulfate, unspecified form",P19652
DB14548,"Zinc sulfate, unspecified form",Q96PD5
DB14548,"Zinc sulfate, unspecified form",P27169
DB14548,"Zinc sulfate, unspecified form",P20742
DB14548,"Zinc sulfate, unspecified form",P31151
DB14548,"Zinc sulfate, unspecified form",P49908
DB14548,"Zinc sulfate, unspecified form",P01009
DB14548,"Zinc sulfate, unspecified form",P01011
DB14548,"Zinc sulfate, unspecified form",P08185
DB14548,"Zinc sulfate, unspecified form",P05546
DB14548,"Zinc sulfate, unspecified form",P04278
DB14548,"Zinc sulfate, unspecified form",P02787
DB14548,"Zinc sulfate, unspecified form",P02766
DB14548,"Zinc sulfate, unspecified form",P04004
DB14548,"Zinc sulfate, unspecified form",P51693
DB14548,"Zinc sulfate, unspecified form",Q06481
DB14548,"Zinc sulfate, unspecified form",P05067
DB14548,"Zinc sulfate, unspecified form",P09874
DB14548,"Zinc sulfate, unspecified form",P04114
DB14548,"Zinc sulfate, unspecified form",P02790
DB14548,"Zinc sulfate, unspecified form",P04196
DB14548,"Zinc sulfate, unspecified form",P03951
DB14548,"Zinc sulfate, unspecified form",P41238
DB14548,"Zinc sulfate, unspecified form",Q02383
DB14562,Andexanet alfa,P10646
DB14568,Ivosidenib,O75874
DB14575,Eslicarbazepine,Q99571
DB14575,Eslicarbazepine,Q9UI33
DB14580,Lecanemab,P05067
DB14582,Patisiran,P02766
DB14583,Segesterone acetate,P06401
DB14583,Segesterone acetate,P10275
DB14583,Segesterone acetate,P04150
DB14585,Plantago ovata seed,P08912
DB00873,Loteprednol,P04150
DB14597,Lanadelumab,P03952
DB14631,Prednisolone phosphate,P04150
DB14631,Prednisolone phosphate,P04083
DB14642,Lypressin,P37288
DB14642,Lypressin,P30518
DB14642,Lypressin,P47901
DB14649,Dexamethasone acetate,P04150
DB14649,Dexamethasone acetate,P04083
DB14649,Dexamethasone acetate,P35228
DB14649,Dexamethasone acetate,P51843
DB14649,Dexamethasone acetate,O75469
DB14669,Betamethasone phosphate,P04150
DB14669,Betamethasone phosphate,P04083
DB14700,Damoctocog alfa pegol,P00451
DB14707,Cemiplimab,Q15116
DB14712,Elapegademase,P00813
DB14713,Inotersen,P02766
DB14723,Larotrectinib,Q16620
DB14723,Larotrectinib,Q16288
DB14723,Larotrectinib,P04629
DB14724,Emapalumab,P01579
DB14726,Dabigatran,P00734
DB14730,Calaspargase pegol,Q7L266
DB14731,Tagraxofusp,P26951
DB14738,Turoctocog alfa pegol,P00740
DB14738,Turoctocog alfa pegol,P00742
DB14738,Turoctocog alfa pegol,P00734
DB14738,Turoctocog alfa pegol,P04275
DB14740,Hyaluronidase,P01137
DB14751,Mecasermin rinfabate,P08069
DB14751,Mecasermin rinfabate,P06213
DB14751,Mecasermin rinfabate,P11717
DB14754,Solriamfetol,Q01959
DB14754,Solriamfetol,P23975
DB14762,Risankizumab,P29460
DB14762,Risankizumab,Q9NPF7
DB14763,Cycloguanil,Q9HBH1
DB14766,Etrasimod,P21453
DB14766,Etrasimod,O95977
DB14766,Etrasimod,Q9H228
DB14766,Etrasimod,Q99500
DB14782,Tofersen,P00441
DB14783,Diroximel fumarate,Q9GZZ6
DB14805,Piflufolastat F 18,Q04609
DB14806,Avexitide,P43220
DB14811,Isatuximab,P28907
DB14840,Ripretinib,P10721
DB14840,Ripretinib,P09619
DB14840,Ripretinib,Q02763
DB14840,Ripretinib,P35968
DB14840,Ripretinib,P15056
DB14840,Ripretinib,P16234
DB14844,Dordaviprone,Q16740
DB14844,Dordaviprone,P14416
DB14844,Dordaviprone,P35462
DB14845,Filgotinib,P23458
DB14851,Relatlimab,P18627
DB14860,Ensartinib,P08581
DB14860,Ensartinib,P08922
DB14860,Ensartinib,P29317
DB14860,Ensartinib,Q9UM73
DB14864,Brolucizumab,P15692
DB14881,Oliceridine,P35372
DB14895,Vibegron,P13945
DB14901,Inclisiran,Q8NBP7
DB14909,Imetelstat,Q86US8
DB14909,Imetelstat,O14746
DB14909,Imetelstat,Q96KG9
DB14909,Imetelstat,Q15185
DB14910,Mirikizumab,Q9NPF7
DB14910,Mirikizumab,P29459
DB14914,Flortaucipir F-18,P10636
DB14914,Flortaucipir F-18,P21397
DB14914,Flortaucipir F-18,P27338
DB14919,Rozanolixizumab,P55899
DB14921,Mavacamten,P12883
DB14922,Tislelizumab,Q15116
DB14924,Ritlecitinib,P52333
DB14924,Ritlecitinib,P42680
DB14924,Ritlecitinib,Q08881
DB14924,Ritlecitinib,P42681
DB14924,Ritlecitinib,Q06187
DB14924,Ritlecitinib,P51813
DB14939,Motixafortide,P61073
DB14960,Somatrogon,P10912
DB14962,Trastuzumab deruxtecan,P12314
DB14962,Trastuzumab deruxtecan,P11387
DB14967,Margetuximab,P04626
DB14973,Abrocitinib,P52333
DB14973,Abrocitinib,O60674
DB14973,Abrocitinib,P23458
DB14973,Abrocitinib,P29597
DB14975,Voxelotor,P69905
DB14989,Umbralisib,P49674
DB14989,Umbralisib,O00329
DB14989,Umbralisib,P00519
DB14992,Pegunigalsidase alfa,P06280
DB14996,Sutimlimab,P09871
DB14999,Human interferon beta,P17181
DB15001,Eflapegrastim,Q99062
DB15002,Fitusiran,P01008
DB15011,Avacopan,P21730
DB15031,Daridorexant,O43613
DB15031,Daridorexant,O43614
DB15035,Zanubrutinib,Q06187
DB15035,Zanubrutinib,P00533
DB15035,Zanubrutinib,P04626
DB15035,Zanubrutinib,Q15303
DB15035,Zanubrutinib,Q08881
DB15035,Zanubrutinib,P51813
DB15035,Zanubrutinib,O60674
DB15035,Zanubrutinib,P42680
DB15035,Zanubrutinib,P51451
DB15035,Zanubrutinib,P52333
DB15035,Zanubrutinib,Q13882
DB15035,Zanubrutinib,P09769
DB15035,Zanubrutinib,P42685
DB15035,Zanubrutinib,P06239
DB15035,Zanubrutinib,P42681
DB15043,Toripalimab,Q15116
DB15044,Tafasitamab,P15391
DB15059,Aprocitentan,P25101
DB15059,Aprocitentan,P24530
DB15066,Givosiran,P13196
DB15067,Volanesorsen,P02656
DB15071,Omidenepag isopropyl,P43116
DB15071,Omidenepag isopropyl,P34995
DB15090,Tezepelumab,Q969D9
DB15091,Upadacitinib,P23458
DB15093,Somapacitan,P10912
DB15097,Gefapixant,P56373
DB15097,Gefapixant,Q9UBL9
DB15102,Pemigatinib,P11362
DB15102,Pemigatinib,P21802
DB15102,Pemigatinib,P22607
DB15102,Pemigatinib,P22455
DB15104,Telisotuzumab vedotin,P08581
DB15114,Vamorolone,P04150
DB15114,Vamorolone,P08235
DB15118,Zolbetuximab,P56856
DB15119,Ropeginterferon alfa-2b,P17181
DB15133,Tepotinib,P08581
DB15133,Tepotinib,Q9Y2I1
DB15133,Tepotinib,P49286
DB15141,Deutivacaftor,P13569
DB15149,Futibatinib,P11362
DB15149,Futibatinib,P21802
DB15149,Futibatinib,P22607
DB15149,Futibatinib,P22455
DB15164,Apadamtase alfa,P04275
DB15165,Avacincaptad pegol,P01031
DB15171,Tirzepatide,P43220
DB15171,Tirzepatide,P48546
DB15218,Pozelimab,P01031
DB15226,Dasiglucagon,P47871
DB15233,Avapritinib,P16234
DB15233,Avapritinib,P10721
DB15248,Bulevirtide,Q14973
DB15252,Nemolizumab,Q8NI17
DB15254,Avutometinib,Q02750
DB15254,Avutometinib,P04049
DB15254,Avutometinib,P15056
DB15254,Avutometinib,P46821
DB15254,Avutometinib,P10398
DB15254,Avutometinib,P78559
DB15266,Tovorafenib,P04049
DB15266,Tovorafenib,P10398
DB15266,Tovorafenib,P15056
DB15270,Efgartigimod alfa,P55899
DB15271,Crizanlizumab,P16109
DB15275,Inavolisib,P42336
DB15275,Inavolisib,P48736
DB15283,Tebentafusp,P40967
DB15303,Faricimab,P15692
DB15303,Faricimab,O15123
DB15328,Ubrogepant,Q16602
DB15354,Evinacumab,Q9Y5C1
DB15357,Xanomeline,P08173
DB15357,Xanomeline,P08172
DB15357,Xanomeline,P20309
DB15357,Xanomeline,P08912
DB15357,Xanomeline,P11229
DB15395,Elranatamab,Q02223
DB15395,Elranatamab,P04234
DB15401,Danicopan,P00746
DB15413,Pafolacianine,P15328
DB15434,Mosunetuzumab,P11836
DB15434,Mosunetuzumab,P07766
DB15442,Trilaciclib,P11802
DB15442,Trilaciclib,Q00534
DB15442,Trilaciclib,P50750
DB15442,Trilaciclib,P24941
DB15442,Trilaciclib,Q00535
DB15442,Trilaciclib,P50613
DB15444,Elexacaftor,P13569
DB15456,Vericiguat,Q02153
DB15456,Vericiguat,Q02846
DB15463,Belzutifan,Q99814
DB15465,Benzhydrocodone,P35372
DB15471,Zanidatamab,P04626
DB15490,Zuranolone,P14867
DB15490,Zuranolone,Q99928
DB15494,Edotreotide gallium Ga-68,P30874
DB15494,Edotreotide gallium Ga-68,P35346
DB15494,Edotreotide gallium Ga-68,P32745
DB15494,Edotreotide gallium Ga-68,P30872
DB15534,Colchiceine,O60885
DB15534,Colchiceine,P07437
DB15534,Colchiceine,Q71U36
DB15559,Zenocutuzumab,P04626
DB15559,Zenocutuzumab,P21860
DB15566,Prednisolone acetate,P04150
DB15566,Prednisolone acetate,P08235
DB15568,Adagrasib,P01116
DB15569,Sotorasib,P01116
DB15593,Golodirsen,P11532
DB15598,Ferric maltol,P05106
DB15598,Ferric maltol,P49281
DB15617,Ferric derisomaltose,P69905
DB15617,Ferric derisomaltose,P02786
DB15626,Spesolimab,Q9HB29
DB15627,Dostarlimab,Q15116
DB15629,Garadacimab,P00748
DB15636,Zilucoplan,P01031
DB15638,Brensocatib,P53634
DB15669,Fezolinetant,P29371
DB15685,Selpercatinib,P07949
DB15685,Selpercatinib,P17948
DB15685,Selpercatinib,P35916
DB15685,Selpercatinib,P11362
DB15685,Selpercatinib,P21802
DB15685,Selpercatinib,P22607
DB15688,Zavegepant,Q16602
DB15690,Fluoroestradiol F-18,P03372
DB15690,Fluoroestradiol F-18,Q92731
DB15694,Cedazuridine,P32320
DB15699,Brexucabtagene autoleucel,P15391
DB15719,Belantamab mafodotin,Q02223
DB15762,Satralizumab,P08887
DB15766,Retifanlimab,Q15116
DB15770,Cosibelimab,Q9NZQ7
DB15822,Pralsetinib,P07949
DB15822,Pralsetinib,Q08345
DB15822,Pralsetinib,Q16288
DB15822,Pralsetinib,P36888
DB15822,Pralsetinib,P23458
DB15822,Pralsetinib,O60674
DB15822,Pralsetinib,P04629
DB15822,Pralsetinib,P35968
DB15822,Pralsetinib,P09619
DB15822,Pralsetinib,P11362
DB15822,Pralsetinib,P21802
DB15873,Copper oxodotreotide Cu-64,P30874
DB15874,Agalsidase alfa,P06280
DB15982,Berotralstat,P03952
DB16007,Rurioctocog alfa pegol,P04275
DB16007,Rurioctocog alfa pegol,P00451
DB16019,Gallium Ga-68 gozetotide,Q04609
DB16098,Atogepant,Q16602
DB16099,Avalglucosidase alfa,P11717
DB16128,Crovalimab,P01031
DB16133,Delgocitinib,P23458
DB16133,Delgocitinib,O60674
DB16133,Delgocitinib,P52333
DB16133,Delgocitinib,P29597
DB16157,Ensifentrine,Q14432
DB16157,Ensifentrine,P27815
DB16165,Finerenone,P08235
DB16199,Eplontersen,P02766
DB16200,Iptacopan,P00751
DB16216,Lazertinib,P00533
DB16217,Leniolisib,O00329
DB16220,Lonapegsomatropin,P10912
DB16220,Lonapegsomatropin,P16471
DB16222,Loncastuximab tesirine,P15391
DB16226,Maralixibat,Q12908
DB16226,Maralixibat,Q14973
DB16236,Mitapivat,P30613
DB16236,Mitapivat,P11511
DB16257,Nipocalimab,P55899
DB16261,Odevixibat,Q12908
DB16267,Olutasidenib,O75874
DB16277,Paltusotine,P30874
DB16326,Sepiapterin,P00439
DB16371,Glofitamab,P11836
DB16371,Glofitamab,P04234
DB16388,Axatilimab,P07333
DB16390,Mobocertinib,P00533
DB16410,Datopotamab deruxtecan,P09758
DB16410,Datopotamab deruxtecan,P11387
DB16416,Vilobelimab,P01031
DB16582,Lisocabtagene maraleucel,P15391
DB16628,Fosdenopterin,Q9NZB8
DB16628,Fosdenopterin,P47989
DB16629,Serdexmethylphenidate,Q01959
DB16629,Serdexmethylphenidate,P23975
DB16629,Serdexmethylphenidate,P08908
DB16641,Sugemalimab,Q9NZQ7
DB16650,Deucravacitinib,P29597
DB16655,Teclistamab,P04234
DB16655,Teclistamab,Q02223
DB16662,Efanesoctocog alfa,P00740
DB16662,Efanesoctocog alfa,P00742
DB16662,Efanesoctocog alfa,P98164
DB16662,Efanesoctocog alfa,P98160
DB16665,Idecabtagene vicleucel,Q02223
DB16672,Epcoritamab,P11836
DB16672,Epcoritamab,P07766
DB16678,Talquetamab,P04234
DB16678,Talquetamab,Q9NZD1
DB16684,Odronextamab,P11836
DB16684,Odronextamab,P04234
DB16693,Insulin icodec,P06213
DB16693,Insulin icodec,P08069
DB16694,Pegcetacoplan,P01024
DB16695,Amivantamab,P00533
DB16695,Amivantamab,P08581
DB16695,Amivantamab,P08637
DB16699,Vutrisiran,P02766
DB16703,Belumosudil,O75116
DB16703,Belumosudil,Q13464
DB16708,Cipaglucosidase alfa,P11717
DB16732,Tisotumab vedotin,P13726
DB16738,Ciltacabtagene autoleucel,Q02223
DB16747,Penpulimab,Q15116
DB16778,Lutetium Lu-177 vipivotide tetraxetan,P07288
DB16778,Lutetium Lu-177 vipivotide tetraxetan,Q04609
DB16791,Etranacogene dezaparvovec,P00740
DB16820,LetibotulinumtoxinA,P60880
DB16826,Repotrectinib,Q16620
DB16826,Repotrectinib,Q16288
DB16826,Repotrectinib,P08922
DB16826,Repotrectinib,P04629
DB16852,Remibrutinib,Q06187
DB16900,Betibeglogene autotemcel,V9H1D9
DB17083,Linzagolix,P30968
DB17097,Vorasidenib,O75874
DB17097,Vorasidenib,P48735
DB17097,Vorasidenib,P51553
DB17097,Vorasidenib,O43837
DB17097,Vorasidenib,P50213
DB17171,Ziftomenib,O00255
DB17256,Tarlatamab,Q9NYJ7
DB17256,Tarlatamab,P04234
DB17362,Obecabtagene autoleucel,P15391
DB17447,Linvoseltamab,Q02223
DB17447,Linvoseltamab,P04234
DB17449,Anacaulase,P01011
DB17449,Anacaulase,P01023
DB17451,Serplulimab,Q15116
DB17472,Pirtobrutinib,Q06187
DB17520,Vimseltinib,P07333
DB17521,Domatinostat,Q13547
DB17635,Nedosiran,P00338
DB17709,Rilzabrutinib,Q06187
DB17725,Marstacimab,P10646
DB17851,Flotufolastat F-18,Q04609
DB17929,DaxibotulinumtoxinA,P60880
DB17999,Acoramidis,P02766
DB18237,Nerandomilast,Q07343
DB18305,Sebetralstat,P03952
DB18373,Vanzacaftor,P13569
DB18490,Aficamten,P12883
DB18490,Aficamten,Q14896
DB18515,Revumenib,O00255
DB18518,Crinecerfont,P34998
DB18676,Palopegteriparatide,Q03431
DB18704,Efbemalenograstim alfa,Q99062
DB18704,Efbemalenograstim alfa,P09919
DB18711,Taletrectinib,P08922
DB18711,Taletrectinib,P04629
DB18711,Taletrectinib,Q16620
DB18711,Taletrectinib,Q16288
DB18728,Olezarsen,P02656
DB18740,Nogapendekin alfa,P14784
DB18740,Nogapendekin alfa,P31785
DB18751,Donidalorsen,P03952
DB18762,Zongertinib,P04626
DB18773,Flurpiridaz F-18,Q9P0J0
DB18846,Depemokimab,P05113
DB18847,Deuruxolitinib,O60674
DB18847,Deuruxolitinib,P23458
DB18847,Deuruxolitinib,P29597
DB18919,Sibeprenlimab,O75888
DB18927,Suzetrigine,Q9Y5Y9
DB18968,Elinzanetant,P25103
DB18968,Elinzanetant,P29371
DB18997,Plozasiran,P02656
DB19043,Imlunestrant,P03372
DB19071,Lerodalcibep,Q8NBP7
DB19202,Acoltremon,Q7Z2W7
DB19325,Sofpironium,P20309
DB19325,Sofpironium,P11229
DB19353,Benzgalantamine,P22303
DB19353,Benzgalantamine,P06276
DB19353,Benzgalantamine,P36544
DB19353,Benzgalantamine,A9X444
DB19372,Zoxazolamine,Q9H2S1
DB19378,Megestrol,P06401
DB19381,AZACYCLONOL,P35367
DB21667,Sevabertinib,P04626
DB21667,Sevabertinib,P00533
